date_time,data,adjusted_data,moving_std,time_slot,day_of_week,date,cluster_labels,status
2018-09-01 0:00,,0.125,0,0:00,5,180901,0,
2018-09-01 0:02,,0.125,0,0:02,5,180901,0,
2018-09-01 0:03,,0.125,0,0:03,5,180901,0,
2018-09-01 0:04,,0.125,0,0:04,5,180901,0,
2018-09-01 0:05,,0.125,0,0:05,5,180901,0,
2018-09-01 0:06,,0.125,0,0:06,5,180901,0,
2018-09-01 0:07,,0.125,0,0:07,5,180901,0,
2018-09-01 0:08,1,0.125,0,0:08,5,180901,0,
2018-09-01 0:09,,0.000263574,0.088201973,0:09,5,180901,0,
2018-09-01 0:10,,0.000263574,1.86E-09,0:10,5,180901,0,
2018-09-01 0:11,,0.000263574,1.86E-09,0:11,5,180901,0,
2018-09-01 0:12,,0.000263574,1.86E-09,0:12,5,180901,0,
2018-09-01 0:13,,0.000263574,1.86E-09,0:13,5,180901,0,
2018-09-01 0:14,,0.000263574,1.86E-09,0:14,5,180901,0,
2018-09-01 0:15,,0.000263574,1.86E-09,0:15,5,180901,0,
2018-09-01 0:16,,0.000263574,1.86E-09,0:16,5,180901,0,
2018-09-01 0:17,,0.000263574,1.86E-09,0:17,5,180901,0,
2018-09-01 0:18,,0.000263574,1.86E-09,0:18,5,180901,0,
2018-09-01 0:19,,0.000263574,1.86E-09,0:19,5,180901,0,
2018-09-01 0:20,,0.000263574,1.86E-09,0:20,5,180901,0,
2018-09-01 0:21,,0.000263574,1.86E-09,0:21,5,180901,0,
2018-09-01 0:22,,0.000263574,1.86E-09,0:22,5,180901,0,
2018-09-01 0:23,,0.000263574,1.86E-09,0:23,5,180901,0,
2018-09-01 0:24,,0.000263574,1.86E-09,0:24,5,180901,0,
2018-09-01 0:25,,0.000263574,1.86E-09,0:25,5,180901,0,
2018-09-01 0:26,,0.000263574,1.86E-09,0:26,5,180901,0,
2018-09-01 0:27,,0.000263574,1.86E-09,0:27,5,180901,0,
2018-09-01 0:28,,0.000263574,1.86E-09,0:28,5,180901,0,
2018-09-01 0:29,,0.000263574,1.86E-09,0:29,5,180901,0,
2018-09-01 0:30,,0.000263574,1.86E-09,0:30,5,180901,0,
2018-09-01 0:31,,0.000263574,1.86E-09,0:31,5,180901,0,
2018-09-01 0:32,,0.000263574,1.86E-09,0:32,5,180901,0,
2018-09-01 0:33,,0.000263574,1.86E-09,0:33,5,180901,0,
2018-09-01 0:34,,0.000263574,1.86E-09,0:34,5,180901,0,
2018-09-01 0:35,,0.000263574,1.86E-09,0:35,5,180901,0,
2018-09-01 0:36,,0.000263574,1.86E-09,0:36,5,180901,0,
2018-09-01 0:37,,0.000263574,1.86E-09,0:37,5,180901,0,
2018-09-01 0:38,,0.000263574,1.86E-09,0:38,5,180901,0,
2018-09-01 0:39,,0.000263574,1.86E-09,0:39,5,180901,0,
2018-09-01 0:40,,0.000263574,1.86E-09,0:40,5,180901,0,
2018-09-01 0:41,,0.000263574,1.86E-09,0:41,5,180901,0,
2018-09-01 0:42,,0.000263574,1.86E-09,0:42,5,180901,0,
2018-09-01 0:43,,0.000263574,1.86E-09,0:43,5,180901,0,
2018-09-01 0:44,,0.000263574,1.86E-09,0:44,5,180901,0,
2018-09-01 0:45,,0.000263574,1.86E-09,0:45,5,180901,0,
2018-09-01 0:46,,0.000263574,1.86E-09,0:46,5,180901,0,
2018-09-01 0:47,,0.000263574,1.86E-09,0:47,5,180901,0,
2018-09-01 0:48,,0.000263574,1.86E-09,0:48,5,180901,0,
2018-09-01 0:49,,0.000263574,1.86E-09,0:49,5,180901,0,
2018-09-01 0:50,,0.000263574,1.86E-09,0:50,5,180901,0,
2018-09-01 0:51,,0.000263574,1.86E-09,0:51,5,180901,0,
2018-09-01 0:52,,0.000263574,1.86E-09,0:52,5,180901,0,
2018-09-01 0:53,,0.000263574,1.86E-09,0:53,5,180901,0,
2018-09-01 0:54,,0.000263574,1.86E-09,0:54,5,180901,0,
2018-09-01 0:55,,0.000263574,1.86E-09,0:55,5,180901,0,
2018-09-01 0:56,,0.000263574,1.86E-09,0:56,5,180901,0,
2018-09-01 0:57,,0.000263574,1.86E-09,0:57,5,180901,0,
2018-09-01 0:58,,0.000263574,1.86E-09,0:58,5,180901,0,
2018-09-01 0:59,,0.000263574,1.86E-09,0:59,5,180901,0,
2018-09-01 1:00,,0.000263574,1.86E-09,1:00,5,180901,0,
2018-09-01 1:01,,0.000263574,1.86E-09,1:01,5,180901,0,
2018-09-01 1:02,,0.000263574,1.86E-09,1:02,5,180901,0,
2018-09-01 1:03,,0.000263574,1.86E-09,1:03,5,180901,0,
2018-09-01 1:04,,0.000263574,1.86E-09,1:04,5,180901,0,
2018-09-01 1:05,,0.000263574,1.86E-09,1:05,5,180901,0,
2018-09-01 1:06,,0.000263574,1.86E-09,1:06,5,180901,0,
2018-09-01 1:07,,0.000263574,1.86E-09,1:07,5,180901,0,
2018-09-01 1:08,,0.000263574,1.86E-09,1:08,5,180901,0,
2018-09-01 1:09,,0.000263574,1.86E-09,1:09,5,180901,0,
2018-09-01 1:10,,0.000263574,1.86E-09,1:10,5,180901,0,
2018-09-01 1:11,,0.000263574,1.86E-09,1:11,5,180901,0,
2018-09-01 1:12,,0.000263574,1.86E-09,1:12,5,180901,0,
2018-09-01 1:13,,0.000263574,1.86E-09,1:13,5,180901,0,
2018-09-01 1:14,,0.000263574,1.86E-09,1:14,5,180901,0,
2018-09-01 1:15,,0.000263574,1.86E-09,1:15,5,180901,0,
2018-09-01 1:16,,0.000263574,1.86E-09,1:16,5,180901,0,
2018-09-01 1:17,,0.000263574,1.86E-09,1:17,5,180901,0,
2018-09-01 1:18,,0.000263574,1.86E-09,1:18,5,180901,0,
2018-09-01 1:19,,0.000263574,1.86E-09,1:19,5,180901,0,
2018-09-01 1:20,,0.000263574,1.86E-09,1:20,5,180901,0,
2018-09-01 1:21,,0.000263574,1.86E-09,1:21,5,180901,0,
2018-09-01 1:22,,0.000263574,1.86E-09,1:22,5,180901,0,
2018-09-01 1:23,,0.000263574,1.86E-09,1:23,5,180901,0,
2018-09-01 1:24,,0.000263574,1.86E-09,1:24,5,180901,0,
2018-09-01 1:25,,0.000263574,1.86E-09,1:25,5,180901,0,
2018-09-01 1:26,,0.000263574,1.86E-09,1:26,5,180901,0,
2018-09-01 1:27,,0.000263574,1.86E-09,1:27,5,180901,0,
2018-09-01 1:28,,0.000263574,1.86E-09,1:28,5,180901,0,
2018-09-01 1:29,,0.000263574,1.86E-09,1:29,5,180901,0,
2018-09-01 1:30,,0.000263574,1.86E-09,1:30,5,180901,0,
2018-09-01 1:31,,0.000263574,1.86E-09,1:31,5,180901,0,
2018-09-01 1:32,,0.000263574,1.86E-09,1:32,5,180901,0,
2018-09-01 1:33,,0.000263574,1.86E-09,1:33,5,180901,0,
2018-09-01 1:34,,0.000263574,1.86E-09,1:34,5,180901,0,
2018-09-01 1:35,,0.000263574,1.86E-09,1:35,5,180901,0,
2018-09-01 1:36,,0.000263574,1.86E-09,1:36,5,180901,0,
2018-09-01 1:37,,0.000263574,1.86E-09,1:37,5,180901,0,
2018-09-01 1:38,,0.000263574,1.86E-09,1:38,5,180901,0,
2018-09-01 1:39,,0.000263574,1.86E-09,1:39,5,180901,0,
2018-09-01 1:40,,0.000263574,1.86E-09,1:40,5,180901,0,
2018-09-01 1:41,,0.000263574,1.86E-09,1:41,5,180901,0,
2018-09-01 1:42,,0.000263574,1.86E-09,1:42,5,180901,0,
2018-09-01 1:43,,0.000263574,1.86E-09,1:43,5,180901,0,
2018-09-01 1:44,,0.000263574,1.86E-09,1:44,5,180901,0,
2018-09-01 1:45,,0.000263574,1.86E-09,1:45,5,180901,0,
2018-09-01 1:46,,0.000263574,1.86E-09,1:46,5,180901,0,
2018-09-01 1:47,,0.000263574,1.86E-09,1:47,5,180901,0,
2018-09-01 1:48,,0.000263574,1.86E-09,1:48,5,180901,0,
2018-09-01 1:49,,0.000263574,1.86E-09,1:49,5,180901,0,
2018-09-01 1:50,,0.000263574,1.86E-09,1:50,5,180901,0,
2018-09-01 1:51,,0.000263574,1.86E-09,1:51,5,180901,0,
2018-09-01 1:52,,0.000263574,1.86E-09,1:52,5,180901,0,
2018-09-01 1:53,,0.000263574,1.86E-09,1:53,5,180901,0,
2018-09-01 1:54,,0.000263574,1.86E-09,1:54,5,180901,0,
2018-09-01 1:55,,0.000263574,1.86E-09,1:55,5,180901,0,
2018-09-01 1:56,,0.000263574,1.86E-09,1:56,5,180901,0,
2018-09-01 1:57,,0.000263574,1.86E-09,1:57,5,180901,0,
2018-09-01 1:58,,0.000263574,1.86E-09,1:58,5,180901,0,
2018-09-01 1:59,,0.000263574,1.86E-09,1:59,5,180901,0,
2018-09-01 2:00,,0.000263574,1.86E-09,2:00,5,180901,0,
2018-09-01 2:01,,0.000263574,1.86E-09,2:01,5,180901,0,
2018-09-01 2:02,,0.000263574,1.86E-09,2:02,5,180901,0,
2018-09-01 2:03,,0.000263574,1.86E-09,2:03,5,180901,0,
2018-09-01 2:04,,0.000263574,1.86E-09,2:04,5,180901,0,
2018-09-01 2:05,,0.000263574,1.86E-09,2:05,5,180901,0,
2018-09-01 2:06,,0.000263574,1.86E-09,2:06,5,180901,0,
2018-09-01 2:07,,0.000263574,1.86E-09,2:07,5,180901,0,
2018-09-01 2:08,,0.000263574,1.86E-09,2:08,5,180901,0,
2018-09-01 2:09,,0.000263574,1.86E-09,2:09,5,180901,0,
2018-09-01 2:10,,0.000263574,1.86E-09,2:10,5,180901,0,
2018-09-01 2:11,,0.000263574,1.86E-09,2:11,5,180901,0,
2018-09-01 2:12,,0.000263574,1.86E-09,2:12,5,180901,0,
2018-09-01 2:13,,0.000263574,1.86E-09,2:13,5,180901,0,
2018-09-01 2:14,,0.000263574,1.86E-09,2:14,5,180901,0,
2018-09-01 2:15,,0.000263574,1.86E-09,2:15,5,180901,0,
2018-09-01 2:16,,0.000263574,1.86E-09,2:16,5,180901,0,
2018-09-01 2:17,,0.000263574,1.86E-09,2:17,5,180901,0,
2018-09-01 2:18,,0.000263574,1.86E-09,2:18,5,180901,0,
2018-09-01 2:19,,0.000263574,1.86E-09,2:19,5,180901,0,
2018-09-01 2:20,,0.000263574,1.86E-09,2:20,5,180901,0,
2018-09-01 2:21,,0.000263574,1.86E-09,2:21,5,180901,0,
2018-09-01 2:22,,0.000263574,1.86E-09,2:22,5,180901,0,
2018-09-01 2:23,,0.000263574,1.86E-09,2:23,5,180901,0,
2018-09-01 2:24,,0.000263574,1.86E-09,2:24,5,180901,0,
2018-09-01 2:25,,0.000263574,1.86E-09,2:25,5,180901,0,
2018-09-01 2:26,,0.000263574,1.86E-09,2:26,5,180901,0,
2018-09-01 2:27,,0.000263574,1.86E-09,2:27,5,180901,0,
2018-09-01 2:28,,0.000263574,1.86E-09,2:28,5,180901,0,
2018-09-01 2:29,,0.000263574,1.86E-09,2:29,5,180901,0,
2018-09-01 2:30,,0.000263574,1.86E-09,2:30,5,180901,0,
2018-09-01 2:31,,0.000263574,1.86E-09,2:31,5,180901,0,
2018-09-01 2:32,,0.000263574,1.86E-09,2:32,5,180901,0,
2018-09-01 2:33,,0.000263574,1.86E-09,2:33,5,180901,0,
2018-09-01 2:34,,0.000263574,1.86E-09,2:34,5,180901,0,
2018-09-01 2:35,,0.000263574,1.86E-09,2:35,5,180901,0,
2018-09-01 2:36,,0.000263574,1.86E-09,2:36,5,180901,0,
2018-09-01 2:37,,0.000263574,1.86E-09,2:37,5,180901,0,
2018-09-01 2:38,,0.000263574,1.86E-09,2:38,5,180901,0,
2018-09-01 2:39,,0.000263574,1.86E-09,2:39,5,180901,0,
2018-09-01 2:40,,0.000263574,1.86E-09,2:40,5,180901,0,
2018-09-01 2:41,,0.000263574,1.86E-09,2:41,5,180901,0,
2018-09-01 2:42,,0.000263574,1.86E-09,2:42,5,180901,0,
2018-09-01 2:43,,0.000263574,1.86E-09,2:43,5,180901,0,
2018-09-01 2:44,,0.000263574,1.86E-09,2:44,5,180901,0,
2018-09-01 2:45,,0.000263574,1.86E-09,2:45,5,180901,0,
2018-09-01 2:46,,0.000263574,1.86E-09,2:46,5,180901,0,
2018-09-01 2:47,,0.000263574,1.86E-09,2:47,5,180901,0,
2018-09-01 2:48,,0.000263574,1.86E-09,2:48,5,180901,0,
2018-09-01 2:49,,0.000263574,1.86E-09,2:49,5,180901,0,
2018-09-01 2:50,,0.000263574,1.86E-09,2:50,5,180901,0,
2018-09-01 2:51,,0.000263574,1.86E-09,2:51,5,180901,0,
2018-09-01 2:52,,0.000263574,1.86E-09,2:52,5,180901,0,
2018-09-01 2:53,,0.000263574,1.86E-09,2:53,5,180901,0,
2018-09-01 2:54,,0.000263574,1.86E-09,2:54,5,180901,0,
2018-09-01 2:55,,0.000263574,1.86E-09,2:55,5,180901,0,
2018-09-01 2:56,,0.000263574,1.86E-09,2:56,5,180901,0,
2018-09-01 2:57,,0.000263574,1.86E-09,2:57,5,180901,0,
2018-09-01 2:58,,0.000263574,1.86E-09,2:58,5,180901,0,
2018-09-01 2:59,,0.000263574,1.86E-09,2:59,5,180901,0,
2018-09-01 3:00,,0.000263574,1.86E-09,3:00,5,180901,0,
2018-09-01 3:02,,0.000263574,1.86E-09,3:02,5,180901,0,
2018-09-01 3:03,,0.000263574,1.86E-09,3:03,5,180901,0,
2018-09-01 3:04,,0.000263574,1.86E-09,3:04,5,180901,0,
2018-09-01 3:05,,0.000263574,1.86E-09,3:05,5,180901,0,
2018-09-01 3:06,,0.000263574,1.86E-09,3:06,5,180901,0,
2018-09-01 3:07,,0.000263574,1.86E-09,3:07,5,180901,0,
2018-09-01 3:08,,0.000263574,1.86E-09,3:08,5,180901,0,
2018-09-01 3:09,,0.000263574,1.86E-09,3:09,5,180901,0,
2018-09-01 3:10,,0.000263574,1.86E-09,3:10,5,180901,0,
2018-09-01 3:11,,0.000263574,1.86E-09,3:11,5,180901,0,
2018-09-01 3:12,,0.000263574,1.86E-09,3:12,5,180901,0,
2018-09-01 3:13,,0.000263574,1.86E-09,3:13,5,180901,0,
2018-09-01 3:14,,0.000263574,1.86E-09,3:14,5,180901,0,
2018-09-01 3:15,,0.000263574,1.86E-09,3:15,5,180901,0,
2018-09-01 3:16,,0.000263574,1.86E-09,3:16,5,180901,0,
2018-09-01 3:17,,0.000263574,1.86E-09,3:17,5,180901,0,
2018-09-01 3:18,,0.000263574,1.86E-09,3:18,5,180901,0,
2018-09-01 3:19,,0.000263574,1.86E-09,3:19,5,180901,0,
2018-09-01 3:20,,0.000263574,1.86E-09,3:20,5,180901,0,
2018-09-01 3:21,,0.000263574,1.86E-09,3:21,5,180901,0,
2018-09-01 3:22,,0.000263574,1.86E-09,3:22,5,180901,0,
2018-09-01 3:23,,0.000263574,1.86E-09,3:23,5,180901,0,
2018-09-01 3:24,,0.000263574,1.86E-09,3:24,5,180901,0,
2018-09-01 3:25,,0.000263574,1.86E-09,3:25,5,180901,0,
2018-09-01 3:26,,0.000263574,1.86E-09,3:26,5,180901,0,
2018-09-01 3:27,,0.000263574,1.86E-09,3:27,5,180901,0,
2018-09-01 3:28,,0.000263574,1.86E-09,3:28,5,180901,0,
2018-09-01 3:29,,0.000263574,1.86E-09,3:29,5,180901,0,
2018-09-01 3:30,,0.000263574,1.86E-09,3:30,5,180901,0,
2018-09-01 3:31,,0.000263574,1.86E-09,3:31,5,180901,0,
2018-09-01 3:32,,0.000263574,1.86E-09,3:32,5,180901,0,
2018-09-01 3:33,,0.000263574,1.86E-09,3:33,5,180901,0,
2018-09-01 3:34,,0.000263574,1.86E-09,3:34,5,180901,0,
2018-09-01 3:35,,0.000263574,1.86E-09,3:35,5,180901,0,
2018-09-01 3:36,,0.000263574,1.86E-09,3:36,5,180901,0,
2018-09-01 3:37,,0.000263574,1.86E-09,3:37,5,180901,0,
2018-09-01 3:38,,0.000263574,1.86E-09,3:38,5,180901,0,
2018-09-01 3:39,,0.000263574,1.86E-09,3:39,5,180901,0,
2018-09-01 3:40,,0.000263574,1.86E-09,3:40,5,180901,0,
2018-09-01 3:41,,0.000263574,1.86E-09,3:41,5,180901,0,
2018-09-01 3:42,,0.000263574,1.86E-09,3:42,5,180901,0,
2018-09-01 3:43,,0.000263574,1.86E-09,3:43,5,180901,0,
2018-09-01 3:44,,0.000263574,1.86E-09,3:44,5,180901,0,
2018-09-01 3:45,,0.000263574,1.86E-09,3:45,5,180901,0,
2018-09-01 3:46,,0.000263574,1.86E-09,3:46,5,180901,0,
2018-09-01 3:47,,0.000263574,1.86E-09,3:47,5,180901,0,
2018-09-01 3:48,,0.000263574,1.86E-09,3:48,5,180901,0,
2018-09-01 3:49,,0.000263574,1.86E-09,3:49,5,180901,0,
2018-09-01 3:50,,0.000263574,1.86E-09,3:50,5,180901,0,
2018-09-01 3:51,,0.000263574,1.86E-09,3:51,5,180901,0,
2018-09-01 3:52,,0.000263574,1.86E-09,3:52,5,180901,0,
2018-09-01 3:53,,0.000263574,1.86E-09,3:53,5,180901,0,
2018-09-01 3:54,,0.000263574,1.86E-09,3:54,5,180901,0,
2018-09-01 3:55,,0.000263574,1.86E-09,3:55,5,180901,0,
2018-09-01 3:56,,0.000263574,1.86E-09,3:56,5,180901,0,
2018-09-01 3:57,,0.000263574,1.86E-09,3:57,5,180901,0,
2018-09-01 3:58,,0.000263574,1.86E-09,3:58,5,180901,0,
2018-09-01 3:59,,0.000263574,1.86E-09,3:59,5,180901,0,
2018-09-01 4:00,,0.000263574,1.86E-09,4:00,5,180901,0,
2018-09-01 4:02,,0.000263574,1.86E-09,4:02,5,180901,0,
2018-09-01 4:03,,0.000263574,1.86E-09,4:03,5,180901,0,
2018-09-01 4:04,,0.000263574,1.86E-09,4:04,5,180901,0,
2018-09-01 4:05,,0.000263574,1.86E-09,4:05,5,180901,0,
2018-09-01 4:06,,0.000263574,1.86E-09,4:06,5,180901,0,
2018-09-01 4:07,,0.000263574,1.86E-09,4:07,5,180901,0,
2018-09-01 4:08,,0.000263574,1.86E-09,4:08,5,180901,0,
2018-09-01 4:09,,0.000263574,1.86E-09,4:09,5,180901,0,
2018-09-01 4:10,,0.000263574,1.86E-09,4:10,5,180901,0,
2018-09-01 4:11,,0.000263574,1.86E-09,4:11,5,180901,0,
2018-09-01 4:12,,0.000263574,1.86E-09,4:12,5,180901,0,
2018-09-01 4:13,,0.000263574,1.86E-09,4:13,5,180901,0,
2018-09-01 4:14,,0.000263574,1.86E-09,4:14,5,180901,0,
2018-09-01 4:15,,0.000263574,1.86E-09,4:15,5,180901,0,
2018-09-01 4:16,,0.000263574,1.86E-09,4:16,5,180901,0,
2018-09-01 4:17,,0.000263574,1.86E-09,4:17,5,180901,0,
2018-09-01 4:18,,0.000263574,1.86E-09,4:18,5,180901,0,
2018-09-01 4:19,,0.000263574,1.86E-09,4:19,5,180901,0,
2018-09-01 4:20,,0.000263574,1.86E-09,4:20,5,180901,0,
2018-09-01 4:21,,0.000263574,1.86E-09,4:21,5,180901,0,
2018-09-01 4:22,,0.000263574,1.86E-09,4:22,5,180901,0,
2018-09-01 4:23,,0.000263574,1.86E-09,4:23,5,180901,0,
2018-09-01 4:24,,0.000263574,1.86E-09,4:24,5,180901,0,
2018-09-01 4:25,,0.000263574,1.86E-09,4:25,5,180901,0,
2018-09-01 4:26,,0.000263574,1.86E-09,4:26,5,180901,0,
2018-09-01 4:27,,0.000263574,1.86E-09,4:27,5,180901,0,
2018-09-01 4:28,,0.000263574,1.86E-09,4:28,5,180901,0,
2018-09-01 4:29,,0.000263574,1.86E-09,4:29,5,180901,0,
2018-09-01 4:30,,0.000263574,1.86E-09,4:30,5,180901,0,
2018-09-01 4:31,,0.000263574,1.86E-09,4:31,5,180901,0,
2018-09-01 4:32,,0.000263574,1.86E-09,4:32,5,180901,0,
2018-09-01 4:33,,0.000263574,1.86E-09,4:33,5,180901,0,
2018-09-01 4:34,,0.000263574,1.86E-09,4:34,5,180901,0,
2018-09-01 4:35,,0.000263574,1.86E-09,4:35,5,180901,0,
2018-09-01 4:36,,0.000263574,1.86E-09,4:36,5,180901,0,
2018-09-01 4:37,,0.000263574,1.86E-09,4:37,5,180901,0,
2018-09-01 4:38,,0.000263574,1.86E-09,4:38,5,180901,0,
2018-09-01 4:39,,0.000263574,1.86E-09,4:39,5,180901,0,
2018-09-01 4:40,,0.000263574,1.86E-09,4:40,5,180901,0,
2018-09-01 4:41,,0.000263574,1.86E-09,4:41,5,180901,0,
2018-09-01 4:42,,0.000263574,1.86E-09,4:42,5,180901,0,
2018-09-01 4:43,,0.000263574,1.86E-09,4:43,5,180901,0,
2018-09-01 4:44,,0.000263574,1.86E-09,4:44,5,180901,0,
2018-09-01 4:45,,0.000263574,1.86E-09,4:45,5,180901,0,
2018-09-01 4:46,,0.000263574,1.86E-09,4:46,5,180901,0,
2018-09-01 4:47,,0.000263574,1.86E-09,4:47,5,180901,0,
2018-09-01 4:48,,0.000263574,1.86E-09,4:48,5,180901,0,
2018-09-01 4:49,,0.000263574,1.86E-09,4:49,5,180901,0,
2018-09-01 4:50,,0.000263574,1.86E-09,4:50,5,180901,0,
2018-09-01 4:51,,0.000263574,1.86E-09,4:51,5,180901,0,
2018-09-01 4:52,,0.000263574,1.86E-09,4:52,5,180901,0,
2018-09-01 4:53,,0.000263574,1.86E-09,4:53,5,180901,0,
2018-09-01 4:54,,0.000263574,1.86E-09,4:54,5,180901,0,
2018-09-01 4:55,,0.000263574,1.86E-09,4:55,5,180901,0,
2018-09-01 4:56,,0.000263574,1.86E-09,4:56,5,180901,0,
2018-09-01 4:57,,0.000263574,1.86E-09,4:57,5,180901,0,
2018-09-01 4:58,,0.000263574,1.86E-09,4:58,5,180901,0,
2018-09-01 4:59,,0.000263574,1.86E-09,4:59,5,180901,0,
2018-09-01 5:00,,0.000263574,1.86E-09,5:00,5,180901,0,
2018-09-01 5:01,,0.000263574,1.86E-09,5:01,5,180901,0,
2018-09-01 5:02,,0.000263574,1.86E-09,5:02,5,180901,0,
2018-09-01 5:03,,0.000263574,1.86E-09,5:03,5,180901,0,
2018-09-01 5:04,,0.000263574,1.86E-09,5:04,5,180901,0,
2018-09-01 5:05,,0.000263574,1.86E-09,5:05,5,180901,0,
2018-09-01 5:06,,0.000263574,1.86E-09,5:06,5,180901,0,
2018-09-01 5:07,,0.000263574,1.86E-09,5:07,5,180901,0,
2018-09-01 5:08,,0.000263574,1.86E-09,5:08,5,180901,0,
2018-09-01 5:09,,0.000263574,1.86E-09,5:09,5,180901,0,
2018-09-01 5:10,,0.000263574,1.86E-09,5:10,5,180901,0,
2018-09-01 5:11,,0.000263574,1.86E-09,5:11,5,180901,0,
2018-09-01 5:12,,0.000263574,1.86E-09,5:12,5,180901,0,
2018-09-01 5:13,,0.000263574,1.86E-09,5:13,5,180901,0,
2018-09-01 5:14,,0.000263574,1.86E-09,5:14,5,180901,0,
2018-09-01 5:15,,0.000263574,1.86E-09,5:15,5,180901,0,
2018-09-01 5:16,,0.000263574,1.86E-09,5:16,5,180901,0,
2018-09-01 5:17,,0.000263574,1.86E-09,5:17,5,180901,0,
2018-09-01 5:18,,0.000263574,1.86E-09,5:18,5,180901,0,
2018-09-01 5:19,,0.000263574,1.86E-09,5:19,5,180901,0,
2018-09-01 5:20,,0.000263574,1.86E-09,5:20,5,180901,0,
2018-09-01 5:21,,0.000263574,1.86E-09,5:21,5,180901,0,
2018-09-01 5:22,,0.000263574,1.86E-09,5:22,5,180901,0,
2018-09-01 5:23,,0.000263574,1.86E-09,5:23,5,180901,0,
2018-09-01 5:24,,0.000263574,1.86E-09,5:24,5,180901,0,
2018-09-01 5:25,,0.000263574,1.86E-09,5:25,5,180901,0,
2018-09-01 5:26,,0.000263574,1.86E-09,5:26,5,180901,0,
2018-09-01 5:27,,0.000263574,1.86E-09,5:27,5,180901,0,
2018-09-01 5:28,,0.000263574,1.86E-09,5:28,5,180901,0,
2018-09-01 5:29,,0.000263574,1.86E-09,5:29,5,180901,0,
2018-09-01 5:30,,0.000263574,1.86E-09,5:30,5,180901,0,
2018-09-01 5:31,,0.000263574,1.86E-09,5:31,5,180901,0,
2018-09-01 5:32,,0.000263574,1.86E-09,5:32,5,180901,0,
2018-09-01 5:33,,0.000263574,1.86E-09,5:33,5,180901,0,
2018-09-01 5:34,,0.000263574,1.86E-09,5:34,5,180901,0,
2018-09-01 5:35,,0.000263574,1.86E-09,5:35,5,180901,0,
2018-09-01 5:36,,0.000263574,1.86E-09,5:36,5,180901,0,
2018-09-01 5:37,,0.000263574,1.86E-09,5:37,5,180901,0,
2018-09-01 5:38,,0.000263574,1.86E-09,5:38,5,180901,0,
2018-09-01 5:39,,0.000263574,1.86E-09,5:39,5,180901,0,
2018-09-01 5:40,,0.000263574,1.86E-09,5:40,5,180901,0,
2018-09-01 5:41,,0.000263574,1.86E-09,5:41,5,180901,0,
2018-09-01 5:42,,0.000263574,1.86E-09,5:42,5,180901,0,
2018-09-01 5:43,,0.000263574,1.86E-09,5:43,5,180901,0,
2018-09-01 5:44,,0.000263574,1.86E-09,5:44,5,180901,0,
2018-09-01 5:45,,0.000263574,1.86E-09,5:45,5,180901,0,
2018-09-01 5:46,,0.000263574,1.86E-09,5:46,5,180901,0,
2018-09-01 5:47,,0.000263574,1.86E-09,5:47,5,180901,0,
2018-09-01 5:48,,0.000263574,1.86E-09,5:48,5,180901,0,
2018-09-01 5:49,,0.000263574,1.86E-09,5:49,5,180901,0,
2018-09-01 5:50,,0.000263574,1.86E-09,5:50,5,180901,0,
2018-09-01 5:51,,0.000263574,1.86E-09,5:51,5,180901,0,
2018-09-01 5:52,,0.000263574,1.86E-09,5:52,5,180901,0,
2018-09-01 5:53,,0.000263574,1.86E-09,5:53,5,180901,0,
2018-09-01 5:54,,0.000263574,1.86E-09,5:54,5,180901,0,
2018-09-01 5:55,,0.000263574,1.86E-09,5:55,5,180901,0,
2018-09-01 5:56,,0.000263574,1.86E-09,5:56,5,180901,0,
2018-09-01 5:57,,0.000263574,1.86E-09,5:57,5,180901,0,
2018-09-01 5:58,,0.000263574,1.86E-09,5:58,5,180901,0,
2018-09-01 5:59,,0.000263574,1.86E-09,5:59,5,180901,0,
2018-09-01 6:00,,0.000263574,1.86E-09,6:00,5,180901,0,
2018-09-01 6:02,,0.000263574,1.86E-09,6:02,5,180901,0,
2018-09-01 6:03,,0.000263574,1.86E-09,6:03,5,180901,0,
2018-09-01 6:04,,0.000263574,1.86E-09,6:04,5,180901,0,
2018-09-01 6:05,,0.000263574,1.86E-09,6:05,5,180901,0,
2018-09-01 6:06,,0.000263574,1.86E-09,6:06,5,180901,0,
2018-09-01 6:07,,0.000263574,1.86E-09,6:07,5,180901,0,
2018-09-01 6:08,,0.000263574,1.86E-09,6:08,5,180901,0,
2018-09-01 6:09,,0.000263574,1.86E-09,6:09,5,180901,0,
2018-09-01 6:10,,0.000263574,1.86E-09,6:10,5,180901,0,
2018-09-01 6:11,,0.000263574,1.86E-09,6:11,5,180901,0,
2018-09-01 6:12,,0.000263574,1.86E-09,6:12,5,180901,0,
2018-09-01 6:13,,0.000263574,1.86E-09,6:13,5,180901,0,
2018-09-01 6:14,,0.000263574,1.86E-09,6:14,5,180901,0,
2018-09-01 6:15,,0.000263574,1.86E-09,6:15,5,180901,0,
2018-09-01 6:16,,0.000263574,1.86E-09,6:16,5,180901,0,
2018-09-01 6:17,,0.000263574,1.86E-09,6:17,5,180901,0,
2018-09-01 6:18,,0.000263574,1.86E-09,6:18,5,180901,0,
2018-09-01 6:19,,0.000263574,1.86E-09,6:19,5,180901,0,
2018-09-01 6:20,,0.000263574,1.86E-09,6:20,5,180901,0,
2018-09-01 6:21,,0.000263574,1.86E-09,6:21,5,180901,0,
2018-09-01 6:22,,0.000263574,1.86E-09,6:22,5,180901,0,
2018-09-01 6:23,,0.000263574,1.86E-09,6:23,5,180901,0,
2018-09-01 6:24,,0.000263574,1.86E-09,6:24,5,180901,0,
2018-09-01 6:25,,0.000263574,1.86E-09,6:25,5,180901,0,
2018-09-01 6:26,,0.000263574,1.86E-09,6:26,5,180901,0,
2018-09-01 6:27,,0.000263574,1.86E-09,6:27,5,180901,0,
2018-09-01 6:28,,0.000263574,1.86E-09,6:28,5,180901,0,
2018-09-01 6:29,,0.000263574,1.86E-09,6:29,5,180901,0,
2018-09-01 6:30,,0.000263574,1.86E-09,6:30,5,180901,0,
2018-09-01 6:31,,0.000263574,1.86E-09,6:31,5,180901,0,
2018-09-01 6:32,,0.000263574,1.86E-09,6:32,5,180901,0,
2018-09-01 6:33,,0.000263574,1.86E-09,6:33,5,180901,0,
2018-09-01 6:34,,0.000263574,1.86E-09,6:34,5,180901,0,
2018-09-01 6:35,,0.000263574,1.86E-09,6:35,5,180901,0,
2018-09-01 6:36,,0.000263574,1.86E-09,6:36,5,180901,0,
2018-09-01 6:37,,0.000263574,1.86E-09,6:37,5,180901,0,
2018-09-01 6:38,,0.000263574,1.86E-09,6:38,5,180901,0,
2018-09-01 6:39,,0.000263574,1.86E-09,6:39,5,180901,0,
2018-09-01 6:40,,0.000263574,1.86E-09,6:40,5,180901,0,
2018-09-01 6:41,,0.000263574,1.86E-09,6:41,5,180901,0,
2018-09-01 6:42,,0.000263574,1.86E-09,6:42,5,180901,0,
2018-09-01 6:43,,0.000263574,1.86E-09,6:43,5,180901,0,
2018-09-01 6:44,,0.000263574,1.86E-09,6:44,5,180901,0,
2018-09-01 6:45,,0.000263574,1.86E-09,6:45,5,180901,0,
2018-09-01 6:46,,0.000263574,1.86E-09,6:46,5,180901,0,
2018-09-01 6:47,,0.000263574,1.86E-09,6:47,5,180901,0,
2018-09-01 6:48,,0.000263574,1.86E-09,6:48,5,180901,0,
2018-09-01 6:49,,0.000263574,1.86E-09,6:49,5,180901,0,
2018-09-01 6:50,,0.000263574,1.86E-09,6:50,5,180901,0,
2018-09-01 6:51,,0.000263574,1.86E-09,6:51,5,180901,0,
2018-09-01 6:52,,0.000263574,1.86E-09,6:52,5,180901,0,
2018-09-01 6:53,,0.000263574,1.86E-09,6:53,5,180901,0,
2018-09-01 6:54,,0.000263574,1.86E-09,6:54,5,180901,0,
2018-09-01 6:55,,0.000263574,1.86E-09,6:55,5,180901,0,
2018-09-01 6:56,,0.000263574,1.86E-09,6:56,5,180901,0,
2018-09-01 6:57,,0.000263574,1.86E-09,6:57,5,180901,0,
2018-09-01 6:58,,0.000263574,1.86E-09,6:58,5,180901,0,
2018-09-01 6:59,,0.000263574,1.86E-09,6:59,5,180901,0,
2018-09-01 7:00,,0.000263574,1.86E-09,7:00,5,180901,0,
2018-09-01 7:02,,0.000263574,1.86E-09,7:02,5,180901,0,
2018-09-01 7:03,,0.000263574,1.86E-09,7:03,5,180901,0,
2018-09-01 7:04,,0.000263574,1.86E-09,7:04,5,180901,0,
2018-09-01 7:05,,0.000263574,1.86E-09,7:05,5,180901,0,
2018-09-01 7:06,,0.000263574,1.86E-09,7:06,5,180901,0,
2018-09-01 7:07,,0.000263574,1.86E-09,7:07,5,180901,0,
2018-09-01 7:08,,0.000263574,1.86E-09,7:08,5,180901,0,
2018-09-01 7:09,,0.000263574,1.86E-09,7:09,5,180901,0,
2018-09-01 7:10,,0.000263574,1.86E-09,7:10,5,180901,0,
2018-09-01 7:11,,0.000263574,1.86E-09,7:11,5,180901,0,
2018-09-01 7:12,,0.000263574,1.86E-09,7:12,5,180901,0,
2018-09-01 7:13,,0.000263574,1.86E-09,7:13,5,180901,0,
2018-09-01 7:14,,0.000263574,1.86E-09,7:14,5,180901,0,
2018-09-01 7:15,,0.000263574,1.86E-09,7:15,5,180901,0,
2018-09-01 7:16,,0.000263574,1.86E-09,7:16,5,180901,0,
2018-09-01 7:17,,0.000263574,1.86E-09,7:17,5,180901,0,
2018-09-01 7:18,,0.000263574,1.86E-09,7:18,5,180901,0,
2018-09-01 7:19,,0.000263574,1.86E-09,7:19,5,180901,0,
2018-09-01 7:20,,0.000263574,1.86E-09,7:20,5,180901,0,
2018-09-01 7:21,,0.000263574,1.86E-09,7:21,5,180901,0,
2018-09-01 7:22,,0.000263574,1.86E-09,7:22,5,180901,0,
2018-09-01 7:23,,0.000263574,1.86E-09,7:23,5,180901,0,
2018-09-01 7:24,,0.000263574,1.86E-09,7:24,5,180901,0,
2018-09-01 7:25,,0.000263574,1.86E-09,7:25,5,180901,0,
2018-09-01 7:26,,0.000263574,1.86E-09,7:26,5,180901,0,
2018-09-01 7:27,,0.000263574,1.86E-09,7:27,5,180901,0,
2018-09-01 7:28,,0.000263574,1.86E-09,7:28,5,180901,0,
2018-09-01 7:29,,0.000263574,1.86E-09,7:29,5,180901,0,
2018-09-01 7:30,,0.000263574,1.86E-09,7:30,5,180901,0,
2018-09-01 7:31,,0.000263574,1.86E-09,7:31,5,180901,0,
2018-09-01 7:32,,0.000263574,1.86E-09,7:32,5,180901,0,
2018-09-01 7:33,,0.000263574,1.86E-09,7:33,5,180901,0,
2018-09-01 7:34,,0.000263574,1.86E-09,7:34,5,180901,0,
2018-09-01 7:35,,0.000263574,1.86E-09,7:35,5,180901,0,
2018-09-01 7:36,,0.000263574,1.86E-09,7:36,5,180901,0,
2018-09-01 7:37,,0.000263574,1.86E-09,7:37,5,180901,0,
2018-09-01 7:38,,0.000263574,1.86E-09,7:38,5,180901,0,
2018-09-01 7:39,,0.000263574,1.86E-09,7:39,5,180901,0,
2018-09-01 7:40,,0.000263574,1.86E-09,7:40,5,180901,0,
2018-09-01 7:41,,0.000263574,1.86E-09,7:41,5,180901,0,
2018-09-01 7:42,,0.000263574,1.86E-09,7:42,5,180901,0,
2018-09-01 7:43,,0.000263574,1.86E-09,7:43,5,180901,0,
2018-09-01 7:44,,0.000263574,1.86E-09,7:44,5,180901,0,
2018-09-01 7:45,,0.000263574,1.86E-09,7:45,5,180901,0,
2018-09-01 7:46,,0.000263574,1.86E-09,7:46,5,180901,0,
2018-09-01 7:47,,0.000263574,1.86E-09,7:47,5,180901,0,
2018-09-01 7:48,,0.000263574,1.86E-09,7:48,5,180901,0,
2018-09-01 7:49,,0.000263574,1.86E-09,7:49,5,180901,0,
2018-09-01 7:51,,0.000263574,1.86E-09,7:51,5,180901,0,
2018-09-01 7:52,,0.000263574,1.86E-09,7:52,5,180901,0,
2018-09-01 7:53,,0.000263574,1.86E-09,7:53,5,180901,0,
2018-09-01 7:54,,0.000263574,1.86E-09,7:54,5,180901,0,
2018-09-01 7:55,,0.000263574,1.86E-09,7:55,5,180901,0,
2018-09-01 7:56,,0.000263574,1.86E-09,7:56,5,180901,0,
2018-09-01 7:57,,0.000263574,1.86E-09,7:57,5,180901,0,
2018-09-01 7:58,,0.000263574,1.86E-09,7:58,5,180901,0,
2018-09-01 7:59,,0.000263574,1.86E-09,7:59,5,180901,0,
2018-09-01 8:02,,0.000263574,1.86E-09,8:02,5,180901,0,
2018-09-01 8:03,,0.000263574,1.86E-09,8:03,5,180901,0,
2018-09-01 8:04,,0.000263574,1.86E-09,8:04,5,180901,0,
2018-09-01 8:05,,0.000263574,1.86E-09,8:05,5,180901,0,
2018-09-01 8:06,,0.000263574,1.86E-09,8:06,5,180901,0,
2018-09-01 8:07,,0.000263574,1.86E-09,8:07,5,180901,0,
2018-09-01 8:08,,0.000263574,1.86E-09,8:08,5,180901,0,
2018-09-01 8:09,,0.000263574,1.86E-09,8:09,5,180901,0,
2018-09-01 8:10,,0.000263574,1.86E-09,8:10,5,180901,0,
2018-09-01 8:11,,0.000263574,1.86E-09,8:11,5,180901,0,
2018-09-01 8:12,,0.000263574,1.86E-09,8:12,5,180901,0,
2018-09-01 8:13,,0.000263574,1.86E-09,8:13,5,180901,0,
2018-09-01 8:14,,0.000263574,1.86E-09,8:14,5,180901,0,
2018-09-01 8:15,,0.000263574,1.86E-09,8:15,5,180901,0,
2018-09-01 8:16,,0.000263574,1.86E-09,8:16,5,180901,0,
2018-09-01 8:17,,0.000263574,1.86E-09,8:17,5,180901,0,
2018-09-01 8:18,,0.000263574,1.86E-09,8:18,5,180901,0,
2018-09-01 8:19,,0.000263574,1.86E-09,8:19,5,180901,0,
2018-09-01 8:20,,0.000263574,1.86E-09,8:20,5,180901,0,
2018-09-01 8:21,,0.000263574,1.86E-09,8:21,5,180901,0,
2018-09-01 8:22,,0.000263574,1.86E-09,8:22,5,180901,0,
2018-09-01 8:23,,0.000263574,1.86E-09,8:23,5,180901,0,
2018-09-01 8:24,,0.000263574,1.86E-09,8:24,5,180901,0,
2018-09-01 8:25,,0.000263574,1.86E-09,8:25,5,180901,0,
2018-09-01 8:26,,0.000263574,1.86E-09,8:26,5,180901,0,
2018-09-01 8:27,,0.000263574,1.86E-09,8:27,5,180901,0,
2018-09-01 8:28,,0.000263574,1.86E-09,8:28,5,180901,0,
2018-09-01 8:29,,0.000263574,1.86E-09,8:29,5,180901,0,
2018-09-01 8:30,,0.000263574,1.86E-09,8:30,5,180901,0,
2018-09-01 8:31,,0.000263574,1.86E-09,8:31,5,180901,0,
2018-09-01 8:32,,0.000263574,1.86E-09,8:32,5,180901,0,
2018-09-01 8:33,,0.000263574,1.86E-09,8:33,5,180901,0,
2018-09-01 8:34,,0.000263574,1.86E-09,8:34,5,180901,0,
2018-09-01 8:35,,0.000263574,1.86E-09,8:35,5,180901,0,
2018-09-01 8:36,,0.000263574,1.86E-09,8:36,5,180901,0,
2018-09-01 8:37,,0.000263574,1.86E-09,8:37,5,180901,0,
2018-09-01 8:38,,0.000263574,1.86E-09,8:38,5,180901,0,
2018-09-01 8:39,,0.000263574,1.86E-09,8:39,5,180901,0,
2018-09-01 8:40,,0.000263574,1.86E-09,8:40,5,180901,0,
2018-09-01 8:41,,0.000263574,1.86E-09,8:41,5,180901,0,
2018-09-01 8:42,,0.000263574,1.86E-09,8:42,5,180901,0,
2018-09-01 8:43,,0.000263574,1.86E-09,8:43,5,180901,0,
2018-09-01 8:44,,0.000263574,1.86E-09,8:44,5,180901,0,
2018-09-01 8:45,,0.000263574,1.86E-09,8:45,5,180901,0,
2018-09-01 8:46,,0.000263574,1.86E-09,8:46,5,180901,0,
2018-09-01 8:47,,0.000263574,1.86E-09,8:47,5,180901,0,
2018-09-01 8:48,,0.000263574,1.86E-09,8:48,5,180901,0,
2018-09-01 8:49,,0.000263574,1.86E-09,8:49,5,180901,0,
2018-09-01 8:50,,0.000263574,1.86E-09,8:50,5,180901,0,
2018-09-01 8:51,,0.000263574,1.86E-09,8:51,5,180901,0,
2018-09-01 8:52,,0.000263574,1.86E-09,8:52,5,180901,0,
2018-09-01 8:53,,0.000263574,1.86E-09,8:53,5,180901,0,
2018-09-01 8:54,,0.000263574,1.86E-09,8:54,5,180901,0,
2018-09-01 8:55,,0.000263574,1.86E-09,8:55,5,180901,0,
2018-09-01 8:56,,0.000263574,1.86E-09,8:56,5,180901,0,
2018-09-01 8:57,,0.000263574,1.86E-09,8:57,5,180901,0,
2018-09-01 8:58,,0.000263574,1.86E-09,8:58,5,180901,0,
2018-09-01 8:59,,0.000263574,1.86E-09,8:59,5,180901,0,
2018-09-01 9:00,,0.000263574,1.86E-09,9:00,5,180901,0,
2018-09-01 9:02,,0.000263574,1.86E-09,9:02,5,180901,0,
2018-09-01 9:03,,0.000263574,1.86E-09,9:03,5,180901,0,
2018-09-01 9:04,,0.000263574,1.86E-09,9:04,5,180901,0,
2018-09-01 9:05,,0.000263574,1.86E-09,9:05,5,180901,0,
2018-09-01 9:06,,0.000263574,1.86E-09,9:06,5,180901,0,
2018-09-01 9:07,,0.000263574,1.86E-09,9:07,5,180901,0,
2018-09-01 9:08,,0.000263574,1.86E-09,9:08,5,180901,0,
2018-09-01 9:09,,0.000263574,1.86E-09,9:09,5,180901,0,
2018-09-01 9:10,,0.000263574,1.86E-09,9:10,5,180901,0,
2018-09-01 9:11,,0.000263574,1.86E-09,9:11,5,180901,0,
2018-09-01 9:12,,0.000263574,1.86E-09,9:12,5,180901,0,
2018-09-01 9:13,,0.000263574,1.86E-09,9:13,5,180901,0,
2018-09-01 9:14,,0.000263574,1.86E-09,9:14,5,180901,0,
2018-09-01 9:15,,0.000263574,1.86E-09,9:15,5,180901,0,
2018-09-01 9:16,,0.000263574,1.86E-09,9:16,5,180901,0,
2018-09-01 9:17,,0.000263574,1.86E-09,9:17,5,180901,0,
2018-09-01 9:18,,0.000263574,1.86E-09,9:18,5,180901,0,
2018-09-01 9:19,,0.000263574,1.86E-09,9:19,5,180901,0,
2018-09-01 9:20,,0.000263574,1.86E-09,9:20,5,180901,0,
2018-09-01 9:21,,0.000263574,1.86E-09,9:21,5,180901,0,
2018-09-01 9:22,,0.000263574,1.86E-09,9:22,5,180901,0,
2018-09-01 9:23,,0.000263574,1.86E-09,9:23,5,180901,0,
2018-09-01 9:24,,0.000263574,1.86E-09,9:24,5,180901,0,
2018-09-01 9:25,,0.000263574,1.86E-09,9:25,5,180901,0,
2018-09-01 9:26,,0.000263574,1.86E-09,9:26,5,180901,0,
2018-09-01 9:27,,0.000263574,1.86E-09,9:27,5,180901,0,
2018-09-01 9:28,,0.000263574,1.86E-09,9:28,5,180901,0,
2018-09-01 9:29,,0.000263574,1.86E-09,9:29,5,180901,0,
2018-09-01 9:30,,0.000263574,1.86E-09,9:30,5,180901,0,
2018-09-01 9:31,,0.000263574,1.86E-09,9:31,5,180901,0,
2018-09-01 9:32,,0.000263574,1.86E-09,9:32,5,180901,0,
2018-09-01 9:33,,0.000263574,1.86E-09,9:33,5,180901,0,
2018-09-01 9:34,,0.000263574,1.86E-09,9:34,5,180901,0,
2018-09-01 9:35,,0.000263574,1.86E-09,9:35,5,180901,0,
2018-09-01 9:36,,0.000263574,1.86E-09,9:36,5,180901,0,
2018-09-01 9:37,,0.000263574,1.86E-09,9:37,5,180901,0,
2018-09-01 9:38,,0.000263574,1.86E-09,9:38,5,180901,0,
2018-09-01 9:39,,0.000263574,1.86E-09,9:39,5,180901,0,
2018-09-01 9:40,,0.000263574,1.86E-09,9:40,5,180901,0,
2018-09-01 9:41,,0.000263574,1.86E-09,9:41,5,180901,0,
2018-09-01 9:42,,0.000263574,1.86E-09,9:42,5,180901,0,
2018-09-01 9:43,,0.000263574,1.86E-09,9:43,5,180901,0,
2018-09-01 9:44,,0.000263574,1.86E-09,9:44,5,180901,0,
2018-09-01 9:45,,0.000263574,1.86E-09,9:45,5,180901,0,
2018-09-01 9:46,,0.000263574,1.86E-09,9:46,5,180901,0,
2018-09-01 9:47,,0.000263574,1.86E-09,9:47,5,180901,0,
2018-09-01 9:48,,0.000263574,1.86E-09,9:48,5,180901,0,
2018-09-01 9:49,,0.000263574,1.86E-09,9:49,5,180901,0,
2018-09-01 9:50,,0.000263574,1.86E-09,9:50,5,180901,0,
2018-09-01 9:51,,0.000263574,1.86E-09,9:51,5,180901,0,
2018-09-01 9:52,,0.000263574,1.86E-09,9:52,5,180901,0,
2018-09-01 9:53,,0.000263574,1.86E-09,9:53,5,180901,0,
2018-09-01 9:54,,0.000263574,1.86E-09,9:54,5,180901,0,
2018-09-01 9:55,,0.000263574,1.86E-09,9:55,5,180901,0,
2018-09-01 9:56,,0.000263574,1.86E-09,9:56,5,180901,0,
2018-09-01 9:57,,0.000263574,1.86E-09,9:57,5,180901,0,
2018-09-01 9:58,,0.000263574,1.86E-09,9:58,5,180901,0,
2018-09-01 9:59,,0.000263574,1.86E-09,9:59,5,180901,0,
2018-09-01 10:00,,0.000263574,1.86E-09,10:00,5,180901,0,
2018-09-01 10:02,,0.000263574,1.86E-09,10:02,5,180901,0,
2018-09-01 10:03,,0.000263574,1.86E-09,10:03,5,180901,0,
2018-09-01 10:04,,0.000263574,1.86E-09,10:04,5,180901,0,
2018-09-01 10:05,,0.000263574,1.86E-09,10:05,5,180901,0,
2018-09-01 10:06,,0.000263574,1.86E-09,10:06,5,180901,0,
2018-09-01 10:07,,0.000263574,1.86E-09,10:07,5,180901,0,
2018-09-01 10:08,,0.000263574,1.86E-09,10:08,5,180901,0,
2018-09-01 10:09,,0.000263574,1.86E-09,10:09,5,180901,0,
2018-09-01 10:10,,0.000263574,1.86E-09,10:10,5,180901,0,
2018-09-01 10:11,,0.000263574,1.86E-09,10:11,5,180901,0,
2018-09-01 10:12,,0.000263574,1.86E-09,10:12,5,180901,0,
2018-09-01 10:13,,0.000263574,1.86E-09,10:13,5,180901,0,
2018-09-01 10:14,,0.000263574,1.86E-09,10:14,5,180901,0,
2018-09-01 10:15,,0.000263574,1.86E-09,10:15,5,180901,0,
2018-09-01 10:16,,0.000263574,1.86E-09,10:16,5,180901,0,
2018-09-01 10:17,,0.000263574,1.86E-09,10:17,5,180901,0,
2018-09-01 10:18,,0.000263574,1.86E-09,10:18,5,180901,0,
2018-09-01 10:19,,0.000263574,1.86E-09,10:19,5,180901,0,
2018-09-01 10:20,,0.000263574,1.86E-09,10:20,5,180901,0,
2018-09-01 10:21,,0.000263574,1.86E-09,10:21,5,180901,0,
2018-09-01 10:22,,0.000263574,1.86E-09,10:22,5,180901,0,
2018-09-01 10:23,,0.000263574,1.86E-09,10:23,5,180901,0,
2018-09-01 10:24,,0.000263574,1.86E-09,10:24,5,180901,0,
2018-09-01 10:25,,0.000263574,1.86E-09,10:25,5,180901,0,
2018-09-01 10:26,,0.000263574,1.86E-09,10:26,5,180901,0,
2018-09-01 10:27,,0.000263574,1.86E-09,10:27,5,180901,0,
2018-09-01 10:28,,0.000263574,1.86E-09,10:28,5,180901,0,
2018-09-01 10:29,,0.000263574,1.86E-09,10:29,5,180901,0,
2018-09-01 10:30,,0.000263574,1.86E-09,10:30,5,180901,0,
2018-09-01 10:31,,0.000263574,1.86E-09,10:31,5,180901,0,
2018-09-01 10:32,,0.000263574,1.86E-09,10:32,5,180901,0,
2018-09-01 10:33,,0.000263574,1.86E-09,10:33,5,180901,0,
2018-09-01 10:34,,0.000263574,1.86E-09,10:34,5,180901,0,
2018-09-01 10:35,,0.000263574,1.86E-09,10:35,5,180901,0,
2018-09-01 10:36,,0.000263574,1.86E-09,10:36,5,180901,0,
2018-09-01 10:37,,0.000263574,1.86E-09,10:37,5,180901,0,
2018-09-01 10:38,,0.000263574,1.86E-09,10:38,5,180901,0,
2018-09-01 10:39,,0.000263574,1.86E-09,10:39,5,180901,0,
2018-09-01 10:40,,0.000263574,1.86E-09,10:40,5,180901,0,
2018-09-01 10:41,,0.000263574,1.86E-09,10:41,5,180901,0,
2018-09-01 10:42,,0.000263574,1.86E-09,10:42,5,180901,0,
2018-09-01 10:43,,0.000263574,1.86E-09,10:43,5,180901,0,
2018-09-01 10:44,,0.000263574,1.86E-09,10:44,5,180901,0,
2018-09-01 10:45,,0.000263574,1.86E-09,10:45,5,180901,0,
2018-09-01 10:46,,0.000263574,1.86E-09,10:46,5,180901,0,
2018-09-01 10:47,,0.000263574,1.86E-09,10:47,5,180901,0,
2018-09-01 10:48,,0.000263574,1.86E-09,10:48,5,180901,0,
2018-09-01 10:49,,0.000263574,1.86E-09,10:49,5,180901,0,
2018-09-01 10:50,,0.000263574,1.86E-09,10:50,5,180901,0,
2018-09-01 10:51,,0.000263574,1.86E-09,10:51,5,180901,0,
2018-09-01 10:52,,0.000263574,1.86E-09,10:52,5,180901,0,
2018-09-01 10:53,,0.000263574,1.86E-09,10:53,5,180901,0,
2018-09-01 10:54,,0.000263574,1.86E-09,10:54,5,180901,0,
2018-09-01 10:55,,0.000263574,1.86E-09,10:55,5,180901,0,
2018-09-01 10:56,,0.000263574,1.86E-09,10:56,5,180901,0,
2018-09-01 10:57,,0.000263574,1.86E-09,10:57,5,180901,0,
2018-09-01 10:58,,0.000263574,1.86E-09,10:58,5,180901,0,
2018-09-01 10:59,,0.000263574,1.86E-09,10:59,5,180901,0,
2018-09-01 11:00,,0.000263574,1.86E-09,11:00,5,180901,0,
2018-09-01 11:02,,0.000263574,1.86E-09,11:02,5,180901,0,
2018-09-01 11:03,,0.000263574,1.86E-09,11:03,5,180901,0,
2018-09-01 11:04,,0.000263574,1.86E-09,11:04,5,180901,0,
2018-09-01 11:05,,0.000263574,1.86E-09,11:05,5,180901,0,
2018-09-01 11:06,,0.000263574,1.86E-09,11:06,5,180901,0,
2018-09-01 11:07,,0.000263574,1.86E-09,11:07,5,180901,0,
2018-09-01 11:08,,0.000263574,1.86E-09,11:08,5,180901,0,
2018-09-01 11:09,,0.000263574,1.86E-09,11:09,5,180901,0,
2018-09-01 11:10,,0.000263574,1.86E-09,11:10,5,180901,0,
2018-09-01 11:11,,0.000263574,1.86E-09,11:11,5,180901,0,
2018-09-01 11:12,,0.000263574,1.86E-09,11:12,5,180901,0,
2018-09-01 11:13,,0.000263574,1.86E-09,11:13,5,180901,0,
2018-09-01 11:14,,0.000263574,1.86E-09,11:14,5,180901,0,
2018-09-01 11:15,,0.000263574,1.86E-09,11:15,5,180901,0,
2018-09-01 11:16,,0.000263574,1.86E-09,11:16,5,180901,0,
2018-09-01 11:17,,0.000263574,1.86E-09,11:17,5,180901,0,
2018-09-01 11:18,,0.000263574,1.86E-09,11:18,5,180901,0,
2018-09-01 11:19,,0.000263574,1.86E-09,11:19,5,180901,0,
2018-09-01 11:20,,0.000263574,1.86E-09,11:20,5,180901,0,
2018-09-01 11:21,,0.000263574,1.86E-09,11:21,5,180901,0,
2018-09-01 11:22,,0.000263574,1.86E-09,11:22,5,180901,0,
2018-09-01 11:23,,0.000263574,1.86E-09,11:23,5,180901,0,
2018-09-01 11:24,,0.000263574,1.86E-09,11:24,5,180901,0,
2018-09-01 11:25,,0.000263574,1.86E-09,11:25,5,180901,0,
2018-09-01 11:26,,0.000263574,1.86E-09,11:26,5,180901,0,
2018-09-01 11:27,,0.000263574,1.86E-09,11:27,5,180901,0,
2018-09-01 11:28,,0.000263574,1.86E-09,11:28,5,180901,0,
2018-09-01 11:29,,0.000263574,1.86E-09,11:29,5,180901,0,
2018-09-01 11:30,,0.000263574,1.86E-09,11:30,5,180901,0,
2018-09-01 11:31,,0.000263574,1.86E-09,11:31,5,180901,0,
2018-09-01 11:32,,0.000263574,1.86E-09,11:32,5,180901,0,
2018-09-01 11:33,,0.000263574,1.86E-09,11:33,5,180901,0,
2018-09-01 11:34,,0.000263574,1.86E-09,11:34,5,180901,0,
2018-09-01 11:35,,0.000263574,1.86E-09,11:35,5,180901,0,
2018-09-01 11:36,,0.000263574,1.86E-09,11:36,5,180901,0,
2018-09-01 11:37,,0.000263574,1.86E-09,11:37,5,180901,0,
2018-09-01 11:38,,0.000263574,1.86E-09,11:38,5,180901,0,
2018-09-01 11:39,,0.000263574,1.86E-09,11:39,5,180901,0,
2018-09-01 11:40,,0.000263574,1.86E-09,11:40,5,180901,0,
2018-09-01 11:41,,0.000263574,1.86E-09,11:41,5,180901,0,
2018-09-01 11:42,,0.000263574,1.86E-09,11:42,5,180901,0,
2018-09-01 11:43,,0.000263574,1.86E-09,11:43,5,180901,0,
2018-09-01 11:44,,0.000263574,1.86E-09,11:44,5,180901,0,
2018-09-01 11:45,,0.000263574,1.86E-09,11:45,5,180901,0,
2018-09-01 11:46,,0.000263574,1.86E-09,11:46,5,180901,0,
2018-09-01 11:47,,0.000263574,1.86E-09,11:47,5,180901,0,
2018-09-01 11:48,,0.000263574,1.86E-09,11:48,5,180901,0,
2018-09-01 11:49,,0.000263574,1.86E-09,11:49,5,180901,0,
2018-09-01 11:50,,0.000263574,1.86E-09,11:50,5,180901,0,
2018-09-01 11:51,,0.000263574,1.86E-09,11:51,5,180901,0,
2018-09-01 11:52,,0.000263574,1.86E-09,11:52,5,180901,0,
2018-09-01 11:53,,0.000263574,1.86E-09,11:53,5,180901,0,
2018-09-01 11:54,,0.000263574,1.86E-09,11:54,5,180901,0,
2018-09-01 11:55,,0.000263574,1.86E-09,11:55,5,180901,0,
2018-09-01 11:56,,0.000263574,1.86E-09,11:56,5,180901,0,
2018-09-01 11:57,,0.000263574,1.86E-09,11:57,5,180901,0,
2018-09-01 11:58,,0.000263574,1.86E-09,11:58,5,180901,0,
2018-09-01 11:59,,0.000263574,1.86E-09,11:59,5,180901,0,
2018-09-01 12:00,,0.000263574,1.86E-09,12:00,5,180901,0,
2018-09-01 12:02,,0.000263574,1.86E-09,12:02,5,180901,0,
2018-09-01 12:03,,0.000263574,1.86E-09,12:03,5,180901,0,
2018-09-01 12:04,,0.000263574,1.86E-09,12:04,5,180901,0,
2018-09-01 12:05,,0.000263574,1.86E-09,12:05,5,180901,0,
2018-09-01 12:06,,0.000263574,1.86E-09,12:06,5,180901,0,
2018-09-01 12:07,,0.000263574,1.86E-09,12:07,5,180901,0,
2018-09-01 12:08,,0.000263574,1.86E-09,12:08,5,180901,0,
2018-09-01 12:09,,0.000263574,1.86E-09,12:09,5,180901,0,
2018-09-01 12:10,,0.000263574,1.86E-09,12:10,5,180901,0,
2018-09-01 12:11,,0.000263574,1.86E-09,12:11,5,180901,0,
2018-09-01 12:12,,0.000263574,1.86E-09,12:12,5,180901,0,
2018-09-01 12:13,,0.000263574,1.86E-09,12:13,5,180901,0,
2018-09-01 12:14,,0.000263574,1.86E-09,12:14,5,180901,0,
2018-09-01 12:15,,0.000263574,1.86E-09,12:15,5,180901,0,
2018-09-01 12:16,,0.000263574,1.86E-09,12:16,5,180901,0,
2018-09-01 12:17,,0.000263574,1.86E-09,12:17,5,180901,0,
2018-09-01 12:18,,0.000263574,1.86E-09,12:18,5,180901,0,
2018-09-01 12:19,,0.000263574,1.86E-09,12:19,5,180901,0,
2018-09-01 12:20,,0.000263574,1.86E-09,12:20,5,180901,0,
2018-09-01 12:21,,0.000263574,1.86E-09,12:21,5,180901,0,
2018-09-01 12:22,,0.000263574,1.86E-09,12:22,5,180901,0,
2018-09-01 12:23,,0.000263574,1.86E-09,12:23,5,180901,0,
2018-09-01 12:24,,0.000263574,1.86E-09,12:24,5,180901,0,
2018-09-01 12:25,,0.000263574,1.86E-09,12:25,5,180901,0,
2018-09-01 12:26,,0.000263574,1.86E-09,12:26,5,180901,0,
2018-09-01 12:27,,0.000263574,1.86E-09,12:27,5,180901,0,
2018-09-01 12:28,,0.000263574,1.86E-09,12:28,5,180901,0,
2018-09-01 12:29,,0.000263574,1.86E-09,12:29,5,180901,0,
2018-09-01 12:30,,0.000263574,1.86E-09,12:30,5,180901,0,
2018-09-01 12:31,,0.000263574,1.86E-09,12:31,5,180901,0,
2018-09-01 12:32,,0.000263574,1.86E-09,12:32,5,180901,0,
2018-09-01 12:33,,0.000263574,1.86E-09,12:33,5,180901,0,
2018-09-01 12:34,,0.000263574,1.86E-09,12:34,5,180901,0,
2018-09-01 12:35,,0.000263574,1.86E-09,12:35,5,180901,0,
2018-09-01 12:36,,0.000263574,1.86E-09,12:36,5,180901,0,
2018-09-01 12:37,,0.000263574,1.86E-09,12:37,5,180901,0,
2018-09-01 12:38,,0.000263574,1.86E-09,12:38,5,180901,0,
2018-09-01 12:39,,0.000263574,1.86E-09,12:39,5,180901,0,
2018-09-01 12:40,,0.000263574,1.86E-09,12:40,5,180901,0,
2018-09-01 12:41,,0.000263574,1.86E-09,12:41,5,180901,0,
2018-09-01 12:42,,0.000263574,1.86E-09,12:42,5,180901,0,
2018-09-01 12:43,,0.000263574,1.86E-09,12:43,5,180901,0,
2018-09-01 12:44,,0.000263574,1.86E-09,12:44,5,180901,0,
2018-09-01 12:45,,0.000263574,1.86E-09,12:45,5,180901,0,
2018-09-01 12:46,,0.000263574,1.86E-09,12:46,5,180901,0,
2018-09-01 12:47,,0.000263574,1.86E-09,12:47,5,180901,0,
2018-09-01 12:48,,0.000263574,1.86E-09,12:48,5,180901,0,
2018-09-01 12:49,,0.000263574,1.86E-09,12:49,5,180901,0,
2018-09-01 12:50,,0.000263574,1.86E-09,12:50,5,180901,0,
2018-09-01 12:51,,0.000263574,1.86E-09,12:51,5,180901,0,
2018-09-01 12:52,,0.000263574,1.86E-09,12:52,5,180901,0,
2018-09-01 12:53,,0.000263574,1.86E-09,12:53,5,180901,0,
2018-09-01 12:54,,0.000263574,1.86E-09,12:54,5,180901,0,
2018-09-01 12:55,,0.000263574,1.86E-09,12:55,5,180901,0,
2018-09-01 12:56,,0.000263574,1.86E-09,12:56,5,180901,0,
2018-09-01 12:57,,0.000263574,1.86E-09,12:57,5,180901,0,
2018-09-01 12:58,,0.000263574,1.86E-09,12:58,5,180901,0,
2018-09-01 12:59,,0.000263574,1.86E-09,12:59,5,180901,0,
2018-09-01 13:00,,0.000263574,1.86E-09,13:00,5,180901,0,
2018-09-01 13:02,,0.000263574,1.86E-09,13:02,5,180901,0,
2018-09-01 13:03,,0.000263574,1.86E-09,13:03,5,180901,0,
2018-09-01 13:04,,0.000263574,1.86E-09,13:04,5,180901,0,
2018-09-01 13:05,,0.000263574,1.86E-09,13:05,5,180901,0,
2018-09-01 13:06,,0.000263574,1.86E-09,13:06,5,180901,0,
2018-09-01 13:07,,0.000263574,1.86E-09,13:07,5,180901,0,
2018-09-01 13:08,,0.000263574,1.86E-09,13:08,5,180901,0,
2018-09-01 13:09,,0.000263574,1.86E-09,13:09,5,180901,0,
2018-09-01 13:10,,0.000263574,1.86E-09,13:10,5,180901,0,
2018-09-01 13:11,,0.000263574,1.86E-09,13:11,5,180901,0,
2018-09-01 13:12,,0.000263574,1.86E-09,13:12,5,180901,0,
2018-09-01 13:13,,0.000263574,1.86E-09,13:13,5,180901,0,
2018-09-01 13:14,,0.000263574,1.86E-09,13:14,5,180901,0,
2018-09-01 13:15,,0.000263574,1.86E-09,13:15,5,180901,0,
2018-09-01 13:16,,0.000263574,1.86E-09,13:16,5,180901,0,
2018-09-01 13:17,,0.000263574,1.86E-09,13:17,5,180901,0,
2018-09-01 13:18,,0.000263574,1.86E-09,13:18,5,180901,0,
2018-09-01 13:19,,0.000263574,1.86E-09,13:19,5,180901,0,
2018-09-01 13:20,,0.000263574,1.86E-09,13:20,5,180901,0,
2018-09-01 13:21,,0.000263574,1.86E-09,13:21,5,180901,0,
2018-09-01 13:22,,0.000263574,1.86E-09,13:22,5,180901,0,
2018-09-01 13:23,,0.000263574,1.86E-09,13:23,5,180901,0,
2018-09-01 13:24,,0.000263574,1.86E-09,13:24,5,180901,0,
2018-09-01 13:25,,0.000263574,1.86E-09,13:25,5,180901,0,
2018-09-01 13:26,,0.000263574,1.86E-09,13:26,5,180901,0,
2018-09-01 13:27,,0.000263574,1.86E-09,13:27,5,180901,0,
2018-09-01 13:28,,0.000263574,1.86E-09,13:28,5,180901,0,
2018-09-01 13:29,,0.000263574,1.86E-09,13:29,5,180901,0,
2018-09-01 13:30,,0.000263574,1.86E-09,13:30,5,180901,0,
2018-09-01 13:31,,0.000263574,1.86E-09,13:31,5,180901,0,
2018-09-01 13:32,,0.000263574,1.86E-09,13:32,5,180901,0,
2018-09-01 13:33,,0.000263574,1.86E-09,13:33,5,180901,0,
2018-09-01 13:34,,0.000263574,1.86E-09,13:34,5,180901,0,
2018-09-01 13:35,,0.000263574,1.86E-09,13:35,5,180901,0,
2018-09-01 13:36,,0.000263574,1.86E-09,13:36,5,180901,0,
2018-09-01 13:37,,0.000263574,1.86E-09,13:37,5,180901,0,
2018-09-01 13:38,,0.000263574,1.86E-09,13:38,5,180901,0,
2018-09-01 13:39,,0.000263574,1.86E-09,13:39,5,180901,0,
2018-09-01 13:40,,0.000263574,1.86E-09,13:40,5,180901,0,
2018-09-01 13:41,,0.000263574,1.86E-09,13:41,5,180901,0,
2018-09-01 13:42,,0.000263574,1.86E-09,13:42,5,180901,0,
2018-09-01 13:43,,0.000263574,1.86E-09,13:43,5,180901,0,
2018-09-01 13:44,,0.000263574,1.86E-09,13:44,5,180901,0,
2018-09-01 13:45,,0.000263574,1.86E-09,13:45,5,180901,0,
2018-09-01 13:46,,0.000263574,1.86E-09,13:46,5,180901,0,
2018-09-01 13:47,,0.000263574,1.86E-09,13:47,5,180901,0,
2018-09-01 13:48,,0.000263574,1.86E-09,13:48,5,180901,0,
2018-09-01 13:49,,0.000263574,1.86E-09,13:49,5,180901,0,
2018-09-01 13:50,,0.000263574,1.86E-09,13:50,5,180901,0,
2018-09-01 13:51,,0.000263574,1.86E-09,13:51,5,180901,0,
2018-09-01 13:52,,0.000263574,1.86E-09,13:52,5,180901,0,
2018-09-01 13:53,,0.000263574,1.86E-09,13:53,5,180901,0,
2018-09-01 13:54,,0.000263574,1.86E-09,13:54,5,180901,0,
2018-09-01 13:55,,0.000263574,1.86E-09,13:55,5,180901,0,
2018-09-01 13:56,,0.000263574,1.86E-09,13:56,5,180901,0,
2018-09-01 13:57,,0.000263574,1.86E-09,13:57,5,180901,0,
2018-09-01 13:58,,0.000263574,1.86E-09,13:58,5,180901,0,
2018-09-01 13:59,,0.000263574,1.86E-09,13:59,5,180901,0,
2018-09-01 14:00,,0.000263574,1.86E-09,14:00,5,180901,0,
2018-09-01 14:02,,0.000263574,1.86E-09,14:02,5,180901,0,
2018-09-01 14:03,,0.000263574,1.86E-09,14:03,5,180901,0,
2018-09-01 14:04,,0.000263574,1.86E-09,14:04,5,180901,0,
2018-09-01 14:05,,0.000263574,1.86E-09,14:05,5,180901,0,
2018-09-01 14:06,,0.000263574,1.86E-09,14:06,5,180901,0,
2018-09-01 14:07,,0.000263574,1.86E-09,14:07,5,180901,0,
2018-09-01 14:08,,0.000263574,1.86E-09,14:08,5,180901,0,
2018-09-01 14:09,,0.000263574,1.86E-09,14:09,5,180901,0,
2018-09-01 14:10,,0.000263574,1.86E-09,14:10,5,180901,0,
2018-09-01 14:11,,0.000263574,1.86E-09,14:11,5,180901,0,
2018-09-01 14:12,,0.000263574,1.86E-09,14:12,5,180901,0,
2018-09-01 14:13,,0.000263574,1.86E-09,14:13,5,180901,0,
2018-09-01 14:14,,0.000263574,1.86E-09,14:14,5,180901,0,
2018-09-01 14:15,,0.000263574,1.86E-09,14:15,5,180901,0,
2018-09-01 14:16,,0.000263574,1.86E-09,14:16,5,180901,0,
2018-09-01 14:17,,0.000263574,1.86E-09,14:17,5,180901,0,
2018-09-01 14:18,,0.000263574,1.86E-09,14:18,5,180901,0,
2018-09-01 14:19,,0.000263574,1.86E-09,14:19,5,180901,0,
2018-09-01 14:20,,0.000263574,1.86E-09,14:20,5,180901,0,
2018-09-01 14:21,,0.000263574,1.86E-09,14:21,5,180901,0,
2018-09-01 14:22,,0.000263574,1.86E-09,14:22,5,180901,0,
2018-09-01 14:23,,0.000263574,1.86E-09,14:23,5,180901,0,
2018-09-01 14:24,,0.000263574,1.86E-09,14:24,5,180901,0,
2018-09-01 14:25,,0.000263574,1.86E-09,14:25,5,180901,0,
2018-09-01 14:26,,0.000263574,1.86E-09,14:26,5,180901,0,
2018-09-01 14:27,,0.000263574,1.86E-09,14:27,5,180901,0,
2018-09-01 14:28,,0.000263574,1.86E-09,14:28,5,180901,0,
2018-09-01 14:29,,0.000263574,1.86E-09,14:29,5,180901,0,
2018-09-01 14:30,,0.000263574,1.86E-09,14:30,5,180901,0,
2018-09-01 14:31,,0.000263574,1.86E-09,14:31,5,180901,0,
2018-09-01 14:32,,0.000263574,1.86E-09,14:32,5,180901,0,
2018-09-01 14:33,,0.000263574,1.86E-09,14:33,5,180901,0,
2018-09-01 14:34,,0.000263574,1.86E-09,14:34,5,180901,0,
2018-09-01 14:35,,0.000263574,1.86E-09,14:35,5,180901,0,
2018-09-01 14:36,,0.000263574,1.86E-09,14:36,5,180901,0,
2018-09-01 14:37,,0.000263574,1.86E-09,14:37,5,180901,0,
2018-09-01 14:38,,0.000263574,1.86E-09,14:38,5,180901,0,
2018-09-01 14:39,,0.000263574,1.86E-09,14:39,5,180901,0,
2018-09-01 14:40,,0.000263574,1.86E-09,14:40,5,180901,0,
2018-09-01 14:41,,0.000263574,1.86E-09,14:41,5,180901,0,
2018-09-01 14:42,,0.000263574,1.86E-09,14:42,5,180901,0,
2018-09-01 14:43,,0.000263574,1.86E-09,14:43,5,180901,0,
2018-09-01 14:44,,0.000263574,1.86E-09,14:44,5,180901,0,
2018-09-01 14:45,,0.000263574,1.86E-09,14:45,5,180901,0,
2018-09-01 14:46,,0.000263574,1.86E-09,14:46,5,180901,0,
2018-09-01 14:47,,0.000263574,1.86E-09,14:47,5,180901,0,
2018-09-01 14:48,,0.000263574,1.86E-09,14:48,5,180901,0,
2018-09-01 14:49,,0.000263574,1.86E-09,14:49,5,180901,0,
2018-09-01 14:50,,0.000263574,1.86E-09,14:50,5,180901,0,
2018-09-01 14:51,,0.000263574,1.86E-09,14:51,5,180901,0,
2018-09-01 14:52,,0.000263574,1.86E-09,14:52,5,180901,0,
2018-09-01 14:53,,0.000263574,1.86E-09,14:53,5,180901,0,
2018-09-01 14:54,,0.000263574,1.86E-09,14:54,5,180901,0,
2018-09-01 14:55,,0.000263574,1.86E-09,14:55,5,180901,0,
2018-09-01 14:56,,0.000263574,1.86E-09,14:56,5,180901,0,
2018-09-01 14:57,,0.000263574,1.86E-09,14:57,5,180901,0,
2018-09-01 14:58,,0.000263574,1.86E-09,14:58,5,180901,0,
2018-09-01 14:59,,0.000263574,1.86E-09,14:59,5,180901,0,
2018-09-01 15:00,,0.000263574,1.86E-09,15:00,5,180901,0,
2018-09-01 15:01,,0.000263574,1.86E-09,15:01,5,180901,0,
2018-09-01 15:03,,0.000263574,1.86E-09,15:03,5,180901,0,
2018-09-01 15:04,,0.000263574,1.86E-09,15:04,5,180901,0,
2018-09-01 15:05,,0.000263574,1.86E-09,15:05,5,180901,0,
2018-09-01 15:06,,0.000263574,1.86E-09,15:06,5,180901,0,
2018-09-01 15:07,,0.000263574,1.86E-09,15:07,5,180901,0,
2018-09-01 15:08,,0.000263574,1.86E-09,15:08,5,180901,0,
2018-09-01 15:09,,0.000263574,1.86E-09,15:09,5,180901,0,
2018-09-01 15:10,,0.000263574,1.86E-09,15:10,5,180901,0,
2018-09-01 15:11,,0.000263574,1.86E-09,15:11,5,180901,0,
2018-09-01 15:12,,0.000263574,1.86E-09,15:12,5,180901,0,
2018-09-01 15:13,,0.000263574,1.86E-09,15:13,5,180901,0,
2018-09-01 15:14,,0.000263574,1.86E-09,15:14,5,180901,0,
2018-09-01 15:15,,0.000263574,1.86E-09,15:15,5,180901,0,
2018-09-01 15:16,,0.000263574,1.86E-09,15:16,5,180901,0,
2018-09-01 15:17,,0.000263574,1.86E-09,15:17,5,180901,0,
2018-09-01 15:18,,0.000263574,1.86E-09,15:18,5,180901,0,
2018-09-01 15:19,,0.000263574,1.86E-09,15:19,5,180901,0,
2018-09-01 15:20,,0.000263574,1.86E-09,15:20,5,180901,0,
2018-09-01 15:21,,0.000263574,1.86E-09,15:21,5,180901,0,
2018-09-01 15:22,,0.000263574,1.86E-09,15:22,5,180901,0,
2018-09-01 15:23,,0.000263574,1.86E-09,15:23,5,180901,0,
2018-09-01 15:24,,0.000263574,1.86E-09,15:24,5,180901,0,
2018-09-01 15:25,,0.000263574,1.86E-09,15:25,5,180901,0,
2018-09-01 15:26,,0.000263574,1.86E-09,15:26,5,180901,0,
2018-09-01 15:27,,0.000263574,1.86E-09,15:27,5,180901,0,
2018-09-01 15:28,,0.000263574,1.86E-09,15:28,5,180901,0,
2018-09-01 15:29,,0.000263574,1.86E-09,15:29,5,180901,0,
2018-09-01 15:30,,0.000263574,1.86E-09,15:30,5,180901,0,
2018-09-01 15:31,,0.000263574,1.86E-09,15:31,5,180901,0,
2018-09-01 15:32,,0.000263574,1.86E-09,15:32,5,180901,0,
2018-09-01 15:33,,0.000263574,1.86E-09,15:33,5,180901,0,
2018-09-01 15:34,,0.000263574,1.86E-09,15:34,5,180901,0,
2018-09-01 15:35,,0.000263574,1.86E-09,15:35,5,180901,0,
2018-09-01 15:36,,0.000263574,1.86E-09,15:36,5,180901,0,
2018-09-01 15:37,,0.000263574,1.86E-09,15:37,5,180901,0,
2018-09-01 15:38,,0.000263574,1.86E-09,15:38,5,180901,0,
2018-09-01 15:39,,0.000263574,1.86E-09,15:39,5,180901,0,
2018-09-01 15:40,,0.000263574,1.86E-09,15:40,5,180901,0,
2018-09-01 15:41,,0.000263574,1.86E-09,15:41,5,180901,0,
2018-09-01 15:42,,0.000263574,1.86E-09,15:42,5,180901,0,
2018-09-01 15:43,,0.000263574,1.86E-09,15:43,5,180901,0,
2018-09-01 15:44,,0.000263574,1.86E-09,15:44,5,180901,0,
2018-09-01 15:45,,0.000263574,1.86E-09,15:45,5,180901,0,
2018-09-01 15:46,,0.000263574,1.86E-09,15:46,5,180901,0,
2018-09-01 15:47,,0.000263574,1.86E-09,15:47,5,180901,0,
2018-09-01 15:48,,0.000263574,1.86E-09,15:48,5,180901,0,
2018-09-01 15:49,,0.000263574,1.86E-09,15:49,5,180901,0,
2018-09-01 15:50,,0.000263574,1.86E-09,15:50,5,180901,0,
2018-09-01 15:52,,0.000263574,1.86E-09,15:52,5,180901,0,
2018-09-01 15:53,,0.000263574,1.86E-09,15:53,5,180901,0,
2018-09-01 15:54,,0.000263574,1.86E-09,15:54,5,180901,0,
2018-09-01 15:55,,0.000263574,1.86E-09,15:55,5,180901,0,
2018-09-01 15:56,,0.000263574,1.86E-09,15:56,5,180901,0,
2018-09-01 15:57,,0.000263574,1.86E-09,15:57,5,180901,0,
2018-09-01 15:58,,0.000263574,1.86E-09,15:58,5,180901,0,
2018-09-01 15:59,,0.000263574,1.86E-09,15:59,5,180901,0,
2018-09-01 16:00,,0.000263574,1.86E-09,16:00,5,180901,0,
2018-09-01 16:03,,0.000263574,1.86E-09,16:03,5,180901,0,
2018-09-01 16:04,,0.000263574,1.86E-09,16:04,5,180901,0,
2018-09-01 16:05,,0.000263574,1.86E-09,16:05,5,180901,0,
2018-09-01 16:06,,0.000263574,1.86E-09,16:06,5,180901,0,
2018-09-01 16:07,,0.000263574,1.86E-09,16:07,5,180901,0,
2018-09-01 16:08,,0.000263574,1.86E-09,16:08,5,180901,0,
2018-09-01 16:09,,0.000263574,1.86E-09,16:09,5,180901,0,
2018-09-01 16:10,,0.000263574,1.86E-09,16:10,5,180901,0,
2018-09-01 16:11,,0.000263574,1.86E-09,16:11,5,180901,0,
2018-09-01 16:12,,0.000263574,1.86E-09,16:12,5,180901,0,
2018-09-01 16:13,,0.000263574,1.86E-09,16:13,5,180901,0,
2018-09-01 16:14,,0.000263574,1.86E-09,16:14,5,180901,0,
2018-09-01 16:15,,0.000263574,1.86E-09,16:15,5,180901,0,
2018-09-01 16:16,,0.000263574,1.86E-09,16:16,5,180901,0,
2018-09-01 16:17,,0.000263574,1.86E-09,16:17,5,180901,0,
2018-09-01 16:18,,0.000263574,1.86E-09,16:18,5,180901,0,
2018-09-01 16:19,,0.000263574,1.86E-09,16:19,5,180901,0,
2018-09-01 16:20,,0.000263574,1.86E-09,16:20,5,180901,0,
2018-09-01 16:21,,0.000263574,1.86E-09,16:21,5,180901,0,
2018-09-01 16:22,,0.000263574,1.86E-09,16:22,5,180901,0,
2018-09-01 16:23,,0.000263574,1.86E-09,16:23,5,180901,0,
2018-09-01 16:24,,0.000263574,1.86E-09,16:24,5,180901,0,
2018-09-01 16:25,,0.000263574,1.86E-09,16:25,5,180901,0,
2018-09-01 16:26,,0.000263574,1.86E-09,16:26,5,180901,0,
2018-09-01 16:27,,0.000263574,1.86E-09,16:27,5,180901,0,
2018-09-01 16:28,,0.000263574,1.86E-09,16:28,5,180901,0,
2018-09-01 16:29,,0.000263574,1.86E-09,16:29,5,180901,0,
2018-09-01 16:30,,0.000263574,1.86E-09,16:30,5,180901,0,
2018-09-01 16:31,,0.000263574,1.86E-09,16:31,5,180901,0,
2018-09-01 16:32,,0.000263574,1.86E-09,16:32,5,180901,0,
2018-09-01 16:33,,0.000263574,1.86E-09,16:33,5,180901,0,
2018-09-01 16:34,,0.000263574,1.86E-09,16:34,5,180901,0,
2018-09-01 16:35,,0.000263574,1.86E-09,16:35,5,180901,0,
2018-09-01 16:36,,0.000263574,1.86E-09,16:36,5,180901,0,
2018-09-01 16:37,,0.000263574,1.86E-09,16:37,5,180901,0,
2018-09-01 16:38,,0.000263574,1.86E-09,16:38,5,180901,0,
2018-09-01 16:39,,0.000263574,1.86E-09,16:39,5,180901,0,
2018-09-01 16:40,,0.000263574,1.86E-09,16:40,5,180901,0,
2018-09-01 16:41,,0.000263574,1.86E-09,16:41,5,180901,0,
2018-09-01 16:42,,0.000263574,1.86E-09,16:42,5,180901,0,
2018-09-01 16:43,,0.000263574,1.86E-09,16:43,5,180901,0,
2018-09-01 16:44,,0.000263574,1.86E-09,16:44,5,180901,0,
2018-09-01 16:45,,0.000263574,1.86E-09,16:45,5,180901,0,
2018-09-01 16:46,,0.000263574,1.86E-09,16:46,5,180901,0,
2018-09-01 16:47,,0.000263574,1.86E-09,16:47,5,180901,0,
2018-09-01 16:48,,0.000263574,1.86E-09,16:48,5,180901,0,
2018-09-01 16:49,,0.000263574,1.86E-09,16:49,5,180901,0,
2018-09-01 16:50,,0.000263574,1.86E-09,16:50,5,180901,0,
2018-09-01 16:51,,0.000263574,1.86E-09,16:51,5,180901,0,
2018-09-01 16:52,,0.000263574,1.86E-09,16:52,5,180901,0,
2018-09-01 16:53,,0.000263574,1.86E-09,16:53,5,180901,0,
2018-09-01 16:54,,0.000263574,1.86E-09,16:54,5,180901,0,
2018-09-01 16:55,,0.000263574,1.86E-09,16:55,5,180901,0,
2018-09-01 16:56,,0.000263574,1.86E-09,16:56,5,180901,0,
2018-09-01 16:57,,0.000263574,1.86E-09,16:57,5,180901,0,
2018-09-01 16:58,,0.000263574,1.86E-09,16:58,5,180901,0,
2018-09-01 16:59,,0.000263574,1.86E-09,16:59,5,180901,0,
2018-09-01 17:00,,0.000263574,1.86E-09,17:00,5,180901,0,
2018-09-01 17:01,,0.000263574,1.86E-09,17:01,5,180901,0,
2018-09-01 17:03,,0.000263574,1.86E-09,17:03,5,180901,0,
2018-09-01 17:04,,0.000263574,1.86E-09,17:04,5,180901,0,
2018-09-01 17:05,,0.000263574,1.86E-09,17:05,5,180901,0,
2018-09-01 17:06,,0.000263574,1.86E-09,17:06,5,180901,0,
2018-09-01 17:07,,0.000263574,1.86E-09,17:07,5,180901,0,
2018-09-01 17:08,,0.000263574,1.86E-09,17:08,5,180901,0,
2018-09-01 17:09,,0.000263574,1.86E-09,17:09,5,180901,0,
2018-09-01 17:10,,0.000263574,1.86E-09,17:10,5,180901,0,
2018-09-01 17:11,,0.000263574,1.86E-09,17:11,5,180901,0,
2018-09-01 17:12,,0.000263574,1.86E-09,17:12,5,180901,0,
2018-09-01 17:13,,0.000263574,1.86E-09,17:13,5,180901,0,
2018-09-01 17:14,,0.000263574,1.86E-09,17:14,5,180901,0,
2018-09-01 17:15,,0.000263574,1.86E-09,17:15,5,180901,0,
2018-09-01 17:16,,0.000263574,1.86E-09,17:16,5,180901,0,
2018-09-01 17:17,,0.000263574,1.86E-09,17:17,5,180901,0,
2018-09-01 17:18,,0.000263574,1.86E-09,17:18,5,180901,0,
2018-09-01 17:19,,0.000263574,1.86E-09,17:19,5,180901,0,
2018-09-01 17:20,,0.000263574,1.86E-09,17:20,5,180901,0,
2018-09-01 17:21,,0.000263574,1.86E-09,17:21,5,180901,0,
2018-09-01 17:22,,0.000263574,1.86E-09,17:22,5,180901,0,
2018-09-01 17:23,,0.000263574,1.86E-09,17:23,5,180901,0,
2018-09-01 17:24,,0.000263574,1.86E-09,17:24,5,180901,0,
2018-09-01 17:25,,0.000263574,1.86E-09,17:25,5,180901,0,
2018-09-01 17:26,,0.000263574,1.86E-09,17:26,5,180901,0,
2018-09-01 17:27,,0.000263574,1.86E-09,17:27,5,180901,0,
2018-09-01 17:28,,0.000263574,1.86E-09,17:28,5,180901,0,
2018-09-01 17:29,,0.000263574,1.86E-09,17:29,5,180901,0,
2018-09-01 17:30,,0.000263574,1.86E-09,17:30,5,180901,0,
2018-09-01 17:31,,0.000263574,1.86E-09,17:31,5,180901,0,
2018-09-01 17:32,,0.000263574,1.86E-09,17:32,5,180901,0,
2018-09-01 17:33,,0.000263574,1.86E-09,17:33,5,180901,0,
2018-09-01 17:34,,0.000263574,1.86E-09,17:34,5,180901,0,
2018-09-01 17:35,,0.000263574,1.86E-09,17:35,5,180901,0,
2018-09-01 17:36,,0.000263574,1.86E-09,17:36,5,180901,0,
2018-09-01 17:37,,0.000263574,1.86E-09,17:37,5,180901,0,
2018-09-01 17:38,,0.000263574,1.86E-09,17:38,5,180901,0,
2018-09-01 17:39,,0.000263574,1.86E-09,17:39,5,180901,0,
2018-09-01 17:40,,0.000263574,1.86E-09,17:40,5,180901,0,
2018-09-01 17:41,,0.000263574,1.86E-09,17:41,5,180901,0,
2018-09-01 17:42,,0.000263574,1.86E-09,17:42,5,180901,0,
2018-09-01 17:43,,0.000263574,1.86E-09,17:43,5,180901,0,
2018-09-01 17:44,,0.000263574,1.86E-09,17:44,5,180901,0,
2018-09-01 17:45,,0.000263574,1.86E-09,17:45,5,180901,0,
2018-09-01 17:46,,0.000263574,1.86E-09,17:46,5,180901,0,
2018-09-01 17:47,,0.000263574,1.86E-09,17:47,5,180901,0,
2018-09-01 17:48,,0.000263574,1.86E-09,17:48,5,180901,0,
2018-09-01 17:49,,0.000263574,1.86E-09,17:49,5,180901,0,
2018-09-01 17:50,,0.000263574,1.86E-09,17:50,5,180901,0,
2018-09-01 17:51,,0.000263574,1.86E-09,17:51,5,180901,0,
2018-09-01 17:52,,0.000263574,1.86E-09,17:52,5,180901,0,
2018-09-01 17:53,,0.000263574,1.86E-09,17:53,5,180901,0,
2018-09-01 17:54,,0.000263574,1.86E-09,17:54,5,180901,0,
2018-09-01 17:55,,0.000263574,1.86E-09,17:55,5,180901,0,
2018-09-01 17:56,,0.000263574,1.86E-09,17:56,5,180901,0,
2018-09-01 17:57,,0.000263574,1.86E-09,17:57,5,180901,0,
2018-09-01 17:58,,0.000263574,1.86E-09,17:58,5,180901,0,
2018-09-01 17:59,,0.000263574,1.86E-09,17:59,5,180901,0,
2018-09-01 18:00,,0.000263574,1.86E-09,18:00,5,180901,0,
2018-09-01 18:01,,0.000263574,1.86E-09,18:01,5,180901,0,
2018-09-01 18:03,,0.000263574,1.86E-09,18:03,5,180901,0,
2018-09-01 18:04,,0.000263574,1.86E-09,18:04,5,180901,0,
2018-09-01 18:05,,0.000263574,1.86E-09,18:05,5,180901,0,
2018-09-01 18:06,,0.000263574,1.86E-09,18:06,5,180901,0,
2018-09-01 18:07,,0.000263574,1.86E-09,18:07,5,180901,0,
2018-09-01 18:08,,0.000263574,1.86E-09,18:08,5,180901,0,
2018-09-01 18:09,,0.000263574,1.86E-09,18:09,5,180901,0,
2018-09-01 18:10,,0.000263574,1.86E-09,18:10,5,180901,0,
2018-09-01 18:11,,0.000263574,1.86E-09,18:11,5,180901,0,
2018-09-01 18:12,,0.000263574,1.86E-09,18:12,5,180901,0,
2018-09-01 18:13,,0.000263574,1.86E-09,18:13,5,180901,0,
2018-09-01 18:14,,0.000263574,1.86E-09,18:14,5,180901,0,
2018-09-01 18:15,,0.000263574,1.86E-09,18:15,5,180901,0,
2018-09-01 18:16,,0.000263574,1.86E-09,18:16,5,180901,0,
2018-09-01 18:17,,0.000263574,1.86E-09,18:17,5,180901,0,
2018-09-01 18:18,,0.000263574,1.86E-09,18:18,5,180901,0,
2018-09-01 18:19,,0.000263574,1.86E-09,18:19,5,180901,0,
2018-09-01 18:20,,0.000263574,1.86E-09,18:20,5,180901,0,
2018-09-01 18:21,,0.000263574,1.86E-09,18:21,5,180901,0,
2018-09-01 18:22,,0.000263574,1.86E-09,18:22,5,180901,0,
2018-09-01 18:23,,0.000263574,1.86E-09,18:23,5,180901,0,
2018-09-01 18:24,,0.000263574,1.86E-09,18:24,5,180901,0,
2018-09-01 18:25,,0.000263574,1.86E-09,18:25,5,180901,0,
2018-09-01 18:26,,0.000263574,1.86E-09,18:26,5,180901,0,
2018-09-01 18:27,,0.000263574,1.86E-09,18:27,5,180901,0,
2018-09-01 18:28,,0.000263574,1.86E-09,18:28,5,180901,0,
2018-09-01 18:29,,0.000263574,1.86E-09,18:29,5,180901,0,
2018-09-01 18:30,,0.000263574,1.86E-09,18:30,5,180901,0,
2018-09-01 18:31,,0.000263574,1.86E-09,18:31,5,180901,0,
2018-09-01 18:32,,0.000263574,1.86E-09,18:32,5,180901,0,
2018-09-01 18:33,,0.000263574,1.86E-09,18:33,5,180901,0,
2018-09-01 18:34,,0.000263574,1.86E-09,18:34,5,180901,0,
2018-09-01 18:35,,0.000263574,1.86E-09,18:35,5,180901,0,
2018-09-01 18:36,,0.000263574,1.86E-09,18:36,5,180901,0,
2018-09-01 18:37,,0.000263574,1.86E-09,18:37,5,180901,0,
2018-09-01 18:38,,0.000263574,1.86E-09,18:38,5,180901,0,
2018-09-01 18:39,,0.000263574,1.86E-09,18:39,5,180901,0,
2018-09-01 18:40,,0.000263574,1.86E-09,18:40,5,180901,0,
2018-09-01 18:41,,0.000263574,1.86E-09,18:41,5,180901,0,
2018-09-01 18:42,,0.000263574,1.86E-09,18:42,5,180901,0,
2018-09-01 18:43,,0.000263574,1.86E-09,18:43,5,180901,0,
2018-09-01 18:44,,0.000263574,1.86E-09,18:44,5,180901,0,
2018-09-01 18:45,,0.000263574,1.86E-09,18:45,5,180901,0,
2018-09-01 18:46,,0.000263574,1.86E-09,18:46,5,180901,0,
2018-09-01 18:47,,0.000263574,1.86E-09,18:47,5,180901,0,
2018-09-01 18:48,,0.000263574,1.86E-09,18:48,5,180901,0,
2018-09-01 18:49,,0.000263574,1.86E-09,18:49,5,180901,0,
2018-09-01 18:50,,0.000263574,1.86E-09,18:50,5,180901,0,
2018-09-01 18:51,,0.000263574,1.86E-09,18:51,5,180901,0,
2018-09-01 18:52,,0.000263574,1.86E-09,18:52,5,180901,0,
2018-09-01 18:53,,0.000263574,1.86E-09,18:53,5,180901,0,
2018-09-01 18:54,,0.000263574,1.86E-09,18:54,5,180901,0,
2018-09-01 18:55,,0.000263574,1.86E-09,18:55,5,180901,0,
2018-09-01 18:56,,0.000263574,1.86E-09,18:56,5,180901,0,
2018-09-01 18:57,,0.000263574,1.86E-09,18:57,5,180901,0,
2018-09-01 18:58,,0.000263574,1.86E-09,18:58,5,180901,0,
2018-09-01 18:59,,0.000263574,1.86E-09,18:59,5,180901,0,
2018-09-01 19:00,,0.000263574,1.86E-09,19:00,5,180901,0,
2018-09-01 19:01,,0.000263574,1.86E-09,19:01,5,180901,0,
2018-09-01 19:03,,0.000263574,1.86E-09,19:03,5,180901,0,
2018-09-01 19:04,,0.000263574,1.86E-09,19:04,5,180901,0,
2018-09-01 19:05,,0.000263574,1.86E-09,19:05,5,180901,0,
2018-09-01 19:06,,0.000263574,1.86E-09,19:06,5,180901,0,
2018-09-01 19:07,,0.000263574,1.86E-09,19:07,5,180901,0,
2018-09-01 19:08,,0.000263574,1.86E-09,19:08,5,180901,0,
2018-09-01 19:09,,0.000263574,1.86E-09,19:09,5,180901,0,
2018-09-01 19:10,,0.000263574,1.86E-09,19:10,5,180901,0,
2018-09-01 19:11,,0.000263574,1.86E-09,19:11,5,180901,0,
2018-09-01 19:12,,0.000263574,1.86E-09,19:12,5,180901,0,
2018-09-01 19:13,,0.000263574,1.86E-09,19:13,5,180901,0,
2018-09-01 19:14,,0.000263574,1.86E-09,19:14,5,180901,0,
2018-09-01 19:15,,0.000263574,1.86E-09,19:15,5,180901,0,
2018-09-01 19:16,,0.000263574,1.86E-09,19:16,5,180901,0,
2018-09-01 19:17,,0.000263574,1.86E-09,19:17,5,180901,0,
2018-09-01 19:18,,0.000263574,1.86E-09,19:18,5,180901,0,
2018-09-01 19:19,,0.000263574,1.86E-09,19:19,5,180901,0,
2018-09-01 19:20,,0.000263574,1.86E-09,19:20,5,180901,0,
2018-09-01 19:21,,0.000263574,1.86E-09,19:21,5,180901,0,
2018-09-01 19:22,,0.000263574,1.86E-09,19:22,5,180901,0,
2018-09-01 19:23,,0.000263574,1.86E-09,19:23,5,180901,0,
2018-09-01 19:24,,0.000263574,1.86E-09,19:24,5,180901,0,
2018-09-01 19:25,,0.000263574,1.86E-09,19:25,5,180901,0,
2018-09-01 19:26,,0.000263574,1.86E-09,19:26,5,180901,0,
2018-09-01 19:27,,0.000263574,1.86E-09,19:27,5,180901,0,
2018-09-01 19:28,,0.000263574,1.86E-09,19:28,5,180901,0,
2018-09-01 19:29,,0.000263574,1.86E-09,19:29,5,180901,0,
2018-09-01 19:30,,0.000263574,1.86E-09,19:30,5,180901,0,
2018-09-01 19:31,,0.000263574,1.86E-09,19:31,5,180901,0,
2018-09-01 19:32,,0.000263574,1.86E-09,19:32,5,180901,0,
2018-09-01 19:33,,0.000263574,1.86E-09,19:33,5,180901,0,
2018-09-01 19:34,,0.000263574,1.86E-09,19:34,5,180901,0,
2018-09-01 19:35,,0.000263574,1.86E-09,19:35,5,180901,0,
2018-09-01 19:36,,0.000263574,1.86E-09,19:36,5,180901,0,
2018-09-01 19:37,,0.000263574,1.86E-09,19:37,5,180901,0,
2018-09-01 19:38,,0.000263574,1.86E-09,19:38,5,180901,0,
2018-09-01 19:39,,0.000263574,1.86E-09,19:39,5,180901,0,
2018-09-01 19:40,,0.000263574,1.86E-09,19:40,5,180901,0,
2018-09-01 19:41,,0.000263574,1.86E-09,19:41,5,180901,0,
2018-09-01 19:42,,0.000263574,1.86E-09,19:42,5,180901,0,
2018-09-01 19:43,,0.000263574,1.86E-09,19:43,5,180901,0,
2018-09-01 19:44,,0.000263574,1.86E-09,19:44,5,180901,0,
2018-09-01 19:45,,0.000263574,1.86E-09,19:45,5,180901,0,
2018-09-01 19:46,,0.000263574,1.86E-09,19:46,5,180901,0,
2018-09-01 19:47,,0.000263574,1.86E-09,19:47,5,180901,0,
2018-09-01 19:48,,0.000263574,1.86E-09,19:48,5,180901,0,
2018-09-01 19:49,,0.000263574,1.86E-09,19:49,5,180901,0,
2018-09-01 19:50,,0.000263574,1.86E-09,19:50,5,180901,0,
2018-09-01 19:51,,0.000263574,1.86E-09,19:51,5,180901,0,
2018-09-01 19:52,,0.000263574,1.86E-09,19:52,5,180901,0,
2018-09-01 19:53,,0.000263574,1.86E-09,19:53,5,180901,0,
2018-09-01 19:54,,0.000263574,1.86E-09,19:54,5,180901,0,
2018-09-01 19:55,,0.000263574,1.86E-09,19:55,5,180901,0,
2018-09-01 19:56,,0.000263574,1.86E-09,19:56,5,180901,0,
2018-09-01 19:57,,0.000263574,1.86E-09,19:57,5,180901,0,
2018-09-01 19:58,,0.000263574,1.86E-09,19:58,5,180901,0,
2018-09-01 19:59,,0.000263574,1.86E-09,19:59,5,180901,0,
2018-09-01 20:00,,0.000263574,1.86E-09,20:00,5,180901,0,
2018-09-01 20:01,,0.000263574,1.86E-09,20:01,5,180901,0,
2018-09-01 20:03,,0.000263574,1.86E-09,20:03,5,180901,0,
2018-09-01 20:04,,0.000263574,1.86E-09,20:04,5,180901,0,
2018-09-01 20:05,,0.000263574,1.86E-09,20:05,5,180901,0,
2018-09-01 20:06,,0.000263574,1.86E-09,20:06,5,180901,0,
2018-09-01 20:07,,0.000263574,1.86E-09,20:07,5,180901,0,
2018-09-01 20:08,,0.000263574,1.86E-09,20:08,5,180901,0,
2018-09-01 20:09,,0.000263574,1.86E-09,20:09,5,180901,0,
2018-09-01 20:10,,0.000263574,1.86E-09,20:10,5,180901,0,
2018-09-01 20:11,,0.000263574,1.86E-09,20:11,5,180901,0,
2018-09-01 20:12,,0.000263574,1.86E-09,20:12,5,180901,0,
2018-09-01 20:13,,0.000263574,1.86E-09,20:13,5,180901,0,
2018-09-01 20:14,,0.000263574,1.86E-09,20:14,5,180901,0,
2018-09-01 20:15,,0.000263574,1.86E-09,20:15,5,180901,0,
2018-09-01 20:16,,0.000263574,1.86E-09,20:16,5,180901,0,
2018-09-01 20:17,,0.000263574,1.86E-09,20:17,5,180901,0,
2018-09-01 20:18,,0.000263574,1.86E-09,20:18,5,180901,0,
2018-09-01 20:19,,0.000263574,1.86E-09,20:19,5,180901,0,
2018-09-01 20:20,,0.000263574,1.86E-09,20:20,5,180901,0,
2018-09-01 20:21,,0.000263574,1.86E-09,20:21,5,180901,0,
2018-09-01 20:22,,0.000263574,1.86E-09,20:22,5,180901,0,
2018-09-01 20:23,,0.000263574,1.86E-09,20:23,5,180901,0,
2018-09-01 20:24,,0.000263574,1.86E-09,20:24,5,180901,0,
2018-09-01 20:25,,0.000263574,1.86E-09,20:25,5,180901,0,
2018-09-01 20:26,,0.000263574,1.86E-09,20:26,5,180901,0,
2018-09-01 20:27,,0.000263574,1.86E-09,20:27,5,180901,0,
2018-09-01 20:28,,0.000263574,1.86E-09,20:28,5,180901,0,
2018-09-01 20:29,,0.000263574,1.86E-09,20:29,5,180901,0,
2018-09-01 20:30,,0.000263574,1.86E-09,20:30,5,180901,0,
2018-09-01 20:31,,0.000263574,1.86E-09,20:31,5,180901,0,
2018-09-01 20:32,,0.000263574,1.86E-09,20:32,5,180901,0,
2018-09-01 20:33,,0.000263574,1.86E-09,20:33,5,180901,0,
2018-09-01 20:34,,0.000263574,1.86E-09,20:34,5,180901,0,
2018-09-01 20:35,,0.000263574,1.86E-09,20:35,5,180901,0,
2018-09-01 20:36,,0.000263574,1.86E-09,20:36,5,180901,0,
2018-09-01 20:37,,0.000263574,1.86E-09,20:37,5,180901,0,
2018-09-01 20:38,,0.000263574,1.86E-09,20:38,5,180901,0,
2018-09-01 20:39,,0.000263574,1.86E-09,20:39,5,180901,0,
2018-09-01 20:40,,0.000263574,1.86E-09,20:40,5,180901,0,
2018-09-01 20:41,,0.000263574,1.86E-09,20:41,5,180901,0,
2018-09-01 20:42,,0.000263574,1.86E-09,20:42,5,180901,0,
2018-09-01 20:43,,0.000263574,1.86E-09,20:43,5,180901,0,
2018-09-01 20:44,,0.000263574,1.86E-09,20:44,5,180901,0,
2018-09-01 20:45,,0.000263574,1.86E-09,20:45,5,180901,0,
2018-09-01 20:46,,0.000263574,1.86E-09,20:46,5,180901,0,
2018-09-01 20:47,,0.000263574,1.86E-09,20:47,5,180901,0,
2018-09-01 20:48,,0.000263574,1.86E-09,20:48,5,180901,0,
2018-09-01 20:49,,0.000263574,1.86E-09,20:49,5,180901,0,
2018-09-01 20:50,,0.000263574,1.86E-09,20:50,5,180901,0,
2018-09-01 20:51,,0.000263574,1.86E-09,20:51,5,180901,0,
2018-09-01 20:52,,0.000263574,1.86E-09,20:52,5,180901,0,
2018-09-01 20:53,,0.000263574,1.86E-09,20:53,5,180901,0,
2018-09-01 20:54,,0.000263574,1.86E-09,20:54,5,180901,0,
2018-09-01 20:55,,0.000263574,1.86E-09,20:55,5,180901,0,
2018-09-01 20:56,,0.000263574,1.86E-09,20:56,5,180901,0,
2018-09-01 20:57,,0.000263574,1.86E-09,20:57,5,180901,0,
2018-09-01 20:58,,0.000263574,1.86E-09,20:58,5,180901,0,
2018-09-01 20:59,,0.000263574,1.86E-09,20:59,5,180901,0,
2018-09-01 21:00,,0.000263574,1.86E-09,21:00,5,180901,0,
2018-09-01 21:01,,0.000263574,1.86E-09,21:01,5,180901,0,
2018-09-01 21:03,,0.000263574,1.86E-09,21:03,5,180901,0,
2018-09-01 21:04,,0.000263574,1.86E-09,21:04,5,180901,0,
2018-09-01 21:05,,0.000263574,1.86E-09,21:05,5,180901,0,
2018-09-01 21:06,,0.000263574,1.86E-09,21:06,5,180901,0,
2018-09-01 21:07,,0.000263574,1.86E-09,21:07,5,180901,0,
2018-09-01 21:08,,0.000263574,1.86E-09,21:08,5,180901,0,
2018-09-01 21:09,,0.000263574,1.86E-09,21:09,5,180901,0,
2018-09-01 21:10,,0.000263574,1.86E-09,21:10,5,180901,0,
2018-09-01 21:11,,0.000263574,1.86E-09,21:11,5,180901,0,
2018-09-01 21:12,,0.000263574,1.86E-09,21:12,5,180901,0,
2018-09-01 21:13,,0.000263574,1.86E-09,21:13,5,180901,0,
2018-09-01 21:14,,0.000263574,1.86E-09,21:14,5,180901,0,
2018-09-01 21:15,,0.000263574,1.86E-09,21:15,5,180901,0,
2018-09-01 21:16,,0.000263574,1.86E-09,21:16,5,180901,0,
2018-09-01 21:17,,0.000263574,1.86E-09,21:17,5,180901,0,
2018-09-01 21:18,,0.000263574,1.86E-09,21:18,5,180901,0,
2018-09-01 21:19,,0.000263574,1.86E-09,21:19,5,180901,0,
2018-09-01 21:20,,0.000263574,1.86E-09,21:20,5,180901,0,
2018-09-01 21:21,,0.000263574,1.86E-09,21:21,5,180901,0,
2018-09-01 21:22,,0.000263574,1.86E-09,21:22,5,180901,0,
2018-09-01 21:23,,0.000263574,1.86E-09,21:23,5,180901,0,
2018-09-01 21:24,,0.000263574,1.86E-09,21:24,5,180901,0,
2018-09-01 21:25,,0.000263574,1.86E-09,21:25,5,180901,0,
2018-09-01 21:26,,0.000263574,1.86E-09,21:26,5,180901,0,
2018-09-01 21:27,,0.000263574,1.86E-09,21:27,5,180901,0,
2018-09-01 21:28,,0.000263574,1.86E-09,21:28,5,180901,0,
2018-09-01 21:29,,0.000263574,1.86E-09,21:29,5,180901,0,
2018-09-01 21:30,,0.000263574,1.86E-09,21:30,5,180901,0,
2018-09-01 21:31,,0.000263574,1.86E-09,21:31,5,180901,0,
2018-09-01 21:32,,0.000263574,1.86E-09,21:32,5,180901,0,
2018-09-01 21:33,,0.000263574,1.86E-09,21:33,5,180901,0,
2018-09-01 21:34,,0.000263574,1.86E-09,21:34,5,180901,0,
2018-09-01 21:35,,0.000263574,1.86E-09,21:35,5,180901,0,
2018-09-01 21:36,,0.000263574,1.86E-09,21:36,5,180901,0,
2018-09-01 21:37,,0.000263574,1.86E-09,21:37,5,180901,0,
2018-09-01 21:38,,0.000263574,1.86E-09,21:38,5,180901,0,
2018-09-01 21:39,,0.000263574,1.86E-09,21:39,5,180901,0,
2018-09-01 21:40,,0.000263574,1.86E-09,21:40,5,180901,0,
2018-09-01 21:41,,0.000263574,1.86E-09,21:41,5,180901,0,
2018-09-01 21:42,,0.000263574,1.86E-09,21:42,5,180901,0,
2018-09-01 21:43,,0.000263574,1.86E-09,21:43,5,180901,0,
2018-09-01 21:44,,0.000263574,1.86E-09,21:44,5,180901,0,
2018-09-01 21:45,,0.000263574,1.86E-09,21:45,5,180901,0,
2018-09-01 21:46,,0.000263574,1.86E-09,21:46,5,180901,0,
2018-09-01 21:47,,0.000263574,1.86E-09,21:47,5,180901,0,
2018-09-01 21:48,,0.000263574,1.86E-09,21:48,5,180901,0,
2018-09-01 21:49,,0.000263574,1.86E-09,21:49,5,180901,0,
2018-09-01 21:50,,0.000263574,1.86E-09,21:50,5,180901,0,
2018-09-01 21:51,,0.000263574,1.86E-09,21:51,5,180901,0,
2018-09-01 21:52,,0.000263574,1.86E-09,21:52,5,180901,0,
2018-09-01 21:53,,0.000263574,1.86E-09,21:53,5,180901,0,
2018-09-01 21:54,,0.000263574,1.86E-09,21:54,5,180901,0,
2018-09-01 21:55,,0.000263574,1.86E-09,21:55,5,180901,0,
2018-09-01 21:56,,0.000263574,1.86E-09,21:56,5,180901,0,
2018-09-01 21:57,,0.000263574,1.86E-09,21:57,5,180901,0,
2018-09-01 21:58,,0.000263574,1.86E-09,21:58,5,180901,0,
2018-09-01 21:59,,0.000263574,1.86E-09,21:59,5,180901,0,
2018-09-01 22:00,,0.000263574,1.86E-09,22:00,5,180901,0,
2018-09-01 22:01,,0.000263574,1.86E-09,22:01,5,180901,0,
2018-09-01 22:03,,0.000263574,1.86E-09,22:03,5,180901,0,
2018-09-01 22:04,,0.000263574,1.86E-09,22:04,5,180901,0,
2018-09-01 22:05,,0.000263574,1.86E-09,22:05,5,180901,0,
2018-09-01 22:06,,0.000263574,1.86E-09,22:06,5,180901,0,
2018-09-01 22:07,,0.000263574,1.86E-09,22:07,5,180901,0,
2018-09-01 22:08,,0.000263574,1.86E-09,22:08,5,180901,0,
2018-09-01 22:09,,0.000263574,1.86E-09,22:09,5,180901,0,
2018-09-01 22:10,,0.000263574,1.86E-09,22:10,5,180901,0,
2018-09-01 22:11,,0.000263574,1.86E-09,22:11,5,180901,0,
2018-09-01 22:12,,0.000263574,1.86E-09,22:12,5,180901,0,
2018-09-01 22:13,,0.000263574,1.86E-09,22:13,5,180901,0,
2018-09-01 22:14,,0.000263574,1.86E-09,22:14,5,180901,0,
2018-09-01 22:15,,0.000263574,1.86E-09,22:15,5,180901,0,
2018-09-01 22:16,,0.000263574,1.86E-09,22:16,5,180901,0,
2018-09-01 22:17,,0.000263574,1.86E-09,22:17,5,180901,0,
2018-09-01 22:18,,0.000263574,1.86E-09,22:18,5,180901,0,
2018-09-01 22:19,,0.000263574,1.86E-09,22:19,5,180901,0,
2018-09-01 22:20,,0.000263574,1.86E-09,22:20,5,180901,0,
2018-09-01 22:21,,0.000263574,1.86E-09,22:21,5,180901,0,
2018-09-01 22:22,,0.000263574,1.86E-09,22:22,5,180901,0,
2018-09-01 22:23,,0.000263574,1.86E-09,22:23,5,180901,0,
2018-09-01 22:24,,0.000263574,1.86E-09,22:24,5,180901,0,
2018-09-01 22:25,,0.000263574,1.86E-09,22:25,5,180901,0,
2018-09-01 22:26,,0.000263574,1.86E-09,22:26,5,180901,0,
2018-09-01 22:27,,0.000263574,1.86E-09,22:27,5,180901,0,
2018-09-01 22:28,,0.000263574,1.86E-09,22:28,5,180901,0,
2018-09-01 22:29,,0.000263574,1.86E-09,22:29,5,180901,0,
2018-09-01 22:30,,0.000263574,1.86E-09,22:30,5,180901,0,
2018-09-01 22:31,,0.000263574,1.86E-09,22:31,5,180901,0,
2018-09-01 22:32,,0.000263574,1.86E-09,22:32,5,180901,0,
2018-09-01 22:33,,0.000263574,1.86E-09,22:33,5,180901,0,
2018-09-01 22:34,,0.000263574,1.86E-09,22:34,5,180901,0,
2018-09-01 22:35,,0.000263574,1.86E-09,22:35,5,180901,0,
2018-09-01 22:36,,0.000263574,1.86E-09,22:36,5,180901,0,
2018-09-01 22:37,,0.000263574,1.86E-09,22:37,5,180901,0,
2018-09-01 22:38,,0.000263574,1.86E-09,22:38,5,180901,0,
2018-09-01 22:39,,0.000263574,1.86E-09,22:39,5,180901,0,
2018-09-01 22:40,,0.000263574,1.86E-09,22:40,5,180901,0,
2018-09-01 22:41,,0.000263574,1.86E-09,22:41,5,180901,0,
2018-09-01 22:42,,0.000263574,1.86E-09,22:42,5,180901,0,
2018-09-01 22:43,,0.000263574,1.86E-09,22:43,5,180901,0,
2018-09-01 22:44,,0.000263574,1.86E-09,22:44,5,180901,0,
2018-09-01 22:45,,0.000263574,1.86E-09,22:45,5,180901,0,
2018-09-01 22:46,,0.000263574,1.86E-09,22:46,5,180901,0,
2018-09-01 22:47,,0.000263574,1.86E-09,22:47,5,180901,0,
2018-09-01 22:48,,0.000263574,1.86E-09,22:48,5,180901,0,
2018-09-01 22:49,,0.000263574,1.86E-09,22:49,5,180901,0,
2018-09-01 22:50,,0.000263574,1.86E-09,22:50,5,180901,0,
2018-09-01 22:51,,0.000263574,1.86E-09,22:51,5,180901,0,
2018-09-01 22:52,,0.000263574,1.86E-09,22:52,5,180901,0,
2018-09-01 22:53,,0.000263574,1.86E-09,22:53,5,180901,0,
2018-09-01 22:54,,0.000263574,1.86E-09,22:54,5,180901,0,
2018-09-01 22:55,,0.000263574,1.86E-09,22:55,5,180901,0,
2018-09-01 22:56,,0.000263574,1.86E-09,22:56,5,180901,0,
2018-09-01 22:57,,0.000263574,1.86E-09,22:57,5,180901,0,
2018-09-01 22:58,,0.000263574,1.86E-09,22:58,5,180901,0,
2018-09-01 22:59,,0.000263574,1.86E-09,22:59,5,180901,0,
2018-09-01 23:00,,0.000263574,1.86E-09,23:00,5,180901,0,
2018-09-01 23:01,,0.000263574,1.86E-09,23:01,5,180901,0,
2018-09-01 23:02,,0.000263574,1.86E-09,23:02,5,180901,0,
2018-09-01 23:03,,0.000263574,1.86E-09,23:03,5,180901,0,
2018-09-01 23:04,,0.000263574,1.86E-09,23:04,5,180901,0,
2018-09-01 23:05,,0.000263574,1.86E-09,23:05,5,180901,0,
2018-09-01 23:06,,0.000263574,1.86E-09,23:06,5,180901,0,
2018-09-01 23:07,,0.000263574,1.86E-09,23:07,5,180901,0,
2018-09-01 23:08,,0.000263574,1.86E-09,23:08,5,180901,0,
2018-09-01 23:09,,0.000263574,1.86E-09,23:09,5,180901,0,
2018-09-01 23:10,,0.000263574,1.86E-09,23:10,5,180901,0,
2018-09-01 23:11,,0.000263574,1.86E-09,23:11,5,180901,0,
2018-09-01 23:12,,0.000263574,1.86E-09,23:12,5,180901,0,
2018-09-01 23:13,,0.000263574,1.86E-09,23:13,5,180901,0,
2018-09-01 23:14,,0.000263574,1.86E-09,23:14,5,180901,0,
2018-09-01 23:15,,0.000263574,1.86E-09,23:15,5,180901,0,
2018-09-01 23:16,,0.000263574,1.86E-09,23:16,5,180901,0,
2018-09-01 23:17,,0.000263574,1.86E-09,23:17,5,180901,0,
2018-09-01 23:18,,0.000263574,1.86E-09,23:18,5,180901,0,
2018-09-01 23:19,,0.000263574,1.86E-09,23:19,5,180901,0,
2018-09-01 23:20,,0.000263574,1.86E-09,23:20,5,180901,0,
2018-09-01 23:21,,0.000263574,1.86E-09,23:21,5,180901,0,
2018-09-01 23:22,,0.000263574,1.86E-09,23:22,5,180901,0,
2018-09-01 23:23,,0.000263574,1.86E-09,23:23,5,180901,0,
2018-09-01 23:24,,0.000263574,1.86E-09,23:24,5,180901,0,
2018-09-01 23:25,,0.000263574,1.86E-09,23:25,5,180901,0,
2018-09-01 23:26,,0.000263574,1.86E-09,23:26,5,180901,0,
2018-09-01 23:27,,0.000263574,1.86E-09,23:27,5,180901,0,
2018-09-01 23:28,,0.000263574,1.86E-09,23:28,5,180901,0,
2018-09-01 23:29,,0.000263574,1.86E-09,23:29,5,180901,0,
2018-09-01 23:30,,0.000263574,1.86E-09,23:30,5,180901,0,
2018-09-01 23:31,,0.000263574,1.86E-09,23:31,5,180901,0,
2018-09-01 23:32,,0.000263574,1.86E-09,23:32,5,180901,0,
2018-09-01 23:33,,0.000263574,1.86E-09,23:33,5,180901,0,
2018-09-01 23:34,,0.000263574,1.86E-09,23:34,5,180901,0,
2018-09-01 23:35,,0.000263574,1.86E-09,23:35,5,180901,0,
2018-09-01 23:36,,0.000263574,1.86E-09,23:36,5,180901,0,
2018-09-01 23:37,,0.000263574,1.86E-09,23:37,5,180901,0,
2018-09-01 23:38,,0.000263574,1.86E-09,23:38,5,180901,0,
2018-09-01 23:39,,0.000263574,1.86E-09,23:39,5,180901,0,
2018-09-01 23:40,,0.000263574,1.86E-09,23:40,5,180901,0,
2018-09-01 23:41,,0.000263574,1.86E-09,23:41,5,180901,0,
2018-09-01 23:42,,0.000263574,1.86E-09,23:42,5,180901,0,
2018-09-01 23:43,,0.000263574,1.86E-09,23:43,5,180901,0,
2018-09-01 23:44,,0.000263574,1.86E-09,23:44,5,180901,0,
2018-09-01 23:45,,0.000263574,1.86E-09,23:45,5,180901,0,
2018-09-01 23:46,,0.000263574,1.86E-09,23:46,5,180901,0,
2018-09-01 23:47,,0.000263574,1.86E-09,23:47,5,180901,0,
2018-09-01 23:48,,0.000263574,1.86E-09,23:48,5,180901,0,
2018-09-01 23:49,,0.000263574,1.86E-09,23:49,5,180901,0,
2018-09-01 23:50,,0.000263574,1.86E-09,23:50,5,180901,0,
2018-09-01 23:51,,0.000263574,1.86E-09,23:51,5,180901,0,
2018-09-01 23:52,,0.000263574,1.86E-09,23:52,5,180901,0,
2018-09-01 23:53,,0.000263574,1.86E-09,23:53,5,180901,0,
2018-09-01 23:54,,0.000263574,1.86E-09,23:54,5,180901,0,
2018-09-01 23:55,,0.000263574,1.86E-09,23:55,5,180901,0,
2018-09-01 23:56,,0.000263574,1.86E-09,23:56,5,180901,0,
2018-09-01 23:57,,0.000263574,1.86E-09,23:57,5,180901,0,
2018-09-01 23:58,,0.000263574,1.86E-09,23:58,5,180901,0,
2018-09-01 23:59,,0.000263574,1.86E-09,23:59,5,180901,0,
2018-09-02 0:00,,0.000263574,1.86E-09,0:00,6,180902,0,
2018-09-02 0:01,,0.000263574,1.86E-09,0:01,6,180902,0,
2018-09-02 0:03,,0.000263574,1.86E-09,0:03,6,180902,0,
2018-09-02 0:04,,0.000263574,1.86E-09,0:04,6,180902,0,
2018-09-02 0:05,,0.000263574,1.86E-09,0:05,6,180902,0,
2018-09-02 0:06,,0.000263574,1.86E-09,0:06,6,180902,0,
2018-09-02 0:07,,0.000263574,1.86E-09,0:07,6,180902,0,
2018-09-02 0:08,,0.000263574,1.86E-09,0:08,6,180902,0,
2018-09-02 0:09,,0.000263574,1.86E-09,0:09,6,180902,0,
2018-09-02 0:10,,0.000263574,1.86E-09,0:10,6,180902,0,
2018-09-02 0:11,,0.000263574,1.86E-09,0:11,6,180902,0,
2018-09-02 0:13,,0.000263574,1.86E-09,0:13,6,180902,0,
2018-09-02 0:14,,0.000263574,1.86E-09,0:14,6,180902,0,
2018-09-02 0:15,,0.000263574,1.86E-09,0:15,6,180902,0,
2018-09-02 0:16,,0.000263574,1.86E-09,0:16,6,180902,0,
2018-09-02 0:17,,0.000263574,1.86E-09,0:17,6,180902,0,
2018-09-02 0:18,,0.000263574,1.86E-09,0:18,6,180902,0,
2018-09-02 0:19,,0.000263574,1.86E-09,0:19,6,180902,0,
2018-09-02 0:20,,0.000263574,1.86E-09,0:20,6,180902,0,
2018-09-02 0:21,,0.000263574,1.86E-09,0:21,6,180902,0,
2018-09-02 0:22,,0.000263574,1.86E-09,0:22,6,180902,0,
2018-09-02 0:23,,0.000263574,1.86E-09,0:23,6,180902,0,
2018-09-02 0:24,,0.000263574,1.86E-09,0:24,6,180902,0,
2018-09-02 0:25,,0.000263574,1.86E-09,0:25,6,180902,0,
2018-09-02 0:26,,0.000263574,1.86E-09,0:26,6,180902,0,
2018-09-02 0:27,,0.000263574,1.86E-09,0:27,6,180902,0,
2018-09-02 0:28,,0.000263574,1.86E-09,0:28,6,180902,0,
2018-09-02 0:29,,0.000263574,1.86E-09,0:29,6,180902,0,
2018-09-02 0:30,,0.000263574,1.86E-09,0:30,6,180902,0,
2018-09-02 0:31,,0.000263574,1.86E-09,0:31,6,180902,0,
2018-09-02 0:32,,0.000263574,1.86E-09,0:32,6,180902,0,
2018-09-02 0:33,,0.000263574,1.86E-09,0:33,6,180902,0,
2018-09-02 0:34,,0.000263574,1.86E-09,0:34,6,180902,0,
2018-09-02 0:35,,0.000263574,1.86E-09,0:35,6,180902,0,
2018-09-02 0:36,,0.000263574,1.86E-09,0:36,6,180902,0,
2018-09-02 0:37,,0.000263574,1.86E-09,0:37,6,180902,0,
2018-09-02 0:38,,0.000263574,1.86E-09,0:38,6,180902,0,
2018-09-02 0:39,,0.000263574,1.86E-09,0:39,6,180902,0,
2018-09-02 0:40,,0.000263574,1.86E-09,0:40,6,180902,0,
2018-09-02 0:41,,0.000263574,1.86E-09,0:41,6,180902,0,
2018-09-02 0:42,,0.000263574,1.86E-09,0:42,6,180902,0,
2018-09-02 0:43,,0.000263574,1.86E-09,0:43,6,180902,0,
2018-09-02 0:44,,0.000263574,1.86E-09,0:44,6,180902,0,
2018-09-02 0:45,,0.000263574,1.86E-09,0:45,6,180902,0,
2018-09-02 0:46,,0.000263574,1.86E-09,0:46,6,180902,0,
2018-09-02 0:47,,0.000263574,1.86E-09,0:47,6,180902,0,
2018-09-02 0:48,,0.000263574,1.86E-09,0:48,6,180902,0,
2018-09-02 0:49,,0.000263574,1.86E-09,0:49,6,180902,0,
2018-09-02 0:50,,0.000263574,1.86E-09,0:50,6,180902,0,
2018-09-02 0:51,,0.000263574,1.86E-09,0:51,6,180902,0,
2018-09-02 0:52,,0.000263574,1.86E-09,0:52,6,180902,0,
2018-09-02 0:53,,0.000263574,1.86E-09,0:53,6,180902,0,
2018-09-02 0:54,,0.000263574,1.86E-09,0:54,6,180902,0,
2018-09-02 0:55,,0.000263574,1.86E-09,0:55,6,180902,0,
2018-09-02 0:56,,0.000263574,1.86E-09,0:56,6,180902,0,
2018-09-02 0:57,,0.000263574,1.86E-09,0:57,6,180902,0,
2018-09-02 0:58,,0.000263574,1.86E-09,0:58,6,180902,0,
2018-09-02 0:59,,0.000263574,1.86E-09,0:59,6,180902,0,
2018-09-02 1:00,,0.000263574,1.86E-09,1:00,6,180902,0,
2018-09-02 1:01,,0.000263574,1.86E-09,1:01,6,180902,0,
2018-09-02 1:02,,0.000263574,1.86E-09,1:02,6,180902,0,
2018-09-02 1:03,,0.000263574,1.86E-09,1:03,6,180902,0,
2018-09-02 1:04,,0.000263574,1.86E-09,1:04,6,180902,0,
2018-09-02 1:05,,0.000263574,1.86E-09,1:05,6,180902,0,
2018-09-02 1:06,,0.000263574,1.86E-09,1:06,6,180902,0,
2018-09-02 1:07,,0.000263574,1.86E-09,1:07,6,180902,0,
2018-09-02 1:08,,0.000263574,1.86E-09,1:08,6,180902,0,
2018-09-02 1:09,,0.000263574,1.86E-09,1:09,6,180902,0,
2018-09-02 1:10,,0.000263574,1.86E-09,1:10,6,180902,0,
2018-09-02 1:11,,0.000263574,1.86E-09,1:11,6,180902,0,
2018-09-02 1:12,,0.000263574,1.86E-09,1:12,6,180902,0,
2018-09-02 1:13,,0.000263574,1.86E-09,1:13,6,180902,0,
2018-09-02 1:14,,0.000263574,1.86E-09,1:14,6,180902,0,
2018-09-02 1:15,,0.000263574,1.86E-09,1:15,6,180902,0,
2018-09-02 1:16,,0.000263574,1.86E-09,1:16,6,180902,0,
2018-09-02 1:17,,0.000263574,1.86E-09,1:17,6,180902,0,
2018-09-02 1:18,,0.000263574,1.86E-09,1:18,6,180902,0,
2018-09-02 1:19,,0.000263574,1.86E-09,1:19,6,180902,0,
2018-09-02 1:20,,0.000263574,1.86E-09,1:20,6,180902,0,
2018-09-02 1:21,,0.000263574,1.86E-09,1:21,6,180902,0,
2018-09-02 1:22,,0.000263574,1.86E-09,1:22,6,180902,0,
2018-09-02 1:23,,0.000263574,1.86E-09,1:23,6,180902,0,
2018-09-02 1:24,,0.000263574,1.86E-09,1:24,6,180902,0,
2018-09-02 1:25,,0.000263574,1.86E-09,1:25,6,180902,0,
2018-09-02 1:26,,0.000263574,1.86E-09,1:26,6,180902,0,
2018-09-02 1:27,,0.000263574,1.86E-09,1:27,6,180902,0,
2018-09-02 1:28,,0.000263574,1.86E-09,1:28,6,180902,0,
2018-09-02 1:29,,0.000263574,1.86E-09,1:29,6,180902,0,
2018-09-02 1:30,,0.000263574,1.86E-09,1:30,6,180902,0,
2018-09-02 1:31,,0.000263574,1.86E-09,1:31,6,180902,0,
2018-09-02 1:32,,0.000263574,1.86E-09,1:32,6,180902,0,
2018-09-02 1:33,,0.000263574,1.86E-09,1:33,6,180902,0,
2018-09-02 1:34,,0.000263574,1.86E-09,1:34,6,180902,0,
2018-09-02 1:35,,0.000263574,1.86E-09,1:35,6,180902,0,
2018-09-02 1:36,,0.000263574,1.86E-09,1:36,6,180902,0,
2018-09-02 1:37,,0.000263574,1.86E-09,1:37,6,180902,0,
2018-09-02 1:38,,0.000263574,1.86E-09,1:38,6,180902,0,
2018-09-02 1:39,,0.000263574,1.86E-09,1:39,6,180902,0,
2018-09-02 1:40,,0.000263574,1.86E-09,1:40,6,180902,0,
2018-09-02 1:41,,0.000263574,1.86E-09,1:41,6,180902,0,
2018-09-02 1:42,,0.000263574,1.86E-09,1:42,6,180902,0,
2018-09-02 1:43,,0.000263574,1.86E-09,1:43,6,180902,0,
2018-09-02 1:44,,0.000263574,1.86E-09,1:44,6,180902,0,
2018-09-02 1:45,,0.000263574,1.86E-09,1:45,6,180902,0,
2018-09-02 1:46,,0.000263574,1.86E-09,1:46,6,180902,0,
2018-09-02 1:47,,0.000263574,1.86E-09,1:47,6,180902,0,
2018-09-02 1:48,,0.000263574,1.86E-09,1:48,6,180902,0,
2018-09-02 1:49,,0.000263574,1.86E-09,1:49,6,180902,0,
2018-09-02 1:50,,0.000263574,1.86E-09,1:50,6,180902,0,
2018-09-02 1:51,,0.000263574,1.86E-09,1:51,6,180902,0,
2018-09-02 1:52,,0.000263574,1.86E-09,1:52,6,180902,0,
2018-09-02 1:53,,0.000263574,1.86E-09,1:53,6,180902,0,
2018-09-02 1:54,,0.000263574,1.86E-09,1:54,6,180902,0,
2018-09-02 1:55,,0.000263574,1.86E-09,1:55,6,180902,0,
2018-09-02 1:56,,0.000263574,1.86E-09,1:56,6,180902,0,
2018-09-02 1:57,,0.000263574,1.86E-09,1:57,6,180902,0,
2018-09-02 1:58,,0.000263574,1.86E-09,1:58,6,180902,0,
2018-09-02 1:59,,0.000263574,1.86E-09,1:59,6,180902,0,
2018-09-02 2:00,,0.000263574,1.86E-09,2:00,6,180902,0,
2018-09-02 2:01,,0.000263574,1.86E-09,2:01,6,180902,0,
2018-09-02 2:03,,0.000263574,1.86E-09,2:03,6,180902,0,
2018-09-02 2:04,,0.000263574,1.86E-09,2:04,6,180902,0,
2018-09-02 2:05,,0.000263574,1.86E-09,2:05,6,180902,0,
2018-09-02 2:06,,0.000263574,1.86E-09,2:06,6,180902,0,
2018-09-02 2:07,,0.000263574,1.86E-09,2:07,6,180902,0,
2018-09-02 2:08,,0.000263574,1.86E-09,2:08,6,180902,0,
2018-09-02 2:09,,0.000263574,1.86E-09,2:09,6,180902,0,
2018-09-02 2:10,,0.000263574,1.86E-09,2:10,6,180902,0,
2018-09-02 2:11,,0.000263574,1.86E-09,2:11,6,180902,0,
2018-09-02 2:12,,0.000263574,1.86E-09,2:12,6,180902,0,
2018-09-02 2:13,,0.000263574,1.86E-09,2:13,6,180902,0,
2018-09-02 2:14,,0.000263574,1.86E-09,2:14,6,180902,0,
2018-09-02 2:15,,0.000263574,1.86E-09,2:15,6,180902,0,
2018-09-02 2:16,,0.000263574,1.86E-09,2:16,6,180902,0,
2018-09-02 2:17,,0.000263574,1.86E-09,2:17,6,180902,0,
2018-09-02 2:18,,0.000263574,1.86E-09,2:18,6,180902,0,
2018-09-02 2:19,,0.000263574,1.86E-09,2:19,6,180902,0,
2018-09-02 2:20,,0.000263574,1.86E-09,2:20,6,180902,0,
2018-09-02 2:21,,0.000263574,1.86E-09,2:21,6,180902,0,
2018-09-02 2:22,,0.000263574,1.86E-09,2:22,6,180902,0,
2018-09-02 2:23,,0.000263574,1.86E-09,2:23,6,180902,0,
2018-09-02 2:24,,0.000263574,1.86E-09,2:24,6,180902,0,
2018-09-02 2:25,,0.000263574,1.86E-09,2:25,6,180902,0,
2018-09-02 2:26,,0.000263574,1.86E-09,2:26,6,180902,0,
2018-09-02 2:27,,0.000263574,1.86E-09,2:27,6,180902,0,
2018-09-02 2:28,,0.000263574,1.86E-09,2:28,6,180902,0,
2018-09-02 2:29,,0.000263574,1.86E-09,2:29,6,180902,0,
2018-09-02 2:30,,0.000263574,1.86E-09,2:30,6,180902,0,
2018-09-02 2:31,,0.000263574,1.86E-09,2:31,6,180902,0,
2018-09-02 2:32,,0.000263574,1.86E-09,2:32,6,180902,0,
2018-09-02 2:33,,0.000263574,1.86E-09,2:33,6,180902,0,
2018-09-02 2:34,,0.000263574,1.86E-09,2:34,6,180902,0,
2018-09-02 2:35,,0.000263574,1.86E-09,2:35,6,180902,0,
2018-09-02 2:36,,0.000263574,1.86E-09,2:36,6,180902,0,
2018-09-02 2:37,,0.000263574,1.86E-09,2:37,6,180902,0,
2018-09-02 2:38,,0.000263574,1.86E-09,2:38,6,180902,0,
2018-09-02 2:39,,0.000263574,1.86E-09,2:39,6,180902,0,
2018-09-02 2:40,,0.000263574,1.86E-09,2:40,6,180902,0,
2018-09-02 2:41,,0.000263574,1.86E-09,2:41,6,180902,0,
2018-09-02 2:42,,0.000263574,1.86E-09,2:42,6,180902,0,
2018-09-02 2:43,,0.000263574,1.86E-09,2:43,6,180902,0,
2018-09-02 2:44,,0.000263574,1.86E-09,2:44,6,180902,0,
2018-09-02 2:45,,0.000263574,1.86E-09,2:45,6,180902,0,
2018-09-02 2:46,,0.000263574,1.86E-09,2:46,6,180902,0,
2018-09-02 2:47,,0.000263574,1.86E-09,2:47,6,180902,0,
2018-09-02 2:48,,0.000263574,1.86E-09,2:48,6,180902,0,
2018-09-02 2:49,,0.000263574,1.86E-09,2:49,6,180902,0,
2018-09-02 2:50,,0.000263574,1.86E-09,2:50,6,180902,0,
2018-09-02 2:51,,0.000263574,1.86E-09,2:51,6,180902,0,
2018-09-02 2:52,,0.000263574,1.86E-09,2:52,6,180902,0,
2018-09-02 2:53,,0.000263574,1.86E-09,2:53,6,180902,0,
2018-09-02 2:54,,0.000263574,1.86E-09,2:54,6,180902,0,
2018-09-02 2:55,,0.000263574,1.86E-09,2:55,6,180902,0,
2018-09-02 2:56,,0.000263574,1.86E-09,2:56,6,180902,0,
2018-09-02 2:57,,0.000263574,1.86E-09,2:57,6,180902,0,
2018-09-02 2:58,,0.000263574,1.86E-09,2:58,6,180902,0,
2018-09-02 2:59,,0.000263574,1.86E-09,2:59,6,180902,0,
2018-09-02 3:00,,0.000263574,1.86E-09,3:00,6,180902,0,
2018-09-02 3:01,,0.000263574,1.86E-09,3:01,6,180902,0,
2018-09-02 3:02,,0.000263574,1.86E-09,3:02,6,180902,0,
2018-09-02 3:03,,0.000263574,1.86E-09,3:03,6,180902,0,
2018-09-02 3:04,,0.000263574,1.86E-09,3:04,6,180902,0,
2018-09-02 3:05,,0.000263574,1.86E-09,3:05,6,180902,0,
2018-09-02 3:06,,0.000263574,1.86E-09,3:06,6,180902,0,
2018-09-02 3:07,,0.000263574,1.86E-09,3:07,6,180902,0,
2018-09-02 3:08,,0.000263574,1.86E-09,3:08,6,180902,0,
2018-09-02 3:09,,0.000263574,1.86E-09,3:09,6,180902,0,
2018-09-02 3:10,,0.000263574,1.86E-09,3:10,6,180902,0,
2018-09-02 3:11,,0.000263574,1.86E-09,3:11,6,180902,0,
2018-09-02 3:12,,0.000263574,1.86E-09,3:12,6,180902,0,
2018-09-02 3:13,,0.000263574,1.86E-09,3:13,6,180902,0,
2018-09-02 3:14,,0.000263574,1.86E-09,3:14,6,180902,0,
2018-09-02 3:15,,0.000263574,1.86E-09,3:15,6,180902,0,
2018-09-02 3:16,,0.000263574,1.86E-09,3:16,6,180902,0,
2018-09-02 3:17,,0.000263574,1.86E-09,3:17,6,180902,0,
2018-09-02 3:18,,0.000263574,1.86E-09,3:18,6,180902,0,
2018-09-02 3:19,,0.000263574,1.86E-09,3:19,6,180902,0,
2018-09-02 3:20,,0.000263574,1.86E-09,3:20,6,180902,0,
2018-09-02 3:21,,0.000263574,1.86E-09,3:21,6,180902,0,
2018-09-02 3:22,,0.000263574,1.86E-09,3:22,6,180902,0,
2018-09-02 3:23,,0.000263574,1.86E-09,3:23,6,180902,0,
2018-09-02 3:24,,0.000263574,1.86E-09,3:24,6,180902,0,
2018-09-02 3:25,,0.000263574,1.86E-09,3:25,6,180902,0,
2018-09-02 3:26,,0.000263574,1.86E-09,3:26,6,180902,0,
2018-09-02 3:27,,0.000263574,1.86E-09,3:27,6,180902,0,
2018-09-02 3:28,,0.000263574,1.86E-09,3:28,6,180902,0,
2018-09-02 3:29,,0.000263574,1.86E-09,3:29,6,180902,0,
2018-09-02 3:30,,0.000263574,1.86E-09,3:30,6,180902,0,
2018-09-02 3:31,,0.000263574,1.86E-09,3:31,6,180902,0,
2018-09-02 3:32,,0.000263574,1.86E-09,3:32,6,180902,0,
2018-09-02 3:33,,0.000263574,1.86E-09,3:33,6,180902,0,
2018-09-02 3:34,,0.000263574,1.86E-09,3:34,6,180902,0,
2018-09-02 3:35,,0.000263574,1.86E-09,3:35,6,180902,0,
2018-09-02 3:36,,0.000263574,1.86E-09,3:36,6,180902,0,
2018-09-02 3:37,,0.000263574,1.86E-09,3:37,6,180902,0,
2018-09-02 3:38,,0.000263574,1.86E-09,3:38,6,180902,0,
2018-09-02 3:39,,0.000263574,1.86E-09,3:39,6,180902,0,
2018-09-02 3:40,,0.000263574,1.86E-09,3:40,6,180902,0,
2018-09-02 3:41,,0.000263574,1.86E-09,3:41,6,180902,0,
2018-09-02 3:42,,0.000263574,1.86E-09,3:42,6,180902,0,
2018-09-02 3:43,,0.000263574,1.86E-09,3:43,6,180902,0,
2018-09-02 3:44,,0.000263574,1.86E-09,3:44,6,180902,0,
2018-09-02 3:45,,0.000263574,1.86E-09,3:45,6,180902,0,
2018-09-02 3:46,,0.000263574,1.86E-09,3:46,6,180902,0,
2018-09-02 3:47,,0.000263574,1.86E-09,3:47,6,180902,0,
2018-09-02 3:48,,0.000263574,1.86E-09,3:48,6,180902,0,
2018-09-02 3:49,,0.000263574,1.86E-09,3:49,6,180902,0,
2018-09-02 3:50,,0.000263574,1.86E-09,3:50,6,180902,0,
2018-09-02 3:51,,0.000263574,1.86E-09,3:51,6,180902,0,
2018-09-02 3:52,,0.000263574,1.86E-09,3:52,6,180902,0,
2018-09-02 3:53,,0.000263574,1.86E-09,3:53,6,180902,0,
2018-09-02 3:54,,0.000263574,1.86E-09,3:54,6,180902,0,
2018-09-02 3:55,,0.000263574,1.86E-09,3:55,6,180902,0,
2018-09-02 3:56,,0.000263574,1.86E-09,3:56,6,180902,0,
2018-09-02 3:57,,0.000263574,1.86E-09,3:57,6,180902,0,
2018-09-02 3:58,,0.000263574,1.86E-09,3:58,6,180902,0,
2018-09-02 3:59,,0.000263574,1.86E-09,3:59,6,180902,0,
2018-09-02 4:00,,0.000263574,1.86E-09,4:00,6,180902,0,
2018-09-02 4:01,,0.000263574,1.86E-09,4:01,6,180902,0,
2018-09-02 4:02,,0.000263574,1.86E-09,4:02,6,180902,0,
2018-09-02 4:03,,0.000263574,1.86E-09,4:03,6,180902,0,
2018-09-02 4:04,,0.000263574,1.86E-09,4:04,6,180902,0,
2018-09-02 4:05,,0.000263574,1.86E-09,4:05,6,180902,0,
2018-09-02 4:06,,0.000263574,1.86E-09,4:06,6,180902,0,
2018-09-02 4:07,,0.000263574,1.86E-09,4:07,6,180902,0,
2018-09-02 4:08,,0.000263574,1.86E-09,4:08,6,180902,0,
2018-09-02 4:09,,0.000263574,1.86E-09,4:09,6,180902,0,
2018-09-02 4:10,,0.000263574,1.86E-09,4:10,6,180902,0,
2018-09-02 4:11,,0.000263574,1.86E-09,4:11,6,180902,0,
2018-09-02 4:12,,0.000263574,1.86E-09,4:12,6,180902,0,
2018-09-02 4:13,,0.000263574,1.86E-09,4:13,6,180902,0,
2018-09-02 4:14,,0.000263574,1.86E-09,4:14,6,180902,0,
2018-09-02 4:15,,0.000263574,1.86E-09,4:15,6,180902,0,
2018-09-02 4:16,,0.000263574,1.86E-09,4:16,6,180902,0,
2018-09-02 4:17,,0.000263574,1.86E-09,4:17,6,180902,0,
2018-09-02 4:18,,0.000263574,1.86E-09,4:18,6,180902,0,
2018-09-02 4:19,,0.000263574,1.86E-09,4:19,6,180902,0,
2018-09-02 4:20,,0.000263574,1.86E-09,4:20,6,180902,0,
2018-09-02 4:21,,0.000263574,1.86E-09,4:21,6,180902,0,
2018-09-02 4:22,,0.000263574,1.86E-09,4:22,6,180902,0,
2018-09-02 4:23,,0.000263574,1.86E-09,4:23,6,180902,0,
2018-09-02 4:24,,0.000263574,1.86E-09,4:24,6,180902,0,
2018-09-02 4:25,,0.000263574,1.86E-09,4:25,6,180902,0,
2018-09-02 4:26,,0.000263574,1.86E-09,4:26,6,180902,0,
2018-09-02 4:27,,0.000263574,1.86E-09,4:27,6,180902,0,
2018-09-02 4:28,,0.000263574,1.86E-09,4:28,6,180902,0,
2018-09-02 4:29,,0.000263574,1.86E-09,4:29,6,180902,0,
2018-09-02 4:30,,0.000263574,1.86E-09,4:30,6,180902,0,
2018-09-02 4:31,,0.000263574,1.86E-09,4:31,6,180902,0,
2018-09-02 4:32,,0.000263574,1.86E-09,4:32,6,180902,0,
2018-09-02 4:33,,0.000263574,1.86E-09,4:33,6,180902,0,
2018-09-02 4:34,,0.000263574,1.86E-09,4:34,6,180902,0,
2018-09-02 4:35,,0.000263574,1.86E-09,4:35,6,180902,0,
2018-09-02 4:36,,0.000263574,1.86E-09,4:36,6,180902,0,
2018-09-02 4:37,,0.000263574,1.86E-09,4:37,6,180902,0,
2018-09-02 4:38,,0.000263574,1.86E-09,4:38,6,180902,0,
2018-09-02 4:39,,0.000263574,1.86E-09,4:39,6,180902,0,
2018-09-02 4:40,,0.000263574,1.86E-09,4:40,6,180902,0,
2018-09-02 4:41,,0.000263574,1.86E-09,4:41,6,180902,0,
2018-09-02 4:42,,0.000263574,1.86E-09,4:42,6,180902,0,
2018-09-02 4:43,,0.000263574,1.86E-09,4:43,6,180902,0,
2018-09-02 4:44,,0.000263574,1.86E-09,4:44,6,180902,0,
2018-09-02 4:45,,0.000263574,1.86E-09,4:45,6,180902,0,
2018-09-02 4:46,,0.000263574,1.86E-09,4:46,6,180902,0,
2018-09-02 4:47,,0.000263574,1.86E-09,4:47,6,180902,0,
2018-09-02 4:48,,0.000263574,1.86E-09,4:48,6,180902,0,
2018-09-02 4:49,,0.000263574,1.86E-09,4:49,6,180902,0,
2018-09-02 4:50,,0.000263574,1.86E-09,4:50,6,180902,0,
2018-09-02 4:51,,0.000263574,1.86E-09,4:51,6,180902,0,
2018-09-02 4:52,,0.000263574,1.86E-09,4:52,6,180902,0,
2018-09-02 4:53,,0.000263574,1.86E-09,4:53,6,180902,0,
2018-09-02 4:54,,0.000263574,1.86E-09,4:54,6,180902,0,
2018-09-02 4:55,,0.000263574,1.86E-09,4:55,6,180902,0,
2018-09-02 4:56,,0.000263574,1.86E-09,4:56,6,180902,0,
2018-09-02 4:57,,0.000263574,1.86E-09,4:57,6,180902,0,
2018-09-02 4:58,,0.000263574,1.86E-09,4:58,6,180902,0,
2018-09-02 4:59,,0.000263574,1.86E-09,4:59,6,180902,0,
2018-09-02 5:00,,0.000263574,1.86E-09,5:00,6,180902,0,
2018-09-02 5:01,,0.000263574,1.86E-09,5:01,6,180902,0,
2018-09-02 5:02,,0.000263574,1.86E-09,5:02,6,180902,0,
2018-09-02 5:03,,0.000263574,1.86E-09,5:03,6,180902,0,
2018-09-02 5:04,,0.000263574,1.86E-09,5:04,6,180902,0,
2018-09-02 5:05,,0.000263574,1.86E-09,5:05,6,180902,0,
2018-09-02 5:06,,0.000263574,1.86E-09,5:06,6,180902,0,
2018-09-02 5:07,,0.000263574,1.86E-09,5:07,6,180902,0,
2018-09-02 5:08,,0.000263574,1.86E-09,5:08,6,180902,0,
2018-09-02 5:09,,0.000263574,1.86E-09,5:09,6,180902,0,
2018-09-02 5:10,,0.000263574,1.86E-09,5:10,6,180902,0,
2018-09-02 5:11,,0.000263574,1.86E-09,5:11,6,180902,0,
2018-09-02 5:12,,0.000263574,1.86E-09,5:12,6,180902,0,
2018-09-02 5:13,,0.000263574,1.86E-09,5:13,6,180902,0,
2018-09-02 5:14,,0.000263574,1.86E-09,5:14,6,180902,0,
2018-09-02 5:15,,0.000263574,1.86E-09,5:15,6,180902,0,
2018-09-02 5:16,,0.000263574,1.86E-09,5:16,6,180902,0,
2018-09-02 5:17,,0.000263574,1.86E-09,5:17,6,180902,0,
2018-09-02 5:18,,0.000263574,1.86E-09,5:18,6,180902,0,
2018-09-02 5:19,,0.000263574,1.86E-09,5:19,6,180902,0,
2018-09-02 5:20,,0.000263574,1.86E-09,5:20,6,180902,0,
2018-09-02 5:21,,0.000263574,1.86E-09,5:21,6,180902,0,
2018-09-02 5:22,,0.000263574,1.86E-09,5:22,6,180902,0,
2018-09-02 5:23,,0.000263574,1.86E-09,5:23,6,180902,0,
2018-09-02 5:24,,0.000263574,1.86E-09,5:24,6,180902,0,
2018-09-02 5:25,,0.000263574,1.86E-09,5:25,6,180902,0,
2018-09-02 5:26,,0.000263574,1.86E-09,5:26,6,180902,0,
2018-09-02 5:27,,0.000263574,1.86E-09,5:27,6,180902,0,
2018-09-02 5:28,,0.000263574,1.86E-09,5:28,6,180902,0,
2018-09-02 5:29,,0.000263574,1.86E-09,5:29,6,180902,0,
2018-09-02 5:30,,0.000263574,1.86E-09,5:30,6,180902,0,
2018-09-02 5:31,,0.000263574,1.86E-09,5:31,6,180902,0,
2018-09-02 5:32,,0.000263574,1.86E-09,5:32,6,180902,0,
2018-09-02 5:33,,0.000263574,1.86E-09,5:33,6,180902,0,
2018-09-02 5:34,,0.000263574,1.86E-09,5:34,6,180902,0,
2018-09-02 5:35,,0.000263574,1.86E-09,5:35,6,180902,0,
2018-09-02 5:36,,0.000263574,1.86E-09,5:36,6,180902,0,
2018-09-02 5:37,,0.000263574,1.86E-09,5:37,6,180902,0,
2018-09-02 5:38,,0.000263574,1.86E-09,5:38,6,180902,0,
2018-09-02 5:39,,0.000263574,1.86E-09,5:39,6,180902,0,
2018-09-02 5:40,,0.000263574,1.86E-09,5:40,6,180902,0,
2018-09-02 5:41,,0.000263574,1.86E-09,5:41,6,180902,0,
2018-09-02 5:42,,0.000263574,1.86E-09,5:42,6,180902,0,
2018-09-02 5:43,,0.000263574,1.86E-09,5:43,6,180902,0,
2018-09-02 5:44,,0.000263574,1.86E-09,5:44,6,180902,0,
2018-09-02 5:45,,0.000263574,1.86E-09,5:45,6,180902,0,
2018-09-02 5:46,,0.000263574,1.86E-09,5:46,6,180902,0,
2018-09-02 5:47,,0.000263574,1.86E-09,5:47,6,180902,0,
2018-09-02 5:48,,0.000263574,1.86E-09,5:48,6,180902,0,
2018-09-02 5:49,,0.000263574,1.86E-09,5:49,6,180902,0,
2018-09-02 5:50,,0.000263574,1.86E-09,5:50,6,180902,0,
2018-09-02 5:51,,0.000263574,1.86E-09,5:51,6,180902,0,
2018-09-02 5:52,,0.000263574,1.86E-09,5:52,6,180902,0,
2018-09-02 5:53,,0.000263574,1.86E-09,5:53,6,180902,0,
2018-09-02 5:54,,0.000263574,1.86E-09,5:54,6,180902,0,
2018-09-02 5:55,,0.000263574,1.86E-09,5:55,6,180902,0,
2018-09-02 5:56,,0.000263574,1.86E-09,5:56,6,180902,0,
2018-09-02 5:57,,0.000263574,1.86E-09,5:57,6,180902,0,
2018-09-02 5:58,,0.000263574,1.86E-09,5:58,6,180902,0,
2018-09-02 5:59,,0.000263574,1.86E-09,5:59,6,180902,0,
2018-09-02 6:00,,0.000263574,1.86E-09,6:00,6,180902,0,
2018-09-02 6:01,,0.000263574,1.86E-09,6:01,6,180902,0,
2018-09-02 6:02,,0.000263574,1.86E-09,6:02,6,180902,0,
2018-09-02 6:03,,0.000263574,1.86E-09,6:03,6,180902,0,
2018-09-02 6:04,,0.000263574,1.86E-09,6:04,6,180902,0,
2018-09-02 6:05,,0.000263574,1.86E-09,6:05,6,180902,0,
2018-09-02 6:06,,0.000263574,1.86E-09,6:06,6,180902,0,
2018-09-02 6:07,,0.000263574,1.86E-09,6:07,6,180902,0,
2018-09-02 6:08,,0.000263574,1.86E-09,6:08,6,180902,0,
2018-09-02 6:09,,0.000263574,1.86E-09,6:09,6,180902,0,
2018-09-02 6:10,,0.000263574,1.86E-09,6:10,6,180902,0,
2018-09-02 6:11,,0.000263574,1.86E-09,6:11,6,180902,0,
2018-09-02 6:12,,0.000263574,1.86E-09,6:12,6,180902,0,
2018-09-02 6:13,,0.000263574,1.86E-09,6:13,6,180902,0,
2018-09-02 6:14,,0.000263574,1.86E-09,6:14,6,180902,0,
2018-09-02 6:15,,0.000263574,1.86E-09,6:15,6,180902,0,
2018-09-02 6:16,,0.000263574,1.86E-09,6:16,6,180902,0,
2018-09-02 6:17,,0.000263574,1.86E-09,6:17,6,180902,0,
2018-09-02 6:18,,0.000263574,1.86E-09,6:18,6,180902,0,
2018-09-02 6:19,,0.000263574,1.86E-09,6:19,6,180902,0,
2018-09-02 6:20,,0.000263574,1.86E-09,6:20,6,180902,0,
2018-09-02 6:21,,0.000263574,1.86E-09,6:21,6,180902,0,
2018-09-02 6:22,,0.000263574,1.86E-09,6:22,6,180902,0,
2018-09-02 6:23,,0.000263574,1.86E-09,6:23,6,180902,0,
2018-09-02 6:24,,0.000263574,1.86E-09,6:24,6,180902,0,
2018-09-02 6:25,,0.000263574,1.86E-09,6:25,6,180902,0,
2018-09-02 6:26,,0.000263574,1.86E-09,6:26,6,180902,0,
2018-09-02 6:27,,0.000263574,1.86E-09,6:27,6,180902,0,
2018-09-02 6:28,,0.000263574,1.86E-09,6:28,6,180902,0,
2018-09-02 6:29,,0.000263574,1.86E-09,6:29,6,180902,0,
2018-09-02 6:30,,0.000263574,1.86E-09,6:30,6,180902,0,
2018-09-02 6:31,,0.000263574,1.86E-09,6:31,6,180902,0,
2018-09-02 6:32,,0.000263574,1.86E-09,6:32,6,180902,0,
2018-09-02 6:33,,0.000263574,1.86E-09,6:33,6,180902,0,
2018-09-02 6:34,,0.000263574,1.86E-09,6:34,6,180902,0,
2018-09-02 6:35,,0.000263574,1.86E-09,6:35,6,180902,0,
2018-09-02 6:36,,0.000263574,1.86E-09,6:36,6,180902,0,
2018-09-02 6:37,,0.000263574,1.86E-09,6:37,6,180902,0,
2018-09-02 6:38,,0.000263574,1.86E-09,6:38,6,180902,0,
2018-09-02 6:39,,0.000263574,1.86E-09,6:39,6,180902,0,
2018-09-02 6:40,,0.000263574,1.86E-09,6:40,6,180902,0,
2018-09-02 6:41,,0.000263574,1.86E-09,6:41,6,180902,0,
2018-09-02 6:42,,0.000263574,1.86E-09,6:42,6,180902,0,
2018-09-02 6:43,,0.000263574,1.86E-09,6:43,6,180902,0,
2018-09-02 6:44,,0.000263574,1.86E-09,6:44,6,180902,0,
2018-09-02 6:45,,0.000263574,1.86E-09,6:45,6,180902,0,
2018-09-02 6:46,,0.000263574,1.86E-09,6:46,6,180902,0,
2018-09-02 6:47,,0.000263574,1.86E-09,6:47,6,180902,0,
2018-09-02 6:48,,0.000263574,1.86E-09,6:48,6,180902,0,
2018-09-02 6:49,,0.000263574,1.86E-09,6:49,6,180902,0,
2018-09-02 6:50,,0.000263574,1.86E-09,6:50,6,180902,0,
2018-09-02 6:51,,0.000263574,1.86E-09,6:51,6,180902,0,
2018-09-02 6:52,,0.000263574,1.86E-09,6:52,6,180902,0,
2018-09-02 6:53,,0.000263574,1.86E-09,6:53,6,180902,0,
2018-09-02 6:54,,0.000263574,1.86E-09,6:54,6,180902,0,
2018-09-02 6:55,,0.000263574,1.86E-09,6:55,6,180902,0,
2018-09-02 6:56,,0.000263574,1.86E-09,6:56,6,180902,0,
2018-09-02 6:57,,0.000263574,1.86E-09,6:57,6,180902,0,
2018-09-02 6:58,,0.000263574,1.86E-09,6:58,6,180902,0,
2018-09-02 6:59,,0.000263574,1.86E-09,6:59,6,180902,0,
2018-09-02 7:00,,0.000263574,1.86E-09,7:00,6,180902,0,
2018-09-02 7:01,,0.000263574,1.86E-09,7:01,6,180902,0,
2018-09-02 7:02,,0.000263574,1.86E-09,7:02,6,180902,0,
2018-09-02 7:03,,0.000263574,1.86E-09,7:03,6,180902,0,
2018-09-02 7:04,,0.000263574,1.86E-09,7:04,6,180902,0,
2018-09-02 7:05,,0.000263574,1.86E-09,7:05,6,180902,0,
2018-09-02 7:06,,0.000263574,1.86E-09,7:06,6,180902,0,
2018-09-02 7:07,,0.000263574,1.86E-09,7:07,6,180902,0,
2018-09-02 7:08,,0.000263574,1.86E-09,7:08,6,180902,0,
2018-09-02 7:09,,0.000263574,1.86E-09,7:09,6,180902,0,
2018-09-02 7:10,,0.000263574,1.86E-09,7:10,6,180902,0,
2018-09-02 7:11,,0.000263574,1.86E-09,7:11,6,180902,0,
2018-09-02 7:12,,0.000263574,1.86E-09,7:12,6,180902,0,
2018-09-02 7:13,,0.000263574,1.86E-09,7:13,6,180902,0,
2018-09-02 7:14,,0.000263574,1.86E-09,7:14,6,180902,0,
2018-09-02 7:15,,0.000263574,1.86E-09,7:15,6,180902,0,
2018-09-02 7:16,,0.000263574,1.86E-09,7:16,6,180902,0,
2018-09-02 7:17,,0.000263574,1.86E-09,7:17,6,180902,0,
2018-09-02 7:18,,0.000263574,1.86E-09,7:18,6,180902,0,
2018-09-02 7:19,,0.000263574,1.86E-09,7:19,6,180902,0,
2018-09-02 7:20,,0.000263574,1.86E-09,7:20,6,180902,0,
2018-09-02 7:21,,0.000263574,1.86E-09,7:21,6,180902,0,
2018-09-02 7:22,,0.000263574,1.86E-09,7:22,6,180902,0,
2018-09-02 7:23,,0.000263574,1.86E-09,7:23,6,180902,0,
2018-09-02 7:24,,0.000263574,1.86E-09,7:24,6,180902,0,
2018-09-02 7:25,,0.000263574,1.86E-09,7:25,6,180902,0,
2018-09-02 7:26,,0.000263574,1.86E-09,7:26,6,180902,0,
2018-09-02 7:27,,0.000263574,1.86E-09,7:27,6,180902,0,
2018-09-02 7:28,,0.000263574,1.86E-09,7:28,6,180902,0,
2018-09-02 7:29,,0.000263574,1.86E-09,7:29,6,180902,0,
2018-09-02 7:30,,0.000263574,1.86E-09,7:30,6,180902,0,
2018-09-02 7:31,,0.000263574,1.86E-09,7:31,6,180902,0,
2018-09-02 7:32,,0.000263574,1.86E-09,7:32,6,180902,0,
2018-09-02 7:33,,0.000263574,1.86E-09,7:33,6,180902,0,
2018-09-02 7:34,,0.000263574,1.86E-09,7:34,6,180902,0,
2018-09-02 7:35,,0.000263574,1.86E-09,7:35,6,180902,0,
2018-09-02 7:36,,0.000263574,1.86E-09,7:36,6,180902,0,
2018-09-02 7:37,,0.000263574,1.86E-09,7:37,6,180902,0,
2018-09-02 7:38,,0.000263574,1.86E-09,7:38,6,180902,0,
2018-09-02 7:39,,0.000263574,1.86E-09,7:39,6,180902,0,
2018-09-02 7:40,,0.000263574,1.86E-09,7:40,6,180902,0,
2018-09-02 7:41,,0.000263574,1.86E-09,7:41,6,180902,0,
2018-09-02 7:42,,0.000263574,1.86E-09,7:42,6,180902,0,
2018-09-02 7:43,,0.000263574,1.86E-09,7:43,6,180902,0,
2018-09-02 7:44,,0.000263574,1.86E-09,7:44,6,180902,0,
2018-09-02 7:45,,0.000263574,1.86E-09,7:45,6,180902,0,
2018-09-02 7:46,,0.000263574,1.86E-09,7:46,6,180902,0,
2018-09-02 7:47,,0.000263574,1.86E-09,7:47,6,180902,0,
2018-09-02 7:48,,0.000263574,1.86E-09,7:48,6,180902,0,
2018-09-02 7:49,,0.000263574,1.86E-09,7:49,6,180902,0,
2018-09-02 7:50,,0.000263574,1.86E-09,7:50,6,180902,0,
2018-09-02 7:51,,0.000263574,1.86E-09,7:51,6,180902,0,
2018-09-02 7:52,,0.000263574,1.86E-09,7:52,6,180902,0,
2018-09-02 7:53,,0.000263574,1.86E-09,7:53,6,180902,0,
2018-09-02 7:54,,0.000263574,1.86E-09,7:54,6,180902,0,
2018-09-02 7:55,,0.000263574,1.86E-09,7:55,6,180902,0,
2018-09-02 7:56,,0.000263574,1.86E-09,7:56,6,180902,0,
2018-09-02 7:57,,0.000263574,1.86E-09,7:57,6,180902,0,
2018-09-02 7:58,,0.000263574,1.86E-09,7:58,6,180902,0,
2018-09-02 7:59,,0.000263574,1.86E-09,7:59,6,180902,0,
2018-09-02 8:00,,0.000263574,1.86E-09,8:00,6,180902,0,
2018-09-02 8:01,,0.000263574,1.86E-09,8:01,6,180902,0,
2018-09-02 8:02,,0.000263574,1.86E-09,8:02,6,180902,0,
2018-09-02 8:04,,0.000263574,1.86E-09,8:04,6,180902,0,
2018-09-02 8:05,,0.000263574,1.86E-09,8:05,6,180902,0,
2018-09-02 8:06,,0.000263574,1.86E-09,8:06,6,180902,0,
2018-09-02 8:07,,0.000263574,1.86E-09,8:07,6,180902,0,
2018-09-02 8:08,,0.000263574,1.86E-09,8:08,6,180902,0,
2018-09-02 8:09,,0.000263574,1.86E-09,8:09,6,180902,0,
2018-09-02 8:10,,0.000263574,1.86E-09,8:10,6,180902,0,
2018-09-02 8:11,,0.000263574,1.86E-09,8:11,6,180902,0,
2018-09-02 8:12,,0.000263574,1.86E-09,8:12,6,180902,0,
2018-09-02 8:14,,0.000263574,1.86E-09,8:14,6,180902,0,
2018-09-02 8:15,,0.000263574,1.86E-09,8:15,6,180902,0,
2018-09-02 8:16,,0.000263574,1.86E-09,8:16,6,180902,0,
2018-09-02 8:17,,0.000263574,1.86E-09,8:17,6,180902,0,
2018-09-02 8:18,,0.000263574,1.86E-09,8:18,6,180902,0,
2018-09-02 8:19,,0.000263574,1.86E-09,8:19,6,180902,0,
2018-09-02 8:20,,0.000263574,1.86E-09,8:20,6,180902,0,
2018-09-02 8:21,,0.000263574,1.86E-09,8:21,6,180902,0,
2018-09-02 8:22,,0.000263574,1.86E-09,8:22,6,180902,0,
2018-09-02 8:23,,0.000263574,1.86E-09,8:23,6,180902,0,
2018-09-02 8:24,,0.000263574,1.86E-09,8:24,6,180902,0,
2018-09-02 8:25,,0.000263574,1.86E-09,8:25,6,180902,0,
2018-09-02 8:26,,0.000263574,1.86E-09,8:26,6,180902,0,
2018-09-02 8:27,,0.000263574,1.86E-09,8:27,6,180902,0,
2018-09-02 8:28,,0.000263574,1.86E-09,8:28,6,180902,0,
2018-09-02 8:29,,0.000263574,1.86E-09,8:29,6,180902,0,
2018-09-02 8:30,,0.000263574,1.86E-09,8:30,6,180902,0,
2018-09-02 8:31,,0.000263574,1.86E-09,8:31,6,180902,0,
2018-09-02 8:32,,0.000263574,1.86E-09,8:32,6,180902,0,
2018-09-02 8:33,,0.000263574,1.86E-09,8:33,6,180902,0,
2018-09-02 8:34,,0.000263574,1.86E-09,8:34,6,180902,0,
2018-09-02 8:35,,0.000263574,1.86E-09,8:35,6,180902,0,
2018-09-02 8:36,,0.000263574,1.86E-09,8:36,6,180902,0,
2018-09-02 8:37,,0.000263574,1.86E-09,8:37,6,180902,0,
2018-09-02 8:38,,0.000263574,1.86E-09,8:38,6,180902,0,
2018-09-02 8:39,,0.000263574,1.86E-09,8:39,6,180902,0,
2018-09-02 8:40,,0.000263574,1.86E-09,8:40,6,180902,0,
2018-09-02 8:41,,0.000263574,1.86E-09,8:41,6,180902,0,
2018-09-02 8:42,,0.000263574,1.86E-09,8:42,6,180902,0,
2018-09-02 8:43,,0.000263574,1.86E-09,8:43,6,180902,0,
2018-09-02 8:44,,0.000263574,1.86E-09,8:44,6,180902,0,
2018-09-02 8:45,,0.000263574,1.86E-09,8:45,6,180902,0,
2018-09-02 8:46,,0.000263574,1.86E-09,8:46,6,180902,0,
2018-09-02 8:47,,0.000263574,1.86E-09,8:47,6,180902,0,
2018-09-02 8:48,,0.000263574,1.86E-09,8:48,6,180902,0,
2018-09-02 8:49,,0.000263574,1.86E-09,8:49,6,180902,0,
2018-09-02 8:50,,0.000263574,1.86E-09,8:50,6,180902,0,
2018-09-02 8:51,,0.000263574,1.86E-09,8:51,6,180902,0,
2018-09-02 8:52,,0.000263574,1.86E-09,8:52,6,180902,0,
2018-09-02 8:53,,0.000263574,1.86E-09,8:53,6,180902,0,
2018-09-02 8:54,,0.000263574,1.86E-09,8:54,6,180902,0,
2018-09-02 8:55,,0.000263574,1.86E-09,8:55,6,180902,0,
2018-09-02 8:56,,0.000263574,1.86E-09,8:56,6,180902,0,
2018-09-02 8:57,,0.000263574,1.86E-09,8:57,6,180902,0,
2018-09-02 8:58,,0.000263574,1.86E-09,8:58,6,180902,0,
2018-09-02 8:59,,0.000263574,1.86E-09,8:59,6,180902,0,
2018-09-02 9:00,,0.000263574,1.86E-09,9:00,6,180902,0,
2018-09-02 9:01,,0.000263574,1.86E-09,9:01,6,180902,0,
2018-09-02 9:02,,0.000263574,1.86E-09,9:02,6,180902,0,
2018-09-02 9:03,,0.000263574,1.86E-09,9:03,6,180902,0,
2018-09-02 9:04,,0.000263574,1.86E-09,9:04,6,180902,0,
2018-09-02 9:05,,0.000263574,1.86E-09,9:05,6,180902,0,
2018-09-02 9:06,,0.000263574,1.86E-09,9:06,6,180902,0,
2018-09-02 9:07,,0.000263574,1.86E-09,9:07,6,180902,0,
2018-09-02 9:08,,0.000263574,1.86E-09,9:08,6,180902,0,
2018-09-02 9:09,,0.000263574,1.86E-09,9:09,6,180902,0,
2018-09-02 9:10,,0.000263574,1.86E-09,9:10,6,180902,0,
2018-09-02 9:11,,0.000263574,1.86E-09,9:11,6,180902,0,
2018-09-02 9:12,,0.000263574,1.86E-09,9:12,6,180902,0,
2018-09-02 9:13,,0.000263574,1.86E-09,9:13,6,180902,0,
2018-09-02 9:14,,0.000263574,1.86E-09,9:14,6,180902,0,
2018-09-02 9:15,,0.000263574,1.86E-09,9:15,6,180902,0,
2018-09-02 9:16,,0.000263574,1.86E-09,9:16,6,180902,0,
2018-09-02 9:17,,0.000263574,1.86E-09,9:17,6,180902,0,
2018-09-02 9:18,,0.000263574,1.86E-09,9:18,6,180902,0,
2018-09-02 9:19,,0.000263574,1.86E-09,9:19,6,180902,0,
2018-09-02 9:20,,0.000263574,1.86E-09,9:20,6,180902,0,
2018-09-02 9:21,,0.000263574,1.86E-09,9:21,6,180902,0,
2018-09-02 9:22,,0.000263574,1.86E-09,9:22,6,180902,0,
2018-09-02 9:23,,0.000263574,1.86E-09,9:23,6,180902,0,
2018-09-02 9:24,,0.000263574,1.86E-09,9:24,6,180902,0,
2018-09-02 9:25,,0.000263574,1.86E-09,9:25,6,180902,0,
2018-09-02 9:26,,0.000263574,1.86E-09,9:26,6,180902,0,
2018-09-02 9:27,,0.000263574,1.86E-09,9:27,6,180902,0,
2018-09-02 9:28,,0.000263574,1.86E-09,9:28,6,180902,0,
2018-09-02 9:29,,0.000263574,1.86E-09,9:29,6,180902,0,
2018-09-02 9:30,,0.000263574,1.86E-09,9:30,6,180902,0,
2018-09-02 9:31,,0.000263574,1.86E-09,9:31,6,180902,0,
2018-09-02 9:32,,0.000263574,1.86E-09,9:32,6,180902,0,
2018-09-02 9:33,,0.000263574,1.86E-09,9:33,6,180902,0,
2018-09-02 9:34,,0.000263574,1.86E-09,9:34,6,180902,0,
2018-09-02 9:35,,0.000263574,1.86E-09,9:35,6,180902,0,
2018-09-02 9:36,,0.000263574,1.86E-09,9:36,6,180902,0,
2018-09-02 9:37,,0.000263574,1.86E-09,9:37,6,180902,0,
2018-09-02 9:38,,0.000263574,1.86E-09,9:38,6,180902,0,
2018-09-02 9:39,,0.000263574,1.86E-09,9:39,6,180902,0,
2018-09-02 9:40,,0.000263574,1.86E-09,9:40,6,180902,0,
2018-09-02 9:41,,0.000263574,1.86E-09,9:41,6,180902,0,
2018-09-02 9:42,,0.000263574,1.86E-09,9:42,6,180902,0,
2018-09-02 9:43,,0.000263574,1.86E-09,9:43,6,180902,0,
2018-09-02 9:44,,0.000263574,1.86E-09,9:44,6,180902,0,
2018-09-02 9:45,,0.000263574,1.86E-09,9:45,6,180902,0,
2018-09-02 9:46,,0.000263574,1.86E-09,9:46,6,180902,0,
2018-09-02 9:47,,0.000263574,1.86E-09,9:47,6,180902,0,
2018-09-02 9:48,,0.000263574,1.86E-09,9:48,6,180902,0,
2018-09-02 9:49,,0.000263574,1.86E-09,9:49,6,180902,0,
2018-09-02 9:50,,0.000263574,1.86E-09,9:50,6,180902,0,
2018-09-02 9:51,,0.000263574,1.86E-09,9:51,6,180902,0,
2018-09-02 9:52,,0.000263574,1.86E-09,9:52,6,180902,0,
2018-09-02 9:53,,0.000263574,1.86E-09,9:53,6,180902,0,
2018-09-02 9:54,,0.000263574,1.86E-09,9:54,6,180902,0,
2018-09-02 9:55,,0.000263574,1.86E-09,9:55,6,180902,0,
2018-09-02 9:56,,0.000263574,1.86E-09,9:56,6,180902,0,
2018-09-02 9:57,,0.000263574,1.86E-09,9:57,6,180902,0,
2018-09-02 9:58,,0.000263574,1.86E-09,9:58,6,180902,0,
2018-09-02 9:59,,0.000263574,1.86E-09,9:59,6,180902,0,
2018-09-02 10:00,,0.000263574,1.86E-09,10:00,6,180902,0,
2018-09-02 10:01,,0.000263574,1.86E-09,10:01,6,180902,0,
2018-09-02 10:02,,0.000263574,1.86E-09,10:02,6,180902,0,
2018-09-02 10:03,,0.000263574,1.86E-09,10:03,6,180902,0,
2018-09-02 10:04,,0.000263574,1.86E-09,10:04,6,180902,0,
2018-09-02 10:05,,0.000263574,1.86E-09,10:05,6,180902,0,
2018-09-02 10:06,,0.000263574,1.86E-09,10:06,6,180902,0,
2018-09-02 10:07,,0.000263574,1.86E-09,10:07,6,180902,0,
2018-09-02 10:08,,0.000263574,1.86E-09,10:08,6,180902,0,
2018-09-02 10:09,,0.000263574,1.86E-09,10:09,6,180902,0,
2018-09-02 10:10,,0.000263574,1.86E-09,10:10,6,180902,0,
2018-09-02 10:11,,0.000263574,1.86E-09,10:11,6,180902,0,
2018-09-02 10:12,,0.000263574,1.86E-09,10:12,6,180902,0,
2018-09-02 10:13,,0.000263574,1.86E-09,10:13,6,180902,0,
2018-09-02 10:14,,0.000263574,1.86E-09,10:14,6,180902,0,
2018-09-02 10:15,,0.000263574,1.86E-09,10:15,6,180902,0,
2018-09-02 10:16,,0.000263574,1.86E-09,10:16,6,180902,0,
2018-09-02 10:17,,0.000263574,1.86E-09,10:17,6,180902,0,
2018-09-02 10:18,,0.000263574,1.86E-09,10:18,6,180902,0,
2018-09-02 10:19,,0.000263574,1.86E-09,10:19,6,180902,0,
2018-09-02 10:20,,0.000263574,1.86E-09,10:20,6,180902,0,
2018-09-02 10:21,,0.000263574,1.86E-09,10:21,6,180902,0,
2018-09-02 10:22,,0.000263574,1.86E-09,10:22,6,180902,0,
2018-09-02 10:23,,0.000263574,1.86E-09,10:23,6,180902,0,
2018-09-02 10:24,,0.000263574,1.86E-09,10:24,6,180902,0,
2018-09-02 10:25,,0.000263574,1.86E-09,10:25,6,180902,0,
2018-09-02 10:26,,0.000263574,1.86E-09,10:26,6,180902,0,
2018-09-02 10:27,,0.000263574,1.86E-09,10:27,6,180902,0,
2018-09-02 10:28,,0.000263574,1.86E-09,10:28,6,180902,0,
2018-09-02 10:29,,0.000263574,1.86E-09,10:29,6,180902,0,
2018-09-02 10:30,,0.000263574,1.86E-09,10:30,6,180902,0,
2018-09-02 10:31,,0.000263574,1.86E-09,10:31,6,180902,0,
2018-09-02 10:32,,0.000263574,1.86E-09,10:32,6,180902,0,
2018-09-02 10:33,,0.000263574,1.86E-09,10:33,6,180902,0,
2018-09-02 10:34,,0.000263574,1.86E-09,10:34,6,180902,0,
2018-09-02 10:35,,0.000263574,1.86E-09,10:35,6,180902,0,
2018-09-02 10:36,,0.000263574,1.86E-09,10:36,6,180902,0,
2018-09-02 10:37,,0.000263574,1.86E-09,10:37,6,180902,0,
2018-09-02 10:38,,0.000263574,1.86E-09,10:38,6,180902,0,
2018-09-02 10:39,,0.000263574,1.86E-09,10:39,6,180902,0,
2018-09-02 10:40,,0.000263574,1.86E-09,10:40,6,180902,0,
2018-09-02 10:41,,0.000263574,1.86E-09,10:41,6,180902,0,
2018-09-02 10:42,,0.000263574,1.86E-09,10:42,6,180902,0,
2018-09-02 10:43,,0.000263574,1.86E-09,10:43,6,180902,0,
2018-09-02 10:44,,0.000263574,1.86E-09,10:44,6,180902,0,
2018-09-02 10:45,,0.000263574,1.86E-09,10:45,6,180902,0,
2018-09-02 10:46,,0.000263574,1.86E-09,10:46,6,180902,0,
2018-09-02 10:47,,0.000263574,1.86E-09,10:47,6,180902,0,
2018-09-02 10:48,,0.000263574,1.86E-09,10:48,6,180902,0,
2018-09-02 10:49,,0.000263574,1.86E-09,10:49,6,180902,0,
2018-09-02 10:50,,0.000263574,1.86E-09,10:50,6,180902,0,
2018-09-02 10:51,,0.000263574,1.86E-09,10:51,6,180902,0,
2018-09-02 10:52,,0.000263574,1.86E-09,10:52,6,180902,0,
2018-09-02 10:53,,0.000263574,1.86E-09,10:53,6,180902,0,
2018-09-02 10:54,,0.000263574,1.86E-09,10:54,6,180902,0,
2018-09-02 10:55,,0.000263574,1.86E-09,10:55,6,180902,0,
2018-09-02 10:56,,0.000263574,1.86E-09,10:56,6,180902,0,
2018-09-02 10:57,,0.000263574,1.86E-09,10:57,6,180902,0,
2018-09-02 10:58,,0.000263574,1.86E-09,10:58,6,180902,0,
2018-09-02 10:59,,0.000263574,1.86E-09,10:59,6,180902,0,
2018-09-02 11:00,,0.000263574,1.86E-09,11:00,6,180902,0,
2018-09-02 11:01,,0.000263574,1.86E-09,11:01,6,180902,0,
2018-09-02 11:02,,0.000263574,1.86E-09,11:02,6,180902,0,
2018-09-02 11:03,,0.000263574,1.86E-09,11:03,6,180902,0,
2018-09-02 11:04,,0.000263574,1.86E-09,11:04,6,180902,0,
2018-09-02 11:05,,0.000263574,1.86E-09,11:05,6,180902,0,
2018-09-02 11:06,,0.000263574,1.86E-09,11:06,6,180902,0,
2018-09-02 11:07,,0.000263574,1.86E-09,11:07,6,180902,0,
2018-09-02 11:08,,0.000263574,1.86E-09,11:08,6,180902,0,
2018-09-02 11:09,,0.000263574,1.86E-09,11:09,6,180902,0,
2018-09-02 11:10,,0.000263574,1.86E-09,11:10,6,180902,0,
2018-09-02 11:11,,0.000263574,1.86E-09,11:11,6,180902,0,
2018-09-02 11:12,,0.000263574,1.86E-09,11:12,6,180902,0,
2018-09-02 11:13,,0.000263574,1.86E-09,11:13,6,180902,0,
2018-09-02 11:14,,0.000263574,1.86E-09,11:14,6,180902,0,
2018-09-02 11:15,,0.000263574,1.86E-09,11:15,6,180902,0,
2018-09-02 11:16,,0.000263574,1.86E-09,11:16,6,180902,0,
2018-09-02 11:17,,0.000263574,1.86E-09,11:17,6,180902,0,
2018-09-02 11:18,,0.000263574,1.86E-09,11:18,6,180902,0,
2018-09-02 11:19,,0.000263574,1.86E-09,11:19,6,180902,0,
2018-09-02 11:20,,0.000263574,1.86E-09,11:20,6,180902,0,
2018-09-02 11:21,,0.000263574,1.86E-09,11:21,6,180902,0,
2018-09-02 11:22,,0.000263574,1.86E-09,11:22,6,180902,0,
2018-09-02 11:23,,0.000263574,1.86E-09,11:23,6,180902,0,
2018-09-02 11:24,,0.000263574,1.86E-09,11:24,6,180902,0,
2018-09-02 11:25,,0.000263574,1.86E-09,11:25,6,180902,0,
2018-09-02 11:26,,0.000263574,1.86E-09,11:26,6,180902,0,
2018-09-02 11:27,,0.000263574,1.86E-09,11:27,6,180902,0,
2018-09-02 11:28,,0.000263574,1.86E-09,11:28,6,180902,0,
2018-09-02 11:29,,0.000263574,1.86E-09,11:29,6,180902,0,
2018-09-02 11:30,,0.000263574,1.86E-09,11:30,6,180902,0,
2018-09-02 11:31,,0.000263574,1.86E-09,11:31,6,180902,0,
2018-09-02 11:32,,0.000263574,1.86E-09,11:32,6,180902,0,
2018-09-02 11:33,,0.000263574,1.86E-09,11:33,6,180902,0,
2018-09-02 11:34,,0.000263574,1.86E-09,11:34,6,180902,0,
2018-09-02 11:35,,0.000263574,1.86E-09,11:35,6,180902,0,
2018-09-02 11:36,,0.000263574,1.86E-09,11:36,6,180902,0,
2018-09-02 11:37,,0.000263574,1.86E-09,11:37,6,180902,0,
2018-09-02 11:38,,0.000263574,1.86E-09,11:38,6,180902,0,
2018-09-02 11:39,,0.000263574,1.86E-09,11:39,6,180902,0,
2018-09-02 11:40,,0.000263574,1.86E-09,11:40,6,180902,0,
2018-09-02 11:41,,0.000263574,1.86E-09,11:41,6,180902,0,
2018-09-02 11:42,,0.000263574,1.86E-09,11:42,6,180902,0,
2018-09-02 11:43,,0.000263574,1.86E-09,11:43,6,180902,0,
2018-09-02 11:44,,0.000263574,1.86E-09,11:44,6,180902,0,
2018-09-02 11:45,,0.000263574,1.86E-09,11:45,6,180902,0,
2018-09-02 11:46,,0.000263574,1.86E-09,11:46,6,180902,0,
2018-09-02 11:47,,0.000263574,1.86E-09,11:47,6,180902,0,
2018-09-02 11:48,,0.000263574,1.86E-09,11:48,6,180902,0,
2018-09-02 11:49,,0.000263574,1.86E-09,11:49,6,180902,0,
2018-09-02 11:50,,0.000263574,1.86E-09,11:50,6,180902,0,
2018-09-02 11:51,,0.000263574,1.86E-09,11:51,6,180902,0,
2018-09-02 11:52,,0.000263574,1.86E-09,11:52,6,180902,0,
2018-09-02 11:53,,0.000263574,1.86E-09,11:53,6,180902,0,
2018-09-02 11:54,,0.000263574,1.86E-09,11:54,6,180902,0,
2018-09-02 11:55,,0.000263574,1.86E-09,11:55,6,180902,0,
2018-09-02 11:56,,0.000263574,1.86E-09,11:56,6,180902,0,
2018-09-02 11:57,,0.000263574,1.86E-09,11:57,6,180902,0,
2018-09-02 11:58,,0.000263574,1.86E-09,11:58,6,180902,0,
2018-09-02 11:59,,0.000263574,1.86E-09,11:59,6,180902,0,
2018-09-02 12:00,,0.000263574,1.86E-09,12:00,6,180902,0,
2018-09-02 12:01,,0.000263574,1.86E-09,12:01,6,180902,0,
2018-09-02 12:02,,0.000263574,1.86E-09,12:02,6,180902,0,
2018-09-02 12:03,,0.000263574,1.86E-09,12:03,6,180902,0,
2018-09-02 12:04,,0.000263574,1.86E-09,12:04,6,180902,0,
2018-09-02 12:05,,0.000263574,1.86E-09,12:05,6,180902,0,
2018-09-02 12:06,,0.000263574,1.86E-09,12:06,6,180902,0,
2018-09-02 12:07,,0.000263574,1.86E-09,12:07,6,180902,0,
2018-09-02 12:08,,0.000263574,1.86E-09,12:08,6,180902,0,
2018-09-02 12:09,,0.000263574,1.86E-09,12:09,6,180902,0,
2018-09-02 12:10,,0.000263574,1.86E-09,12:10,6,180902,0,
2018-09-02 12:11,,0.000263574,1.86E-09,12:11,6,180902,0,
2018-09-02 12:12,,0.000263574,1.86E-09,12:12,6,180902,0,
2018-09-02 12:13,,0.000263574,1.86E-09,12:13,6,180902,0,
2018-09-02 12:14,,0.000263574,1.86E-09,12:14,6,180902,0,
2018-09-02 12:15,,0.000263574,1.86E-09,12:15,6,180902,0,
2018-09-02 12:16,,0.000263574,1.86E-09,12:16,6,180902,0,
2018-09-02 12:17,,0.000263574,1.86E-09,12:17,6,180902,0,
2018-09-02 12:18,,0.000263574,1.86E-09,12:18,6,180902,0,
2018-09-02 12:19,,0.000263574,1.86E-09,12:19,6,180902,0,
2018-09-02 12:20,,0.000263574,1.86E-09,12:20,6,180902,0,
2018-09-02 12:21,,0.000263574,1.86E-09,12:21,6,180902,0,
2018-09-02 12:22,,0.000263574,1.86E-09,12:22,6,180902,0,
2018-09-02 12:23,,0.000263574,1.86E-09,12:23,6,180902,0,
2018-09-02 12:24,,0.000263574,1.86E-09,12:24,6,180902,0,
2018-09-02 12:25,,0.000263574,1.86E-09,12:25,6,180902,0,
2018-09-02 12:26,,0.000263574,1.86E-09,12:26,6,180902,0,
2018-09-02 12:27,,0.000263574,1.86E-09,12:27,6,180902,0,
2018-09-02 12:28,,0.000263574,1.86E-09,12:28,6,180902,0,
2018-09-02 12:29,,0.000263574,1.86E-09,12:29,6,180902,0,
2018-09-02 12:30,,0.000263574,1.86E-09,12:30,6,180902,0,
2018-09-02 12:31,,0.000263574,1.86E-09,12:31,6,180902,0,
2018-09-02 12:32,,0.000263574,1.86E-09,12:32,6,180902,0,
2018-09-02 12:33,,0.000263574,1.86E-09,12:33,6,180902,0,
2018-09-02 12:34,,0.000263574,1.86E-09,12:34,6,180902,0,
2018-09-02 12:35,,0.000263574,1.86E-09,12:35,6,180902,0,
2018-09-02 12:36,,0.000263574,1.86E-09,12:36,6,180902,0,
2018-09-02 12:37,,0.000263574,1.86E-09,12:37,6,180902,0,
2018-09-02 12:38,,0.000263574,1.86E-09,12:38,6,180902,0,
2018-09-02 12:39,,0.000263574,1.86E-09,12:39,6,180902,0,
2018-09-02 12:40,,0.000263574,1.86E-09,12:40,6,180902,0,
2018-09-02 12:41,,0.000263574,1.86E-09,12:41,6,180902,0,
2018-09-02 12:42,,0.000263574,1.86E-09,12:42,6,180902,0,
2018-09-02 12:43,,0.000263574,1.86E-09,12:43,6,180902,0,
2018-09-02 12:44,,0.000263574,1.86E-09,12:44,6,180902,0,
2018-09-02 12:45,,0.000263574,1.86E-09,12:45,6,180902,0,
2018-09-02 12:46,,0.000263574,1.86E-09,12:46,6,180902,0,
2018-09-02 12:47,,0.000263574,1.86E-09,12:47,6,180902,0,
2018-09-02 12:48,,0.000263574,1.86E-09,12:48,6,180902,0,
2018-09-02 12:49,,0.000263574,1.86E-09,12:49,6,180902,0,
2018-09-02 12:50,,0.000263574,1.86E-09,12:50,6,180902,0,
2018-09-02 12:51,,0.000263574,1.86E-09,12:51,6,180902,0,
2018-09-02 12:52,,0.000263574,1.86E-09,12:52,6,180902,0,
2018-09-02 12:53,,0.000263574,1.86E-09,12:53,6,180902,0,
2018-09-02 12:54,,0.000263574,1.86E-09,12:54,6,180902,0,
2018-09-02 12:55,,0.000263574,1.86E-09,12:55,6,180902,0,
2018-09-02 12:56,,0.000263574,1.86E-09,12:56,6,180902,0,
2018-09-02 12:57,,0.000263574,1.86E-09,12:57,6,180902,0,
2018-09-02 12:58,,0.000263574,1.86E-09,12:58,6,180902,0,
2018-09-02 12:59,,0.000263574,1.86E-09,12:59,6,180902,0,
2018-09-02 13:00,,0.000263574,1.86E-09,13:00,6,180902,0,
2018-09-02 13:01,,0.000263574,1.86E-09,13:01,6,180902,0,
2018-09-02 13:02,,0.000263574,1.86E-09,13:02,6,180902,0,
2018-09-02 13:03,,0.000263574,1.86E-09,13:03,6,180902,0,
2018-09-02 13:04,,0.000263574,1.86E-09,13:04,6,180902,0,
2018-09-02 13:05,,0.000263574,1.86E-09,13:05,6,180902,0,
2018-09-02 13:06,,0.000263574,1.86E-09,13:06,6,180902,0,
2018-09-02 13:07,,0.000263574,1.86E-09,13:07,6,180902,0,
2018-09-02 13:08,,0.000263574,1.86E-09,13:08,6,180902,0,
2018-09-02 13:09,,0.000263574,1.86E-09,13:09,6,180902,0,
2018-09-02 13:10,,0.000263574,1.86E-09,13:10,6,180902,0,
2018-09-02 13:11,,0.000263574,1.86E-09,13:11,6,180902,0,
2018-09-02 13:12,,0.000263574,1.86E-09,13:12,6,180902,0,
2018-09-02 13:13,,0.000263574,1.86E-09,13:13,6,180902,0,
2018-09-02 13:14,,0.000263574,1.86E-09,13:14,6,180902,0,
2018-09-02 13:15,,0.000263574,1.86E-09,13:15,6,180902,0,
2018-09-02 13:16,,0.000263574,1.86E-09,13:16,6,180902,0,
2018-09-02 13:17,,0.000263574,1.86E-09,13:17,6,180902,0,
2018-09-02 13:18,,0.000263574,1.86E-09,13:18,6,180902,0,
2018-09-02 13:19,,0.000263574,1.86E-09,13:19,6,180902,0,
2018-09-02 13:20,,0.000263574,1.86E-09,13:20,6,180902,0,
2018-09-02 13:21,,0.000263574,1.86E-09,13:21,6,180902,0,
2018-09-02 13:22,,0.000263574,1.86E-09,13:22,6,180902,0,
2018-09-02 13:23,,0.000263574,1.86E-09,13:23,6,180902,0,
2018-09-02 13:24,,0.000263574,1.86E-09,13:24,6,180902,0,
2018-09-02 13:25,,0.000263574,1.86E-09,13:25,6,180902,0,
2018-09-02 13:26,,0.000263574,1.86E-09,13:26,6,180902,0,
2018-09-02 13:27,,0.000263574,1.86E-09,13:27,6,180902,0,
2018-09-02 13:28,,0.000263574,1.86E-09,13:28,6,180902,0,
2018-09-02 13:29,,0.000263574,1.86E-09,13:29,6,180902,0,
2018-09-02 13:30,,0.000263574,1.86E-09,13:30,6,180902,0,
2018-09-02 13:31,,0.000263574,1.86E-09,13:31,6,180902,0,
2018-09-02 13:32,,0.000263574,1.86E-09,13:32,6,180902,0,
2018-09-02 13:33,,0.000263574,1.86E-09,13:33,6,180902,0,
2018-09-02 13:34,,0.000263574,1.86E-09,13:34,6,180902,0,
2018-09-02 13:35,,0.000263574,1.86E-09,13:35,6,180902,0,
2018-09-02 13:36,,0.000263574,1.86E-09,13:36,6,180902,0,
2018-09-02 13:37,,0.000263574,1.86E-09,13:37,6,180902,0,
2018-09-02 13:38,,0.000263574,1.86E-09,13:38,6,180902,0,
2018-09-02 13:39,,0.000263574,1.86E-09,13:39,6,180902,0,
2018-09-02 13:40,,0.000263574,1.86E-09,13:40,6,180902,0,
2018-09-02 13:41,,0.000263574,1.86E-09,13:41,6,180902,0,
2018-09-02 13:42,,0.000263574,1.86E-09,13:42,6,180902,0,
2018-09-02 13:43,,0.000263574,1.86E-09,13:43,6,180902,0,
2018-09-02 13:44,,0.000263574,1.86E-09,13:44,6,180902,0,
2018-09-02 13:45,,0.000263574,1.86E-09,13:45,6,180902,0,
2018-09-02 13:46,,0.000263574,1.86E-09,13:46,6,180902,0,
2018-09-02 13:47,,0.000263574,1.86E-09,13:47,6,180902,0,
2018-09-02 13:48,,0.000263574,1.86E-09,13:48,6,180902,0,
2018-09-02 13:49,,0.000263574,1.86E-09,13:49,6,180902,0,
2018-09-02 13:50,,0.000263574,1.86E-09,13:50,6,180902,0,
2018-09-02 13:51,,0.000263574,1.86E-09,13:51,6,180902,0,
2018-09-02 13:52,,0.000263574,1.86E-09,13:52,6,180902,0,
2018-09-02 13:53,,0.000263574,1.86E-09,13:53,6,180902,0,
2018-09-02 13:54,,0.000263574,1.86E-09,13:54,6,180902,0,
2018-09-02 13:55,,0.000263574,1.86E-09,13:55,6,180902,0,
2018-09-02 13:56,,0.000263574,1.86E-09,13:56,6,180902,0,
2018-09-02 13:57,,0.000263574,1.86E-09,13:57,6,180902,0,
2018-09-02 13:58,,0.000263574,1.86E-09,13:58,6,180902,0,
2018-09-02 13:59,,0.000263574,1.86E-09,13:59,6,180902,0,
2018-09-02 14:00,,0.000263574,1.86E-09,14:00,6,180902,0,
2018-09-02 14:01,,0.000263574,1.86E-09,14:01,6,180902,0,
2018-09-02 14:02,,0.000263574,1.86E-09,14:02,6,180902,0,
2018-09-02 14:03,,0.000263574,1.86E-09,14:03,6,180902,0,
2018-09-02 14:04,,0.000263574,1.86E-09,14:04,6,180902,0,
2018-09-02 14:05,,0.000263574,1.86E-09,14:05,6,180902,0,
2018-09-02 14:06,,0.000263574,1.86E-09,14:06,6,180902,0,
2018-09-02 14:07,,0.000263574,1.86E-09,14:07,6,180902,0,
2018-09-02 14:08,,0.000263574,1.86E-09,14:08,6,180902,0,
2018-09-02 14:09,,0.000263574,1.86E-09,14:09,6,180902,0,
2018-09-02 14:10,,0.000263574,1.86E-09,14:10,6,180902,0,
2018-09-02 14:11,,0.000263574,1.86E-09,14:11,6,180902,0,
2018-09-02 14:12,,0.000263574,1.86E-09,14:12,6,180902,0,
2018-09-02 14:13,,0.000263574,1.86E-09,14:13,6,180902,0,
2018-09-02 14:14,,0.000263574,1.86E-09,14:14,6,180902,0,
2018-09-02 14:15,,0.000263574,1.86E-09,14:15,6,180902,0,
2018-09-02 14:16,,0.000263574,1.86E-09,14:16,6,180902,0,
2018-09-02 14:17,,0.000263574,1.86E-09,14:17,6,180902,0,
2018-09-02 14:18,,0.000263574,1.86E-09,14:18,6,180902,0,
2018-09-02 14:19,,0.000263574,1.86E-09,14:19,6,180902,0,
2018-09-02 14:20,,0.000263574,1.86E-09,14:20,6,180902,0,
2018-09-02 14:21,,0.000263574,1.86E-09,14:21,6,180902,0,
2018-09-02 14:22,,0.000263574,1.86E-09,14:22,6,180902,0,
2018-09-02 14:23,,0.000263574,1.86E-09,14:23,6,180902,0,
2018-09-02 14:24,,0.000263574,1.86E-09,14:24,6,180902,0,
2018-09-02 14:25,,0.000263574,1.86E-09,14:25,6,180902,0,
2018-09-02 14:26,,0.000263574,1.86E-09,14:26,6,180902,0,
2018-09-02 14:27,,0.000263574,1.86E-09,14:27,6,180902,0,
2018-09-02 14:28,,0.000263574,1.86E-09,14:28,6,180902,0,
2018-09-02 14:29,,0.000263574,1.86E-09,14:29,6,180902,0,
2018-09-02 14:30,,0.000263574,1.86E-09,14:30,6,180902,0,
2018-09-02 14:31,,0.000263574,1.86E-09,14:31,6,180902,0,
2018-09-02 14:32,,0.000263574,1.86E-09,14:32,6,180902,0,
2018-09-02 14:33,,0.000263574,1.86E-09,14:33,6,180902,0,
2018-09-02 14:34,,0.000263574,1.86E-09,14:34,6,180902,0,
2018-09-02 14:35,,0.000263574,1.86E-09,14:35,6,180902,0,
2018-09-02 14:36,,0.000263574,1.86E-09,14:36,6,180902,0,
2018-09-02 14:37,,0.000263574,1.86E-09,14:37,6,180902,0,
2018-09-02 14:38,,0.000263574,1.86E-09,14:38,6,180902,0,
2018-09-02 14:39,,0.000263574,1.86E-09,14:39,6,180902,0,
2018-09-02 14:40,,0.000263574,1.86E-09,14:40,6,180902,0,
2018-09-02 14:41,,0.000263574,1.86E-09,14:41,6,180902,0,
2018-09-02 14:42,,0.000263574,1.86E-09,14:42,6,180902,0,
2018-09-02 14:43,,0.000263574,1.86E-09,14:43,6,180902,0,
2018-09-02 14:44,,0.000263574,1.86E-09,14:44,6,180902,0,
2018-09-02 14:45,,0.000263574,1.86E-09,14:45,6,180902,0,
2018-09-02 14:46,,0.000263574,1.86E-09,14:46,6,180902,0,
2018-09-02 14:47,,0.000263574,1.86E-09,14:47,6,180902,0,
2018-09-02 14:48,,0.000263574,1.86E-09,14:48,6,180902,0,
2018-09-02 14:49,,0.000263574,1.86E-09,14:49,6,180902,0,
2018-09-02 14:50,,0.000263574,1.86E-09,14:50,6,180902,0,
2018-09-02 14:51,,0.000263574,1.86E-09,14:51,6,180902,0,
2018-09-02 14:52,,0.000263574,1.86E-09,14:52,6,180902,0,
2018-09-02 14:53,,0.000263574,1.86E-09,14:53,6,180902,0,
2018-09-02 14:54,,0.000263574,1.86E-09,14:54,6,180902,0,
2018-09-02 14:55,,0.000263574,1.86E-09,14:55,6,180902,0,
2018-09-02 14:56,,0.000263574,1.86E-09,14:56,6,180902,0,
2018-09-02 14:57,,0.000263574,1.86E-09,14:57,6,180902,0,
2018-09-02 14:58,,0.000263574,1.86E-09,14:58,6,180902,0,
2018-09-02 14:59,,0.000263574,1.86E-09,14:59,6,180902,0,
2018-09-02 15:00,,0.000263574,1.86E-09,15:00,6,180902,0,
2018-09-02 15:01,,0.000263574,1.86E-09,15:01,6,180902,0,
2018-09-02 15:02,,0.000263574,1.86E-09,15:02,6,180902,0,
2018-09-02 15:03,,0.000263574,1.86E-09,15:03,6,180902,0,
2018-09-02 15:04,,0.000263574,1.86E-09,15:04,6,180902,0,
2018-09-02 15:05,,0.000263574,1.86E-09,15:05,6,180902,0,
2018-09-02 15:06,,0.000263574,1.86E-09,15:06,6,180902,0,
2018-09-02 15:07,,0.000263574,1.86E-09,15:07,6,180902,0,
2018-09-02 15:08,,0.000263574,1.86E-09,15:08,6,180902,0,
2018-09-02 15:09,,0.000263574,1.86E-09,15:09,6,180902,0,
2018-09-02 15:10,,0.000263574,1.86E-09,15:10,6,180902,0,
2018-09-02 15:11,,0.000263574,1.86E-09,15:11,6,180902,0,
2018-09-02 15:12,,0.000263574,1.86E-09,15:12,6,180902,0,
2018-09-02 15:13,,0.000263574,1.86E-09,15:13,6,180902,0,
2018-09-02 15:14,,0.000263574,1.86E-09,15:14,6,180902,0,
2018-09-02 15:15,,0.000263574,1.86E-09,15:15,6,180902,0,
2018-09-02 15:16,,0.000263574,1.86E-09,15:16,6,180902,0,
2018-09-02 15:17,,0.000263574,1.86E-09,15:17,6,180902,0,
2018-09-02 15:18,,0.000263574,1.86E-09,15:18,6,180902,0,
2018-09-02 15:19,,0.000263574,1.86E-09,15:19,6,180902,0,
2018-09-02 15:20,,0.000263574,1.86E-09,15:20,6,180902,0,
2018-09-02 15:21,,0.000263574,1.86E-09,15:21,6,180902,0,
2018-09-02 15:22,,0.000263574,1.86E-09,15:22,6,180902,0,
2018-09-02 15:23,,0.000263574,1.86E-09,15:23,6,180902,0,
2018-09-02 15:24,,0.000263574,1.86E-09,15:24,6,180902,0,
2018-09-02 15:25,,0.000263574,1.86E-09,15:25,6,180902,0,
2018-09-02 15:26,,0.000263574,1.86E-09,15:26,6,180902,0,
2018-09-02 15:27,,0.000263574,1.86E-09,15:27,6,180902,0,
2018-09-02 15:28,,0.000263574,1.86E-09,15:28,6,180902,0,
2018-09-02 15:29,,0.000263574,1.86E-09,15:29,6,180902,0,
2018-09-02 15:30,,0.000263574,1.86E-09,15:30,6,180902,0,
2018-09-02 15:31,,0.000263574,1.86E-09,15:31,6,180902,0,
2018-09-02 15:32,,0.000263574,1.86E-09,15:32,6,180902,0,
2018-09-02 15:33,,0.000263574,1.86E-09,15:33,6,180902,0,
2018-09-02 15:34,,0.000263574,1.86E-09,15:34,6,180902,0,
2018-09-02 15:35,,0.000263574,1.86E-09,15:35,6,180902,0,
2018-09-02 15:36,,0.000263574,1.86E-09,15:36,6,180902,0,
2018-09-02 15:37,,0.000263574,1.86E-09,15:37,6,180902,0,
2018-09-02 15:38,,0.000263574,1.86E-09,15:38,6,180902,0,
2018-09-02 15:39,,0.000263574,1.86E-09,15:39,6,180902,0,
2018-09-02 15:40,,0.000263574,1.86E-09,15:40,6,180902,0,
2018-09-02 15:41,,0.000263574,1.86E-09,15:41,6,180902,0,
2018-09-02 15:42,,0.000263574,1.86E-09,15:42,6,180902,0,
2018-09-02 15:43,,0.000263574,1.86E-09,15:43,6,180902,0,
2018-09-02 15:44,,0.000263574,1.86E-09,15:44,6,180902,0,
2018-09-02 15:45,,0.000263574,1.86E-09,15:45,6,180902,0,
2018-09-02 15:46,,0.000263574,1.86E-09,15:46,6,180902,0,
2018-09-02 15:47,,0.000263574,1.86E-09,15:47,6,180902,0,
2018-09-02 15:48,,0.000263574,1.86E-09,15:48,6,180902,0,
2018-09-02 15:49,,0.000263574,1.86E-09,15:49,6,180902,0,
2018-09-02 15:50,,0.000263574,1.86E-09,15:50,6,180902,0,
2018-09-02 15:51,,0.000263574,1.86E-09,15:51,6,180902,0,
2018-09-02 15:52,,0.000263574,1.86E-09,15:52,6,180902,0,
2018-09-02 15:53,,0.000263574,1.86E-09,15:53,6,180902,0,
2018-09-02 15:54,,0.000263574,1.86E-09,15:54,6,180902,0,
2018-09-02 15:55,,0.000263574,1.86E-09,15:55,6,180902,0,
2018-09-02 15:56,,0.000263574,1.86E-09,15:56,6,180902,0,
2018-09-02 15:57,,0.000263574,1.86E-09,15:57,6,180902,0,
2018-09-02 15:58,,0.000263574,1.86E-09,15:58,6,180902,0,
2018-09-02 15:59,,0.000263574,1.86E-09,15:59,6,180902,0,
2018-09-02 16:00,,0.000263574,1.86E-09,16:00,6,180902,0,
2018-09-02 16:01,,0.000263574,1.86E-09,16:01,6,180902,0,
2018-09-02 16:02,,0.000263574,1.86E-09,16:02,6,180902,0,
2018-09-02 16:03,,0.000263574,1.86E-09,16:03,6,180902,0,
2018-09-02 16:04,,0.000263574,1.86E-09,16:04,6,180902,0,
2018-09-02 16:05,,0.000263574,1.86E-09,16:05,6,180902,0,
2018-09-02 16:06,,0.000263574,1.86E-09,16:06,6,180902,0,
2018-09-02 16:07,,0.000263574,1.86E-09,16:07,6,180902,0,
2018-09-02 16:08,,0.000263574,1.86E-09,16:08,6,180902,0,
2018-09-02 16:09,,0.000263574,1.86E-09,16:09,6,180902,0,
2018-09-02 16:10,,0.000263574,1.86E-09,16:10,6,180902,0,
2018-09-02 16:11,,0.000263574,1.86E-09,16:11,6,180902,0,
2018-09-02 16:12,,0.000263574,1.86E-09,16:12,6,180902,0,
2018-09-02 16:13,,0.000263574,1.86E-09,16:13,6,180902,0,
2018-09-02 16:15,,0.000263574,1.86E-09,16:15,6,180902,0,
2018-09-02 16:16,,0.000263574,1.86E-09,16:16,6,180902,0,
2018-09-02 16:17,,0.000263574,1.86E-09,16:17,6,180902,0,
2018-09-02 16:18,,0.000263574,1.86E-09,16:18,6,180902,0,
2018-09-02 16:19,,0.000263574,1.86E-09,16:19,6,180902,0,
2018-09-02 16:20,,0.000263574,1.86E-09,16:20,6,180902,0,
2018-09-02 16:21,,0.000263574,1.86E-09,16:21,6,180902,0,
2018-09-02 16:22,,0.000263574,1.86E-09,16:22,6,180902,0,
2018-09-02 16:23,,0.000263574,1.86E-09,16:23,6,180902,0,
2018-09-02 16:25,,0.000263574,1.86E-09,16:25,6,180902,0,
2018-09-02 16:26,,0.000263574,1.86E-09,16:26,6,180902,0,
2018-09-02 16:27,,0.000263574,1.86E-09,16:27,6,180902,0,
2018-09-02 16:28,,0.000263574,1.86E-09,16:28,6,180902,0,
2018-09-02 16:29,,0.000263574,1.86E-09,16:29,6,180902,0,
2018-09-02 16:30,,0.000263574,1.86E-09,16:30,6,180902,0,
2018-09-02 16:31,,0.000263574,1.86E-09,16:31,6,180902,0,
2018-09-02 16:32,,0.000263574,1.86E-09,16:32,6,180902,0,
2018-09-02 16:33,,0.000263574,1.86E-09,16:33,6,180902,0,
2018-09-02 16:34,,0.000263574,1.86E-09,16:34,6,180902,0,
2018-09-02 16:35,,0.000263574,1.86E-09,16:35,6,180902,0,
2018-09-02 16:36,,0.000263574,1.86E-09,16:36,6,180902,0,
2018-09-02 16:37,,0.000263574,1.86E-09,16:37,6,180902,0,
2018-09-02 16:38,,0.000263574,1.86E-09,16:38,6,180902,0,
2018-09-02 16:39,,0.000263574,1.86E-09,16:39,6,180902,0,
2018-09-02 16:40,,0.000263574,1.86E-09,16:40,6,180902,0,
2018-09-02 16:41,,0.000263574,1.86E-09,16:41,6,180902,0,
2018-09-02 16:42,,0.000263574,1.86E-09,16:42,6,180902,0,
2018-09-02 16:43,,0.000263574,1.86E-09,16:43,6,180902,0,
2018-09-02 16:44,,0.000263574,1.86E-09,16:44,6,180902,0,
2018-09-02 16:45,,0.000263574,1.86E-09,16:45,6,180902,0,
2018-09-02 16:46,,0.000263574,1.86E-09,16:46,6,180902,0,
2018-09-02 16:47,,0.000263574,1.86E-09,16:47,6,180902,0,
2018-09-02 16:48,,0.000263574,1.86E-09,16:48,6,180902,0,
2018-09-02 16:49,,0.000263574,1.86E-09,16:49,6,180902,0,
2018-09-02 16:50,,0.000263574,1.86E-09,16:50,6,180902,0,
2018-09-02 16:51,,0.000263574,1.86E-09,16:51,6,180902,0,
2018-09-02 16:52,,0.000263574,1.86E-09,16:52,6,180902,0,
2018-09-02 16:53,,0.000263574,1.86E-09,16:53,6,180902,0,
2018-09-02 16:54,,0.000263574,1.86E-09,16:54,6,180902,0,
2018-09-02 16:55,,0.000263574,1.86E-09,16:55,6,180902,0,
2018-09-02 16:56,,0.000263574,1.86E-09,16:56,6,180902,0,
2018-09-02 16:57,,0.000263574,1.86E-09,16:57,6,180902,0,
2018-09-02 16:58,,0.000263574,1.86E-09,16:58,6,180902,0,
2018-09-02 16:59,,0.000263574,1.86E-09,16:59,6,180902,0,
2018-09-02 17:00,,0.000263574,1.86E-09,17:00,6,180902,0,
2018-09-02 17:01,,0.000263574,1.86E-09,17:01,6,180902,0,
2018-09-02 17:02,,0.000263574,1.86E-09,17:02,6,180902,0,
2018-09-02 17:03,,0.000263574,1.86E-09,17:03,6,180902,0,
2018-09-02 17:04,,0.000263574,1.86E-09,17:04,6,180902,0,
2018-09-02 17:05,,0.000263574,1.86E-09,17:05,6,180902,0,
2018-09-02 17:06,,0.000263574,1.86E-09,17:06,6,180902,0,
2018-09-02 17:07,,0.000263574,1.86E-09,17:07,6,180902,0,
2018-09-02 17:08,,0.000263574,1.86E-09,17:08,6,180902,0,
2018-09-02 17:09,,0.000263574,1.86E-09,17:09,6,180902,0,
2018-09-02 17:10,,0.000263574,1.86E-09,17:10,6,180902,0,
2018-09-02 17:11,,0.000263574,1.86E-09,17:11,6,180902,0,
2018-09-02 17:12,,0.000263574,1.86E-09,17:12,6,180902,0,
2018-09-02 17:13,,0.000263574,1.86E-09,17:13,6,180902,0,
2018-09-02 17:14,,0.000263574,1.86E-09,17:14,6,180902,0,
2018-09-02 17:15,,0.000263574,1.86E-09,17:15,6,180902,0,
2018-09-02 17:16,,0.000263574,1.86E-09,17:16,6,180902,0,
2018-09-02 17:17,,0.000263574,1.86E-09,17:17,6,180902,0,
2018-09-02 17:18,,0.000263574,1.86E-09,17:18,6,180902,0,
2018-09-02 17:19,,0.000263574,1.86E-09,17:19,6,180902,0,
2018-09-02 17:20,,0.000263574,1.86E-09,17:20,6,180902,0,
2018-09-02 17:21,,0.000263574,1.86E-09,17:21,6,180902,0,
2018-09-02 17:22,,0.000263574,1.86E-09,17:22,6,180902,0,
2018-09-02 17:23,,0.000263574,1.86E-09,17:23,6,180902,0,
2018-09-02 17:24,,0.000263574,1.86E-09,17:24,6,180902,0,
2018-09-02 17:25,,0.000263574,1.86E-09,17:25,6,180902,0,
2018-09-02 17:26,,0.000263574,1.86E-09,17:26,6,180902,0,
2018-09-02 17:27,,0.000263574,1.86E-09,17:27,6,180902,0,
2018-09-02 17:28,,0.000263574,1.86E-09,17:28,6,180902,0,
2018-09-02 17:29,,0.000263574,1.86E-09,17:29,6,180902,0,
2018-09-02 17:30,,0.000263574,1.86E-09,17:30,6,180902,0,
2018-09-02 17:31,,0.000263574,1.86E-09,17:31,6,180902,0,
2018-09-02 17:32,,0.000263574,1.86E-09,17:32,6,180902,0,
2018-09-02 17:33,,0.000263574,1.86E-09,17:33,6,180902,0,
2018-09-02 17:34,,0.000263574,1.86E-09,17:34,6,180902,0,
2018-09-02 17:35,,0.000263574,1.86E-09,17:35,6,180902,0,
2018-09-02 17:36,,0.000263574,1.86E-09,17:36,6,180902,0,
2018-09-02 17:37,,0.000263574,1.86E-09,17:37,6,180902,0,
2018-09-02 17:38,,0.000263574,1.86E-09,17:38,6,180902,0,
2018-09-02 17:39,,0.000263574,1.86E-09,17:39,6,180902,0,
2018-09-02 17:40,,0.000263574,1.86E-09,17:40,6,180902,0,
2018-09-02 17:41,,0.000263574,1.86E-09,17:41,6,180902,0,
2018-09-02 17:42,,0.000263574,1.86E-09,17:42,6,180902,0,
2018-09-02 17:43,,0.000263574,1.86E-09,17:43,6,180902,0,
2018-09-02 17:44,,0.000263574,1.86E-09,17:44,6,180902,0,
2018-09-02 17:45,,0.000263574,1.86E-09,17:45,6,180902,0,
2018-09-02 17:46,,0.000263574,1.86E-09,17:46,6,180902,0,
2018-09-02 17:47,,0.000263574,1.86E-09,17:47,6,180902,0,
2018-09-02 17:48,,0.000263574,1.86E-09,17:48,6,180902,0,
2018-09-02 17:49,,0.000263574,1.86E-09,17:49,6,180902,0,
2018-09-02 17:50,,0.000263574,1.86E-09,17:50,6,180902,0,
2018-09-02 17:51,,0.000263574,1.86E-09,17:51,6,180902,0,
2018-09-02 17:52,,0.000263574,1.86E-09,17:52,6,180902,0,
2018-09-02 17:53,,0.000263574,1.86E-09,17:53,6,180902,0,
2018-09-02 17:54,,0.000263574,1.86E-09,17:54,6,180902,0,
2018-09-02 17:55,,0.000263574,1.86E-09,17:55,6,180902,0,
2018-09-02 17:56,,0.000263574,1.86E-09,17:56,6,180902,0,
2018-09-02 17:57,,0.000263574,1.86E-09,17:57,6,180902,0,
2018-09-02 17:58,,0.000263574,1.86E-09,17:58,6,180902,0,
2018-09-02 17:59,,0.000263574,1.86E-09,17:59,6,180902,0,
2018-09-02 18:00,,0.000263574,1.86E-09,18:00,6,180902,0,
2018-09-02 18:01,,0.000263574,1.86E-09,18:01,6,180902,0,
2018-09-02 18:02,,0.000263574,1.86E-09,18:02,6,180902,0,
2018-09-02 18:03,,0.000263574,1.86E-09,18:03,6,180902,0,
2018-09-02 18:04,,0.000263574,1.86E-09,18:04,6,180902,0,
2018-09-02 18:05,,0.000263574,1.86E-09,18:05,6,180902,0,
2018-09-02 18:06,,0.000263574,1.86E-09,18:06,6,180902,0,
2018-09-02 18:07,,0.000263574,1.86E-09,18:07,6,180902,0,
2018-09-02 18:08,,0.000263574,1.86E-09,18:08,6,180902,0,
2018-09-02 18:09,,0.000263574,1.86E-09,18:09,6,180902,0,
2018-09-02 18:10,,0.000263574,1.86E-09,18:10,6,180902,0,
2018-09-02 18:11,,0.000263574,1.86E-09,18:11,6,180902,0,
2018-09-02 18:12,,0.000263574,1.86E-09,18:12,6,180902,0,
2018-09-02 18:13,,0.000263574,1.86E-09,18:13,6,180902,0,
2018-09-02 18:14,,0.000263574,1.86E-09,18:14,6,180902,0,
2018-09-02 18:15,,0.000263574,1.86E-09,18:15,6,180902,0,
2018-09-02 18:16,,0.000263574,1.86E-09,18:16,6,180902,0,
2018-09-02 18:17,,0.000263574,1.86E-09,18:17,6,180902,0,
2018-09-02 18:18,,0.000263574,1.86E-09,18:18,6,180902,0,
2018-09-02 18:19,,0.000263574,1.86E-09,18:19,6,180902,0,
2018-09-02 18:20,,0.000263574,1.86E-09,18:20,6,180902,0,
2018-09-02 18:21,,0.000263574,1.86E-09,18:21,6,180902,0,
2018-09-02 18:22,,0.000263574,1.86E-09,18:22,6,180902,0,
2018-09-02 18:23,,0.000263574,1.86E-09,18:23,6,180902,0,
2018-09-02 18:24,,0.000263574,1.86E-09,18:24,6,180902,0,
2018-09-02 18:25,,0.000263574,1.86E-09,18:25,6,180902,0,
2018-09-02 18:26,,0.000263574,1.86E-09,18:26,6,180902,0,
2018-09-02 18:27,,0.000263574,1.86E-09,18:27,6,180902,0,
2018-09-02 18:28,,0.000263574,1.86E-09,18:28,6,180902,0,
2018-09-02 18:29,,0.000263574,1.86E-09,18:29,6,180902,0,
2018-09-02 18:30,,0.000263574,1.86E-09,18:30,6,180902,0,
2018-09-02 18:31,,0.000263574,1.86E-09,18:31,6,180902,0,
2018-09-02 18:32,,0.000263574,1.86E-09,18:32,6,180902,0,
2018-09-02 18:33,,0.000263574,1.86E-09,18:33,6,180902,0,
2018-09-02 18:34,,0.000263574,1.86E-09,18:34,6,180902,0,
2018-09-02 18:35,,0.000263574,1.86E-09,18:35,6,180902,0,
2018-09-02 18:36,,0.000263574,1.86E-09,18:36,6,180902,0,
2018-09-02 18:37,,0.000263574,1.86E-09,18:37,6,180902,0,
2018-09-02 18:38,,0.000263574,1.86E-09,18:38,6,180902,0,
2018-09-02 18:39,,0.000263574,1.86E-09,18:39,6,180902,0,
2018-09-02 18:40,,0.000263574,1.86E-09,18:40,6,180902,0,
2018-09-02 18:41,,0.000263574,1.86E-09,18:41,6,180902,0,
2018-09-02 18:42,,0.000263574,1.86E-09,18:42,6,180902,0,
2018-09-02 18:43,,0.000263574,1.86E-09,18:43,6,180902,0,
2018-09-02 18:44,,0.000263574,1.86E-09,18:44,6,180902,0,
2018-09-02 18:45,,0.000263574,1.86E-09,18:45,6,180902,0,
2018-09-02 18:46,,0.000263574,1.86E-09,18:46,6,180902,0,
2018-09-02 18:47,,0.000263574,1.86E-09,18:47,6,180902,0,
2018-09-02 18:48,,0.000263574,1.86E-09,18:48,6,180902,0,
2018-09-02 18:49,,0.000263574,1.86E-09,18:49,6,180902,0,
2018-09-02 18:50,,0.000263574,1.86E-09,18:50,6,180902,0,
2018-09-02 18:51,,0.000263574,1.86E-09,18:51,6,180902,0,
2018-09-02 18:52,,0.000263574,1.86E-09,18:52,6,180902,0,
2018-09-02 18:53,,0.000263574,1.86E-09,18:53,6,180902,0,
2018-09-02 18:54,,0.000263574,1.86E-09,18:54,6,180902,0,
2018-09-02 18:55,,0.000263574,1.86E-09,18:55,6,180902,0,
2018-09-02 18:56,,0.000263574,1.86E-09,18:56,6,180902,0,
2018-09-02 18:57,,0.000263574,1.86E-09,18:57,6,180902,0,
2018-09-02 18:58,,0.000263574,1.86E-09,18:58,6,180902,0,
2018-09-02 18:59,,0.000263574,1.86E-09,18:59,6,180902,0,
2018-09-02 19:00,,0.000263574,1.86E-09,19:00,6,180902,0,
2018-09-02 19:01,,0.000263574,1.86E-09,19:01,6,180902,0,
2018-09-02 19:02,,0.000263574,1.86E-09,19:02,6,180902,0,
2018-09-02 19:03,,0.000263574,1.86E-09,19:03,6,180902,0,
2018-09-02 19:04,,0.000263574,1.86E-09,19:04,6,180902,0,
2018-09-02 19:05,,0.000263574,1.86E-09,19:05,6,180902,0,
2018-09-02 19:06,,0.000263574,1.86E-09,19:06,6,180902,0,
2018-09-02 19:07,,0.000263574,1.86E-09,19:07,6,180902,0,
2018-09-02 19:08,,0.000263574,1.86E-09,19:08,6,180902,0,
2018-09-02 19:09,,0.000263574,1.86E-09,19:09,6,180902,0,
2018-09-02 19:10,,0.000263574,1.86E-09,19:10,6,180902,0,
2018-09-02 19:11,,0.000263574,1.86E-09,19:11,6,180902,0,
2018-09-02 19:12,,0.000263574,1.86E-09,19:12,6,180902,0,
2018-09-02 19:13,,0.000263574,1.86E-09,19:13,6,180902,0,
2018-09-02 19:14,,0.000263574,1.86E-09,19:14,6,180902,0,
2018-09-02 19:15,,0.000263574,1.86E-09,19:15,6,180902,0,
2018-09-02 19:16,,0.000263574,1.86E-09,19:16,6,180902,0,
2018-09-02 19:17,,0.000263574,1.86E-09,19:17,6,180902,0,
2018-09-02 19:18,,0.000263574,1.86E-09,19:18,6,180902,0,
2018-09-02 19:19,,0.000263574,1.86E-09,19:19,6,180902,0,
2018-09-02 19:20,,0.000263574,1.86E-09,19:20,6,180902,0,
2018-09-02 19:21,,0.000263574,1.86E-09,19:21,6,180902,0,
2018-09-02 19:22,,0.000263574,1.86E-09,19:22,6,180902,0,
2018-09-02 19:23,,0.000263574,1.86E-09,19:23,6,180902,0,
2018-09-02 19:24,,0.000263574,1.86E-09,19:24,6,180902,0,
2018-09-02 19:25,,0.000263574,1.86E-09,19:25,6,180902,0,
2018-09-02 19:26,,0.000263574,1.86E-09,19:26,6,180902,0,
2018-09-02 19:27,,0.000263574,1.86E-09,19:27,6,180902,0,
2018-09-02 19:28,,0.000263574,1.86E-09,19:28,6,180902,0,
2018-09-02 19:29,,0.000263574,1.86E-09,19:29,6,180902,0,
2018-09-02 19:30,,0.000263574,1.86E-09,19:30,6,180902,0,
2018-09-02 19:31,,0.000263574,1.86E-09,19:31,6,180902,0,
2018-09-02 19:32,,0.000263574,1.86E-09,19:32,6,180902,0,
2018-09-02 19:33,,0.000263574,1.86E-09,19:33,6,180902,0,
2018-09-02 19:34,,0.000263574,1.86E-09,19:34,6,180902,0,
2018-09-02 19:35,,0.000263574,1.86E-09,19:35,6,180902,0,
2018-09-02 19:36,,0.000263574,1.86E-09,19:36,6,180902,0,
2018-09-02 19:37,,0.000263574,1.86E-09,19:37,6,180902,0,
2018-09-02 19:38,,0.000263574,1.86E-09,19:38,6,180902,0,
2018-09-02 19:39,,0.000263574,1.86E-09,19:39,6,180902,0,
2018-09-02 19:40,,0.000263574,1.86E-09,19:40,6,180902,0,
2018-09-02 19:41,,0.000263574,1.86E-09,19:41,6,180902,0,
2018-09-02 19:42,,0.000263574,1.86E-09,19:42,6,180902,0,
2018-09-02 19:43,,0.000263574,1.86E-09,19:43,6,180902,0,
2018-09-02 19:44,,0.000263574,1.86E-09,19:44,6,180902,0,
2018-09-02 19:45,,0.000263574,1.86E-09,19:45,6,180902,0,
2018-09-02 19:46,,0.000263574,1.86E-09,19:46,6,180902,0,
2018-09-02 19:47,,0.000263574,1.86E-09,19:47,6,180902,0,
2018-09-02 19:48,,0.000263574,1.86E-09,19:48,6,180902,0,
2018-09-02 19:49,,0.000263574,1.86E-09,19:49,6,180902,0,
2018-09-02 19:50,,0.000263574,1.86E-09,19:50,6,180902,0,
2018-09-02 19:51,,0.000263574,1.86E-09,19:51,6,180902,0,
2018-09-02 19:52,,0.000263574,1.86E-09,19:52,6,180902,0,
2018-09-02 19:53,,0.000263574,1.86E-09,19:53,6,180902,0,
2018-09-02 19:54,,0.000263574,1.86E-09,19:54,6,180902,0,
2018-09-02 19:55,,0.000263574,1.86E-09,19:55,6,180902,0,
2018-09-02 19:56,,0.000263574,1.86E-09,19:56,6,180902,0,
2018-09-02 19:57,,0.000263574,1.86E-09,19:57,6,180902,0,
2018-09-02 19:58,,0.000263574,1.86E-09,19:58,6,180902,0,
2018-09-02 19:59,,0.000263574,1.86E-09,19:59,6,180902,0,
2018-09-02 20:00,,0.000263574,1.86E-09,20:00,6,180902,0,
2018-09-02 20:01,,0.000263574,1.86E-09,20:01,6,180902,0,
2018-09-02 20:02,,0.000263574,1.86E-09,20:02,6,180902,0,
2018-09-02 20:03,,0.000263574,1.86E-09,20:03,6,180902,0,
2018-09-02 20:04,,0.000263574,1.86E-09,20:04,6,180902,0,
2018-09-02 20:05,,0.000263574,1.86E-09,20:05,6,180902,0,
2018-09-02 20:06,,0.000263574,1.86E-09,20:06,6,180902,0,
2018-09-02 20:07,,0.000263574,1.86E-09,20:07,6,180902,0,
2018-09-02 20:08,,0.000263574,1.86E-09,20:08,6,180902,0,
2018-09-02 20:09,,0.000263574,1.86E-09,20:09,6,180902,0,
2018-09-02 20:10,,0.000263574,1.86E-09,20:10,6,180902,0,
2018-09-02 20:11,,0.000263574,1.86E-09,20:11,6,180902,0,
2018-09-02 20:12,,0.000263574,1.86E-09,20:12,6,180902,0,
2018-09-02 20:13,,0.000263574,1.86E-09,20:13,6,180902,0,
2018-09-02 20:14,,0.000263574,1.86E-09,20:14,6,180902,0,
2018-09-02 20:15,,0.000263574,1.86E-09,20:15,6,180902,0,
2018-09-02 20:16,,0.000263574,1.86E-09,20:16,6,180902,0,
2018-09-02 20:17,,0.000263574,1.86E-09,20:17,6,180902,0,
2018-09-02 20:18,,0.000263574,1.86E-09,20:18,6,180902,0,
2018-09-02 20:19,,0.000263574,1.86E-09,20:19,6,180902,0,
2018-09-02 20:20,,0.000263574,1.86E-09,20:20,6,180902,0,
2018-09-02 20:21,,0.000263574,1.86E-09,20:21,6,180902,0,
2018-09-02 20:22,,0.000263574,1.86E-09,20:22,6,180902,0,
2018-09-02 20:23,,0.000263574,1.86E-09,20:23,6,180902,0,
2018-09-02 20:24,,0.000263574,1.86E-09,20:24,6,180902,0,
2018-09-02 20:25,,0.000263574,1.86E-09,20:25,6,180902,0,
2018-09-02 20:26,,0.000263574,1.86E-09,20:26,6,180902,0,
2018-09-02 20:27,,0.000263574,1.86E-09,20:27,6,180902,0,
2018-09-02 20:28,,0.000263574,1.86E-09,20:28,6,180902,0,
2018-09-02 20:29,,0.000263574,1.86E-09,20:29,6,180902,0,
2018-09-02 20:30,,0.000263574,1.86E-09,20:30,6,180902,0,
2018-09-02 20:31,,0.000263574,1.86E-09,20:31,6,180902,0,
2018-09-02 20:32,,0.000263574,1.86E-09,20:32,6,180902,0,
2018-09-02 20:33,,0.000263574,1.86E-09,20:33,6,180902,0,
2018-09-02 20:34,,0.000263574,1.86E-09,20:34,6,180902,0,
2018-09-02 20:35,,0.000263574,1.86E-09,20:35,6,180902,0,
2018-09-02 20:36,,0.000263574,1.86E-09,20:36,6,180902,0,
2018-09-02 20:37,,0.000263574,1.86E-09,20:37,6,180902,0,
2018-09-02 20:38,,0.000263574,1.86E-09,20:38,6,180902,0,
2018-09-02 20:39,,0.000263574,1.86E-09,20:39,6,180902,0,
2018-09-02 20:40,,0.000263574,1.86E-09,20:40,6,180902,0,
2018-09-02 20:41,,0.000263574,1.86E-09,20:41,6,180902,0,
2018-09-02 20:42,,0.000263574,1.86E-09,20:42,6,180902,0,
2018-09-02 20:43,,0.000263574,1.86E-09,20:43,6,180902,0,
2018-09-02 20:44,,0.000263574,1.86E-09,20:44,6,180902,0,
2018-09-02 20:45,,0.000263574,1.86E-09,20:45,6,180902,0,
2018-09-02 20:46,,0.000263574,1.86E-09,20:46,6,180902,0,
2018-09-02 20:47,,0.000263574,1.86E-09,20:47,6,180902,0,
2018-09-02 20:48,,0.000263574,1.86E-09,20:48,6,180902,0,
2018-09-02 20:49,,0.000263574,1.86E-09,20:49,6,180902,0,
2018-09-02 20:50,,0.000263574,1.86E-09,20:50,6,180902,0,
2018-09-02 20:51,,0.000263574,1.86E-09,20:51,6,180902,0,
2018-09-02 20:52,,0.000263574,1.86E-09,20:52,6,180902,0,
2018-09-02 20:53,,0.000263574,1.86E-09,20:53,6,180902,0,
2018-09-02 20:54,,0.000263574,1.86E-09,20:54,6,180902,0,
2018-09-02 20:55,,0.000263574,1.86E-09,20:55,6,180902,0,
2018-09-02 20:56,,0.000263574,1.86E-09,20:56,6,180902,0,
2018-09-02 20:57,,0.000263574,1.86E-09,20:57,6,180902,0,
2018-09-02 20:58,,0.000263574,1.86E-09,20:58,6,180902,0,
2018-09-02 20:59,,0.000263574,1.86E-09,20:59,6,180902,0,
2018-09-02 21:00,,0.000263574,1.86E-09,21:00,6,180902,0,
2018-09-02 21:01,,0.000263574,1.86E-09,21:01,6,180902,0,
2018-09-02 21:02,,0.000263574,1.86E-09,21:02,6,180902,0,
2018-09-02 21:03,,0.000263574,1.86E-09,21:03,6,180902,0,
2018-09-02 21:04,,0.000263574,1.86E-09,21:04,6,180902,0,
2018-09-02 21:05,,0.000263574,1.86E-09,21:05,6,180902,0,
2018-09-02 21:06,,0.000263574,1.86E-09,21:06,6,180902,0,
2018-09-02 21:07,,0.000263574,1.86E-09,21:07,6,180902,0,
2018-09-02 21:08,,0.000263574,1.86E-09,21:08,6,180902,0,
2018-09-02 21:09,,0.000263574,1.86E-09,21:09,6,180902,0,
2018-09-02 21:10,,0.000263574,1.86E-09,21:10,6,180902,0,
2018-09-02 21:11,,0.000263574,1.86E-09,21:11,6,180902,0,
2018-09-02 21:12,,0.000263574,1.86E-09,21:12,6,180902,0,
2018-09-02 21:13,,0.000263574,1.86E-09,21:13,6,180902,0,
2018-09-02 21:14,,0.000263574,1.86E-09,21:14,6,180902,0,
2018-09-02 21:15,,0.000263574,1.86E-09,21:15,6,180902,0,
2018-09-02 21:16,,0.000263574,1.86E-09,21:16,6,180902,0,
2018-09-02 21:17,,0.000263574,1.86E-09,21:17,6,180902,0,
2018-09-02 21:18,,0.000263574,1.86E-09,21:18,6,180902,0,
2018-09-02 21:19,,0.000263574,1.86E-09,21:19,6,180902,0,
2018-09-02 21:20,,0.000263574,1.86E-09,21:20,6,180902,0,
2018-09-02 21:21,,0.000263574,1.86E-09,21:21,6,180902,0,
2018-09-02 21:22,,0.000263574,1.86E-09,21:22,6,180902,0,
2018-09-02 21:23,,0.000263574,1.86E-09,21:23,6,180902,0,
2018-09-02 21:24,,0.000263574,1.86E-09,21:24,6,180902,0,
2018-09-02 21:25,,0.000263574,1.86E-09,21:25,6,180902,0,
2018-09-02 21:26,,0.000263574,1.86E-09,21:26,6,180902,0,
2018-09-02 21:27,,0.000263574,1.86E-09,21:27,6,180902,0,
2018-09-02 21:28,,0.000263574,1.86E-09,21:28,6,180902,0,
2018-09-02 21:29,,0.000263574,1.86E-09,21:29,6,180902,0,
2018-09-02 21:30,,0.000263574,1.86E-09,21:30,6,180902,0,
2018-09-02 21:31,,0.000263574,1.86E-09,21:31,6,180902,0,
2018-09-02 21:32,,0.000263574,1.86E-09,21:32,6,180902,0,
2018-09-02 21:33,,0.000263574,1.86E-09,21:33,6,180902,0,
2018-09-02 21:34,,0.000263574,1.86E-09,21:34,6,180902,0,
2018-09-02 21:35,,0.000263574,1.86E-09,21:35,6,180902,0,
2018-09-02 21:36,,0.000263574,1.86E-09,21:36,6,180902,0,
2018-09-02 21:37,,0.000263574,1.86E-09,21:37,6,180902,0,
2018-09-02 21:38,,0.000263574,1.86E-09,21:38,6,180902,0,
2018-09-02 21:39,,0.000263574,1.86E-09,21:39,6,180902,0,
2018-09-02 21:40,,0.000263574,1.86E-09,21:40,6,180902,0,
2018-09-02 21:41,,0.000263574,1.86E-09,21:41,6,180902,0,
2018-09-02 21:42,,0.000263574,1.86E-09,21:42,6,180902,0,
2018-09-02 21:43,,0.000263574,1.86E-09,21:43,6,180902,0,
2018-09-02 21:44,,0.000263574,1.86E-09,21:44,6,180902,0,
2018-09-02 21:45,,0.000263574,1.86E-09,21:45,6,180902,0,
2018-09-02 21:46,,0.000263574,1.86E-09,21:46,6,180902,0,
2018-09-02 21:47,,0.000263574,1.86E-09,21:47,6,180902,0,
2018-09-02 21:48,,0.000263574,1.86E-09,21:48,6,180902,0,
2018-09-02 21:49,,0.000263574,1.86E-09,21:49,6,180902,0,
2018-09-02 21:50,,0.000263574,1.86E-09,21:50,6,180902,0,
2018-09-02 21:51,,0.000263574,1.86E-09,21:51,6,180902,0,
2018-09-02 21:52,,0.000263574,1.86E-09,21:52,6,180902,0,
2018-09-02 21:53,,0.000263574,1.86E-09,21:53,6,180902,0,
2018-09-02 21:54,,0.000263574,1.86E-09,21:54,6,180902,0,
2018-09-02 21:55,,0.000263574,1.86E-09,21:55,6,180902,0,
2018-09-02 21:56,,0.000263574,1.86E-09,21:56,6,180902,0,
2018-09-02 21:57,,0.000263574,1.86E-09,21:57,6,180902,0,
2018-09-02 21:58,,0.000263574,1.86E-09,21:58,6,180902,0,
2018-09-02 21:59,,0.000263574,1.86E-09,21:59,6,180902,0,
2018-09-02 22:00,,0.000263574,1.86E-09,22:00,6,180902,0,
2018-09-02 22:01,,0.000263574,1.86E-09,22:01,6,180902,0,
2018-09-02 22:02,,0.000263574,1.86E-09,22:02,6,180902,0,
2018-09-02 22:03,,0.000263574,1.86E-09,22:03,6,180902,0,
2018-09-02 22:04,,0.000263574,1.86E-09,22:04,6,180902,0,
2018-09-02 22:05,,0.000263574,1.86E-09,22:05,6,180902,0,
2018-09-02 22:06,,0.000263574,1.86E-09,22:06,6,180902,0,
2018-09-02 22:07,,0.000263574,1.86E-09,22:07,6,180902,0,
2018-09-02 22:08,,0.000263574,1.86E-09,22:08,6,180902,0,
2018-09-02 22:09,,0.000263574,1.86E-09,22:09,6,180902,0,
2018-09-02 22:10,,0.000263574,1.86E-09,22:10,6,180902,0,
2018-09-02 22:11,,0.000263574,1.86E-09,22:11,6,180902,0,
2018-09-02 22:12,,0.000263574,1.86E-09,22:12,6,180902,0,
2018-09-02 22:13,,0.000263574,1.86E-09,22:13,6,180902,0,
2018-09-02 22:14,,0.000263574,1.86E-09,22:14,6,180902,0,
2018-09-02 22:15,,0.000263574,1.86E-09,22:15,6,180902,0,
2018-09-02 22:16,,0.000263574,1.86E-09,22:16,6,180902,0,
2018-09-02 22:17,,0.000263574,1.86E-09,22:17,6,180902,0,
2018-09-02 22:18,,0.000263574,1.86E-09,22:18,6,180902,0,
2018-09-02 22:19,,0.000263574,1.86E-09,22:19,6,180902,0,
2018-09-02 22:20,,0.000263574,1.86E-09,22:20,6,180902,0,
2018-09-02 22:21,,0.000263574,1.86E-09,22:21,6,180902,0,
2018-09-02 22:22,,0.000263574,1.86E-09,22:22,6,180902,0,
2018-09-02 22:23,,0.000263574,1.86E-09,22:23,6,180902,0,
2018-09-02 22:24,,0.000263574,1.86E-09,22:24,6,180902,0,
2018-09-02 22:25,,0.000263574,1.86E-09,22:25,6,180902,0,
2018-09-02 22:26,,0.000263574,1.86E-09,22:26,6,180902,0,
2018-09-02 22:27,,0.000263574,1.86E-09,22:27,6,180902,0,
2018-09-02 22:28,,0.000263574,1.86E-09,22:28,6,180902,0,
2018-09-02 22:29,,0.000263574,1.86E-09,22:29,6,180902,0,
2018-09-02 22:30,,0.000263574,1.86E-09,22:30,6,180902,0,
2018-09-02 22:31,,0.000263574,1.86E-09,22:31,6,180902,0,
2018-09-02 22:32,,0.000263574,1.86E-09,22:32,6,180902,0,
2018-09-02 22:33,,0.000263574,1.86E-09,22:33,6,180902,0,
2018-09-02 22:34,,0.000263574,1.86E-09,22:34,6,180902,0,
2018-09-02 22:35,,0.000263574,1.86E-09,22:35,6,180902,0,
2018-09-02 22:36,,0.000263574,1.86E-09,22:36,6,180902,0,
2018-09-02 22:37,,0.000263574,1.86E-09,22:37,6,180902,0,
2018-09-02 22:38,,0.000263574,1.86E-09,22:38,6,180902,0,
2018-09-02 22:39,,0.000263574,1.86E-09,22:39,6,180902,0,
2018-09-02 22:40,,0.000263574,1.86E-09,22:40,6,180902,0,
2018-09-02 22:41,,0.000263574,1.86E-09,22:41,6,180902,0,
2018-09-02 22:42,,0.000263574,1.86E-09,22:42,6,180902,0,
2018-09-02 22:43,,0.000263574,1.86E-09,22:43,6,180902,0,
2018-09-02 22:44,,0.000263574,1.86E-09,22:44,6,180902,0,
2018-09-02 22:45,,0.000263574,1.86E-09,22:45,6,180902,0,
2018-09-02 22:46,,0.000263574,1.86E-09,22:46,6,180902,0,
2018-09-02 22:47,,0.000263574,1.86E-09,22:47,6,180902,0,
2018-09-02 22:48,,0.000263574,1.86E-09,22:48,6,180902,0,
2018-09-02 22:49,,0.000263574,1.86E-09,22:49,6,180902,0,
2018-09-02 22:50,,0.000263574,1.86E-09,22:50,6,180902,0,
2018-09-02 22:51,,0.000263574,1.86E-09,22:51,6,180902,0,
2018-09-02 22:52,,0.000263574,1.86E-09,22:52,6,180902,0,
2018-09-02 22:53,,0.000263574,1.86E-09,22:53,6,180902,0,
2018-09-02 22:54,,0.000263574,1.86E-09,22:54,6,180902,0,
2018-09-02 22:55,,0.000263574,1.86E-09,22:55,6,180902,0,
2018-09-02 22:56,,0.000263574,1.86E-09,22:56,6,180902,0,
2018-09-02 22:57,,0.000263574,1.86E-09,22:57,6,180902,0,
2018-09-02 22:58,,0.000263574,1.86E-09,22:58,6,180902,0,
2018-09-02 22:59,,0.000263574,1.86E-09,22:59,6,180902,0,
2018-09-02 23:00,,0.000263574,1.86E-09,23:00,6,180902,0,
2018-09-02 23:01,,0.000263574,1.86E-09,23:01,6,180902,0,
2018-09-02 23:02,,0.000263574,1.86E-09,23:02,6,180902,0,
2018-09-02 23:03,,0.000263574,1.86E-09,23:03,6,180902,0,
2018-09-02 23:04,,0.000263574,1.86E-09,23:04,6,180902,0,
2018-09-02 23:05,,0.000263574,1.86E-09,23:05,6,180902,0,
2018-09-02 23:06,,0.000263574,1.86E-09,23:06,6,180902,0,
2018-09-02 23:07,,0.000263574,1.86E-09,23:07,6,180902,0,
2018-09-02 23:08,,0.000263574,1.86E-09,23:08,6,180902,0,
2018-09-02 23:09,,0.000263574,1.86E-09,23:09,6,180902,0,
2018-09-02 23:10,,0.000263574,1.86E-09,23:10,6,180902,0,
2018-09-02 23:11,,0.000263574,1.86E-09,23:11,6,180902,0,
2018-09-02 23:12,,0.000263574,1.86E-09,23:12,6,180902,0,
2018-09-02 23:13,,0.000263574,1.86E-09,23:13,6,180902,0,
2018-09-02 23:14,,0.000263574,1.86E-09,23:14,6,180902,0,
2018-09-02 23:15,,0.000263574,1.86E-09,23:15,6,180902,0,
2018-09-02 23:16,,0.000263574,1.86E-09,23:16,6,180902,0,
2018-09-02 23:17,,0.000263574,1.86E-09,23:17,6,180902,0,
2018-09-02 23:18,,0.000263574,1.86E-09,23:18,6,180902,0,
2018-09-02 23:19,,0.000263574,1.86E-09,23:19,6,180902,0,
2018-09-02 23:20,,0.000263574,1.86E-09,23:20,6,180902,0,
2018-09-02 23:21,,0.000263574,1.86E-09,23:21,6,180902,0,
2018-09-02 23:22,,0.000263574,1.86E-09,23:22,6,180902,0,
2018-09-02 23:23,,0.000263574,1.86E-09,23:23,6,180902,0,
2018-09-02 23:24,,0.000263574,1.86E-09,23:24,6,180902,0,
2018-09-02 23:25,,0.000263574,1.86E-09,23:25,6,180902,0,
2018-09-02 23:26,,0.000263574,1.86E-09,23:26,6,180902,0,
2018-09-02 23:27,,0.000263574,1.86E-09,23:27,6,180902,0,
2018-09-02 23:28,,0.000263574,1.86E-09,23:28,6,180902,0,
2018-09-02 23:29,,0.000263574,1.86E-09,23:29,6,180902,0,
2018-09-02 23:30,,0.000263574,1.86E-09,23:30,6,180902,0,
2018-09-02 23:31,,0.000263574,1.86E-09,23:31,6,180902,0,
2018-09-02 23:32,,0.000263574,1.86E-09,23:32,6,180902,0,
2018-09-02 23:33,,0.000263574,1.86E-09,23:33,6,180902,0,
2018-09-02 23:34,,0.000263574,1.86E-09,23:34,6,180902,0,
2018-09-02 23:35,,0.000263574,1.86E-09,23:35,6,180902,0,
2018-09-02 23:36,,0.000263574,1.86E-09,23:36,6,180902,0,
2018-09-02 23:37,,0.000263574,1.86E-09,23:37,6,180902,0,
2018-09-02 23:38,,0.000263574,1.86E-09,23:38,6,180902,0,
2018-09-02 23:39,,0.000263574,1.86E-09,23:39,6,180902,0,
2018-09-02 23:40,,0.000263574,1.86E-09,23:40,6,180902,0,
2018-09-02 23:41,,0.000263574,1.86E-09,23:41,6,180902,0,
2018-09-02 23:42,,0.000263574,1.86E-09,23:42,6,180902,0,
2018-09-02 23:43,,0.000263574,1.86E-09,23:43,6,180902,0,
2018-09-02 23:44,,0.000263574,1.86E-09,23:44,6,180902,0,
2018-09-02 23:45,,0.000263574,1.86E-09,23:45,6,180902,0,
2018-09-02 23:46,,0.000263574,1.86E-09,23:46,6,180902,0,
2018-09-02 23:47,,0.000263574,1.86E-09,23:47,6,180902,0,
2018-09-02 23:48,,0.000263574,1.86E-09,23:48,6,180902,0,
2018-09-02 23:49,,0.000263574,1.86E-09,23:49,6,180902,0,
2018-09-02 23:50,,0.000263574,1.86E-09,23:50,6,180902,0,
2018-09-02 23:51,,0.000263574,1.86E-09,23:51,6,180902,0,
2018-09-02 23:52,,0.000263574,1.86E-09,23:52,6,180902,0,
2018-09-02 23:53,,0.000263574,1.86E-09,23:53,6,180902,0,
2018-09-02 23:54,,0.000263574,1.86E-09,23:54,6,180902,0,
2018-09-02 23:55,,0.000263574,1.86E-09,23:55,6,180902,0,
2018-09-02 23:56,,0.000263574,1.86E-09,23:56,6,180902,0,
2018-09-02 23:57,,0.000263574,1.86E-09,23:57,6,180902,0,
2018-09-02 23:58,,0.000263574,1.86E-09,23:58,6,180902,0,
2018-09-02 23:59,,0.000263574,1.86E-09,23:59,6,180902,0,
2018-09-03 0:00,,0.000263574,1.86E-09,0:00,0,180903,0,
2018-09-03 0:01,,0.000263574,1.86E-09,0:01,0,180903,0,
2018-09-03 0:02,,0.000263574,1.86E-09,0:02,0,180903,0,
2018-09-03 0:03,,0.000263574,1.86E-09,0:03,0,180903,0,
2018-09-03 0:04,,0.000263574,1.86E-09,0:04,0,180903,0,
2018-09-03 0:05,,0.000263574,1.86E-09,0:05,0,180903,0,
2018-09-03 0:06,,0.000263574,1.86E-09,0:06,0,180903,0,
2018-09-03 0:07,,0.000263574,1.86E-09,0:07,0,180903,0,
2018-09-03 0:08,,0.000263574,1.86E-09,0:08,0,180903,0,
2018-09-03 0:09,,0.000263574,1.86E-09,0:09,0,180903,0,
2018-09-03 0:10,,0.000263574,1.86E-09,0:10,0,180903,0,
2018-09-03 0:11,,0.000263574,1.86E-09,0:11,0,180903,0,
2018-09-03 0:12,,0.000263574,1.86E-09,0:12,0,180903,0,
2018-09-03 0:13,,0.000263574,1.86E-09,0:13,0,180903,0,
2018-09-03 0:14,,0.000263574,1.86E-09,0:14,0,180903,0,
2018-09-03 0:16,,0.000263574,1.86E-09,0:16,0,180903,0,
2018-09-03 0:17,,0.000263574,1.86E-09,0:17,0,180903,0,
2018-09-03 0:18,,0.000263574,1.86E-09,0:18,0,180903,0,
2018-09-03 0:19,,0.000263574,1.86E-09,0:19,0,180903,0,
2018-09-03 0:20,,0.000263574,1.86E-09,0:20,0,180903,0,
2018-09-03 0:21,,0.000263574,1.86E-09,0:21,0,180903,0,
2018-09-03 0:22,,0.000263574,1.86E-09,0:22,0,180903,0,
2018-09-03 0:23,,0.000263574,1.86E-09,0:23,0,180903,0,
2018-09-03 0:24,,0.000263574,1.86E-09,0:24,0,180903,0,
2018-09-03 0:26,,0.000263574,1.86E-09,0:26,0,180903,0,
2018-09-03 0:27,,0.000263574,1.86E-09,0:27,0,180903,0,
2018-09-03 0:28,,0.000263574,1.86E-09,0:28,0,180903,0,
2018-09-03 0:29,,0.000263574,1.86E-09,0:29,0,180903,0,
2018-09-03 0:30,,0.000263574,1.86E-09,0:30,0,180903,0,
2018-09-03 0:31,,0.000263574,1.86E-09,0:31,0,180903,0,
2018-09-03 0:32,,0.000263574,1.86E-09,0:32,0,180903,0,
2018-09-03 0:33,,0.000263574,1.86E-09,0:33,0,180903,0,
2018-09-03 0:34,,0.000263574,1.86E-09,0:34,0,180903,0,
2018-09-03 0:35,,0.000263574,1.86E-09,0:35,0,180903,0,
2018-09-03 0:36,,0.000263574,1.86E-09,0:36,0,180903,0,
2018-09-03 0:37,,0.000263574,1.86E-09,0:37,0,180903,0,
2018-09-03 0:38,,0.000263574,1.86E-09,0:38,0,180903,0,
2018-09-03 0:39,,0.000263574,1.86E-09,0:39,0,180903,0,
2018-09-03 0:40,,0.000263574,1.86E-09,0:40,0,180903,0,
2018-09-03 0:41,,0.000263574,1.86E-09,0:41,0,180903,0,
2018-09-03 0:42,,0.000263574,1.86E-09,0:42,0,180903,0,
2018-09-03 0:43,,0.000263574,1.86E-09,0:43,0,180903,0,
2018-09-03 0:44,,0.000263574,1.86E-09,0:44,0,180903,0,
2018-09-03 0:45,,0.000263574,1.86E-09,0:45,0,180903,0,
2018-09-03 0:46,,0.000263574,1.86E-09,0:46,0,180903,0,
2018-09-03 0:47,,0.000263574,1.86E-09,0:47,0,180903,0,
2018-09-03 0:48,,0.000263574,1.86E-09,0:48,0,180903,0,
2018-09-03 0:49,,0.000263574,1.86E-09,0:49,0,180903,0,
2018-09-03 0:50,,0.000263574,1.86E-09,0:50,0,180903,0,
2018-09-03 0:51,,0.000263574,1.86E-09,0:51,0,180903,0,
2018-09-03 0:52,,0.000263574,1.86E-09,0:52,0,180903,0,
2018-09-03 0:53,,0.000263574,1.86E-09,0:53,0,180903,0,
2018-09-03 0:54,,0.000263574,1.86E-09,0:54,0,180903,0,
2018-09-03 0:55,,0.000263574,1.86E-09,0:55,0,180903,0,
2018-09-03 0:56,,0.000263574,1.86E-09,0:56,0,180903,0,
2018-09-03 0:57,,0.000263574,1.86E-09,0:57,0,180903,0,
2018-09-03 0:58,,0.000263574,1.86E-09,0:58,0,180903,0,
2018-09-03 0:59,,0.000263574,1.86E-09,0:59,0,180903,0,
2018-09-03 1:00,,0.000263574,1.86E-09,1:00,0,180903,0,
2018-09-03 1:01,,0.000263574,1.86E-09,1:01,0,180903,0,
2018-09-03 1:02,,0.000263574,1.86E-09,1:02,0,180903,0,
2018-09-03 1:03,,0.000263574,1.86E-09,1:03,0,180903,0,
2018-09-03 1:04,,0.000263574,1.86E-09,1:04,0,180903,0,
2018-09-03 1:05,,0.000263574,1.86E-09,1:05,0,180903,0,
2018-09-03 1:06,,0.000263574,1.86E-09,1:06,0,180903,0,
2018-09-03 1:07,,0.000263574,1.86E-09,1:07,0,180903,0,
2018-09-03 1:08,,0.000263574,1.86E-09,1:08,0,180903,0,
2018-09-03 1:09,,0.000263574,1.86E-09,1:09,0,180903,0,
2018-09-03 1:10,,0.000263574,1.86E-09,1:10,0,180903,0,
2018-09-03 1:11,,0.000263574,1.86E-09,1:11,0,180903,0,
2018-09-03 1:12,,0.000263574,1.86E-09,1:12,0,180903,0,
2018-09-03 1:13,,0.000263574,1.86E-09,1:13,0,180903,0,
2018-09-03 1:14,,0.000263574,1.86E-09,1:14,0,180903,0,
2018-09-03 1:15,,0.000263574,1.86E-09,1:15,0,180903,0,
2018-09-03 1:16,,0.000263574,1.86E-09,1:16,0,180903,0,
2018-09-03 1:17,,0.000263574,1.86E-09,1:17,0,180903,0,
2018-09-03 1:18,,0.000263574,1.86E-09,1:18,0,180903,0,
2018-09-03 1:19,,0.000263574,1.86E-09,1:19,0,180903,0,
2018-09-03 1:20,,0.000263574,1.86E-09,1:20,0,180903,0,
2018-09-03 1:21,,0.000263574,1.86E-09,1:21,0,180903,0,
2018-09-03 1:22,,0.000263574,1.86E-09,1:22,0,180903,0,
2018-09-03 1:23,,0.000263574,1.86E-09,1:23,0,180903,0,
2018-09-03 1:24,,0.000263574,1.86E-09,1:24,0,180903,0,
2018-09-03 1:25,,0.000263574,1.86E-09,1:25,0,180903,0,
2018-09-03 1:26,,0.000263574,1.86E-09,1:26,0,180903,0,
2018-09-03 1:27,,0.000263574,1.86E-09,1:27,0,180903,0,
2018-09-03 1:28,,0.000263574,1.86E-09,1:28,0,180903,0,
2018-09-03 1:29,,0.000263574,1.86E-09,1:29,0,180903,0,
2018-09-03 1:30,,0.000263574,1.86E-09,1:30,0,180903,0,
2018-09-03 1:31,,0.000263574,1.86E-09,1:31,0,180903,0,
2018-09-03 1:32,,0.000263574,1.86E-09,1:32,0,180903,0,
2018-09-03 1:33,,0.000263574,1.86E-09,1:33,0,180903,0,
2018-09-03 1:34,,0.000263574,1.86E-09,1:34,0,180903,0,
2018-09-03 1:35,,0.000263574,1.86E-09,1:35,0,180903,0,
2018-09-03 1:36,,0.000263574,1.86E-09,1:36,0,180903,0,
2018-09-03 1:37,,0.000263574,1.86E-09,1:37,0,180903,0,
2018-09-03 1:38,,0.000263574,1.86E-09,1:38,0,180903,0,
2018-09-03 1:39,,0.000263574,1.86E-09,1:39,0,180903,0,
2018-09-03 1:40,,0.000263574,1.86E-09,1:40,0,180903,0,
2018-09-03 1:41,,0.000263574,1.86E-09,1:41,0,180903,0,
2018-09-03 1:42,,0.000263574,1.86E-09,1:42,0,180903,0,
2018-09-03 1:43,,0.000263574,1.86E-09,1:43,0,180903,0,
2018-09-03 1:44,,0.000263574,1.86E-09,1:44,0,180903,0,
2018-09-03 1:45,,0.000263574,1.86E-09,1:45,0,180903,0,
2018-09-03 1:46,,0.000263574,1.86E-09,1:46,0,180903,0,
2018-09-03 1:47,,0.000263574,1.86E-09,1:47,0,180903,0,
2018-09-03 1:48,,0.000263574,1.86E-09,1:48,0,180903,0,
2018-09-03 1:49,,0.000263574,1.86E-09,1:49,0,180903,0,
2018-09-03 1:50,,0.000263574,1.86E-09,1:50,0,180903,0,
2018-09-03 1:51,,0.000263574,1.86E-09,1:51,0,180903,0,
2018-09-03 1:52,,0.000263574,1.86E-09,1:52,0,180903,0,
2018-09-03 1:53,,0.000263574,1.86E-09,1:53,0,180903,0,
2018-09-03 1:54,,0.000263574,1.86E-09,1:54,0,180903,0,
2018-09-03 1:55,,0.000263574,1.86E-09,1:55,0,180903,0,
2018-09-03 1:56,,0.000263574,1.86E-09,1:56,0,180903,0,
2018-09-03 1:57,,0.000263574,1.86E-09,1:57,0,180903,0,
2018-09-03 1:58,,0.000263574,1.86E-09,1:58,0,180903,0,
2018-09-03 1:59,,0.000263574,1.86E-09,1:59,0,180903,0,
2018-09-03 2:00,,0.000263574,1.86E-09,2:00,0,180903,0,
2018-09-03 2:01,,0.000263574,1.86E-09,2:01,0,180903,0,
2018-09-03 2:02,,0.000263574,1.86E-09,2:02,0,180903,0,
2018-09-03 2:03,,0.000263574,1.86E-09,2:03,0,180903,0,
2018-09-03 2:04,,0.000263574,1.86E-09,2:04,0,180903,0,
2018-09-03 2:05,,0.000263574,1.86E-09,2:05,0,180903,0,
2018-09-03 2:06,,0.000263574,1.86E-09,2:06,0,180903,0,
2018-09-03 2:07,,0.000263574,1.86E-09,2:07,0,180903,0,
2018-09-03 2:08,,0.000263574,1.86E-09,2:08,0,180903,0,
2018-09-03 2:09,,0.000263574,1.86E-09,2:09,0,180903,0,
2018-09-03 2:10,,0.000263574,1.86E-09,2:10,0,180903,0,
2018-09-03 2:11,,0.000263574,1.86E-09,2:11,0,180903,0,
2018-09-03 2:12,,0.000263574,1.86E-09,2:12,0,180903,0,
2018-09-03 2:13,,0.000263574,1.86E-09,2:13,0,180903,0,
2018-09-03 2:14,,0.000263574,1.86E-09,2:14,0,180903,0,
2018-09-03 2:15,,0.000263574,1.86E-09,2:15,0,180903,0,
2018-09-03 2:16,,0.000263574,1.86E-09,2:16,0,180903,0,
2018-09-03 2:17,,0.000263574,1.86E-09,2:17,0,180903,0,
2018-09-03 2:18,,0.000263574,1.86E-09,2:18,0,180903,0,
2018-09-03 2:19,,0.000263574,1.86E-09,2:19,0,180903,0,
2018-09-03 2:20,,0.000263574,1.86E-09,2:20,0,180903,0,
2018-09-03 2:21,,0.000263574,1.86E-09,2:21,0,180903,0,
2018-09-03 2:22,,0.000263574,1.86E-09,2:22,0,180903,0,
2018-09-03 2:23,,0.000263574,1.86E-09,2:23,0,180903,0,
2018-09-03 2:24,,0.000263574,1.86E-09,2:24,0,180903,0,
2018-09-03 2:25,,0.000263574,1.86E-09,2:25,0,180903,0,
2018-09-03 2:26,,0.000263574,1.86E-09,2:26,0,180903,0,
2018-09-03 2:27,,0.000263574,1.86E-09,2:27,0,180903,0,
2018-09-03 2:28,,0.000263574,1.86E-09,2:28,0,180903,0,
2018-09-03 2:29,,0.000263574,1.86E-09,2:29,0,180903,0,
2018-09-03 2:30,,0.000263574,1.86E-09,2:30,0,180903,0,
2018-09-03 2:31,,0.000263574,1.86E-09,2:31,0,180903,0,
2018-09-03 2:32,,0.000263574,1.86E-09,2:32,0,180903,0,
2018-09-03 2:33,,0.000263574,1.86E-09,2:33,0,180903,0,
2018-09-03 2:34,,0.000263574,1.86E-09,2:34,0,180903,0,
2018-09-03 2:35,,0.000263574,1.86E-09,2:35,0,180903,0,
2018-09-03 2:36,,0.000263574,1.86E-09,2:36,0,180903,0,
2018-09-03 2:37,,0.000263574,1.86E-09,2:37,0,180903,0,
2018-09-03 2:38,,0.000263574,1.86E-09,2:38,0,180903,0,
2018-09-03 2:39,,0.000263574,1.86E-09,2:39,0,180903,0,
2018-09-03 2:40,,0.000263574,1.86E-09,2:40,0,180903,0,
2018-09-03 2:41,,0.000263574,1.86E-09,2:41,0,180903,0,
2018-09-03 2:42,,0.000263574,1.86E-09,2:42,0,180903,0,
2018-09-03 2:43,,0.000263574,1.86E-09,2:43,0,180903,0,
2018-09-03 2:44,,0.000263574,1.86E-09,2:44,0,180903,0,
2018-09-03 2:45,,0.000263574,1.86E-09,2:45,0,180903,0,
2018-09-03 2:46,,0.000263574,1.86E-09,2:46,0,180903,0,
2018-09-03 2:47,,0.000263574,1.86E-09,2:47,0,180903,0,
2018-09-03 2:48,,0.000263574,1.86E-09,2:48,0,180903,0,
2018-09-03 2:49,,0.000263574,1.86E-09,2:49,0,180903,0,
2018-09-03 2:50,,0.000263574,1.86E-09,2:50,0,180903,0,
2018-09-03 2:51,,0.000263574,1.86E-09,2:51,0,180903,0,
2018-09-03 2:52,,0.000263574,1.86E-09,2:52,0,180903,0,
2018-09-03 2:53,,0.000263574,1.86E-09,2:53,0,180903,0,
2018-09-03 2:54,,0.000263574,1.86E-09,2:54,0,180903,0,
2018-09-03 2:55,,0.000263574,1.86E-09,2:55,0,180903,0,
2018-09-03 2:56,,0.000263574,1.86E-09,2:56,0,180903,0,
2018-09-03 2:57,,0.000263574,1.86E-09,2:57,0,180903,0,
2018-09-03 2:58,,0.000263574,1.86E-09,2:58,0,180903,0,
2018-09-03 2:59,,0.000263574,1.86E-09,2:59,0,180903,0,
2018-09-03 3:00,,0.000263574,1.86E-09,3:00,0,180903,0,
2018-09-03 3:01,,0.000263574,1.86E-09,3:01,0,180903,0,
2018-09-03 3:02,,0.000263574,1.86E-09,3:02,0,180903,0,
2018-09-03 3:03,,0.000263574,1.86E-09,3:03,0,180903,0,
2018-09-03 3:04,,0.000263574,1.86E-09,3:04,0,180903,0,
2018-09-03 3:05,,0.000263574,1.86E-09,3:05,0,180903,0,
2018-09-03 3:06,,0.000263574,1.86E-09,3:06,0,180903,0,
2018-09-03 3:07,,0.000263574,1.86E-09,3:07,0,180903,0,
2018-09-03 3:08,,0.000263574,1.86E-09,3:08,0,180903,0,
2018-09-03 3:09,,0.000263574,1.86E-09,3:09,0,180903,0,
2018-09-03 3:10,,0.000263574,1.86E-09,3:10,0,180903,0,
2018-09-03 3:11,,0.000263574,1.86E-09,3:11,0,180903,0,
2018-09-03 3:12,,0.000263574,1.86E-09,3:12,0,180903,0,
2018-09-03 3:13,,0.000263574,1.86E-09,3:13,0,180903,0,
2018-09-03 3:14,,0.000263574,1.86E-09,3:14,0,180903,0,
2018-09-03 3:15,,0.000263574,1.86E-09,3:15,0,180903,0,
2018-09-03 3:16,,0.000263574,1.86E-09,3:16,0,180903,0,
2018-09-03 3:17,,0.000263574,1.86E-09,3:17,0,180903,0,
2018-09-03 3:18,,0.000263574,1.86E-09,3:18,0,180903,0,
2018-09-03 3:19,,0.000263574,1.86E-09,3:19,0,180903,0,
2018-09-03 3:20,,0.000263574,1.86E-09,3:20,0,180903,0,
2018-09-03 3:21,,0.000263574,1.86E-09,3:21,0,180903,0,
2018-09-03 3:22,,0.000263574,1.86E-09,3:22,0,180903,0,
2018-09-03 3:23,,0.000263574,1.86E-09,3:23,0,180903,0,
2018-09-03 3:24,,0.000263574,1.86E-09,3:24,0,180903,0,
2018-09-03 3:25,,0.000263574,1.86E-09,3:25,0,180903,0,
2018-09-03 3:26,,0.000263574,1.86E-09,3:26,0,180903,0,
2018-09-03 3:27,,0.000263574,1.86E-09,3:27,0,180903,0,
2018-09-03 3:28,,0.000263574,1.86E-09,3:28,0,180903,0,
2018-09-03 3:29,,0.000263574,1.86E-09,3:29,0,180903,0,
2018-09-03 3:30,,0.000263574,1.86E-09,3:30,0,180903,0,
2018-09-03 3:31,,0.000263574,1.86E-09,3:31,0,180903,0,
2018-09-03 3:32,,0.000263574,1.86E-09,3:32,0,180903,0,
2018-09-03 3:33,,0.000263574,1.86E-09,3:33,0,180903,0,
2018-09-03 3:34,,0.000263574,1.86E-09,3:34,0,180903,0,
2018-09-03 3:35,,0.000263574,1.86E-09,3:35,0,180903,0,
2018-09-03 3:36,,0.000263574,1.86E-09,3:36,0,180903,0,
2018-09-03 3:37,,0.000263574,1.86E-09,3:37,0,180903,0,
2018-09-03 3:38,,0.000263574,1.86E-09,3:38,0,180903,0,
2018-09-03 3:39,,0.000263574,1.86E-09,3:39,0,180903,0,
2018-09-03 3:40,,0.000263574,1.86E-09,3:40,0,180903,0,
2018-09-03 3:41,,0.000263574,1.86E-09,3:41,0,180903,0,
2018-09-03 3:42,,0.000263574,1.86E-09,3:42,0,180903,0,
2018-09-03 3:43,,0.000263574,1.86E-09,3:43,0,180903,0,
2018-09-03 3:44,,0.000263574,1.86E-09,3:44,0,180903,0,
2018-09-03 3:45,,0.000263574,1.86E-09,3:45,0,180903,0,
2018-09-03 3:46,,0.000263574,1.86E-09,3:46,0,180903,0,
2018-09-03 3:47,,0.000263574,1.86E-09,3:47,0,180903,0,
2018-09-03 3:48,,0.000263574,1.86E-09,3:48,0,180903,0,
2018-09-03 3:49,,0.000263574,1.86E-09,3:49,0,180903,0,
2018-09-03 3:50,,0.000263574,1.86E-09,3:50,0,180903,0,
2018-09-03 3:51,,0.000263574,1.86E-09,3:51,0,180903,0,
2018-09-03 3:52,,0.000263574,1.86E-09,3:52,0,180903,0,
2018-09-03 3:53,,0.000263574,1.86E-09,3:53,0,180903,0,
2018-09-03 3:54,,0.000263574,1.86E-09,3:54,0,180903,0,
2018-09-03 3:55,,0.000263574,1.86E-09,3:55,0,180903,0,
2018-09-03 3:56,,0.000263574,1.86E-09,3:56,0,180903,0,
2018-09-03 3:57,,0.000263574,1.86E-09,3:57,0,180903,0,
2018-09-03 3:58,,0.000263574,1.86E-09,3:58,0,180903,0,
2018-09-03 3:59,,0.000263574,1.86E-09,3:59,0,180903,0,
2018-09-03 4:00,,0.000263574,1.86E-09,4:00,0,180903,0,
2018-09-03 4:01,,0.000263574,1.86E-09,4:01,0,180903,0,
2018-09-03 4:02,,0.000263574,1.86E-09,4:02,0,180903,0,
2018-09-03 4:03,,0.000263574,1.86E-09,4:03,0,180903,0,
2018-09-03 4:04,,0.000263574,1.86E-09,4:04,0,180903,0,
2018-09-03 4:05,,0.000263574,1.86E-09,4:05,0,180903,0,
2018-09-03 4:06,,0.000263574,1.86E-09,4:06,0,180903,0,
2018-09-03 4:07,,0.000263574,1.86E-09,4:07,0,180903,0,
2018-09-03 4:08,,0.000263574,1.86E-09,4:08,0,180903,0,
2018-09-03 4:09,,0.000263574,1.86E-09,4:09,0,180903,0,
2018-09-03 4:10,,0.000263574,1.86E-09,4:10,0,180903,0,
2018-09-03 4:11,,0.000263574,1.86E-09,4:11,0,180903,0,
2018-09-03 4:12,,0.000263574,1.86E-09,4:12,0,180903,0,
2018-09-03 4:13,,0.000263574,1.86E-09,4:13,0,180903,0,
2018-09-03 4:14,,0.000263574,1.86E-09,4:14,0,180903,0,
2018-09-03 4:15,,0.000263574,1.86E-09,4:15,0,180903,0,
2018-09-03 4:16,,0.000263574,1.86E-09,4:16,0,180903,0,
2018-09-03 4:17,,0.000263574,1.86E-09,4:17,0,180903,0,
2018-09-03 4:18,,0.000263574,1.86E-09,4:18,0,180903,0,
2018-09-03 4:19,,0.000263574,1.86E-09,4:19,0,180903,0,
2018-09-03 4:20,,0.000263574,1.86E-09,4:20,0,180903,0,
2018-09-03 4:21,,0.000263574,1.86E-09,4:21,0,180903,0,
2018-09-03 4:22,,0.000263574,1.86E-09,4:22,0,180903,0,
2018-09-03 4:23,,0.000263574,1.86E-09,4:23,0,180903,0,
2018-09-03 4:24,,0.000263574,1.86E-09,4:24,0,180903,0,
2018-09-03 4:25,,0.000263574,1.86E-09,4:25,0,180903,0,
2018-09-03 4:26,,0.000263574,1.86E-09,4:26,0,180903,0,
2018-09-03 4:27,,0.000263574,1.86E-09,4:27,0,180903,0,
2018-09-03 4:28,,0.000263574,1.86E-09,4:28,0,180903,0,
2018-09-03 4:29,,0.000263574,1.86E-09,4:29,0,180903,0,
2018-09-03 4:30,,0.000263574,1.86E-09,4:30,0,180903,0,
2018-09-03 4:31,,0.000263574,1.86E-09,4:31,0,180903,0,
2018-09-03 4:32,,0.000263574,1.86E-09,4:32,0,180903,0,
2018-09-03 4:33,,0.000263574,1.86E-09,4:33,0,180903,0,
2018-09-03 4:34,,0.000263574,1.86E-09,4:34,0,180903,0,
2018-09-03 4:35,,0.000263574,1.86E-09,4:35,0,180903,0,
2018-09-03 4:36,,0.000263574,1.86E-09,4:36,0,180903,0,
2018-09-03 4:37,,0.000263574,1.86E-09,4:37,0,180903,0,
2018-09-03 4:38,,0.000263574,1.86E-09,4:38,0,180903,0,
2018-09-03 4:39,,0.000263574,1.86E-09,4:39,0,180903,0,
2018-09-03 4:40,,0.000263574,1.86E-09,4:40,0,180903,0,
2018-09-03 4:41,,0.000263574,1.86E-09,4:41,0,180903,0,
2018-09-03 4:42,,0.000263574,1.86E-09,4:42,0,180903,0,
2018-09-03 4:43,,0.000263574,1.86E-09,4:43,0,180903,0,
2018-09-03 4:44,,0.000263574,1.86E-09,4:44,0,180903,0,
2018-09-03 4:45,,0.000263574,1.86E-09,4:45,0,180903,0,
2018-09-03 4:46,,0.000263574,1.86E-09,4:46,0,180903,0,
2018-09-03 4:47,,0.000263574,1.86E-09,4:47,0,180903,0,
2018-09-03 4:48,,0.000263574,1.86E-09,4:48,0,180903,0,
2018-09-03 4:49,,0.000263574,1.86E-09,4:49,0,180903,0,
2018-09-03 4:50,,0.000263574,1.86E-09,4:50,0,180903,0,
2018-09-03 4:51,,0.000263574,1.86E-09,4:51,0,180903,0,
2018-09-03 4:52,,0.000263574,1.86E-09,4:52,0,180903,0,
2018-09-03 4:53,,0.000263574,1.86E-09,4:53,0,180903,0,
2018-09-03 4:54,,0.000263574,1.86E-09,4:54,0,180903,0,
2018-09-03 4:55,,0.000263574,1.86E-09,4:55,0,180903,0,
2018-09-03 4:56,,0.000263574,1.86E-09,4:56,0,180903,0,
2018-09-03 4:57,,0.000263574,1.86E-09,4:57,0,180903,0,
2018-09-03 4:58,,0.000263574,1.86E-09,4:58,0,180903,0,
2018-09-03 4:59,,0.000263574,1.86E-09,4:59,0,180903,0,
2018-09-03 5:00,,0.000263574,1.86E-09,5:00,0,180903,0,
2018-09-03 5:01,,0.000263574,1.86E-09,5:01,0,180903,0,
2018-09-03 5:02,,0.000263574,1.86E-09,5:02,0,180903,0,
2018-09-03 5:03,,0.000263574,1.86E-09,5:03,0,180903,0,
2018-09-03 5:04,,0.000263574,1.86E-09,5:04,0,180903,0,
2018-09-03 5:05,,0.000263574,1.86E-09,5:05,0,180903,0,
2018-09-03 5:06,,0.000263574,1.86E-09,5:06,0,180903,0,
2018-09-03 5:07,,0.000263574,1.86E-09,5:07,0,180903,0,
2018-09-03 5:08,,0.000263574,1.86E-09,5:08,0,180903,0,
2018-09-03 5:09,,0.000263574,1.86E-09,5:09,0,180903,0,
2018-09-03 5:10,,0.000263574,1.86E-09,5:10,0,180903,0,
2018-09-03 5:11,,0.000263574,1.86E-09,5:11,0,180903,0,
2018-09-03 5:12,,0.000263574,1.86E-09,5:12,0,180903,0,
2018-09-03 5:13,,0.000263574,1.86E-09,5:13,0,180903,0,
2018-09-03 5:14,,0.000263574,1.86E-09,5:14,0,180903,0,
2018-09-03 5:15,,0.000263574,1.86E-09,5:15,0,180903,0,
2018-09-03 5:16,,0.000263574,1.86E-09,5:16,0,180903,0,
2018-09-03 5:17,,0.000263574,1.86E-09,5:17,0,180903,0,
2018-09-03 5:18,,0.000263574,1.86E-09,5:18,0,180903,0,
2018-09-03 5:19,,0.000263574,1.86E-09,5:19,0,180903,0,
2018-09-03 5:20,,0.000263574,1.86E-09,5:20,0,180903,0,
2018-09-03 5:21,,0.000263574,1.86E-09,5:21,0,180903,0,
2018-09-03 5:22,,0.000263574,1.86E-09,5:22,0,180903,0,
2018-09-03 5:23,,0.000263574,1.86E-09,5:23,0,180903,0,
2018-09-03 5:24,,0.000263574,1.86E-09,5:24,0,180903,0,
2018-09-03 5:25,,0.000263574,1.86E-09,5:25,0,180903,0,
2018-09-03 5:26,,0.000263574,1.86E-09,5:26,0,180903,0,
2018-09-03 5:27,,0.000263574,1.86E-09,5:27,0,180903,0,
2018-09-03 5:28,,0.000263574,1.86E-09,5:28,0,180903,0,
2018-09-03 5:29,,0.000263574,1.86E-09,5:29,0,180903,0,
2018-09-03 5:30,,0.000263574,1.86E-09,5:30,0,180903,0,
2018-09-03 5:31,,0.000263574,1.86E-09,5:31,0,180903,0,
2018-09-03 5:32,,0.000263574,1.86E-09,5:32,0,180903,0,
2018-09-03 5:33,,0.000263574,1.86E-09,5:33,0,180903,0,
2018-09-03 5:34,,0.000263574,1.86E-09,5:34,0,180903,0,
2018-09-03 5:35,,0.000263574,1.86E-09,5:35,0,180903,0,
2018-09-03 5:36,,0.000263574,1.86E-09,5:36,0,180903,0,
2018-09-03 5:37,,0.000263574,1.86E-09,5:37,0,180903,0,
2018-09-03 5:38,,0.000263574,1.86E-09,5:38,0,180903,0,
2018-09-03 5:39,,0.000263574,1.86E-09,5:39,0,180903,0,
2018-09-03 5:40,,0.000263574,1.86E-09,5:40,0,180903,0,
2018-09-03 5:41,,0.000263574,1.86E-09,5:41,0,180903,0,
2018-09-03 5:42,,0.000263574,1.86E-09,5:42,0,180903,0,
2018-09-03 5:43,,0.000263574,1.86E-09,5:43,0,180903,0,
2018-09-03 5:44,,0.000263574,1.86E-09,5:44,0,180903,0,
2018-09-03 5:45,,0.000263574,1.86E-09,5:45,0,180903,0,
2018-09-03 5:46,,0.000263574,1.86E-09,5:46,0,180903,0,
2018-09-03 5:47,,0.000263574,1.86E-09,5:47,0,180903,0,
2018-09-03 5:48,,0.000263574,1.86E-09,5:48,0,180903,0,
2018-09-03 5:49,,0.000263574,1.86E-09,5:49,0,180903,0,
2018-09-03 5:50,,0.000263574,1.86E-09,5:50,0,180903,0,
2018-09-03 5:51,,0.000263574,1.86E-09,5:51,0,180903,0,
2018-09-03 5:52,,0.000263574,1.86E-09,5:52,0,180903,0,
2018-09-03 5:53,,0.000263574,1.86E-09,5:53,0,180903,0,
2018-09-03 5:54,,0.000263574,1.86E-09,5:54,0,180903,0,
2018-09-03 5:55,,0.000263574,1.86E-09,5:55,0,180903,0,
2018-09-03 5:56,,0.000263574,1.86E-09,5:56,0,180903,0,
2018-09-03 5:57,,0.000263574,1.86E-09,5:57,0,180903,0,
2018-09-03 5:58,,0.000263574,1.86E-09,5:58,0,180903,0,
2018-09-03 5:59,,0.000263574,1.86E-09,5:59,0,180903,0,
2018-09-03 6:00,,0.000263574,1.86E-09,6:00,0,180903,0,
2018-09-03 6:01,,0.000263574,1.86E-09,6:01,0,180903,0,
2018-09-03 6:02,,0.000263574,1.86E-09,6:02,0,180903,0,
2018-09-03 6:03,,0.000263574,1.86E-09,6:03,0,180903,0,
2018-09-03 6:04,,0.000263574,1.86E-09,6:04,0,180903,0,
2018-09-03 6:05,,0.000263574,1.86E-09,6:05,0,180903,0,
2018-09-03 6:06,,0.000263574,1.86E-09,6:06,0,180903,0,
2018-09-03 6:07,,0.000263574,1.86E-09,6:07,0,180903,0,
2018-09-03 6:08,,0.000263574,1.86E-09,6:08,0,180903,0,
2018-09-03 6:09,,0.000263574,1.86E-09,6:09,0,180903,0,
2018-09-03 6:10,,0.000263574,1.86E-09,6:10,0,180903,0,
2018-09-03 6:11,,0.000263574,1.86E-09,6:11,0,180903,0,
2018-09-03 6:12,,0.000263574,1.86E-09,6:12,0,180903,0,
2018-09-03 6:13,,0.000263574,1.86E-09,6:13,0,180903,0,
2018-09-03 6:14,,0.000263574,1.86E-09,6:14,0,180903,0,
2018-09-03 6:15,,0.000263574,1.86E-09,6:15,0,180903,0,
2018-09-03 6:16,,0.000263574,1.86E-09,6:16,0,180903,0,
2018-09-03 6:17,,0.000263574,1.86E-09,6:17,0,180903,0,
2018-09-03 6:18,,0.000263574,1.86E-09,6:18,0,180903,0,
2018-09-03 6:19,,0.000263574,1.86E-09,6:19,0,180903,0,
2018-09-03 6:20,,0.000263574,1.86E-09,6:20,0,180903,0,
2018-09-03 6:21,,0.000263574,1.86E-09,6:21,0,180903,0,
2018-09-03 6:22,,0.000263574,1.86E-09,6:22,0,180903,0,
2018-09-03 6:23,,0.000263574,1.86E-09,6:23,0,180903,0,
2018-09-03 6:24,,0.000263574,1.86E-09,6:24,0,180903,0,
2018-09-03 6:25,,0.000263574,1.86E-09,6:25,0,180903,0,
2018-09-03 6:26,,0.000263574,1.86E-09,6:26,0,180903,0,
2018-09-03 6:27,,0.000263574,1.86E-09,6:27,0,180903,0,
2018-09-03 6:28,,0.000263574,1.86E-09,6:28,0,180903,0,
2018-09-03 6:29,,0.000263574,1.86E-09,6:29,0,180903,0,
2018-09-03 6:30,,0.000263574,1.86E-09,6:30,0,180903,0,
2018-09-03 6:31,,0.000263574,1.86E-09,6:31,0,180903,0,
2018-09-03 6:32,,0.000263574,1.86E-09,6:32,0,180903,0,
2018-09-03 6:33,,0.000263574,1.86E-09,6:33,0,180903,0,
2018-09-03 6:34,,0.000263574,1.86E-09,6:34,0,180903,0,
2018-09-03 6:35,,0.000263574,1.86E-09,6:35,0,180903,0,
2018-09-03 6:36,,0.000263574,1.86E-09,6:36,0,180903,0,
2018-09-03 6:37,,0.000263574,1.86E-09,6:37,0,180903,0,
2018-09-03 6:38,,0.000263574,1.86E-09,6:38,0,180903,0,
2018-09-03 6:39,,0.000263574,1.86E-09,6:39,0,180903,0,
2018-09-03 6:40,,0.000263574,1.86E-09,6:40,0,180903,0,
2018-09-03 6:41,,0.000263574,1.86E-09,6:41,0,180903,0,
2018-09-03 6:42,,0.000263574,1.86E-09,6:42,0,180903,0,
2018-09-03 6:43,,0.000263574,1.86E-09,6:43,0,180903,0,
2018-09-03 6:44,,0.000263574,1.86E-09,6:44,0,180903,0,
2018-09-03 6:45,,0.000263574,1.86E-09,6:45,0,180903,0,
2018-09-03 6:46,,0.000263574,1.86E-09,6:46,0,180903,0,
2018-09-03 6:47,,0.000263574,1.86E-09,6:47,0,180903,0,
2018-09-03 6:48,,0.000263574,1.86E-09,6:48,0,180903,0,
2018-09-03 6:49,,0.000263574,1.86E-09,6:49,0,180903,0,
2018-09-03 6:50,,0.000263574,1.86E-09,6:50,0,180903,0,
2018-09-03 6:51,,0.000263574,1.86E-09,6:51,0,180903,0,
2018-09-03 6:52,,0.000263574,1.86E-09,6:52,0,180903,0,
2018-09-03 6:53,,0.000263574,1.86E-09,6:53,0,180903,0,
2018-09-03 6:54,,0.000263574,1.86E-09,6:54,0,180903,0,
2018-09-03 6:55,,0.000263574,1.86E-09,6:55,0,180903,0,
2018-09-03 6:56,,0.000263574,1.86E-09,6:56,0,180903,0,
2018-09-03 6:57,,0.000263574,1.86E-09,6:57,0,180903,0,
2018-09-03 6:58,,0.000263574,1.86E-09,6:58,0,180903,0,
2018-09-03 6:59,,0.000263574,1.86E-09,6:59,0,180903,0,
2018-09-03 7:00,,0.000263574,1.86E-09,7:00,0,180903,0,
2018-09-03 7:01,,0.000263574,1.86E-09,7:01,0,180903,0,
2018-09-03 7:02,,0.000263574,1.86E-09,7:02,0,180903,0,
2018-09-03 7:03,,0.000263574,1.86E-09,7:03,0,180903,0,
2018-09-03 7:04,,0.000263574,1.86E-09,7:04,0,180903,0,
2018-09-03 7:05,,0.000263574,1.86E-09,7:05,0,180903,0,
2018-09-03 7:06,,0.000263574,1.86E-09,7:06,0,180903,0,
2018-09-03 7:07,,0.000263574,1.86E-09,7:07,0,180903,0,
2018-09-03 7:08,,0.000263574,1.86E-09,7:08,0,180903,0,
2018-09-03 7:09,,0.000263574,1.86E-09,7:09,0,180903,0,
2018-09-03 7:10,,0.000263574,1.86E-09,7:10,0,180903,0,
2018-09-03 7:11,,0.000263574,1.86E-09,7:11,0,180903,0,
2018-09-03 7:12,,0.000263574,1.86E-09,7:12,0,180903,0,
2018-09-03 7:13,,0.000263574,1.86E-09,7:13,0,180903,0,
2018-09-03 7:14,,0.000263574,1.86E-09,7:14,0,180903,0,
2018-09-03 7:15,,0.000263574,1.86E-09,7:15,0,180903,0,
2018-09-03 7:16,,0.000263574,1.86E-09,7:16,0,180903,0,
2018-09-03 7:17,,0.000263574,1.86E-09,7:17,0,180903,0,
2018-09-03 7:18,,0.000263574,1.86E-09,7:18,0,180903,0,
2018-09-03 7:19,,0.000263574,1.86E-09,7:19,0,180903,0,
2018-09-03 7:20,,0.000263574,1.86E-09,7:20,0,180903,0,
2018-09-03 7:21,,0.000263574,1.86E-09,7:21,0,180903,0,
2018-09-03 7:22,,0.000263574,1.86E-09,7:22,0,180903,0,
2018-09-03 7:23,,0.000263574,1.86E-09,7:23,0,180903,0,
2018-09-03 7:24,,0.000263574,1.86E-09,7:24,0,180903,0,
2018-09-03 7:25,,0.000263574,1.86E-09,7:25,0,180903,0,
2018-09-03 7:26,,0.000263574,1.86E-09,7:26,0,180903,0,
2018-09-03 7:27,,0.000263574,1.86E-09,7:27,0,180903,0,
2018-09-03 7:28,,0.000263574,1.86E-09,7:28,0,180903,0,
2018-09-03 7:29,,0.000263574,1.86E-09,7:29,0,180903,0,
2018-09-03 7:30,,0.000263574,1.86E-09,7:30,0,180903,0,
2018-09-03 7:31,,0.000263574,1.86E-09,7:31,0,180903,0,
2018-09-03 7:32,,0.000263574,1.86E-09,7:32,0,180903,0,
2018-09-03 7:33,,0.000263574,1.86E-09,7:33,0,180903,0,
2018-09-03 7:34,,0.000263574,1.86E-09,7:34,0,180903,0,
2018-09-03 7:35,,0.000263574,1.86E-09,7:35,0,180903,0,
2018-09-03 7:36,,0.000263574,1.86E-09,7:36,0,180903,0,
2018-09-03 7:37,,0.000263574,1.86E-09,7:37,0,180903,0,
2018-09-03 7:38,,0.000263574,1.86E-09,7:38,0,180903,0,
2018-09-03 7:39,,0.000263574,1.86E-09,7:39,0,180903,0,
2018-09-03 7:40,,0.000263574,1.86E-09,7:40,0,180903,0,
2018-09-03 7:41,,0.000263574,1.86E-09,7:41,0,180903,0,
2018-09-03 7:42,,0.000263574,1.86E-09,7:42,0,180903,0,
2018-09-03 7:43,,0.000263574,1.86E-09,7:43,0,180903,0,
2018-09-03 7:44,,0.000263574,1.86E-09,7:44,0,180903,0,
2018-09-03 7:45,,0.000263574,1.86E-09,7:45,0,180903,0,
2018-09-03 7:46,,0.000263574,1.86E-09,7:46,0,180903,0,
2018-09-03 7:47,,0.000263574,1.86E-09,7:47,0,180903,0,
2018-09-03 7:48,,0.000263574,1.86E-09,7:48,0,180903,0,
2018-09-03 7:49,,0.000263574,1.86E-09,7:49,0,180903,0,
2018-09-03 7:50,,0.000263574,1.86E-09,7:50,0,180903,0,
2018-09-03 7:51,,0.000263574,1.86E-09,7:51,0,180903,0,
2018-09-03 7:52,,0.000263574,1.86E-09,7:52,0,180903,0,
2018-09-03 7:53,,0.000263574,1.86E-09,7:53,0,180903,0,
2018-09-03 7:54,,0.000263574,1.86E-09,7:54,0,180903,0,
2018-09-03 7:55,,0.000263574,1.86E-09,7:55,0,180903,0,
2018-09-03 7:56,,0.000263574,1.86E-09,7:56,0,180903,0,
2018-09-03 7:57,,0.000263574,1.86E-09,7:57,0,180903,0,
2018-09-03 7:58,,0.000263574,1.86E-09,7:58,0,180903,0,
2018-09-03 7:59,,0.000263574,1.86E-09,7:59,0,180903,0,
2018-09-03 8:00,,0.000263574,1.86E-09,8:00,0,180903,0,
2018-09-03 8:01,,0.000263574,1.86E-09,8:01,0,180903,0,
2018-09-03 8:02,,0.000263574,1.86E-09,8:02,0,180903,0,
2018-09-03 8:03,,0.000263574,1.86E-09,8:03,0,180903,0,
2018-09-03 8:04,,0.000263574,1.86E-09,8:04,0,180903,0,
2018-09-03 8:05,,0.000263574,1.86E-09,8:05,0,180903,0,
2018-09-03 8:06,,0.000263574,1.86E-09,8:06,0,180903,0,
2018-09-03 8:07,,0.000263574,1.86E-09,8:07,0,180903,0,
2018-09-03 8:08,,0.000263574,1.86E-09,8:08,0,180903,0,
2018-09-03 8:09,,0.000263574,1.86E-09,8:09,0,180903,0,
2018-09-03 8:10,,0.000263574,1.86E-09,8:10,0,180903,0,
2018-09-03 8:11,,0.000263574,1.86E-09,8:11,0,180903,0,
2018-09-03 8:12,,0.000263574,1.86E-09,8:12,0,180903,0,
2018-09-03 8:13,,0.000263574,1.86E-09,8:13,0,180903,0,
2018-09-03 8:14,,0.000263574,1.86E-09,8:14,0,180903,0,
2018-09-03 8:15,,0.000263574,1.86E-09,8:15,0,180903,0,
2018-09-03 8:16,,0.000263574,1.86E-09,8:16,0,180903,0,
2018-09-03 8:17,,0.000263574,1.86E-09,8:17,0,180903,0,
2018-09-03 8:18,,0.000263574,1.86E-09,8:18,0,180903,0,
2018-09-03 8:19,,0.000263574,1.86E-09,8:19,0,180903,0,
2018-09-03 8:20,,0.000263574,1.86E-09,8:20,0,180903,0,
2018-09-03 8:21,,0.000263574,1.86E-09,8:21,0,180903,0,
2018-09-03 8:22,,0.000263574,1.86E-09,8:22,0,180903,0,
2018-09-03 8:23,,0.000263574,1.86E-09,8:23,0,180903,0,
2018-09-03 8:24,,0.000263574,1.86E-09,8:24,0,180903,0,
2018-09-03 8:25,,0.000263574,1.86E-09,8:25,0,180903,0,
2018-09-03 8:27,,0.000263574,1.86E-09,8:27,0,180903,0,
2018-09-03 8:28,,0.000263574,1.86E-09,8:28,0,180903,0,
2018-09-03 8:29,,0.000263574,1.86E-09,8:29,0,180903,0,
2018-09-03 8:30,,0.000263574,1.86E-09,8:30,0,180903,0,
2018-09-03 8:31,,0.000263574,1.86E-09,8:31,0,180903,0,
2018-09-03 8:32,,0.000263574,1.86E-09,8:32,0,180903,0,
2018-09-03 8:33,,0.000263574,1.86E-09,8:33,0,180903,0,
2018-09-03 8:34,,0.000263574,1.86E-09,8:34,0,180903,0,
2018-09-03 8:35,,0.000263574,1.86E-09,8:35,0,180903,0,
2018-09-03 8:36,,0.000263574,1.86E-09,8:36,0,180903,0,
2018-09-03 8:37,,0.000263574,1.86E-09,8:37,0,180903,0,
2018-09-03 8:38,,0.000263574,1.86E-09,8:38,0,180903,0,
2018-09-03 8:39,,0.000263574,1.86E-09,8:39,0,180903,0,
2018-09-03 8:40,,0.000263574,1.86E-09,8:40,0,180903,0,
2018-09-03 8:41,,0.000263574,1.86E-09,8:41,0,180903,0,
2018-09-03 8:42,,0.000263574,1.86E-09,8:42,0,180903,0,
2018-09-03 8:43,,0.000263574,1.86E-09,8:43,0,180903,0,
2018-09-03 8:44,,0.000263574,1.86E-09,8:44,0,180903,0,
2018-09-03 8:45,,0.000263574,1.86E-09,8:45,0,180903,0,
2018-09-03 8:46,,0.000263574,1.86E-09,8:46,0,180903,0,
2018-09-03 8:47,,0.000263574,1.86E-09,8:47,0,180903,0,
2018-09-03 8:48,,0.000263574,1.86E-09,8:48,0,180903,0,
2018-09-03 8:49,,0.000263574,1.86E-09,8:49,0,180903,0,
2018-09-03 8:50,,0.000263574,1.86E-09,8:50,0,180903,0,
2018-09-03 8:51,,0.000263574,1.86E-09,8:51,0,180903,0,
2018-09-03 8:52,,0.000263574,1.86E-09,8:52,0,180903,0,
2018-09-03 8:53,,0.000263574,1.86E-09,8:53,0,180903,0,
2018-09-03 8:54,,0.000263574,1.86E-09,8:54,0,180903,0,
2018-09-03 8:55,,0.000263574,1.86E-09,8:55,0,180903,0,
2018-09-03 8:56,,0.000263574,1.86E-09,8:56,0,180903,0,
2018-09-03 8:57,,0.000263574,1.86E-09,8:57,0,180903,0,
2018-09-03 8:58,,0.000263574,1.86E-09,8:58,0,180903,0,
2018-09-03 8:59,,0.000263574,1.86E-09,8:59,0,180903,0,
2018-09-03 9:00,,0.000263574,1.86E-09,9:00,0,180903,0,
2018-09-03 9:01,,0.000263574,1.86E-09,9:01,0,180903,0,
2018-09-03 9:02,,0.000263574,1.86E-09,9:02,0,180903,0,
2018-09-03 9:03,,0.000263574,1.86E-09,9:03,0,180903,0,
2018-09-03 9:04,,0.000263574,1.86E-09,9:04,0,180903,0,
2018-09-03 9:05,,0.000263574,1.86E-09,9:05,0,180903,0,
2018-09-03 9:06,,0.000263574,1.86E-09,9:06,0,180903,0,
2018-09-03 9:07,,0.000263574,1.86E-09,9:07,0,180903,0,
2018-09-03 9:08,,0.000263574,1.86E-09,9:08,0,180903,0,
2018-09-03 9:09,,0.000263574,1.86E-09,9:09,0,180903,0,
2018-09-03 9:10,,0.000263574,1.86E-09,9:10,0,180903,0,
2018-09-03 9:11,,0.000263574,1.86E-09,9:11,0,180903,0,
2018-09-03 9:12,,0.000263574,1.86E-09,9:12,0,180903,0,
2018-09-03 9:13,,0.000263574,1.86E-09,9:13,0,180903,0,
2018-09-03 9:14,,0.000263574,1.86E-09,9:14,0,180903,0,
2018-09-03 9:15,,0.000263574,1.86E-09,9:15,0,180903,0,
2018-09-03 9:16,,0.000263574,1.86E-09,9:16,0,180903,0,
2018-09-03 9:17,,0.000263574,1.86E-09,9:17,0,180903,0,
2018-09-03 9:18,,0.000263574,1.86E-09,9:18,0,180903,0,
2018-09-03 9:19,,0.000263574,1.86E-09,9:19,0,180903,0,
2018-09-03 9:20,,0.000263574,1.86E-09,9:20,0,180903,0,
2018-09-03 9:21,,0.000263574,1.86E-09,9:21,0,180903,0,
2018-09-03 9:22,,0.000263574,1.86E-09,9:22,0,180903,0,
2018-09-03 9:23,,0.000263574,1.86E-09,9:23,0,180903,0,
2018-09-03 9:24,,0.000263574,1.86E-09,9:24,0,180903,0,
2018-09-03 9:25,,0.000263574,1.86E-09,9:25,0,180903,0,
2018-09-03 9:26,,0.000263574,1.86E-09,9:26,0,180903,0,
2018-09-03 9:27,,0.000263574,1.86E-09,9:27,0,180903,0,
2018-09-03 9:28,,0.000263574,1.86E-09,9:28,0,180903,0,
2018-09-03 9:29,,0.000263574,1.86E-09,9:29,0,180903,0,
2018-09-03 9:30,,0.000263574,1.86E-09,9:30,0,180903,0,
2018-09-03 9:31,,0.000263574,1.86E-09,9:31,0,180903,0,
2018-09-03 9:32,,0.000263574,1.86E-09,9:32,0,180903,0,
2018-09-03 9:33,,0.000263574,1.86E-09,9:33,0,180903,0,
2018-09-03 9:34,,0.000263574,1.86E-09,9:34,0,180903,0,
2018-09-03 9:35,,0.000263574,1.86E-09,9:35,0,180903,0,
2018-09-03 9:36,,0.000263574,1.86E-09,9:36,0,180903,0,
2018-09-03 9:37,,0.000263574,1.86E-09,9:37,0,180903,0,
2018-09-03 9:38,,0.000263574,1.86E-09,9:38,0,180903,0,
2018-09-03 9:39,,0.000263574,1.86E-09,9:39,0,180903,0,
2018-09-03 9:40,,0.000263574,1.86E-09,9:40,0,180903,0,
2018-09-03 9:41,,0.000263574,1.86E-09,9:41,0,180903,0,
2018-09-03 9:42,,0.000263574,1.86E-09,9:42,0,180903,0,
2018-09-03 9:43,,0.000263574,1.86E-09,9:43,0,180903,0,
2018-09-03 9:44,,0.000263574,1.86E-09,9:44,0,180903,0,
2018-09-03 9:45,,0.000263574,1.86E-09,9:45,0,180903,0,
2018-09-03 9:46,,0.000263574,1.86E-09,9:46,0,180903,0,
2018-09-03 9:47,,0.000263574,1.86E-09,9:47,0,180903,0,
2018-09-03 9:48,,0.000263574,1.86E-09,9:48,0,180903,0,
2018-09-03 9:49,,0.000263574,1.86E-09,9:49,0,180903,0,
2018-09-03 9:50,,0.000263574,1.86E-09,9:50,0,180903,0,
2018-09-03 9:51,,0.000263574,1.86E-09,9:51,0,180903,0,
2018-09-03 9:52,,0.000263574,1.86E-09,9:52,0,180903,0,
2018-09-03 9:53,,0.000263574,1.86E-09,9:53,0,180903,0,
2018-09-03 9:54,,0.000263574,1.86E-09,9:54,0,180903,0,
2018-09-03 9:55,,0.000263574,1.86E-09,9:55,0,180903,0,
2018-09-03 9:56,,0.000263574,1.86E-09,9:56,0,180903,0,
2018-09-03 9:57,,0.000263574,1.86E-09,9:57,0,180903,0,
2018-09-03 9:58,,0.000263574,1.86E-09,9:58,0,180903,0,
2018-09-03 9:59,,0.000263574,1.86E-09,9:59,0,180903,0,
2018-09-03 10:00,,0.000263574,1.86E-09,10:00,0,180903,0,
2018-09-03 10:01,,0.000263574,1.86E-09,10:01,0,180903,0,
2018-09-03 10:02,,0.000263574,1.86E-09,10:02,0,180903,0,
2018-09-03 10:03,,0.000263574,1.86E-09,10:03,0,180903,0,
2018-09-03 10:04,,0.000263574,1.86E-09,10:04,0,180903,0,
2018-09-03 10:05,,0.000263574,1.86E-09,10:05,0,180903,0,
2018-09-03 10:06,,0.000263574,1.86E-09,10:06,0,180903,0,
2018-09-03 10:07,,0.000263574,1.86E-09,10:07,0,180903,0,
2018-09-03 10:08,,0.000263574,1.86E-09,10:08,0,180903,0,
2018-09-03 10:09,,0.000263574,1.86E-09,10:09,0,180903,0,
2018-09-03 10:10,,0.000263574,1.86E-09,10:10,0,180903,0,
2018-09-03 10:11,,0.000263574,1.86E-09,10:11,0,180903,0,
2018-09-03 10:12,,0.000263574,1.86E-09,10:12,0,180903,0,
2018-09-03 10:13,,0.000263574,1.86E-09,10:13,0,180903,0,
2018-09-03 10:14,,0.000263574,1.86E-09,10:14,0,180903,0,
2018-09-03 10:15,,0.000263574,1.86E-09,10:15,0,180903,0,
2018-09-03 10:16,,0.000263574,1.86E-09,10:16,0,180903,0,
2018-09-03 10:17,,0.000263574,1.86E-09,10:17,0,180903,0,
2018-09-03 10:18,,0.000263574,1.86E-09,10:18,0,180903,0,
2018-09-03 10:19,,0.000263574,1.86E-09,10:19,0,180903,0,
2018-09-03 10:20,,0.000263574,1.86E-09,10:20,0,180903,0,
2018-09-03 10:21,,0.000263574,1.86E-09,10:21,0,180903,0,
2018-09-03 10:22,,0.000263574,1.86E-09,10:22,0,180903,0,
2018-09-03 10:23,,0.000263574,1.86E-09,10:23,0,180903,0,
2018-09-03 10:24,,0.000263574,1.86E-09,10:24,0,180903,0,
2018-09-03 10:25,,0.000263574,1.86E-09,10:25,0,180903,0,
2018-09-03 10:26,,0.000263574,1.86E-09,10:26,0,180903,0,
2018-09-03 10:27,,0.000263574,1.86E-09,10:27,0,180903,0,
2018-09-03 10:28,,0.000263574,1.86E-09,10:28,0,180903,0,
2018-09-03 10:29,,0.000263574,1.86E-09,10:29,0,180903,0,
2018-09-03 10:30,,0.000263574,1.86E-09,10:30,0,180903,0,
2018-09-03 10:31,,0.000263574,1.86E-09,10:31,0,180903,0,
2018-09-03 10:32,,0.000263574,1.86E-09,10:32,0,180903,0,
2018-09-03 10:33,,0.000263574,1.86E-09,10:33,0,180903,0,
2018-09-03 10:34,,0.000263574,1.86E-09,10:34,0,180903,0,
2018-09-03 10:35,,0.000263574,1.86E-09,10:35,0,180903,0,
2018-09-03 10:36,,0.000263574,1.86E-09,10:36,0,180903,0,
2018-09-03 10:37,,0.000263574,1.86E-09,10:37,0,180903,0,
2018-09-03 10:38,,0.000263574,1.86E-09,10:38,0,180903,0,
2018-09-03 10:39,,0.000263574,1.86E-09,10:39,0,180903,0,
2018-09-03 10:40,,0.000263574,1.86E-09,10:40,0,180903,0,
2018-09-03 10:41,,0.000263574,1.86E-09,10:41,0,180903,0,
2018-09-03 10:42,,0.000263574,1.86E-09,10:42,0,180903,0,
2018-09-03 10:43,,0.000263574,1.86E-09,10:43,0,180903,0,
2018-09-03 10:44,,0.000263574,1.86E-09,10:44,0,180903,0,
2018-09-03 10:45,,0.000263574,1.86E-09,10:45,0,180903,0,
2018-09-03 10:46,,0.000263574,1.86E-09,10:46,0,180903,0,
2018-09-03 10:47,,0.000263574,1.86E-09,10:47,0,180903,0,
2018-09-03 10:48,,0.000263574,1.86E-09,10:48,0,180903,0,
2018-09-03 10:49,,0.000263574,1.86E-09,10:49,0,180903,0,
2018-09-03 10:50,,0.000263574,1.86E-09,10:50,0,180903,0,
2018-09-03 10:51,,0.000263574,1.86E-09,10:51,0,180903,0,
2018-09-03 10:52,,0.000263574,1.86E-09,10:52,0,180903,0,
2018-09-03 10:53,,0.000263574,1.86E-09,10:53,0,180903,0,
2018-09-03 10:54,,0.000263574,1.86E-09,10:54,0,180903,0,
2018-09-03 10:55,,0.000263574,1.86E-09,10:55,0,180903,0,
2018-09-03 10:56,,0.000263574,1.86E-09,10:56,0,180903,0,
2018-09-03 10:57,,0.000263574,1.86E-09,10:57,0,180903,0,
2018-09-03 10:58,,0.000263574,1.86E-09,10:58,0,180903,0,
2018-09-03 10:59,,0.000263574,1.86E-09,10:59,0,180903,0,
2018-09-03 11:00,,0.000263574,1.86E-09,11:00,0,180903,0,
2018-09-03 11:01,,0.000263574,1.86E-09,11:01,0,180903,0,
2018-09-03 11:02,,0.000263574,1.86E-09,11:02,0,180903,0,
2018-09-03 11:03,,0.000263574,1.86E-09,11:03,0,180903,0,
2018-09-03 11:04,,0.000263574,1.86E-09,11:04,0,180903,0,
2018-09-03 11:05,,0.000263574,1.86E-09,11:05,0,180903,0,
2018-09-03 11:06,,0.000263574,1.86E-09,11:06,0,180903,0,
2018-09-03 11:07,,0.000263574,1.86E-09,11:07,0,180903,0,
2018-09-03 11:08,,0.000263574,1.86E-09,11:08,0,180903,0,
2018-09-03 11:09,,0.000263574,1.86E-09,11:09,0,180903,0,
2018-09-03 11:10,,0.000263574,1.86E-09,11:10,0,180903,0,
2018-09-03 11:11,,0.000263574,1.86E-09,11:11,0,180903,0,
2018-09-03 11:12,,0.000263574,1.86E-09,11:12,0,180903,0,
2018-09-03 11:13,,0.000263574,1.86E-09,11:13,0,180903,0,
2018-09-03 11:14,,0.000263574,1.86E-09,11:14,0,180903,0,
2018-09-03 11:15,,0.000263574,1.86E-09,11:15,0,180903,0,
2018-09-03 11:16,,0.000263574,1.86E-09,11:16,0,180903,0,
2018-09-03 11:17,,0.000263574,1.86E-09,11:17,0,180903,0,
2018-09-03 11:18,,0.000263574,1.86E-09,11:18,0,180903,0,
2018-09-03 11:19,,0.000263574,1.86E-09,11:19,0,180903,0,
2018-09-03 11:20,,0.000263574,1.86E-09,11:20,0,180903,0,
2018-09-03 11:21,,0.000263574,1.86E-09,11:21,0,180903,0,
2018-09-03 11:22,,0.000263574,1.86E-09,11:22,0,180903,0,
2018-09-03 11:23,,0.000263574,1.86E-09,11:23,0,180903,0,
2018-09-03 11:24,,0.000263574,1.86E-09,11:24,0,180903,0,
2018-09-03 11:25,,0.000263574,1.86E-09,11:25,0,180903,0,
2018-09-03 11:26,,0.000263574,1.86E-09,11:26,0,180903,0,
2018-09-03 11:27,,0.000263574,1.86E-09,11:27,0,180903,0,
2018-09-03 11:28,,0.000263574,1.86E-09,11:28,0,180903,0,
2018-09-03 11:29,,0.000263574,1.86E-09,11:29,0,180903,0,
2018-09-03 11:30,,0.000263574,1.86E-09,11:30,0,180903,0,
2018-09-03 11:31,,0.000263574,1.86E-09,11:31,0,180903,0,
2018-09-03 11:32,,0.000263574,1.86E-09,11:32,0,180903,0,
2018-09-03 11:33,,0.000263574,1.86E-09,11:33,0,180903,0,
2018-09-03 11:34,,0.000263574,1.86E-09,11:34,0,180903,0,
2018-09-03 11:35,,0.000263574,1.86E-09,11:35,0,180903,0,
2018-09-03 11:36,,0.000263574,1.86E-09,11:36,0,180903,0,
2018-09-03 11:37,,0.000263574,1.86E-09,11:37,0,180903,0,
2018-09-03 11:38,,0.000263574,1.86E-09,11:38,0,180903,0,
2018-09-03 11:39,,0.000263574,1.86E-09,11:39,0,180903,0,
2018-09-03 11:40,,0.000263574,1.86E-09,11:40,0,180903,0,
2018-09-03 11:41,,0.000263574,1.86E-09,11:41,0,180903,0,
2018-09-03 11:42,,0.000263574,1.86E-09,11:42,0,180903,0,
2018-09-03 11:43,,0.000263574,1.86E-09,11:43,0,180903,0,
2018-09-03 11:44,,0.000263574,1.86E-09,11:44,0,180903,0,
2018-09-03 11:45,,0.000263574,1.86E-09,11:45,0,180903,0,
2018-09-03 11:46,,0.000263574,1.86E-09,11:46,0,180903,0,
2018-09-03 11:47,,0.000263574,1.86E-09,11:47,0,180903,0,
2018-09-03 11:48,,0.000263574,1.86E-09,11:48,0,180903,0,
2018-09-03 11:49,,0.000263574,1.86E-09,11:49,0,180903,0,
2018-09-03 11:50,,0.000263574,1.86E-09,11:50,0,180903,0,
2018-09-03 11:51,,0.000263574,1.86E-09,11:51,0,180903,0,
2018-09-03 11:52,,0.000263574,1.86E-09,11:52,0,180903,0,
2018-09-03 11:53,,0.000263574,1.86E-09,11:53,0,180903,0,
2018-09-03 11:54,,0.000263574,1.86E-09,11:54,0,180903,0,
2018-09-03 11:55,,0.000263574,1.86E-09,11:55,0,180903,0,
2018-09-03 11:56,,0.000263574,1.86E-09,11:56,0,180903,0,
2018-09-03 11:57,,0.000263574,1.86E-09,11:57,0,180903,0,
2018-09-03 11:58,,0.000263574,1.86E-09,11:58,0,180903,0,
2018-09-03 11:59,,0.000263574,1.86E-09,11:59,0,180903,0,
2018-09-03 12:00,,0.000263574,1.86E-09,12:00,0,180903,0,
2018-09-03 12:01,,0.000263574,1.86E-09,12:01,0,180903,0,
2018-09-03 12:02,,0.000263574,1.86E-09,12:02,0,180903,0,
2018-09-03 12:03,,0.000263574,1.86E-09,12:03,0,180903,0,
2018-09-03 12:04,,0.000263574,1.86E-09,12:04,0,180903,0,
2018-09-03 12:05,,0.000263574,1.86E-09,12:05,0,180903,0,
2018-09-03 12:06,,0.000263574,1.86E-09,12:06,0,180903,0,
2018-09-03 12:07,,0.000263574,1.86E-09,12:07,0,180903,0,
2018-09-03 12:08,,0.000263574,1.86E-09,12:08,0,180903,0,
2018-09-03 12:09,,0.000263574,1.86E-09,12:09,0,180903,0,
2018-09-03 12:10,,0.000263574,1.86E-09,12:10,0,180903,0,
2018-09-03 12:11,,0.000263574,1.86E-09,12:11,0,180903,0,
2018-09-03 12:12,,0.000263574,1.86E-09,12:12,0,180903,0,
2018-09-03 12:13,,0.000263574,1.86E-09,12:13,0,180903,0,
2018-09-03 12:14,,0.000263574,1.86E-09,12:14,0,180903,0,
2018-09-03 12:15,,0.000263574,1.86E-09,12:15,0,180903,0,
2018-09-03 12:16,,0.000263574,1.86E-09,12:16,0,180903,0,
2018-09-03 12:17,,0.000263574,1.86E-09,12:17,0,180903,0,
2018-09-03 12:18,,0.000263574,1.86E-09,12:18,0,180903,0,
2018-09-03 12:19,,0.000263574,1.86E-09,12:19,0,180903,0,
2018-09-03 12:20,,0.000263574,1.86E-09,12:20,0,180903,0,
2018-09-03 12:21,,0.000263574,1.86E-09,12:21,0,180903,0,
2018-09-03 12:22,,0.000263574,1.86E-09,12:22,0,180903,0,
2018-09-03 12:23,,0.000263574,1.86E-09,12:23,0,180903,0,
2018-09-03 12:24,,0.000263574,1.86E-09,12:24,0,180903,0,
2018-09-03 12:25,,0.000263574,1.86E-09,12:25,0,180903,0,
2018-09-03 12:26,,0.000263574,1.86E-09,12:26,0,180903,0,
2018-09-03 12:27,,0.000263574,1.86E-09,12:27,0,180903,0,
2018-09-03 12:28,,0.000263574,1.86E-09,12:28,0,180903,0,
2018-09-03 12:29,,0.000263574,1.86E-09,12:29,0,180903,0,
2018-09-03 12:30,,0.000263574,1.86E-09,12:30,0,180903,0,
2018-09-03 12:31,,0.000263574,1.86E-09,12:31,0,180903,0,
2018-09-03 12:32,,0.000263574,1.86E-09,12:32,0,180903,0,
2018-09-03 12:33,,0.000263574,1.86E-09,12:33,0,180903,0,
2018-09-03 12:34,,0.000263574,1.86E-09,12:34,0,180903,0,
2018-09-03 12:35,,0.000263574,1.86E-09,12:35,0,180903,0,
2018-09-03 12:36,,0.000263574,1.86E-09,12:36,0,180903,0,
2018-09-03 12:37,,0.000263574,1.86E-09,12:37,0,180903,0,
2018-09-03 12:38,,0.000263574,1.86E-09,12:38,0,180903,0,
2018-09-03 12:39,,0.000263574,1.86E-09,12:39,0,180903,0,
2018-09-03 12:40,,0.000263574,1.86E-09,12:40,0,180903,0,
2018-09-03 12:41,,0.000263574,1.86E-09,12:41,0,180903,0,
2018-09-03 12:42,,0.000263574,1.86E-09,12:42,0,180903,0,
2018-09-03 12:43,,0.000263574,1.86E-09,12:43,0,180903,0,
2018-09-03 12:44,,0.000263574,1.86E-09,12:44,0,180903,0,
2018-09-03 12:45,,0.000263574,1.86E-09,12:45,0,180903,0,
2018-09-03 12:46,,0.000263574,1.86E-09,12:46,0,180903,0,
2018-09-03 12:47,,0.000263574,1.86E-09,12:47,0,180903,0,
2018-09-03 12:48,,0.000263574,1.86E-09,12:48,0,180903,0,
2018-09-03 12:49,,0.000263574,1.86E-09,12:49,0,180903,0,
2018-09-03 12:50,,0.000263574,1.86E-09,12:50,0,180903,0,
2018-09-03 12:51,,0.000263574,1.86E-09,12:51,0,180903,0,
2018-09-03 12:52,,0.000263574,1.86E-09,12:52,0,180903,0,
2018-09-03 12:53,,0.000263574,1.86E-09,12:53,0,180903,0,
2018-09-03 12:54,,0.000263574,1.86E-09,12:54,0,180903,0,
2018-09-03 12:55,,0.000263574,1.86E-09,12:55,0,180903,0,
2018-09-03 12:56,,0.000263574,1.86E-09,12:56,0,180903,0,
2018-09-03 12:57,,0.000263574,1.86E-09,12:57,0,180903,0,
2018-09-03 12:58,,0.000263574,1.86E-09,12:58,0,180903,0,
2018-09-03 12:59,,0.000263574,1.86E-09,12:59,0,180903,0,
2018-09-03 13:00,,0.000263574,1.86E-09,13:00,0,180903,0,
2018-09-03 13:01,,0.000263574,1.86E-09,13:01,0,180903,0,
2018-09-03 13:02,,0.000263574,1.86E-09,13:02,0,180903,0,
2018-09-03 13:03,,0.000263574,1.86E-09,13:03,0,180903,0,
2018-09-03 13:04,,0.000263574,1.86E-09,13:04,0,180903,0,
2018-09-03 13:05,,0.000263574,1.86E-09,13:05,0,180903,0,
2018-09-03 13:06,,0.000263574,1.86E-09,13:06,0,180903,0,
2018-09-03 13:07,,0.000263574,1.86E-09,13:07,0,180903,0,
2018-09-03 13:08,,0.000263574,1.86E-09,13:08,0,180903,0,
2018-09-03 13:09,,0.000263574,1.86E-09,13:09,0,180903,0,
2018-09-03 13:10,,0.000263574,1.86E-09,13:10,0,180903,0,
2018-09-03 13:11,,0.000263574,1.86E-09,13:11,0,180903,0,
2018-09-03 13:12,,0.000263574,1.86E-09,13:12,0,180903,0,
2018-09-03 13:13,,0.000263574,1.86E-09,13:13,0,180903,0,
2018-09-03 13:14,,0.000263574,1.86E-09,13:14,0,180903,0,
2018-09-03 13:15,,0.000263574,1.86E-09,13:15,0,180903,0,
2018-09-03 13:16,,0.000263574,1.86E-09,13:16,0,180903,0,
2018-09-03 13:17,,0.000263574,1.86E-09,13:17,0,180903,0,
2018-09-03 13:18,,0.000263574,1.86E-09,13:18,0,180903,0,
2018-09-03 13:19,,0.000263574,1.86E-09,13:19,0,180903,0,
2018-09-03 13:20,,0.000263574,1.86E-09,13:20,0,180903,0,
2018-09-03 13:21,,0.000263574,1.86E-09,13:21,0,180903,0,
2018-09-03 13:22,,0.000263574,1.86E-09,13:22,0,180903,0,
2018-09-03 13:23,,0.000263574,1.86E-09,13:23,0,180903,0,
2018-09-03 13:24,,0.000263574,1.86E-09,13:24,0,180903,0,
2018-09-03 13:25,,0.000263574,1.86E-09,13:25,0,180903,0,
2018-09-03 13:26,,0.000263574,1.86E-09,13:26,0,180903,0,
2018-09-03 13:27,,0.000263574,1.86E-09,13:27,0,180903,0,
2018-09-03 13:28,,0.000263574,1.86E-09,13:28,0,180903,0,
2018-09-03 13:29,,0.000263574,1.86E-09,13:29,0,180903,0,
2018-09-03 13:30,,0.000263574,1.86E-09,13:30,0,180903,0,
2018-09-03 13:31,,0.000263574,1.86E-09,13:31,0,180903,0,
2018-09-03 13:32,,0.000263574,1.86E-09,13:32,0,180903,0,
2018-09-03 13:33,,0.000263574,1.86E-09,13:33,0,180903,0,
2018-09-03 13:34,,0.000263574,1.86E-09,13:34,0,180903,0,
2018-09-03 13:35,,0.000263574,1.86E-09,13:35,0,180903,0,
2018-09-03 13:36,,0.000263574,1.86E-09,13:36,0,180903,0,
2018-09-03 13:37,,0.000263574,1.86E-09,13:37,0,180903,0,
2018-09-03 13:38,,0.000263574,1.86E-09,13:38,0,180903,0,
2018-09-03 13:39,,0.000263574,1.86E-09,13:39,0,180903,0,
2018-09-03 13:40,,0.000263574,1.86E-09,13:40,0,180903,0,
2018-09-03 13:41,,0.000263574,1.86E-09,13:41,0,180903,0,
2018-09-03 13:42,,0.000263574,1.86E-09,13:42,0,180903,0,
2018-09-03 13:43,,0.000263574,1.86E-09,13:43,0,180903,0,
2018-09-03 13:44,,0.000263574,1.86E-09,13:44,0,180903,0,
2018-09-03 13:45,,0.000263574,1.86E-09,13:45,0,180903,0,
2018-09-03 13:46,,0.000263574,1.86E-09,13:46,0,180903,0,
2018-09-03 13:47,,0.000263574,1.86E-09,13:47,0,180903,0,
2018-09-03 13:48,,0.000263574,1.86E-09,13:48,0,180903,0,
2018-09-03 13:49,,0.000263574,1.86E-09,13:49,0,180903,0,
2018-09-03 13:50,,0.000263574,1.86E-09,13:50,0,180903,0,
2018-09-03 13:51,,0.000263574,1.86E-09,13:51,0,180903,0,
2018-09-03 13:52,,0.000263574,1.86E-09,13:52,0,180903,0,
2018-09-03 13:53,,0.000263574,1.86E-09,13:53,0,180903,0,
2018-09-03 13:54,,0.000263574,1.86E-09,13:54,0,180903,0,
2018-09-03 13:55,,0.000263574,1.86E-09,13:55,0,180903,0,
2018-09-03 13:56,,0.000263574,1.86E-09,13:56,0,180903,0,
2018-09-03 13:57,,0.000263574,1.86E-09,13:57,0,180903,0,
2018-09-03 13:58,,0.000263574,1.86E-09,13:58,0,180903,0,
2018-09-03 13:59,,0.000263574,1.86E-09,13:59,0,180903,0,
2018-09-03 14:00,,0.000263574,1.86E-09,14:00,0,180903,0,
2018-09-03 14:01,,0.000263574,1.86E-09,14:01,0,180903,0,
2018-09-03 14:02,,0.000263574,1.86E-09,14:02,0,180903,0,
2018-09-03 14:03,,0.000263574,1.86E-09,14:03,0,180903,0,
2018-09-03 14:04,,0.000263574,1.86E-09,14:04,0,180903,0,
2018-09-03 14:05,,0.000263574,1.86E-09,14:05,0,180903,0,
2018-09-03 14:06,,0.000263574,1.86E-09,14:06,0,180903,0,
2018-09-03 14:07,,0.000263574,1.86E-09,14:07,0,180903,0,
2018-09-03 14:08,,0.000263574,1.86E-09,14:08,0,180903,0,
2018-09-03 14:09,,0.000263574,1.86E-09,14:09,0,180903,0,
2018-09-03 14:10,,0.000263574,1.86E-09,14:10,0,180903,0,
2018-09-03 14:11,,0.000263574,1.86E-09,14:11,0,180903,0,
2018-09-03 14:12,,0.000263574,1.86E-09,14:12,0,180903,0,
2018-09-03 14:13,,0.000263574,1.86E-09,14:13,0,180903,0,
2018-09-03 14:14,,0.000263574,1.86E-09,14:14,0,180903,0,
2018-09-03 14:15,,0.000263574,1.86E-09,14:15,0,180903,0,
2018-09-03 14:16,,0.000263574,1.86E-09,14:16,0,180903,0,
2018-09-03 14:17,,0.000263574,1.86E-09,14:17,0,180903,0,
2018-09-03 14:18,,0.000263574,1.86E-09,14:18,0,180903,0,
2018-09-03 14:19,,0.000263574,1.86E-09,14:19,0,180903,0,
2018-09-03 14:20,,0.000263574,1.86E-09,14:20,0,180903,0,
2018-09-03 14:21,,0.000263574,1.86E-09,14:21,0,180903,0,
2018-09-03 14:22,,0.000263574,1.86E-09,14:22,0,180903,0,
2018-09-03 14:23,,0.000263574,1.86E-09,14:23,0,180903,0,
2018-09-03 14:24,,0.000263574,1.86E-09,14:24,0,180903,0,
2018-09-03 14:25,,0.000263574,1.86E-09,14:25,0,180903,0,
2018-09-03 14:26,,0.000263574,1.86E-09,14:26,0,180903,0,
2018-09-03 14:27,,0.000263574,1.86E-09,14:27,0,180903,0,
2018-09-03 14:28,,0.000263574,1.86E-09,14:28,0,180903,0,
2018-09-03 14:29,,0.000263574,1.86E-09,14:29,0,180903,0,
2018-09-03 14:30,,0.000263574,1.86E-09,14:30,0,180903,0,
2018-09-03 14:31,,0.000263574,1.86E-09,14:31,0,180903,0,
2018-09-03 14:32,,0.000263574,1.86E-09,14:32,0,180903,0,
2018-09-03 14:33,,0.000263574,1.86E-09,14:33,0,180903,0,
2018-09-03 14:34,,0.000263574,1.86E-09,14:34,0,180903,0,
2018-09-03 14:35,,0.000263574,1.86E-09,14:35,0,180903,0,
2018-09-03 14:36,,0.000263574,1.86E-09,14:36,0,180903,0,
2018-09-03 14:37,,0.000263574,1.86E-09,14:37,0,180903,0,
2018-09-03 14:38,,0.000263574,1.86E-09,14:38,0,180903,0,
2018-09-03 14:39,,0.000263574,1.86E-09,14:39,0,180903,0,
2018-09-03 14:40,,0.000263574,1.86E-09,14:40,0,180903,0,
2018-09-03 14:41,,0.000263574,1.86E-09,14:41,0,180903,0,
2018-09-03 14:42,,0.000263574,1.86E-09,14:42,0,180903,0,
2018-09-03 14:43,,0.000263574,1.86E-09,14:43,0,180903,0,
2018-09-03 14:44,,0.000263574,1.86E-09,14:44,0,180903,0,
2018-09-03 14:45,,0.000263574,1.86E-09,14:45,0,180903,0,
2018-09-03 14:46,,0.000263574,1.86E-09,14:46,0,180903,0,
2018-09-03 14:47,,0.000263574,1.86E-09,14:47,0,180903,0,
2018-09-03 14:48,,0.000263574,1.86E-09,14:48,0,180903,0,
2018-09-03 14:49,,0.000263574,1.86E-09,14:49,0,180903,0,
2018-09-03 14:50,,0.000263574,1.86E-09,14:50,0,180903,0,
2018-09-03 14:51,,0.000263574,1.86E-09,14:51,0,180903,0,
2018-09-03 14:52,,0.000263574,1.86E-09,14:52,0,180903,0,
2018-09-03 14:53,,0.000263574,1.86E-09,14:53,0,180903,0,
2018-09-03 14:54,,0.000263574,1.86E-09,14:54,0,180903,0,
2018-09-03 14:55,,0.000263574,1.86E-09,14:55,0,180903,0,
2018-09-03 14:56,,0.000263574,1.86E-09,14:56,0,180903,0,
2018-09-03 14:57,,0.000263574,1.86E-09,14:57,0,180903,0,
2018-09-03 14:58,,0.000263574,1.86E-09,14:58,0,180903,0,
2018-09-03 14:59,,0.000263574,1.86E-09,14:59,0,180903,0,
2018-09-03 15:00,,0.000263574,1.86E-09,15:00,0,180903,0,
2018-09-03 15:01,,0.000263574,1.86E-09,15:01,0,180903,0,
2018-09-03 15:02,,0.000263574,1.86E-09,15:02,0,180903,0,
2018-09-03 15:03,,0.000263574,1.86E-09,15:03,0,180903,0,
2018-09-03 15:04,,0.000263574,1.86E-09,15:04,0,180903,0,
2018-09-03 15:05,,0.000263574,1.86E-09,15:05,0,180903,0,
2018-09-03 15:06,,0.000263574,1.86E-09,15:06,0,180903,0,
2018-09-03 15:07,,0.000263574,1.86E-09,15:07,0,180903,0,
2018-09-03 15:08,,0.000263574,1.86E-09,15:08,0,180903,0,
2018-09-03 15:09,,0.000263574,1.86E-09,15:09,0,180903,0,
2018-09-03 15:10,,0.000263574,1.86E-09,15:10,0,180903,0,
2018-09-03 15:11,,0.000263574,1.86E-09,15:11,0,180903,0,
2018-09-03 15:12,,0.000263574,1.86E-09,15:12,0,180903,0,
2018-09-03 15:13,,0.000263574,1.86E-09,15:13,0,180903,0,
2018-09-03 15:14,,0.000263574,1.86E-09,15:14,0,180903,0,
2018-09-03 15:15,,0.000263574,1.86E-09,15:15,0,180903,0,
2018-09-03 15:16,,0.000263574,1.86E-09,15:16,0,180903,0,
2018-09-03 15:17,,0.000263574,1.86E-09,15:17,0,180903,0,
2018-09-03 15:18,,0.000263574,1.86E-09,15:18,0,180903,0,
2018-09-03 15:19,,0.000263574,1.86E-09,15:19,0,180903,0,
2018-09-03 15:20,,0.000263574,1.86E-09,15:20,0,180903,0,
2018-09-03 15:21,,0.000263574,1.86E-09,15:21,0,180903,0,
2018-09-03 15:22,,0.000263574,1.86E-09,15:22,0,180903,0,
2018-09-03 15:23,,0.000263574,1.86E-09,15:23,0,180903,0,
2018-09-03 15:24,,0.000263574,1.86E-09,15:24,0,180903,0,
2018-09-03 15:25,,0.000263574,1.86E-09,15:25,0,180903,0,
2018-09-03 15:26,,0.000263574,1.86E-09,15:26,0,180903,0,
2018-09-03 15:27,,0.000263574,1.86E-09,15:27,0,180903,0,
2018-09-03 15:28,,0.000263574,1.86E-09,15:28,0,180903,0,
2018-09-03 15:29,,0.000263574,1.86E-09,15:29,0,180903,0,
2018-09-03 15:30,,0.000263574,1.86E-09,15:30,0,180903,0,
2018-09-03 15:31,,0.000263574,1.86E-09,15:31,0,180903,0,
2018-09-03 15:32,,0.000263574,1.86E-09,15:32,0,180903,0,
2018-09-03 15:33,,0.000263574,1.86E-09,15:33,0,180903,0,
2018-09-03 15:34,,0.000263574,1.86E-09,15:34,0,180903,0,
2018-09-03 15:35,,0.000263574,1.86E-09,15:35,0,180903,0,
2018-09-03 15:36,,0.000263574,1.86E-09,15:36,0,180903,0,
2018-09-03 15:37,,0.000263574,1.86E-09,15:37,0,180903,0,
2018-09-03 15:38,,0.000263574,1.86E-09,15:38,0,180903,0,
2018-09-03 15:39,,0.000263574,1.86E-09,15:39,0,180903,0,
2018-09-03 15:40,,0.000263574,1.86E-09,15:40,0,180903,0,
2018-09-03 15:41,,0.000263574,1.86E-09,15:41,0,180903,0,
2018-09-03 15:42,,0.000263574,1.86E-09,15:42,0,180903,0,
2018-09-03 15:43,,0.000263574,1.86E-09,15:43,0,180903,0,
2018-09-03 15:44,,0.000263574,1.86E-09,15:44,0,180903,0,
2018-09-03 15:45,,0.000263574,1.86E-09,15:45,0,180903,0,
2018-09-03 15:46,,0.000263574,1.86E-09,15:46,0,180903,0,
2018-09-03 15:47,,0.000263574,1.86E-09,15:47,0,180903,0,
2018-09-03 15:48,,0.000263574,1.86E-09,15:48,0,180903,0,
2018-09-03 15:49,,0.000263574,1.86E-09,15:49,0,180903,0,
2018-09-03 15:50,,0.000263574,1.86E-09,15:50,0,180903,0,
2018-09-03 15:51,,0.000263574,1.86E-09,15:51,0,180903,0,
2018-09-03 15:52,,0.000263574,1.86E-09,15:52,0,180903,0,
2018-09-03 15:53,,0.000263574,1.86E-09,15:53,0,180903,0,
2018-09-03 15:54,,0.000263574,1.86E-09,15:54,0,180903,0,
2018-09-03 15:55,1,0.000263574,1.86E-09,15:55,0,180903,0,
2018-09-03 15:56,,0.000260688,2.04E-06,15:56,0,180903,0,
2018-09-03 15:57,,0.000260688,1.86E-09,15:57,0,180903,0,
2018-09-03 15:58,,0.000260688,1.86E-09,15:58,0,180903,0,
2018-09-03 15:59,,0.000260688,1.86E-09,15:59,0,180903,0,
2018-09-03 16:00,,0.000260688,1.86E-09,16:00,0,180903,0,
2018-09-03 16:01,,0.000260688,1.86E-09,16:01,0,180903,0,
2018-09-03 16:02,,0.000260688,1.86E-09,16:02,0,180903,0,
2018-09-03 16:03,,0.000260688,1.86E-09,16:03,0,180903,0,
2018-09-03 16:04,,0.000260688,1.86E-09,16:04,0,180903,0,
2018-09-03 16:05,,0.000260688,1.86E-09,16:05,0,180903,0,
2018-09-03 16:06,,0.000260688,1.86E-09,16:06,0,180903,0,
2018-09-03 16:07,,0.000260688,1.86E-09,16:07,0,180903,0,
2018-09-03 16:08,,0.000260688,1.86E-09,16:08,0,180903,0,
2018-09-03 16:09,,0.000260688,1.86E-09,16:09,0,180903,0,
2018-09-03 16:10,,0.000260688,1.86E-09,16:10,0,180903,0,
2018-09-03 16:11,,0.000260688,1.86E-09,16:11,0,180903,0,
2018-09-03 16:12,,0.000260688,1.86E-09,16:12,0,180903,0,
2018-09-03 16:13,,0.000260688,1.86E-09,16:13,0,180903,0,
2018-09-03 16:14,,0.000260688,1.86E-09,16:14,0,180903,0,
2018-09-03 16:15,,0.000260688,1.86E-09,16:15,0,180903,0,
2018-09-03 16:16,,0.000260688,1.86E-09,16:16,0,180903,0,
2018-09-03 16:17,,0.000260688,1.86E-09,16:17,0,180903,0,
2018-09-03 16:18,,0.000260688,1.86E-09,16:18,0,180903,0,
2018-09-03 16:19,,0.000260688,1.86E-09,16:19,0,180903,0,
2018-09-03 16:20,,0.000260688,1.86E-09,16:20,0,180903,0,
2018-09-03 16:21,,0.000260688,1.86E-09,16:21,0,180903,0,
2018-09-03 16:22,,0.000260688,1.86E-09,16:22,0,180903,0,
2018-09-03 16:23,,0.000260688,1.86E-09,16:23,0,180903,0,
2018-09-03 16:24,,0.000260688,1.86E-09,16:24,0,180903,0,
2018-09-03 16:25,,0.000260688,1.86E-09,16:25,0,180903,0,
2018-09-03 16:26,,0.000260688,1.86E-09,16:26,0,180903,0,
2018-09-03 16:28,,0.000260688,1.86E-09,16:28,0,180903,0,
2018-09-03 16:29,,0.000260688,1.86E-09,16:29,0,180903,0,
2018-09-03 16:30,,0.000260688,1.86E-09,16:30,0,180903,0,
2018-09-03 16:31,,0.000260688,1.86E-09,16:31,0,180903,0,
2018-09-03 16:32,,0.000260688,1.86E-09,16:32,0,180903,0,
2018-09-03 16:33,,0.000260688,1.86E-09,16:33,0,180903,0,
2018-09-03 16:34,,0.000260688,1.86E-09,16:34,0,180903,0,
2018-09-03 16:35,,0.000260688,1.86E-09,16:35,0,180903,0,
2018-09-03 16:36,,0.000260688,1.86E-09,16:36,0,180903,0,
2018-09-03 16:38,,0.000260688,1.86E-09,16:38,0,180903,0,
2018-09-03 16:39,,0.000260688,1.86E-09,16:39,0,180903,0,
2018-09-03 16:40,,0.000260688,1.86E-09,16:40,0,180903,0,
2018-09-03 16:41,,0.000260688,1.86E-09,16:41,0,180903,0,
2018-09-03 16:42,,0.000260688,1.86E-09,16:42,0,180903,0,
2018-09-03 16:43,,0.000260688,1.86E-09,16:43,0,180903,0,
2018-09-03 16:44,,0.000260688,1.86E-09,16:44,0,180903,0,
2018-09-03 16:45,,0.000260688,1.86E-09,16:45,0,180903,0,
2018-09-03 16:46,,0.000260688,1.86E-09,16:46,0,180903,0,
2018-09-03 16:47,,0.000260688,1.86E-09,16:47,0,180903,0,
2018-09-03 16:48,,0.000260688,1.86E-09,16:48,0,180903,0,
2018-09-03 16:49,,0.000260688,1.86E-09,16:49,0,180903,0,
2018-09-03 16:50,,0.000260688,1.86E-09,16:50,0,180903,0,
2018-09-03 16:51,,0.000260688,1.86E-09,16:51,0,180903,0,
2018-09-03 16:52,,0.000260688,1.86E-09,16:52,0,180903,0,
2018-09-03 16:53,,0.000260688,1.86E-09,16:53,0,180903,0,
2018-09-03 16:54,,0.000260688,1.86E-09,16:54,0,180903,0,
2018-09-03 16:55,,0.000260688,1.86E-09,16:55,0,180903,0,
2018-09-03 16:56,,0.000260688,1.86E-09,16:56,0,180903,0,
2018-09-03 16:57,,0.000260688,1.86E-09,16:57,0,180903,0,
2018-09-03 16:58,,0.000260688,1.86E-09,16:58,0,180903,0,
2018-09-03 16:59,,0.000260688,1.86E-09,16:59,0,180903,0,
2018-09-03 17:00,,0.000260688,1.86E-09,17:00,0,180903,0,
2018-09-03 17:01,,0.000260688,1.86E-09,17:01,0,180903,0,
2018-09-03 17:02,,0.000260688,1.86E-09,17:02,0,180903,0,
2018-09-03 17:03,,0.000260688,1.86E-09,17:03,0,180903,0,
2018-09-03 17:04,,0.000260688,1.86E-09,17:04,0,180903,0,
2018-09-03 17:05,,0.000260688,1.86E-09,17:05,0,180903,0,
2018-09-03 17:06,,0.000260688,1.86E-09,17:06,0,180903,0,
2018-09-03 17:07,,0.000260688,1.86E-09,17:07,0,180903,0,
2018-09-03 17:08,,0.000260688,1.86E-09,17:08,0,180903,0,
2018-09-03 17:09,,0.000260688,1.86E-09,17:09,0,180903,0,
2018-09-03 17:10,,0.000260688,1.86E-09,17:10,0,180903,0,
2018-09-03 17:11,,0.000260688,1.86E-09,17:11,0,180903,0,
2018-09-03 17:12,,0.000260688,1.86E-09,17:12,0,180903,0,
2018-09-03 17:13,,0.000260688,1.86E-09,17:13,0,180903,0,
2018-09-03 17:14,,0.000260688,1.86E-09,17:14,0,180903,0,
2018-09-03 17:15,,0.000260688,1.86E-09,17:15,0,180903,0,
2018-09-03 17:16,,0.000260688,1.86E-09,17:16,0,180903,0,
2018-09-03 17:17,,0.000260688,1.86E-09,17:17,0,180903,0,
2018-09-03 17:18,,0.000260688,1.86E-09,17:18,0,180903,0,
2018-09-03 17:19,,0.000260688,1.86E-09,17:19,0,180903,0,
2018-09-03 17:20,,0.000260688,1.86E-09,17:20,0,180903,0,
2018-09-03 17:21,,0.000260688,1.86E-09,17:21,0,180903,0,
2018-09-03 17:22,,0.000260688,1.86E-09,17:22,0,180903,0,
2018-09-03 17:23,,0.000260688,1.86E-09,17:23,0,180903,0,
2018-09-03 17:24,,0.000260688,1.86E-09,17:24,0,180903,0,
2018-09-03 17:25,,0.000260688,1.86E-09,17:25,0,180903,0,
2018-09-03 17:26,,0.000260688,1.86E-09,17:26,0,180903,0,
2018-09-03 17:27,,0.000260688,1.86E-09,17:27,0,180903,0,
2018-09-03 17:28,,0.000260688,1.86E-09,17:28,0,180903,0,
2018-09-03 17:29,,0.000260688,1.86E-09,17:29,0,180903,0,
2018-09-03 17:30,,0.000260688,1.86E-09,17:30,0,180903,0,
2018-09-03 17:31,,0.000260688,1.86E-09,17:31,0,180903,0,
2018-09-03 17:32,,0.000260688,1.86E-09,17:32,0,180903,0,
2018-09-03 17:33,,0.000260688,1.86E-09,17:33,0,180903,0,
2018-09-03 17:34,,0.000260688,1.86E-09,17:34,0,180903,0,
2018-09-03 17:35,,0.000260688,1.86E-09,17:35,0,180903,0,
2018-09-03 17:36,,0.000260688,1.86E-09,17:36,0,180903,0,
2018-09-03 17:37,,0.000260688,1.86E-09,17:37,0,180903,0,
2018-09-03 17:38,,0.000260688,1.86E-09,17:38,0,180903,0,
2018-09-03 17:39,,0.000260688,1.86E-09,17:39,0,180903,0,
2018-09-03 17:40,,0.000260688,1.86E-09,17:40,0,180903,0,
2018-09-03 17:41,,0.000260688,1.86E-09,17:41,0,180903,0,
2018-09-03 17:42,,0.000260688,1.86E-09,17:42,0,180903,0,
2018-09-03 17:43,,0.000260688,1.86E-09,17:43,0,180903,0,
2018-09-03 17:44,,0.000260688,1.86E-09,17:44,0,180903,0,
2018-09-03 17:45,,0.000260688,1.86E-09,17:45,0,180903,0,
2018-09-03 17:46,,0.000260688,1.86E-09,17:46,0,180903,0,
2018-09-03 17:47,,0.000260688,1.86E-09,17:47,0,180903,0,
2018-09-03 17:48,,0.000260688,1.86E-09,17:48,0,180903,0,
2018-09-03 17:49,,0.000260688,1.86E-09,17:49,0,180903,0,
2018-09-03 17:50,,0.000260688,1.86E-09,17:50,0,180903,0,
2018-09-03 17:51,,0.000260688,1.86E-09,17:51,0,180903,0,
2018-09-03 17:52,,0.000260688,1.86E-09,17:52,0,180903,0,
2018-09-03 17:53,,0.000260688,1.86E-09,17:53,0,180903,0,
2018-09-03 17:54,,0.000260688,1.86E-09,17:54,0,180903,0,
2018-09-03 17:55,,0.000260688,1.86E-09,17:55,0,180903,0,
2018-09-03 17:56,,0.000260688,1.86E-09,17:56,0,180903,0,
2018-09-03 17:57,,0.000260688,1.86E-09,17:57,0,180903,0,
2018-09-03 17:58,,0.000260688,1.86E-09,17:58,0,180903,0,
2018-09-03 17:59,,0.000260688,1.86E-09,17:59,0,180903,0,
2018-09-03 18:00,,0.000260688,1.86E-09,18:00,0,180903,0,
2018-09-03 18:01,,0.000260688,1.86E-09,18:01,0,180903,0,
2018-09-03 18:02,,0.000260688,1.86E-09,18:02,0,180903,0,
2018-09-03 18:03,,0.000260688,1.86E-09,18:03,0,180903,0,
2018-09-03 18:04,,0.000260688,1.86E-09,18:04,0,180903,0,
2018-09-03 18:05,,0.000260688,1.86E-09,18:05,0,180903,0,
2018-09-03 18:06,,0.000260688,1.86E-09,18:06,0,180903,0,
2018-09-03 18:07,,0.000260688,1.86E-09,18:07,0,180903,0,
2018-09-03 18:08,,0.000260688,1.86E-09,18:08,0,180903,0,
2018-09-03 18:09,,0.000260688,1.86E-09,18:09,0,180903,0,
2018-09-03 18:10,,0.000260688,1.86E-09,18:10,0,180903,0,
2018-09-03 18:11,,0.000260688,1.86E-09,18:11,0,180903,0,
2018-09-03 18:12,,0.000260688,1.86E-09,18:12,0,180903,0,
2018-09-03 18:13,,0.000260688,1.86E-09,18:13,0,180903,0,
2018-09-03 18:14,,0.000260688,1.86E-09,18:14,0,180903,0,
2018-09-03 18:15,,0.000260688,1.86E-09,18:15,0,180903,0,
2018-09-03 18:16,,0.000260688,1.86E-09,18:16,0,180903,0,
2018-09-03 18:17,,0.000260688,1.86E-09,18:17,0,180903,0,
2018-09-03 18:18,,0.000260688,1.86E-09,18:18,0,180903,0,
2018-09-03 18:19,,0.000260688,1.86E-09,18:19,0,180903,0,
2018-09-03 18:20,,0.000260688,1.86E-09,18:20,0,180903,0,
2018-09-03 18:21,,0.000260688,1.86E-09,18:21,0,180903,0,
2018-09-03 18:22,,0.000260688,1.86E-09,18:22,0,180903,0,
2018-09-03 18:23,,0.000260688,1.86E-09,18:23,0,180903,0,
2018-09-03 18:24,,0.000260688,1.86E-09,18:24,0,180903,0,
2018-09-03 18:25,,0.000260688,1.86E-09,18:25,0,180903,0,
2018-09-03 18:26,,0.000260688,1.86E-09,18:26,0,180903,0,
2018-09-03 18:27,,0.000260688,1.86E-09,18:27,0,180903,0,
2018-09-03 18:28,,0.000260688,1.86E-09,18:28,0,180903,0,
2018-09-03 18:29,,0.000260688,1.86E-09,18:29,0,180903,0,
2018-09-03 18:30,,0.000260688,1.86E-09,18:30,0,180903,0,
2018-09-03 18:31,,0.000260688,1.86E-09,18:31,0,180903,0,
2018-09-03 18:32,,0.000260688,1.86E-09,18:32,0,180903,0,
2018-09-03 18:33,,0.000260688,1.86E-09,18:33,0,180903,0,
2018-09-03 18:34,,0.000260688,1.86E-09,18:34,0,180903,0,
2018-09-03 18:35,,0.000260688,1.86E-09,18:35,0,180903,0,
2018-09-03 18:36,,0.000260688,1.86E-09,18:36,0,180903,0,
2018-09-03 18:37,,0.000260688,1.86E-09,18:37,0,180903,0,
2018-09-03 18:38,,0.000260688,1.86E-09,18:38,0,180903,0,
2018-09-03 18:39,,0.000260688,1.86E-09,18:39,0,180903,0,
2018-09-03 18:40,,0.000260688,1.86E-09,18:40,0,180903,0,
2018-09-03 18:41,,0.000260688,1.86E-09,18:41,0,180903,0,
2018-09-03 18:42,,0.000260688,1.86E-09,18:42,0,180903,0,
2018-09-03 18:43,,0.000260688,1.86E-09,18:43,0,180903,0,
2018-09-03 18:44,,0.000260688,1.86E-09,18:44,0,180903,0,
2018-09-03 18:45,,0.000260688,1.86E-09,18:45,0,180903,0,
2018-09-03 18:46,,0.000260688,1.86E-09,18:46,0,180903,0,
2018-09-03 18:47,,0.000260688,1.86E-09,18:47,0,180903,0,
2018-09-03 18:48,,0.000260688,1.86E-09,18:48,0,180903,0,
2018-09-03 18:49,,0.000260688,1.86E-09,18:49,0,180903,0,
2018-09-03 18:50,,0.000260688,1.86E-09,18:50,0,180903,0,
2018-09-03 18:51,,0.000260688,1.86E-09,18:51,0,180903,0,
2018-09-03 18:52,,0.000260688,1.86E-09,18:52,0,180903,0,
2018-09-03 18:53,,0.000260688,1.86E-09,18:53,0,180903,0,
2018-09-03 18:54,,0.000260688,1.86E-09,18:54,0,180903,0,
2018-09-03 18:55,,0.000260688,1.86E-09,18:55,0,180903,0,
2018-09-03 18:56,,0.000260688,1.86E-09,18:56,0,180903,0,
2018-09-03 18:57,,0.000260688,1.86E-09,18:57,0,180903,0,
2018-09-03 18:58,,0.000260688,1.86E-09,18:58,0,180903,0,
2018-09-03 18:59,,0.000260688,1.86E-09,18:59,0,180903,0,
2018-09-03 19:00,,0.000260688,1.86E-09,19:00,0,180903,0,
2018-09-03 19:01,,0.000260688,1.86E-09,19:01,0,180903,0,
2018-09-03 19:02,,0.000260688,1.86E-09,19:02,0,180903,0,
2018-09-03 19:03,,0.000260688,1.86E-09,19:03,0,180903,0,
2018-09-03 19:04,,0.000260688,1.86E-09,19:04,0,180903,0,
2018-09-03 19:05,,0.000260688,1.86E-09,19:05,0,180903,0,
2018-09-03 19:06,,0.000260688,1.86E-09,19:06,0,180903,0,
2018-09-03 19:07,,0.000260688,1.86E-09,19:07,0,180903,0,
2018-09-03 19:08,,0.000260688,1.86E-09,19:08,0,180903,0,
2018-09-03 19:09,,0.000260688,1.86E-09,19:09,0,180903,0,
2018-09-03 19:10,,0.000260688,1.86E-09,19:10,0,180903,0,
2018-09-03 19:11,,0.000260688,1.86E-09,19:11,0,180903,0,
2018-09-03 19:12,,0.000260688,1.86E-09,19:12,0,180903,0,
2018-09-03 19:13,,0.000260688,1.86E-09,19:13,0,180903,0,
2018-09-03 19:14,,0.000260688,1.86E-09,19:14,0,180903,0,
2018-09-03 19:15,,0.000260688,1.86E-09,19:15,0,180903,0,
2018-09-03 19:16,,0.000260688,1.86E-09,19:16,0,180903,0,
2018-09-03 19:17,,0.000260688,1.86E-09,19:17,0,180903,0,
2018-09-03 19:18,,0.000260688,1.86E-09,19:18,0,180903,0,
2018-09-03 19:19,,0.000260688,1.86E-09,19:19,0,180903,0,
2018-09-03 19:20,,0.000260688,1.86E-09,19:20,0,180903,0,
2018-09-03 19:21,,0.000260688,1.86E-09,19:21,0,180903,0,
2018-09-03 19:22,,0.000260688,1.86E-09,19:22,0,180903,0,
2018-09-03 19:23,,0.000260688,1.86E-09,19:23,0,180903,0,
2018-09-03 19:24,,0.000260688,1.86E-09,19:24,0,180903,0,
2018-09-03 19:25,,0.000260688,1.86E-09,19:25,0,180903,0,
2018-09-03 19:26,,0.000260688,1.86E-09,19:26,0,180903,0,
2018-09-03 19:27,,0.000260688,1.86E-09,19:27,0,180903,0,
2018-09-03 19:28,,0.000260688,1.86E-09,19:28,0,180903,0,
2018-09-03 19:29,,0.000260688,1.86E-09,19:29,0,180903,0,
2018-09-03 19:30,,0.000260688,1.86E-09,19:30,0,180903,0,
2018-09-03 19:31,,0.000260688,1.86E-09,19:31,0,180903,0,
2018-09-03 19:32,,0.000260688,1.86E-09,19:32,0,180903,0,
2018-09-03 19:33,,0.000260688,1.86E-09,19:33,0,180903,0,
2018-09-03 19:34,,0.000260688,1.86E-09,19:34,0,180903,0,
2018-09-03 19:35,,0.000260688,1.86E-09,19:35,0,180903,0,
2018-09-03 19:36,,0.000260688,1.86E-09,19:36,0,180903,0,
2018-09-03 19:37,,0.000260688,1.86E-09,19:37,0,180903,0,
2018-09-03 19:38,,0.000260688,1.86E-09,19:38,0,180903,0,
2018-09-03 19:39,,0.000260688,1.86E-09,19:39,0,180903,0,
2018-09-03 19:40,,0.000260688,1.86E-09,19:40,0,180903,0,
2018-09-03 19:41,,0.000260688,1.86E-09,19:41,0,180903,0,
2018-09-03 19:42,,0.000260688,1.86E-09,19:42,0,180903,0,
2018-09-03 19:43,,0.000260688,1.86E-09,19:43,0,180903,0,
2018-09-03 19:44,,0.000260688,1.86E-09,19:44,0,180903,0,
2018-09-03 19:45,,0.000260688,1.86E-09,19:45,0,180903,0,
2018-09-03 19:46,,0.000260688,1.86E-09,19:46,0,180903,0,
2018-09-03 19:47,,0.000260688,1.86E-09,19:47,0,180903,0,
2018-09-03 19:48,,0.000260688,1.86E-09,19:48,0,180903,0,
2018-09-03 19:49,,0.000260688,1.86E-09,19:49,0,180903,0,
2018-09-03 19:50,,0.000260688,1.86E-09,19:50,0,180903,0,
2018-09-03 19:51,,0.000260688,1.86E-09,19:51,0,180903,0,
2018-09-03 19:52,,0.000260688,1.86E-09,19:52,0,180903,0,
2018-09-03 19:53,,0.000260688,1.86E-09,19:53,0,180903,0,
2018-09-03 19:54,,0.000260688,1.86E-09,19:54,0,180903,0,
2018-09-03 19:55,,0.000260688,1.86E-09,19:55,0,180903,0,
2018-09-03 19:56,,0.000260688,1.86E-09,19:56,0,180903,0,
2018-09-03 19:57,,0.000260688,1.86E-09,19:57,0,180903,0,
2018-09-03 19:58,,0.000260688,1.86E-09,19:58,0,180903,0,
2018-09-03 19:59,,0.000260688,1.86E-09,19:59,0,180903,0,
2018-09-03 20:00,,0.000260688,1.86E-09,20:00,0,180903,0,
2018-09-03 20:01,,0.000260688,1.86E-09,20:01,0,180903,0,
2018-09-03 20:02,,0.000260688,1.86E-09,20:02,0,180903,0,
2018-09-03 20:03,,0.000260688,1.86E-09,20:03,0,180903,0,
2018-09-03 20:04,,0.000260688,1.86E-09,20:04,0,180903,0,
2018-09-03 20:05,,0.000260688,1.86E-09,20:05,0,180903,0,
2018-09-03 20:06,,0.000260688,1.86E-09,20:06,0,180903,0,
2018-09-03 20:07,,0.000260688,1.86E-09,20:07,0,180903,0,
2018-09-03 20:08,,0.000260688,1.86E-09,20:08,0,180903,0,
2018-09-03 20:09,,0.000260688,1.86E-09,20:09,0,180903,0,
2018-09-03 20:10,,0.000260688,1.86E-09,20:10,0,180903,0,
2018-09-03 20:11,,0.000260688,1.86E-09,20:11,0,180903,0,
2018-09-03 20:12,,0.000260688,1.86E-09,20:12,0,180903,0,
2018-09-03 20:13,,0.000260688,1.86E-09,20:13,0,180903,0,
2018-09-03 20:14,,0.000260688,1.86E-09,20:14,0,180903,0,
2018-09-03 20:15,,0.000260688,1.86E-09,20:15,0,180903,0,
2018-09-03 20:16,,0.000260688,1.86E-09,20:16,0,180903,0,
2018-09-03 20:17,,0.000260688,1.86E-09,20:17,0,180903,0,
2018-09-03 20:18,,0.000260688,1.86E-09,20:18,0,180903,0,
2018-09-03 20:19,,0.000260688,1.86E-09,20:19,0,180903,0,
2018-09-03 20:20,,0.000260688,1.86E-09,20:20,0,180903,0,
2018-09-03 20:21,,0.000260688,1.86E-09,20:21,0,180903,0,
2018-09-03 20:22,,0.000260688,1.86E-09,20:22,0,180903,0,
2018-09-03 20:23,,0.000260688,1.86E-09,20:23,0,180903,0,
2018-09-03 20:24,,0.000260688,1.86E-09,20:24,0,180903,0,
2018-09-03 20:25,,0.000260688,1.86E-09,20:25,0,180903,0,
2018-09-03 20:26,,0.000260688,1.86E-09,20:26,0,180903,0,
2018-09-03 20:27,,0.000260688,1.86E-09,20:27,0,180903,0,
2018-09-03 20:28,,0.000260688,1.86E-09,20:28,0,180903,0,
2018-09-03 20:29,,0.000260688,1.86E-09,20:29,0,180903,0,
2018-09-03 20:30,,0.000260688,1.86E-09,20:30,0,180903,0,
2018-09-03 20:31,,0.000260688,1.86E-09,20:31,0,180903,0,
2018-09-03 20:32,,0.000260688,1.86E-09,20:32,0,180903,0,
2018-09-03 20:33,,0.000260688,1.86E-09,20:33,0,180903,0,
2018-09-03 20:34,,0.000260688,1.86E-09,20:34,0,180903,0,
2018-09-03 20:35,,0.000260688,1.86E-09,20:35,0,180903,0,
2018-09-03 20:36,,0.000260688,1.86E-09,20:36,0,180903,0,
2018-09-03 20:37,,0.000260688,1.86E-09,20:37,0,180903,0,
2018-09-03 20:38,,0.000260688,1.86E-09,20:38,0,180903,0,
2018-09-03 20:39,,0.000260688,1.86E-09,20:39,0,180903,0,
2018-09-03 20:40,,0.000260688,1.86E-09,20:40,0,180903,0,
2018-09-03 20:41,,0.000260688,1.86E-09,20:41,0,180903,0,
2018-09-03 20:42,,0.000260688,1.86E-09,20:42,0,180903,0,
2018-09-03 20:43,,0.000260688,1.86E-09,20:43,0,180903,0,
2018-09-03 20:44,,0.000260688,1.86E-09,20:44,0,180903,0,
2018-09-03 20:45,,0.000260688,1.86E-09,20:45,0,180903,0,
2018-09-03 20:46,,0.000260688,1.86E-09,20:46,0,180903,0,
2018-09-03 20:47,,0.000260688,1.86E-09,20:47,0,180903,0,
2018-09-03 20:48,,0.000260688,1.86E-09,20:48,0,180903,0,
2018-09-03 20:49,,0.000260688,1.86E-09,20:49,0,180903,0,
2018-09-03 20:50,,0.000260688,1.86E-09,20:50,0,180903,0,
2018-09-03 20:51,,0.000260688,1.86E-09,20:51,0,180903,0,
2018-09-03 20:52,,0.000260688,1.86E-09,20:52,0,180903,0,
2018-09-03 20:53,,0.000260688,1.86E-09,20:53,0,180903,0,
2018-09-03 20:54,,0.000260688,1.86E-09,20:54,0,180903,0,
2018-09-03 20:55,,0.000260688,1.86E-09,20:55,0,180903,0,
2018-09-03 20:56,,0.000260688,1.86E-09,20:56,0,180903,0,
2018-09-03 20:57,,0.000260688,1.86E-09,20:57,0,180903,0,
2018-09-03 20:58,,0.000260688,1.86E-09,20:58,0,180903,0,
2018-09-03 20:59,,0.000260688,1.86E-09,20:59,0,180903,0,
2018-09-03 21:00,,0.000260688,1.86E-09,21:00,0,180903,0,
2018-09-03 21:01,,0.000260688,1.86E-09,21:01,0,180903,0,
2018-09-03 21:02,,0.000260688,1.86E-09,21:02,0,180903,0,
2018-09-03 21:03,,0.000260688,1.86E-09,21:03,0,180903,0,
2018-09-03 21:04,,0.000260688,1.86E-09,21:04,0,180903,0,
2018-09-03 21:05,,0.000260688,1.86E-09,21:05,0,180903,0,
2018-09-03 21:06,,0.000260688,1.86E-09,21:06,0,180903,0,
2018-09-03 21:07,,0.000260688,1.86E-09,21:07,0,180903,0,
2018-09-03 21:08,,0.000260688,1.86E-09,21:08,0,180903,0,
2018-09-03 21:09,,0.000260688,1.86E-09,21:09,0,180903,0,
2018-09-03 21:10,,0.000260688,1.86E-09,21:10,0,180903,0,
2018-09-03 21:11,,0.000260688,1.86E-09,21:11,0,180903,0,
2018-09-03 21:12,,0.000260688,1.86E-09,21:12,0,180903,0,
2018-09-03 21:13,,0.000260688,1.86E-09,21:13,0,180903,0,
2018-09-03 21:14,,0.000260688,1.86E-09,21:14,0,180903,0,
2018-09-03 21:15,,0.000260688,1.86E-09,21:15,0,180903,0,
2018-09-03 21:16,,0.000260688,1.86E-09,21:16,0,180903,0,
2018-09-03 21:17,,0.000260688,1.86E-09,21:17,0,180903,0,
2018-09-03 21:18,,0.000260688,1.86E-09,21:18,0,180903,0,
2018-09-03 21:19,,0.000260688,1.86E-09,21:19,0,180903,0,
2018-09-03 21:20,,0.000260688,1.86E-09,21:20,0,180903,0,
2018-09-03 21:21,,0.000260688,1.86E-09,21:21,0,180903,0,
2018-09-03 21:22,,0.000260688,1.86E-09,21:22,0,180903,0,
2018-09-03 21:23,,0.000260688,1.86E-09,21:23,0,180903,0,
2018-09-03 21:24,,0.000260688,1.86E-09,21:24,0,180903,0,
2018-09-03 21:25,,0.000260688,1.86E-09,21:25,0,180903,0,
2018-09-03 21:26,,0.000260688,1.86E-09,21:26,0,180903,0,
2018-09-03 21:27,,0.000260688,1.86E-09,21:27,0,180903,0,
2018-09-03 21:28,,0.000260688,1.86E-09,21:28,0,180903,0,
2018-09-03 21:29,,0.000260688,1.86E-09,21:29,0,180903,0,
2018-09-03 21:30,,0.000260688,1.86E-09,21:30,0,180903,0,
2018-09-03 21:31,,0.000260688,1.86E-09,21:31,0,180903,0,
2018-09-03 21:32,,0.000260688,1.86E-09,21:32,0,180903,0,
2018-09-03 21:33,,0.000260688,1.86E-09,21:33,0,180903,0,
2018-09-03 21:34,,0.000260688,1.86E-09,21:34,0,180903,0,
2018-09-03 21:35,,0.000260688,1.86E-09,21:35,0,180903,0,
2018-09-03 21:36,,0.000260688,1.86E-09,21:36,0,180903,0,
2018-09-03 21:37,,0.000260688,1.86E-09,21:37,0,180903,0,
2018-09-03 21:38,,0.000260688,1.86E-09,21:38,0,180903,0,
2018-09-03 21:39,,0.000260688,1.86E-09,21:39,0,180903,0,
2018-09-03 21:40,,0.000260688,1.86E-09,21:40,0,180903,0,
2018-09-03 21:41,,0.000260688,1.86E-09,21:41,0,180903,0,
2018-09-03 21:42,,0.000260688,1.86E-09,21:42,0,180903,0,
2018-09-03 21:43,,0.000260688,1.86E-09,21:43,0,180903,0,
2018-09-03 21:44,,0.000260688,1.86E-09,21:44,0,180903,0,
2018-09-03 21:45,,0.000260688,1.86E-09,21:45,0,180903,0,
2018-09-03 21:46,,0.000260688,1.86E-09,21:46,0,180903,0,
2018-09-03 21:47,,0.000260688,1.86E-09,21:47,0,180903,0,
2018-09-03 21:48,,0.000260688,1.86E-09,21:48,0,180903,0,
2018-09-03 21:49,,0.000260688,1.86E-09,21:49,0,180903,0,
2018-09-03 21:50,,0.000260688,1.86E-09,21:50,0,180903,0,
2018-09-03 21:51,,0.000260688,1.86E-09,21:51,0,180903,0,
2018-09-03 21:52,,0.000260688,1.86E-09,21:52,0,180903,0,
2018-09-03 21:53,,0.000260688,1.86E-09,21:53,0,180903,0,
2018-09-03 21:54,,0.000260688,1.86E-09,21:54,0,180903,0,
2018-09-03 21:55,,0.000260688,1.86E-09,21:55,0,180903,0,
2018-09-03 21:56,,0.000260688,1.86E-09,21:56,0,180903,0,
2018-09-03 21:57,,0.000260688,1.86E-09,21:57,0,180903,0,
2018-09-03 21:58,,0.000260688,1.86E-09,21:58,0,180903,0,
2018-09-03 21:59,,0.000260688,1.86E-09,21:59,0,180903,0,
2018-09-03 22:00,,0.000260688,1.86E-09,22:00,0,180903,0,
2018-09-03 22:01,,0.000260688,1.86E-09,22:01,0,180903,0,
2018-09-03 22:02,,0.000260688,1.86E-09,22:02,0,180903,0,
2018-09-03 22:03,,0.000260688,1.86E-09,22:03,0,180903,0,
2018-09-03 22:04,,0.000260688,1.86E-09,22:04,0,180903,0,
2018-09-03 22:05,,0.000260688,1.86E-09,22:05,0,180903,0,
2018-09-03 22:06,,0.000260688,1.86E-09,22:06,0,180903,0,
2018-09-03 22:07,,0.000260688,1.86E-09,22:07,0,180903,0,
2018-09-03 22:08,,0.000260688,1.86E-09,22:08,0,180903,0,
2018-09-03 22:09,,0.000260688,1.86E-09,22:09,0,180903,0,
2018-09-03 22:10,,0.000260688,1.86E-09,22:10,0,180903,0,
2018-09-03 22:11,,0.000260688,1.86E-09,22:11,0,180903,0,
2018-09-03 22:12,,0.000260688,1.86E-09,22:12,0,180903,0,
2018-09-03 22:13,,0.000260688,1.86E-09,22:13,0,180903,0,
2018-09-03 22:14,,0.000260688,1.86E-09,22:14,0,180903,0,
2018-09-03 22:15,,0.000260688,1.86E-09,22:15,0,180903,0,
2018-09-03 22:16,,0.000260688,1.86E-09,22:16,0,180903,0,
2018-09-03 22:17,,0.000260688,1.86E-09,22:17,0,180903,0,
2018-09-03 22:18,,0.000260688,1.86E-09,22:18,0,180903,0,
2018-09-03 22:19,,0.000260688,1.86E-09,22:19,0,180903,0,
2018-09-03 22:20,,0.000260688,1.86E-09,22:20,0,180903,0,
2018-09-03 22:21,,0.000260688,1.86E-09,22:21,0,180903,0,
2018-09-03 22:22,,0.000260688,1.86E-09,22:22,0,180903,0,
2018-09-03 22:23,,0.000260688,1.86E-09,22:23,0,180903,0,
2018-09-03 22:24,,0.000260688,1.86E-09,22:24,0,180903,0,
2018-09-03 22:25,,0.000260688,1.86E-09,22:25,0,180903,0,
2018-09-03 22:26,,0.000260688,1.86E-09,22:26,0,180903,0,
2018-09-03 22:27,,0.000260688,1.86E-09,22:27,0,180903,0,
2018-09-03 22:28,,0.000260688,1.86E-09,22:28,0,180903,0,
2018-09-03 22:29,,0.000260688,1.86E-09,22:29,0,180903,0,
2018-09-03 22:30,,0.000260688,1.86E-09,22:30,0,180903,0,
2018-09-03 22:31,,0.000260688,1.86E-09,22:31,0,180903,0,
2018-09-03 22:32,,0.000260688,1.86E-09,22:32,0,180903,0,
2018-09-03 22:33,,0.000260688,1.86E-09,22:33,0,180903,0,
2018-09-03 22:34,,0.000260688,1.86E-09,22:34,0,180903,0,
2018-09-03 22:35,,0.000260688,1.86E-09,22:35,0,180903,0,
2018-09-03 22:36,,0.000260688,1.86E-09,22:36,0,180903,0,
2018-09-03 22:37,,0.000260688,1.86E-09,22:37,0,180903,0,
2018-09-03 22:38,,0.000260688,1.86E-09,22:38,0,180903,0,
2018-09-03 22:39,,0.000260688,1.86E-09,22:39,0,180903,0,
2018-09-03 22:40,,0.000260688,1.86E-09,22:40,0,180903,0,
2018-09-03 22:41,,0.000260688,1.86E-09,22:41,0,180903,0,
2018-09-03 22:42,,0.000260688,1.86E-09,22:42,0,180903,0,
2018-09-03 22:43,,0.000260688,1.86E-09,22:43,0,180903,0,
2018-09-03 22:44,,0.000260688,1.86E-09,22:44,0,180903,0,
2018-09-03 22:45,,0.000260688,1.86E-09,22:45,0,180903,0,
2018-09-03 22:46,,0.000260688,1.86E-09,22:46,0,180903,0,
2018-09-03 22:47,,0.000260688,1.86E-09,22:47,0,180903,0,
2018-09-03 22:48,,0.000260688,1.86E-09,22:48,0,180903,0,
2018-09-03 22:49,,0.000260688,1.86E-09,22:49,0,180903,0,
2018-09-03 22:50,,0.000260688,1.86E-09,22:50,0,180903,0,
2018-09-03 22:51,,0.000260688,1.86E-09,22:51,0,180903,0,
2018-09-03 22:52,,0.000260688,1.86E-09,22:52,0,180903,0,
2018-09-03 22:53,,0.000260688,1.86E-09,22:53,0,180903,0,
2018-09-03 22:54,,0.000260688,1.86E-09,22:54,0,180903,0,
2018-09-03 22:55,,0.000260688,1.86E-09,22:55,0,180903,0,
2018-09-03 22:56,,0.000260688,1.86E-09,22:56,0,180903,0,
2018-09-03 22:57,,0.000260688,1.86E-09,22:57,0,180903,0,
2018-09-03 22:58,,0.000260688,1.86E-09,22:58,0,180903,0,
2018-09-03 22:59,,0.000260688,1.86E-09,22:59,0,180903,0,
2018-09-03 23:00,,0.000260688,1.86E-09,23:00,0,180903,0,
2018-09-03 23:01,,0.000260688,1.86E-09,23:01,0,180903,0,
2018-09-03 23:02,,0.000260688,1.86E-09,23:02,0,180903,0,
2018-09-03 23:03,,0.000260688,1.86E-09,23:03,0,180903,0,
2018-09-03 23:04,,0.000260688,1.86E-09,23:04,0,180903,0,
2018-09-03 23:05,,0.000260688,1.86E-09,23:05,0,180903,0,
2018-09-03 23:06,,0.000260688,1.86E-09,23:06,0,180903,0,
2018-09-03 23:07,,0.000260688,1.86E-09,23:07,0,180903,0,
2018-09-03 23:08,,0.000260688,1.86E-09,23:08,0,180903,0,
2018-09-03 23:09,,0.000260688,1.86E-09,23:09,0,180903,0,
2018-09-03 23:10,,0.000260688,1.86E-09,23:10,0,180903,0,
2018-09-03 23:11,,0.000260688,1.86E-09,23:11,0,180903,0,
2018-09-03 23:12,,0.000260688,1.86E-09,23:12,0,180903,0,
2018-09-03 23:13,,0.000260688,1.86E-09,23:13,0,180903,0,
2018-09-03 23:14,,0.000260688,1.86E-09,23:14,0,180903,0,
2018-09-03 23:15,,0.000260688,1.86E-09,23:15,0,180903,0,
2018-09-03 23:16,,0.000260688,1.86E-09,23:16,0,180903,0,
2018-09-03 23:17,,0.000260688,1.86E-09,23:17,0,180903,0,
2018-09-03 23:18,,0.000260688,1.86E-09,23:18,0,180903,0,
2018-09-03 23:19,,0.000260688,1.86E-09,23:19,0,180903,0,
2018-09-03 23:20,,0.000260688,1.86E-09,23:20,0,180903,0,
2018-09-03 23:21,,0.000260688,1.86E-09,23:21,0,180903,0,
2018-09-03 23:22,,0.000260688,1.86E-09,23:22,0,180903,0,
2018-09-03 23:23,,0.000260688,1.86E-09,23:23,0,180903,0,
2018-09-03 23:24,,0.000260688,1.86E-09,23:24,0,180903,0,
2018-09-03 23:25,,0.000260688,1.86E-09,23:25,0,180903,0,
2018-09-03 23:26,,0.000260688,1.86E-09,23:26,0,180903,0,
2018-09-03 23:27,,0.000260688,1.86E-09,23:27,0,180903,0,
2018-09-03 23:28,,0.000260688,1.86E-09,23:28,0,180903,0,
2018-09-03 23:29,,0.000260688,1.86E-09,23:29,0,180903,0,
2018-09-03 23:30,,0.000260688,1.86E-09,23:30,0,180903,0,
2018-09-03 23:31,,0.000260688,1.86E-09,23:31,0,180903,0,
2018-09-03 23:32,,0.000260688,1.86E-09,23:32,0,180903,0,
2018-09-03 23:33,,0.000260688,1.86E-09,23:33,0,180903,0,
2018-09-03 23:34,,0.000260688,1.86E-09,23:34,0,180903,0,
2018-09-03 23:35,,0.000260688,1.86E-09,23:35,0,180903,0,
2018-09-03 23:36,,0.000260688,1.86E-09,23:36,0,180903,0,
2018-09-03 23:37,,0.000260688,1.86E-09,23:37,0,180903,0,
2018-09-03 23:38,,0.000260688,1.86E-09,23:38,0,180903,0,
2018-09-03 23:39,,0.000260688,1.86E-09,23:39,0,180903,0,
2018-09-03 23:40,,0.000260688,1.86E-09,23:40,0,180903,0,
2018-09-03 23:41,,0.000260688,1.86E-09,23:41,0,180903,0,
2018-09-03 23:42,,0.000260688,1.86E-09,23:42,0,180903,0,
2018-09-03 23:43,,0.000260688,1.86E-09,23:43,0,180903,0,
2018-09-03 23:44,,0.000260688,1.86E-09,23:44,0,180903,0,
2018-09-03 23:45,,0.000260688,1.86E-09,23:45,0,180903,0,
2018-09-03 23:46,,0.000260688,1.86E-09,23:46,0,180903,0,
2018-09-03 23:47,,0.000260688,1.86E-09,23:47,0,180903,0,
2018-09-03 23:48,,0.000260688,1.86E-09,23:48,0,180903,0,
2018-09-03 23:49,,0.000260688,1.86E-09,23:49,0,180903,0,
2018-09-03 23:50,,0.000260688,1.86E-09,23:50,0,180903,0,
2018-09-03 23:51,,0.000260688,1.86E-09,23:51,0,180903,0,
2018-09-03 23:52,,0.000260688,1.86E-09,23:52,0,180903,0,
2018-09-03 23:53,,0.000260688,1.86E-09,23:53,0,180903,0,
2018-09-03 23:54,,0.000260688,1.86E-09,23:54,0,180903,0,
2018-09-03 23:55,,0.000260688,1.86E-09,23:55,0,180903,0,
2018-09-03 23:56,,0.000260688,1.86E-09,23:56,0,180903,0,
2018-09-03 23:57,,0.000260688,1.86E-09,23:57,0,180903,0,
2018-09-03 23:58,,0.000260688,1.86E-09,23:58,0,180903,0,
2018-09-03 23:59,,0.000260688,1.86E-09,23:59,0,180903,0,
2018-09-04 0:00,,0.000260688,1.86E-09,0:00,1,180904,0,
2018-09-04 0:01,,0.000260688,1.86E-09,0:01,1,180904,0,
2018-09-04 0:02,,0.000260688,1.86E-09,0:02,1,180904,0,
2018-09-04 0:03,,0.000260688,1.86E-09,0:03,1,180904,0,
2018-09-04 0:04,,0.000260688,1.86E-09,0:04,1,180904,0,
2018-09-04 0:05,,0.000260688,1.86E-09,0:05,1,180904,0,
2018-09-04 0:06,,0.000260688,1.86E-09,0:06,1,180904,0,
2018-09-04 0:07,,0.000260688,1.86E-09,0:07,1,180904,0,
2018-09-04 0:08,,0.000260688,1.86E-09,0:08,1,180904,0,
2018-09-04 0:09,,0.000260688,1.86E-09,0:09,1,180904,0,
2018-09-04 0:10,,0.000260688,1.86E-09,0:10,1,180904,0,
2018-09-04 0:11,,0.000260688,1.86E-09,0:11,1,180904,0,
2018-09-04 0:12,,0.000260688,1.86E-09,0:12,1,180904,0,
2018-09-04 0:13,,0.000260688,1.86E-09,0:13,1,180904,0,
2018-09-04 0:14,,0.000260688,1.86E-09,0:14,1,180904,0,
2018-09-04 0:15,,0.000260688,1.86E-09,0:15,1,180904,0,
2018-09-04 0:16,,0.000260688,1.86E-09,0:16,1,180904,0,
2018-09-04 0:17,,0.000260688,1.86E-09,0:17,1,180904,0,
2018-09-04 0:18,,0.000260688,1.86E-09,0:18,1,180904,0,
2018-09-04 0:19,,0.000260688,1.86E-09,0:19,1,180904,0,
2018-09-04 0:20,,0.000260688,1.86E-09,0:20,1,180904,0,
2018-09-04 0:21,,0.000260688,1.86E-09,0:21,1,180904,0,
2018-09-04 0:22,,0.000260688,1.86E-09,0:22,1,180904,0,
2018-09-04 0:23,,0.000260688,1.86E-09,0:23,1,180904,0,
2018-09-04 0:24,,0.000260688,1.86E-09,0:24,1,180904,0,
2018-09-04 0:25,,0.000260688,1.86E-09,0:25,1,180904,0,
2018-09-04 0:26,,0.000260688,1.86E-09,0:26,1,180904,0,
2018-09-04 0:27,,0.000260688,1.86E-09,0:27,1,180904,0,
2018-09-04 0:29,,0.000260688,1.86E-09,0:29,1,180904,0,
2018-09-04 0:30,,0.000260688,1.86E-09,0:30,1,180904,0,
2018-09-04 0:31,,0.000260688,1.86E-09,0:31,1,180904,0,
2018-09-04 0:32,,0.000260688,1.86E-09,0:32,1,180904,0,
2018-09-04 0:33,,0.000260688,1.86E-09,0:33,1,180904,0,
2018-09-04 0:34,,0.000260688,1.86E-09,0:34,1,180904,0,
2018-09-04 0:35,,0.000260688,1.86E-09,0:35,1,180904,0,
2018-09-04 0:36,,0.000260688,1.86E-09,0:36,1,180904,0,
2018-09-04 0:37,,0.000260688,1.86E-09,0:37,1,180904,0,
2018-09-04 0:39,,0.000260688,1.86E-09,0:39,1,180904,0,
2018-09-04 0:40,,0.000260688,1.86E-09,0:40,1,180904,0,
2018-09-04 0:41,,0.000260688,1.86E-09,0:41,1,180904,0,
2018-09-04 0:42,,0.000260688,1.86E-09,0:42,1,180904,0,
2018-09-04 0:43,,0.000260688,1.86E-09,0:43,1,180904,0,
2018-09-04 0:44,,0.000260688,1.86E-09,0:44,1,180904,0,
2018-09-04 0:45,,0.000260688,1.86E-09,0:45,1,180904,0,
2018-09-04 0:46,,0.000260688,1.86E-09,0:46,1,180904,0,
2018-09-04 0:47,,0.000260688,1.86E-09,0:47,1,180904,0,
2018-09-04 0:48,,0.000260688,1.86E-09,0:48,1,180904,0,
2018-09-04 0:49,,0.000260688,1.86E-09,0:49,1,180904,0,
2018-09-04 0:50,,0.000260688,1.86E-09,0:50,1,180904,0,
2018-09-04 0:51,,0.000260688,1.86E-09,0:51,1,180904,0,
2018-09-04 0:52,,0.000260688,1.86E-09,0:52,1,180904,0,
2018-09-04 0:53,,0.000260688,1.86E-09,0:53,1,180904,0,
2018-09-04 0:54,,0.000260688,1.86E-09,0:54,1,180904,0,
2018-09-04 0:55,,0.000260688,1.86E-09,0:55,1,180904,0,
2018-09-04 0:56,,0.000260688,1.86E-09,0:56,1,180904,0,
2018-09-04 0:57,,0.000260688,1.86E-09,0:57,1,180904,0,
2018-09-04 0:58,,0.000260688,1.86E-09,0:58,1,180904,0,
2018-09-04 0:59,,0.000260688,1.86E-09,0:59,1,180904,0,
2018-09-04 1:00,,0.000260688,1.86E-09,1:00,1,180904,0,
2018-09-04 1:01,,0.000260688,1.86E-09,1:01,1,180904,0,
2018-09-04 1:02,,0.000260688,1.86E-09,1:02,1,180904,0,
2018-09-04 1:03,,0.000260688,1.86E-09,1:03,1,180904,0,
2018-09-04 1:04,,0.000260688,1.86E-09,1:04,1,180904,0,
2018-09-04 1:05,,0.000260688,1.86E-09,1:05,1,180904,0,
2018-09-04 1:06,,0.000260688,1.86E-09,1:06,1,180904,0,
2018-09-04 1:07,,0.000260688,1.86E-09,1:07,1,180904,0,
2018-09-04 1:08,,0.000260688,1.86E-09,1:08,1,180904,0,
2018-09-04 1:09,,0.000260688,1.86E-09,1:09,1,180904,0,
2018-09-04 1:10,,0.000260688,1.86E-09,1:10,1,180904,0,
2018-09-04 1:11,,0.000260688,1.86E-09,1:11,1,180904,0,
2018-09-04 1:12,,0.000260688,1.86E-09,1:12,1,180904,0,
2018-09-04 1:13,,0.000260688,1.86E-09,1:13,1,180904,0,
2018-09-04 1:14,,0.000260688,1.86E-09,1:14,1,180904,0,
2018-09-04 1:15,,0.000260688,1.86E-09,1:15,1,180904,0,
2018-09-04 1:16,,0.000260688,1.86E-09,1:16,1,180904,0,
2018-09-04 1:17,,0.000260688,1.86E-09,1:17,1,180904,0,
2018-09-04 1:18,,0.000260688,1.86E-09,1:18,1,180904,0,
2018-09-04 1:19,,0.000260688,1.86E-09,1:19,1,180904,0,
2018-09-04 1:20,,0.000260688,1.86E-09,1:20,1,180904,0,
2018-09-04 1:21,,0.000260688,1.86E-09,1:21,1,180904,0,
2018-09-04 1:22,,0.000260688,1.86E-09,1:22,1,180904,0,
2018-09-04 1:23,,0.000260688,1.86E-09,1:23,1,180904,0,
2018-09-04 1:24,,0.000260688,1.86E-09,1:24,1,180904,0,
2018-09-04 1:25,,0.000260688,1.86E-09,1:25,1,180904,0,
2018-09-04 1:26,,0.000260688,1.86E-09,1:26,1,180904,0,
2018-09-04 1:27,,0.000260688,1.86E-09,1:27,1,180904,0,
2018-09-04 1:28,,0.000260688,1.86E-09,1:28,1,180904,0,
2018-09-04 1:29,,0.000260688,1.86E-09,1:29,1,180904,0,
2018-09-04 1:30,,0.000260688,1.86E-09,1:30,1,180904,0,
2018-09-04 1:31,,0.000260688,1.86E-09,1:31,1,180904,0,
2018-09-04 1:32,,0.000260688,1.86E-09,1:32,1,180904,0,
2018-09-04 1:33,,0.000260688,1.86E-09,1:33,1,180904,0,
2018-09-04 1:34,,0.000260688,1.86E-09,1:34,1,180904,0,
2018-09-04 1:35,,0.000260688,1.86E-09,1:35,1,180904,0,
2018-09-04 1:36,,0.000260688,1.86E-09,1:36,1,180904,0,
2018-09-04 1:37,,0.000260688,1.86E-09,1:37,1,180904,0,
2018-09-04 1:38,,0.000260688,1.86E-09,1:38,1,180904,0,
2018-09-04 1:39,,0.000260688,1.86E-09,1:39,1,180904,0,
2018-09-04 1:40,,0.000260688,1.86E-09,1:40,1,180904,0,
2018-09-04 1:41,,0.000260688,1.86E-09,1:41,1,180904,0,
2018-09-04 1:42,,0.000260688,1.86E-09,1:42,1,180904,0,
2018-09-04 1:43,,0.000260688,1.86E-09,1:43,1,180904,0,
2018-09-04 1:44,,0.000260688,1.86E-09,1:44,1,180904,0,
2018-09-04 1:45,,0.000260688,1.86E-09,1:45,1,180904,0,
2018-09-04 1:46,,0.000260688,1.86E-09,1:46,1,180904,0,
2018-09-04 1:47,,0.000260688,1.86E-09,1:47,1,180904,0,
2018-09-04 1:48,,0.000260688,1.86E-09,1:48,1,180904,0,
2018-09-04 1:49,,0.000260688,1.86E-09,1:49,1,180904,0,
2018-09-04 1:50,,0.000260688,1.86E-09,1:50,1,180904,0,
2018-09-04 1:51,,0.000260688,1.86E-09,1:51,1,180904,0,
2018-09-04 1:52,,0.000260688,1.86E-09,1:52,1,180904,0,
2018-09-04 1:53,,0.000260688,1.86E-09,1:53,1,180904,0,
2018-09-04 1:54,,0.000260688,1.86E-09,1:54,1,180904,0,
2018-09-04 1:55,,0.000260688,1.86E-09,1:55,1,180904,0,
2018-09-04 1:56,,0.000260688,1.86E-09,1:56,1,180904,0,
2018-09-04 1:57,,0.000260688,1.86E-09,1:57,1,180904,0,
2018-09-04 1:58,,0.000260688,1.86E-09,1:58,1,180904,0,
2018-09-04 1:59,,0.000260688,1.86E-09,1:59,1,180904,0,
2018-09-04 2:00,,0.000260688,1.86E-09,2:00,1,180904,0,
2018-09-04 2:01,,0.000260688,1.86E-09,2:01,1,180904,0,
2018-09-04 2:02,,0.000260688,1.86E-09,2:02,1,180904,0,
2018-09-04 2:03,,0.000260688,1.86E-09,2:03,1,180904,0,
2018-09-04 2:04,,0.000260688,1.86E-09,2:04,1,180904,0,
2018-09-04 2:05,,0.000260688,1.86E-09,2:05,1,180904,0,
2018-09-04 2:06,,0.000260688,1.86E-09,2:06,1,180904,0,
2018-09-04 2:07,,0.000260688,1.86E-09,2:07,1,180904,0,
2018-09-04 2:08,,0.000260688,1.86E-09,2:08,1,180904,0,
2018-09-04 2:09,,0.000260688,1.86E-09,2:09,1,180904,0,
2018-09-04 2:10,,0.000260688,1.86E-09,2:10,1,180904,0,
2018-09-04 2:11,,0.000260688,1.86E-09,2:11,1,180904,0,
2018-09-04 2:12,,0.000260688,1.86E-09,2:12,1,180904,0,
2018-09-04 2:13,,0.000260688,1.86E-09,2:13,1,180904,0,
2018-09-04 2:14,,0.000260688,1.86E-09,2:14,1,180904,0,
2018-09-04 2:15,,0.000260688,1.86E-09,2:15,1,180904,0,
2018-09-04 2:16,,0.000260688,1.86E-09,2:16,1,180904,0,
2018-09-04 2:17,,0.000260688,1.86E-09,2:17,1,180904,0,
2018-09-04 2:18,,0.000260688,1.86E-09,2:18,1,180904,0,
2018-09-04 2:19,,0.000260688,1.86E-09,2:19,1,180904,0,
2018-09-04 2:20,,0.000260688,1.86E-09,2:20,1,180904,0,
2018-09-04 2:21,,0.000260688,1.86E-09,2:21,1,180904,0,
2018-09-04 2:22,,0.000260688,1.86E-09,2:22,1,180904,0,
2018-09-04 2:23,,0.000260688,1.86E-09,2:23,1,180904,0,
2018-09-04 2:24,,0.000260688,1.86E-09,2:24,1,180904,0,
2018-09-04 2:25,,0.000260688,1.86E-09,2:25,1,180904,0,
2018-09-04 2:26,,0.000260688,1.86E-09,2:26,1,180904,0,
2018-09-04 2:27,,0.000260688,1.86E-09,2:27,1,180904,0,
2018-09-04 2:28,,0.000260688,1.86E-09,2:28,1,180904,0,
2018-09-04 2:29,,0.000260688,1.86E-09,2:29,1,180904,0,
2018-09-04 2:30,,0.000260688,1.86E-09,2:30,1,180904,0,
2018-09-04 2:31,,0.000260688,1.86E-09,2:31,1,180904,0,
2018-09-04 2:32,,0.000260688,1.86E-09,2:32,1,180904,0,
2018-09-04 2:33,,0.000260688,1.86E-09,2:33,1,180904,0,
2018-09-04 2:34,,0.000260688,1.86E-09,2:34,1,180904,0,
2018-09-04 2:35,,0.000260688,1.86E-09,2:35,1,180904,0,
2018-09-04 2:36,,0.000260688,1.86E-09,2:36,1,180904,0,
2018-09-04 2:37,,0.000260688,1.86E-09,2:37,1,180904,0,
2018-09-04 2:38,,0.000260688,1.86E-09,2:38,1,180904,0,
2018-09-04 2:39,,0.000260688,1.86E-09,2:39,1,180904,0,
2018-09-04 2:40,,0.000260688,1.86E-09,2:40,1,180904,0,
2018-09-04 2:41,,0.000260688,1.86E-09,2:41,1,180904,0,
2018-09-04 2:42,,0.000260688,1.86E-09,2:42,1,180904,0,
2018-09-04 2:43,,0.000260688,1.86E-09,2:43,1,180904,0,
2018-09-04 2:44,,0.000260688,1.86E-09,2:44,1,180904,0,
2018-09-04 2:45,,0.000260688,1.86E-09,2:45,1,180904,0,
2018-09-04 2:46,,0.000260688,1.86E-09,2:46,1,180904,0,
2018-09-04 2:47,,0.000260688,1.86E-09,2:47,1,180904,0,
2018-09-04 2:48,,0.000260688,1.86E-09,2:48,1,180904,0,
2018-09-04 2:49,,0.000260688,1.86E-09,2:49,1,180904,0,
2018-09-04 2:50,,0.000260688,1.86E-09,2:50,1,180904,0,
2018-09-04 2:51,,0.000260688,1.86E-09,2:51,1,180904,0,
2018-09-04 2:52,,0.000260688,1.86E-09,2:52,1,180904,0,
2018-09-04 2:53,,0.000260688,1.86E-09,2:53,1,180904,0,
2018-09-04 2:54,,0.000260688,1.86E-09,2:54,1,180904,0,
2018-09-04 2:55,,0.000260688,1.86E-09,2:55,1,180904,0,
2018-09-04 2:56,,0.000260688,1.86E-09,2:56,1,180904,0,
2018-09-04 2:57,,0.000260688,1.86E-09,2:57,1,180904,0,
2018-09-04 2:58,,0.000260688,1.86E-09,2:58,1,180904,0,
2018-09-04 2:59,,0.000260688,1.86E-09,2:59,1,180904,0,
2018-09-04 3:00,,0.000260688,1.86E-09,3:00,1,180904,0,
2018-09-04 3:01,,0.000260688,1.86E-09,3:01,1,180904,0,
2018-09-04 3:02,,0.000260688,1.86E-09,3:02,1,180904,0,
2018-09-04 3:03,,0.000260688,1.86E-09,3:03,1,180904,0,
2018-09-04 3:04,,0.000260688,1.86E-09,3:04,1,180904,0,
2018-09-04 3:05,,0.000260688,1.86E-09,3:05,1,180904,0,
2018-09-04 3:06,,0.000260688,1.86E-09,3:06,1,180904,0,
2018-09-04 3:07,,0.000260688,1.86E-09,3:07,1,180904,0,
2018-09-04 3:08,,0.000260688,1.86E-09,3:08,1,180904,0,
2018-09-04 3:09,,0.000260688,1.86E-09,3:09,1,180904,0,
2018-09-04 3:10,,0.000260688,1.86E-09,3:10,1,180904,0,
2018-09-04 3:11,,0.000260688,1.86E-09,3:11,1,180904,0,
2018-09-04 3:12,,0.000260688,1.86E-09,3:12,1,180904,0,
2018-09-04 3:13,,0.000260688,1.86E-09,3:13,1,180904,0,
2018-09-04 3:14,,0.000260688,1.86E-09,3:14,1,180904,0,
2018-09-04 3:15,,0.000260688,1.86E-09,3:15,1,180904,0,
2018-09-04 3:16,,0.000260688,1.86E-09,3:16,1,180904,0,
2018-09-04 3:17,,0.000260688,1.86E-09,3:17,1,180904,0,
2018-09-04 3:18,,0.000260688,1.86E-09,3:18,1,180904,0,
2018-09-04 3:19,,0.000260688,1.86E-09,3:19,1,180904,0,
2018-09-04 3:20,,0.000260688,1.86E-09,3:20,1,180904,0,
2018-09-04 3:21,,0.000260688,1.86E-09,3:21,1,180904,0,
2018-09-04 3:22,,0.000260688,1.86E-09,3:22,1,180904,0,
2018-09-04 3:23,,0.000260688,1.86E-09,3:23,1,180904,0,
2018-09-04 3:24,,0.000260688,1.86E-09,3:24,1,180904,0,
2018-09-04 3:25,,0.000260688,1.86E-09,3:25,1,180904,0,
2018-09-04 3:26,,0.000260688,1.86E-09,3:26,1,180904,0,
2018-09-04 3:27,,0.000260688,1.86E-09,3:27,1,180904,0,
2018-09-04 3:28,,0.000260688,1.86E-09,3:28,1,180904,0,
2018-09-04 3:29,,0.000260688,1.86E-09,3:29,1,180904,0,
2018-09-04 3:30,,0.000260688,1.86E-09,3:30,1,180904,0,
2018-09-04 3:31,,0.000260688,1.86E-09,3:31,1,180904,0,
2018-09-04 3:32,,0.000260688,1.86E-09,3:32,1,180904,0,
2018-09-04 3:33,,0.000260688,1.86E-09,3:33,1,180904,0,
2018-09-04 3:34,,0.000260688,1.86E-09,3:34,1,180904,0,
2018-09-04 3:35,,0.000260688,1.86E-09,3:35,1,180904,0,
2018-09-04 3:36,,0.000260688,1.86E-09,3:36,1,180904,0,
2018-09-04 3:37,,0.000260688,1.86E-09,3:37,1,180904,0,
2018-09-04 3:38,,0.000260688,1.86E-09,3:38,1,180904,0,
2018-09-04 3:39,,0.000260688,1.86E-09,3:39,1,180904,0,
2018-09-04 3:40,,0.000260688,1.86E-09,3:40,1,180904,0,
2018-09-04 3:41,,0.000260688,1.86E-09,3:41,1,180904,0,
2018-09-04 3:42,,0.000260688,1.86E-09,3:42,1,180904,0,
2018-09-04 3:43,,0.000260688,1.86E-09,3:43,1,180904,0,
2018-09-04 3:44,,0.000260688,1.86E-09,3:44,1,180904,0,
2018-09-04 3:45,,0.000260688,1.86E-09,3:45,1,180904,0,
2018-09-04 3:46,,0.000260688,1.86E-09,3:46,1,180904,0,
2018-09-04 3:47,,0.000260688,1.86E-09,3:47,1,180904,0,
2018-09-04 3:48,,0.000260688,1.86E-09,3:48,1,180904,0,
2018-09-04 3:49,,0.000260688,1.86E-09,3:49,1,180904,0,
2018-09-04 3:50,,0.000260688,1.86E-09,3:50,1,180904,0,
2018-09-04 3:51,,0.000260688,1.86E-09,3:51,1,180904,0,
2018-09-04 3:52,,0.000260688,1.86E-09,3:52,1,180904,0,
2018-09-04 3:53,,0.000260688,1.86E-09,3:53,1,180904,0,
2018-09-04 3:54,,0.000260688,1.86E-09,3:54,1,180904,0,
2018-09-04 3:55,,0.000260688,1.86E-09,3:55,1,180904,0,
2018-09-04 3:56,,0.000260688,1.86E-09,3:56,1,180904,0,
2018-09-04 3:57,,0.000260688,1.86E-09,3:57,1,180904,0,
2018-09-04 3:58,,0.000260688,1.86E-09,3:58,1,180904,0,
2018-09-04 3:59,,0.000260688,1.86E-09,3:59,1,180904,0,
2018-09-04 4:00,,0.000260688,1.86E-09,4:00,1,180904,0,
2018-09-04 4:01,,0.000260688,1.86E-09,4:01,1,180904,0,
2018-09-04 4:02,,0.000260688,1.86E-09,4:02,1,180904,0,
2018-09-04 4:03,,0.000260688,1.86E-09,4:03,1,180904,0,
2018-09-04 4:04,,0.000260688,1.86E-09,4:04,1,180904,0,
2018-09-04 4:05,,0.000260688,1.86E-09,4:05,1,180904,0,
2018-09-04 4:06,,0.000260688,1.86E-09,4:06,1,180904,0,
2018-09-04 4:07,,0.000260688,1.86E-09,4:07,1,180904,0,
2018-09-04 4:08,,0.000260688,1.86E-09,4:08,1,180904,0,
2018-09-04 4:09,,0.000260688,1.86E-09,4:09,1,180904,0,
2018-09-04 4:10,,0.000260688,1.86E-09,4:10,1,180904,0,
2018-09-04 4:11,,0.000260688,1.86E-09,4:11,1,180904,0,
2018-09-04 4:12,,0.000260688,1.86E-09,4:12,1,180904,0,
2018-09-04 4:13,,0.000260688,1.86E-09,4:13,1,180904,0,
2018-09-04 4:14,,0.000260688,1.86E-09,4:14,1,180904,0,
2018-09-04 4:15,,0.000260688,1.86E-09,4:15,1,180904,0,
2018-09-04 4:16,,0.000260688,1.86E-09,4:16,1,180904,0,
2018-09-04 4:17,,0.000260688,1.86E-09,4:17,1,180904,0,
2018-09-04 4:18,,0.000260688,1.86E-09,4:18,1,180904,0,
2018-09-04 4:19,,0.000260688,1.86E-09,4:19,1,180904,0,
2018-09-04 4:20,,0.000260688,1.86E-09,4:20,1,180904,0,
2018-09-04 4:21,,0.000260688,1.86E-09,4:21,1,180904,0,
2018-09-04 4:22,,0.000260688,1.86E-09,4:22,1,180904,0,
2018-09-04 4:23,,0.000260688,1.86E-09,4:23,1,180904,0,
2018-09-04 4:24,,0.000260688,1.86E-09,4:24,1,180904,0,
2018-09-04 4:25,,0.000260688,1.86E-09,4:25,1,180904,0,
2018-09-04 4:26,,0.000260688,1.86E-09,4:26,1,180904,0,
2018-09-04 4:27,,0.000260688,1.86E-09,4:27,1,180904,0,
2018-09-04 4:28,,0.000260688,1.86E-09,4:28,1,180904,0,
2018-09-04 4:29,,0.000260688,1.86E-09,4:29,1,180904,0,
2018-09-04 4:30,,0.000260688,1.86E-09,4:30,1,180904,0,
2018-09-04 4:31,,0.000260688,1.86E-09,4:31,1,180904,0,
2018-09-04 4:32,,0.000260688,1.86E-09,4:32,1,180904,0,
2018-09-04 4:33,,0.000260688,1.86E-09,4:33,1,180904,0,
2018-09-04 4:34,,0.000260688,1.86E-09,4:34,1,180904,0,
2018-09-04 4:35,,0.000260688,1.86E-09,4:35,1,180904,0,
2018-09-04 4:36,,0.000260688,1.86E-09,4:36,1,180904,0,
2018-09-04 4:37,,0.000260688,1.86E-09,4:37,1,180904,0,
2018-09-04 4:38,,0.000260688,1.86E-09,4:38,1,180904,0,
2018-09-04 4:39,,0.000260688,1.86E-09,4:39,1,180904,0,
2018-09-04 4:40,,0.000260688,1.86E-09,4:40,1,180904,0,
2018-09-04 4:41,,0.000260688,1.86E-09,4:41,1,180904,0,
2018-09-04 4:42,,0.000260688,1.86E-09,4:42,1,180904,0,
2018-09-04 4:43,,0.000260688,1.86E-09,4:43,1,180904,0,
2018-09-04 4:44,,0.000260688,1.86E-09,4:44,1,180904,0,
2018-09-04 4:45,,0.000260688,1.86E-09,4:45,1,180904,0,
2018-09-04 4:46,,0.000260688,1.86E-09,4:46,1,180904,0,
2018-09-04 4:47,,0.000260688,1.86E-09,4:47,1,180904,0,
2018-09-04 4:48,,0.000260688,1.86E-09,4:48,1,180904,0,
2018-09-04 4:49,,0.000260688,1.86E-09,4:49,1,180904,0,
2018-09-04 4:50,,0.000260688,1.86E-09,4:50,1,180904,0,
2018-09-04 4:51,,0.000260688,1.86E-09,4:51,1,180904,0,
2018-09-04 4:52,,0.000260688,1.86E-09,4:52,1,180904,0,
2018-09-04 4:53,,0.000260688,1.86E-09,4:53,1,180904,0,
2018-09-04 4:54,,0.000260688,1.86E-09,4:54,1,180904,0,
2018-09-04 4:55,,0.000260688,1.86E-09,4:55,1,180904,0,
2018-09-04 4:56,,0.000260688,1.86E-09,4:56,1,180904,0,
2018-09-04 4:57,,0.000260688,1.86E-09,4:57,1,180904,0,
2018-09-04 4:58,,0.000260688,1.86E-09,4:58,1,180904,0,
2018-09-04 4:59,,0.000260688,1.86E-09,4:59,1,180904,0,
2018-09-04 5:00,,0.000260688,1.86E-09,5:00,1,180904,0,
2018-09-04 5:01,,0.000260688,1.86E-09,5:01,1,180904,0,
2018-09-04 5:02,,0.000260688,1.86E-09,5:02,1,180904,0,
2018-09-04 5:03,,0.000260688,1.86E-09,5:03,1,180904,0,
2018-09-04 5:04,,0.000260688,1.86E-09,5:04,1,180904,0,
2018-09-04 5:05,,0.000260688,1.86E-09,5:05,1,180904,0,
2018-09-04 5:06,,0.000260688,1.86E-09,5:06,1,180904,0,
2018-09-04 5:07,,0.000260688,1.86E-09,5:07,1,180904,0,
2018-09-04 5:08,,0.000260688,1.86E-09,5:08,1,180904,0,
2018-09-04 5:09,,0.000260688,1.86E-09,5:09,1,180904,0,
2018-09-04 5:10,,0.000260688,1.86E-09,5:10,1,180904,0,
2018-09-04 5:11,,0.000260688,1.86E-09,5:11,1,180904,0,
2018-09-04 5:12,,0.000260688,1.86E-09,5:12,1,180904,0,
2018-09-04 5:13,,0.000260688,1.86E-09,5:13,1,180904,0,
2018-09-04 5:14,,0.000260688,1.86E-09,5:14,1,180904,0,
2018-09-04 5:15,,0.000260688,1.86E-09,5:15,1,180904,0,
2018-09-04 5:16,,0.000260688,1.86E-09,5:16,1,180904,0,
2018-09-04 5:17,,0.000260688,1.86E-09,5:17,1,180904,0,
2018-09-04 5:18,,0.000260688,1.86E-09,5:18,1,180904,0,
2018-09-04 5:19,,0.000260688,1.86E-09,5:19,1,180904,0,
2018-09-04 5:20,,0.000260688,1.86E-09,5:20,1,180904,0,
2018-09-04 5:21,,0.000260688,1.86E-09,5:21,1,180904,0,
2018-09-04 5:22,,0.000260688,1.86E-09,5:22,1,180904,0,
2018-09-04 5:23,,0.000260688,1.86E-09,5:23,1,180904,0,
2018-09-04 5:24,,0.000260688,1.86E-09,5:24,1,180904,0,
2018-09-04 5:25,,0.000260688,1.86E-09,5:25,1,180904,0,
2018-09-04 5:26,,0.000260688,1.86E-09,5:26,1,180904,0,
2018-09-04 5:27,,0.000260688,1.86E-09,5:27,1,180904,0,
2018-09-04 5:28,,0.000260688,1.86E-09,5:28,1,180904,0,
2018-09-04 5:29,,0.000260688,1.86E-09,5:29,1,180904,0,
2018-09-04 5:30,,0.000260688,1.86E-09,5:30,1,180904,0,
2018-09-04 5:31,,0.000260688,1.86E-09,5:31,1,180904,0,
2018-09-04 5:32,,0.000260688,1.86E-09,5:32,1,180904,0,
2018-09-04 5:33,,0.000260688,1.86E-09,5:33,1,180904,0,
2018-09-04 5:34,,0.000260688,1.86E-09,5:34,1,180904,0,
2018-09-04 5:35,,0.000260688,1.86E-09,5:35,1,180904,0,
2018-09-04 5:36,,0.000260688,1.86E-09,5:36,1,180904,0,
2018-09-04 5:37,,0.000260688,1.86E-09,5:37,1,180904,0,
2018-09-04 5:38,,0.000260688,1.86E-09,5:38,1,180904,0,
2018-09-04 5:39,,0.000260688,1.86E-09,5:39,1,180904,0,
2018-09-04 5:40,,0.000260688,1.86E-09,5:40,1,180904,0,
2018-09-04 5:41,,0.000260688,1.86E-09,5:41,1,180904,0,
2018-09-04 5:42,,0.000260688,1.86E-09,5:42,1,180904,0,
2018-09-04 5:43,,0.000260688,1.86E-09,5:43,1,180904,0,
2018-09-04 5:44,,0.000260688,1.86E-09,5:44,1,180904,0,
2018-09-04 5:45,,0.000260688,1.86E-09,5:45,1,180904,0,
2018-09-04 5:46,,0.000260688,1.86E-09,5:46,1,180904,0,
2018-09-04 5:47,,0.000260688,1.86E-09,5:47,1,180904,0,
2018-09-04 5:48,,0.000260688,1.86E-09,5:48,1,180904,0,
2018-09-04 5:49,,0.000260688,1.86E-09,5:49,1,180904,0,
2018-09-04 5:50,,0.000260688,1.86E-09,5:50,1,180904,0,
2018-09-04 5:51,,0.000260688,1.86E-09,5:51,1,180904,0,
2018-09-04 5:52,,0.000260688,1.86E-09,5:52,1,180904,0,
2018-09-04 5:53,,0.000260688,1.86E-09,5:53,1,180904,0,
2018-09-04 5:54,,0.000260688,1.86E-09,5:54,1,180904,0,
2018-09-04 5:55,,0.000260688,1.86E-09,5:55,1,180904,0,
2018-09-04 5:56,,0.000260688,1.86E-09,5:56,1,180904,0,
2018-09-04 5:57,,0.000260688,1.86E-09,5:57,1,180904,0,
2018-09-04 5:58,,0.000260688,1.86E-09,5:58,1,180904,0,
2018-09-04 5:59,,0.000260688,1.86E-09,5:59,1,180904,0,
2018-09-04 6:00,,0.000260688,1.86E-09,6:00,1,180904,0,
2018-09-04 6:01,,0.000260688,1.86E-09,6:01,1,180904,0,
2018-09-04 6:02,,0.000260688,1.86E-09,6:02,1,180904,0,
2018-09-04 6:03,,0.000260688,1.86E-09,6:03,1,180904,0,
2018-09-04 6:04,,0.000260688,1.86E-09,6:04,1,180904,0,
2018-09-04 6:05,,0.000260688,1.86E-09,6:05,1,180904,0,
2018-09-04 6:06,,0.000260688,1.86E-09,6:06,1,180904,0,
2018-09-04 6:07,,0.000260688,1.86E-09,6:07,1,180904,0,
2018-09-04 6:08,,0.000260688,1.86E-09,6:08,1,180904,0,
2018-09-04 6:09,,0.000260688,1.86E-09,6:09,1,180904,0,
2018-09-04 6:10,,0.000260688,1.86E-09,6:10,1,180904,0,
2018-09-04 6:11,,0.000260688,1.86E-09,6:11,1,180904,0,
2018-09-04 6:12,,0.000260688,1.86E-09,6:12,1,180904,0,
2018-09-04 6:13,,0.000260688,1.86E-09,6:13,1,180904,0,
2018-09-04 6:14,,0.000260688,1.86E-09,6:14,1,180904,0,
2018-09-04 6:15,,0.000260688,1.86E-09,6:15,1,180904,0,
2018-09-04 6:16,,0.000260688,1.86E-09,6:16,1,180904,0,
2018-09-04 6:17,,0.000260688,1.86E-09,6:17,1,180904,0,
2018-09-04 6:18,,0.000260688,1.86E-09,6:18,1,180904,0,
2018-09-04 6:19,,0.000260688,1.86E-09,6:19,1,180904,0,
2018-09-04 6:20,,0.000260688,1.86E-09,6:20,1,180904,0,
2018-09-04 6:21,,0.000260688,1.86E-09,6:21,1,180904,0,
2018-09-04 6:22,,0.000260688,1.86E-09,6:22,1,180904,0,
2018-09-04 6:23,,0.000260688,1.86E-09,6:23,1,180904,0,
2018-09-04 6:24,,0.000260688,1.86E-09,6:24,1,180904,0,
2018-09-04 6:25,,0.000260688,1.86E-09,6:25,1,180904,0,
2018-09-04 6:26,,0.000260688,1.86E-09,6:26,1,180904,0,
2018-09-04 6:27,,0.000260688,1.86E-09,6:27,1,180904,0,
2018-09-04 6:28,,0.000260688,1.86E-09,6:28,1,180904,0,
2018-09-04 6:29,,0.000260688,1.86E-09,6:29,1,180904,0,
2018-09-04 6:30,,0.000260688,1.86E-09,6:30,1,180904,0,
2018-09-04 6:31,,0.000260688,1.86E-09,6:31,1,180904,0,
2018-09-04 6:32,,0.000260688,1.86E-09,6:32,1,180904,0,
2018-09-04 6:33,,0.000260688,1.86E-09,6:33,1,180904,0,
2018-09-04 6:34,,0.000260688,1.86E-09,6:34,1,180904,0,
2018-09-04 6:35,,0.000260688,1.86E-09,6:35,1,180904,0,
2018-09-04 6:36,,0.000260688,1.86E-09,6:36,1,180904,0,
2018-09-04 6:37,,0.000260688,1.86E-09,6:37,1,180904,0,
2018-09-04 6:38,,0.000260688,1.86E-09,6:38,1,180904,0,
2018-09-04 6:39,,0.000260688,1.86E-09,6:39,1,180904,0,
2018-09-04 6:40,,0.000260688,1.86E-09,6:40,1,180904,0,
2018-09-04 6:41,,0.000260688,1.86E-09,6:41,1,180904,0,
2018-09-04 6:42,,0.000260688,1.86E-09,6:42,1,180904,0,
2018-09-04 6:43,,0.000260688,1.86E-09,6:43,1,180904,0,
2018-09-04 6:44,,0.000260688,1.86E-09,6:44,1,180904,0,
2018-09-04 6:45,,0.000260688,1.86E-09,6:45,1,180904,0,
2018-09-04 6:46,,0.000260688,1.86E-09,6:46,1,180904,0,
2018-09-04 6:47,,0.000260688,1.86E-09,6:47,1,180904,0,
2018-09-04 6:48,,0.000260688,1.86E-09,6:48,1,180904,0,
2018-09-04 6:49,,0.000260688,1.86E-09,6:49,1,180904,0,
2018-09-04 6:50,,0.000260688,1.86E-09,6:50,1,180904,0,
2018-09-04 6:51,,0.000260688,1.86E-09,6:51,1,180904,0,
2018-09-04 6:52,,0.000260688,1.86E-09,6:52,1,180904,0,
2018-09-04 6:53,,0.000260688,1.86E-09,6:53,1,180904,0,
2018-09-04 6:54,,0.000260688,1.86E-09,6:54,1,180904,0,
2018-09-04 6:55,,0.000260688,1.86E-09,6:55,1,180904,0,
2018-09-04 6:56,,0.000260688,1.86E-09,6:56,1,180904,0,
2018-09-04 6:57,,0.000260688,1.86E-09,6:57,1,180904,0,
2018-09-04 6:58,,0.000260688,1.86E-09,6:58,1,180904,0,
2018-09-04 6:59,,0.000260688,1.86E-09,6:59,1,180904,0,
2018-09-04 7:00,,0.000260688,1.86E-09,7:00,1,180904,0,
2018-09-04 7:01,,0.000260688,1.86E-09,7:01,1,180904,0,
2018-09-04 7:02,,0.000260688,1.86E-09,7:02,1,180904,0,
2018-09-04 7:03,,0.000260688,1.86E-09,7:03,1,180904,0,
2018-09-04 7:04,,0.000260688,1.86E-09,7:04,1,180904,0,
2018-09-04 7:05,,0.000260688,1.86E-09,7:05,1,180904,0,
2018-09-04 7:06,,0.000260688,1.86E-09,7:06,1,180904,0,
2018-09-04 7:07,,0.000260688,1.86E-09,7:07,1,180904,0,
2018-09-04 7:08,,0.000260688,1.86E-09,7:08,1,180904,0,
2018-09-04 7:09,,0.000260688,1.86E-09,7:09,1,180904,0,
2018-09-04 7:10,,0.000260688,1.86E-09,7:10,1,180904,0,
2018-09-04 7:11,,0.000260688,1.86E-09,7:11,1,180904,0,
2018-09-04 7:12,,0.000260688,1.86E-09,7:12,1,180904,0,
2018-09-04 7:13,,0.000260688,1.86E-09,7:13,1,180904,0,
2018-09-04 7:14,,0.000260688,1.86E-09,7:14,1,180904,0,
2018-09-04 7:15,,0.000260688,1.86E-09,7:15,1,180904,0,
2018-09-04 7:16,,0.000260688,1.86E-09,7:16,1,180904,0,
2018-09-04 7:17,,0.000260688,1.86E-09,7:17,1,180904,0,
2018-09-04 7:18,,0.000260688,1.86E-09,7:18,1,180904,0,
2018-09-04 7:19,,0.000260688,1.86E-09,7:19,1,180904,0,
2018-09-04 7:20,,0.000260688,1.86E-09,7:20,1,180904,0,
2018-09-04 7:21,,0.000260688,1.86E-09,7:21,1,180904,0,
2018-09-04 7:22,,0.000260688,1.86E-09,7:22,1,180904,0,
2018-09-04 7:23,,0.000260688,1.86E-09,7:23,1,180904,0,
2018-09-04 7:24,,0.000260688,1.86E-09,7:24,1,180904,0,
2018-09-04 7:25,,0.000260688,1.86E-09,7:25,1,180904,0,
2018-09-04 7:26,,0.000260688,1.86E-09,7:26,1,180904,0,
2018-09-04 7:27,,0.000260688,1.86E-09,7:27,1,180904,0,
2018-09-04 7:28,,0.000260688,1.86E-09,7:28,1,180904,0,
2018-09-04 7:29,,0.000260688,1.86E-09,7:29,1,180904,0,
2018-09-04 7:30,,0.000260688,1.86E-09,7:30,1,180904,0,
2018-09-04 7:31,,0.000260688,1.86E-09,7:31,1,180904,0,
2018-09-04 7:32,,0.000260688,1.86E-09,7:32,1,180904,0,
2018-09-04 7:33,,0.000260688,1.86E-09,7:33,1,180904,0,
2018-09-04 7:34,,0.000260688,1.86E-09,7:34,1,180904,0,
2018-09-04 7:35,,0.000260688,1.86E-09,7:35,1,180904,0,
2018-09-04 7:36,,0.000260688,1.86E-09,7:36,1,180904,0,
2018-09-04 7:37,,0.000260688,1.86E-09,7:37,1,180904,0,
2018-09-04 7:38,,0.000260688,1.86E-09,7:38,1,180904,0,
2018-09-04 7:39,,0.000260688,1.86E-09,7:39,1,180904,0,
2018-09-04 7:40,,0.000260688,1.86E-09,7:40,1,180904,0,
2018-09-04 7:41,,0.000260688,1.86E-09,7:41,1,180904,0,
2018-09-04 7:42,,0.000260688,1.86E-09,7:42,1,180904,0,
2018-09-04 7:43,,0.000260688,1.86E-09,7:43,1,180904,0,
2018-09-04 7:44,,0.000260688,1.86E-09,7:44,1,180904,0,
2018-09-04 7:45,,0.000260688,1.86E-09,7:45,1,180904,0,
2018-09-04 7:46,,0.000260688,1.86E-09,7:46,1,180904,0,
2018-09-04 7:47,,0.000260688,1.86E-09,7:47,1,180904,0,
2018-09-04 7:48,,0.000260688,1.86E-09,7:48,1,180904,0,
2018-09-04 7:49,,0.000260688,1.86E-09,7:49,1,180904,0,
2018-09-04 7:50,,0.000260688,1.86E-09,7:50,1,180904,0,
2018-09-04 7:51,,0.000260688,1.86E-09,7:51,1,180904,0,
2018-09-04 7:52,,0.000260688,1.86E-09,7:52,1,180904,0,
2018-09-04 7:53,,0.000260688,1.86E-09,7:53,1,180904,0,
2018-09-04 7:54,,0.000260688,1.86E-09,7:54,1,180904,0,
2018-09-04 7:55,,0.000260688,1.86E-09,7:55,1,180904,0,
2018-09-04 7:56,,0.000260688,1.86E-09,7:56,1,180904,0,
2018-09-04 7:57,,0.000260688,1.86E-09,7:57,1,180904,0,
2018-09-04 7:58,,0.000260688,1.86E-09,7:58,1,180904,0,
2018-09-04 7:59,,0.000260688,1.86E-09,7:59,1,180904,0,
2018-09-04 8:00,,0.000260688,1.86E-09,8:00,1,180904,0,
2018-09-04 8:01,,0.000260688,1.86E-09,8:01,1,180904,0,
2018-09-04 8:02,,0.000260688,1.86E-09,8:02,1,180904,0,
2018-09-04 8:03,,0.000260688,1.86E-09,8:03,1,180904,0,
2018-09-04 8:04,,0.000260688,1.86E-09,8:04,1,180904,0,
2018-09-04 8:05,,0.000260688,1.86E-09,8:05,1,180904,0,
2018-09-04 8:06,,0.000260688,1.86E-09,8:06,1,180904,0,
2018-09-04 8:07,,0.000260688,1.86E-09,8:07,1,180904,0,
2018-09-04 8:08,,0.000260688,1.86E-09,8:08,1,180904,0,
2018-09-04 8:09,,0.000260688,1.86E-09,8:09,1,180904,0,
2018-09-04 8:10,,0.000260688,1.86E-09,8:10,1,180904,0,
2018-09-04 8:11,,0.000260688,1.86E-09,8:11,1,180904,0,
2018-09-04 8:12,,0.000260688,1.86E-09,8:12,1,180904,0,
2018-09-04 8:13,,0.000260688,1.86E-09,8:13,1,180904,0,
2018-09-04 8:14,,0.000260688,1.86E-09,8:14,1,180904,0,
2018-09-04 8:15,,0.000260688,1.86E-09,8:15,1,180904,0,
2018-09-04 8:16,,0.000260688,1.86E-09,8:16,1,180904,0,
2018-09-04 8:17,,0.000260688,1.86E-09,8:17,1,180904,0,
2018-09-04 8:18,,0.000260688,1.86E-09,8:18,1,180904,0,
2018-09-04 8:19,,0.000260688,1.86E-09,8:19,1,180904,0,
2018-09-04 8:20,,0.000260688,1.86E-09,8:20,1,180904,0,
2018-09-04 8:21,,0.000260688,1.86E-09,8:21,1,180904,0,
2018-09-04 8:22,,0.000260688,1.86E-09,8:22,1,180904,0,
2018-09-04 8:23,,0.000260688,1.86E-09,8:23,1,180904,0,
2018-09-04 8:24,,0.000260688,1.86E-09,8:24,1,180904,0,
2018-09-04 8:25,,0.000260688,1.86E-09,8:25,1,180904,0,
2018-09-04 8:26,,0.000260688,1.86E-09,8:26,1,180904,0,
2018-09-04 8:27,,0.000260688,1.86E-09,8:27,1,180904,0,
2018-09-04 8:28,,0.000260688,1.86E-09,8:28,1,180904,0,
2018-09-04 8:29,,0.000260688,1.86E-09,8:29,1,180904,0,
2018-09-04 8:30,,0.000260688,1.86E-09,8:30,1,180904,0,
2018-09-04 8:31,,0.000260688,1.86E-09,8:31,1,180904,0,
2018-09-04 8:32,,0.000260688,1.86E-09,8:32,1,180904,0,
2018-09-04 8:33,,0.000260688,1.86E-09,8:33,1,180904,0,
2018-09-04 8:34,,0.000260688,1.86E-09,8:34,1,180904,0,
2018-09-04 8:35,,0.000260688,1.86E-09,8:35,1,180904,0,
2018-09-04 8:36,,0.000260688,1.86E-09,8:36,1,180904,0,
2018-09-04 8:37,,0.000260688,1.86E-09,8:37,1,180904,0,
2018-09-04 8:38,,0.000260688,1.86E-09,8:38,1,180904,0,
2018-09-04 8:40,,0.000260688,1.86E-09,8:40,1,180904,0,
2018-09-04 8:41,,0.000260688,1.86E-09,8:41,1,180904,0,
2018-09-04 8:42,,0.000260688,1.86E-09,8:42,1,180904,0,
2018-09-04 8:43,,0.000260688,1.86E-09,8:43,1,180904,0,
2018-09-04 8:44,,0.000260688,1.86E-09,8:44,1,180904,0,
2018-09-04 8:45,,0.000260688,1.86E-09,8:45,1,180904,0,
2018-09-04 8:46,,0.000260688,1.86E-09,8:46,1,180904,0,
2018-09-04 8:47,,0.000260688,1.86E-09,8:47,1,180904,0,
2018-09-04 8:48,,0.000260688,1.86E-09,8:48,1,180904,0,
2018-09-04 8:50,,0.000260688,1.86E-09,8:50,1,180904,0,
2018-09-04 8:51,,0.000260688,1.86E-09,8:51,1,180904,0,
2018-09-04 8:52,,0.000260688,1.86E-09,8:52,1,180904,0,
2018-09-04 8:53,,0.000260688,1.86E-09,8:53,1,180904,0,
2018-09-04 8:54,,0.000260688,1.86E-09,8:54,1,180904,0,
2018-09-04 8:55,,0.000260688,1.86E-09,8:55,1,180904,0,
2018-09-04 8:56,,0.000260688,1.86E-09,8:56,1,180904,0,
2018-09-04 8:57,,0.000260688,1.86E-09,8:57,1,180904,0,
2018-09-04 8:58,,0.000260688,1.86E-09,8:58,1,180904,0,
2018-09-04 8:59,,0.000260688,1.86E-09,8:59,1,180904,0,
2018-09-04 9:00,,0.000260688,1.86E-09,9:00,1,180904,0,
2018-09-04 9:01,,0.000260688,1.86E-09,9:01,1,180904,0,
2018-09-04 9:02,,0.000260688,1.86E-09,9:02,1,180904,0,
2018-09-04 9:03,,0.000260688,1.86E-09,9:03,1,180904,0,
2018-09-04 9:04,,0.000260688,1.86E-09,9:04,1,180904,0,
2018-09-04 9:05,,0.000260688,1.86E-09,9:05,1,180904,0,
2018-09-04 9:06,,0.000260688,1.86E-09,9:06,1,180904,0,
2018-09-04 9:07,,0.000260688,1.86E-09,9:07,1,180904,0,
2018-09-04 9:08,,0.000260688,1.86E-09,9:08,1,180904,0,
2018-09-04 9:09,,0.000260688,1.86E-09,9:09,1,180904,0,
2018-09-04 9:10,,0.000260688,1.86E-09,9:10,1,180904,0,
2018-09-04 9:11,,0.000260688,1.86E-09,9:11,1,180904,0,
2018-09-04 9:12,,0.000260688,1.86E-09,9:12,1,180904,0,
2018-09-04 9:13,,0.000260688,1.86E-09,9:13,1,180904,0,
2018-09-04 9:14,,0.000260688,1.86E-09,9:14,1,180904,0,
2018-09-04 9:15,,0.000260688,1.86E-09,9:15,1,180904,0,
2018-09-04 9:16,,0.000260688,1.86E-09,9:16,1,180904,0,
2018-09-04 9:17,,0.000260688,1.86E-09,9:17,1,180904,0,
2018-09-04 9:18,,0.000260688,1.86E-09,9:18,1,180904,0,
2018-09-04 9:19,,0.000260688,1.86E-09,9:19,1,180904,0,
2018-09-04 9:20,,0.000260688,1.86E-09,9:20,1,180904,0,
2018-09-04 9:21,,0.000260688,1.86E-09,9:21,1,180904,0,
2018-09-04 9:22,,0.000260688,1.86E-09,9:22,1,180904,0,
2018-09-04 9:23,,0.000260688,1.86E-09,9:23,1,180904,0,
2018-09-04 9:24,,0.000260688,1.86E-09,9:24,1,180904,0,
2018-09-04 9:25,,0.000260688,1.86E-09,9:25,1,180904,0,
2018-09-04 9:26,,0.000260688,1.86E-09,9:26,1,180904,0,
2018-09-04 9:27,,0.000260688,1.86E-09,9:27,1,180904,0,
2018-09-04 9:28,,0.000260688,1.86E-09,9:28,1,180904,0,
2018-09-04 9:29,,0.000260688,1.86E-09,9:29,1,180904,0,
2018-09-04 9:30,,0.000260688,1.86E-09,9:30,1,180904,0,
2018-09-04 9:31,,0.000260688,1.86E-09,9:31,1,180904,0,
2018-09-04 9:32,,0.000260688,1.86E-09,9:32,1,180904,0,
2018-09-04 9:33,,0.000260688,1.86E-09,9:33,1,180904,0,
2018-09-04 9:34,,0.000260688,1.86E-09,9:34,1,180904,0,
2018-09-04 9:35,,0.000260688,1.86E-09,9:35,1,180904,0,
2018-09-04 9:36,,0.000260688,1.86E-09,9:36,1,180904,0,
2018-09-04 9:37,,0.000260688,1.86E-09,9:37,1,180904,0,
2018-09-04 9:38,,0.000260688,1.86E-09,9:38,1,180904,0,
2018-09-04 9:39,,0.000260688,1.86E-09,9:39,1,180904,0,
2018-09-04 9:40,,0.000260688,1.86E-09,9:40,1,180904,0,
2018-09-04 9:41,,0.000260688,1.86E-09,9:41,1,180904,0,
2018-09-04 9:42,,0.000260688,1.86E-09,9:42,1,180904,0,
2018-09-04 9:43,,0.000260688,1.86E-09,9:43,1,180904,0,
2018-09-04 9:44,,0.000260688,1.86E-09,9:44,1,180904,0,
2018-09-04 9:45,,0.000260688,1.86E-09,9:45,1,180904,0,
2018-09-04 9:46,,0.000260688,1.86E-09,9:46,1,180904,0,
2018-09-04 9:47,,0.000260688,1.86E-09,9:47,1,180904,0,
2018-09-04 9:48,,0.000260688,1.86E-09,9:48,1,180904,0,
2018-09-04 9:49,,0.000260688,1.86E-09,9:49,1,180904,0,
2018-09-04 9:50,,0.000260688,1.86E-09,9:50,1,180904,0,
2018-09-04 9:51,,0.000260688,1.86E-09,9:51,1,180904,0,
2018-09-04 9:52,,0.000260688,1.86E-09,9:52,1,180904,0,
2018-09-04 9:53,,0.000260688,1.86E-09,9:53,1,180904,0,
2018-09-04 9:54,,0.000260688,1.86E-09,9:54,1,180904,0,
2018-09-04 9:55,,0.000260688,1.86E-09,9:55,1,180904,0,
2018-09-04 9:56,,0.000260688,1.86E-09,9:56,1,180904,0,
2018-09-04 9:57,,0.000260688,1.86E-09,9:57,1,180904,0,
2018-09-04 9:58,,0.000260688,1.86E-09,9:58,1,180904,0,
2018-09-04 9:59,,0.000260688,1.86E-09,9:59,1,180904,0,
2018-09-04 10:00,,0.000260688,1.86E-09,10:00,1,180904,0,
2018-09-04 10:01,,0.000260688,1.86E-09,10:01,1,180904,0,
2018-09-04 10:02,,0.000260688,1.86E-09,10:02,1,180904,0,
2018-09-04 10:03,,0.000260688,1.86E-09,10:03,1,180904,0,
2018-09-04 10:04,,0.000260688,1.86E-09,10:04,1,180904,0,
2018-09-04 10:05,,0.000260688,1.86E-09,10:05,1,180904,0,
2018-09-04 10:06,,0.000260688,1.86E-09,10:06,1,180904,0,
2018-09-04 10:07,,0.000260688,1.86E-09,10:07,1,180904,0,
2018-09-04 10:08,,0.000260688,1.86E-09,10:08,1,180904,0,
2018-09-04 10:09,,0.000260688,1.86E-09,10:09,1,180904,0,
2018-09-04 10:10,,0.000260688,1.86E-09,10:10,1,180904,0,
2018-09-04 10:11,,0.000260688,1.86E-09,10:11,1,180904,0,
2018-09-04 10:12,,0.000260688,1.86E-09,10:12,1,180904,0,
2018-09-04 10:13,,0.000260688,1.86E-09,10:13,1,180904,0,
2018-09-04 10:14,,0.000260688,1.86E-09,10:14,1,180904,0,
2018-09-04 10:15,,0.000260688,1.86E-09,10:15,1,180904,0,
2018-09-04 10:16,,0.000260688,1.86E-09,10:16,1,180904,0,
2018-09-04 10:17,,0.000260688,1.86E-09,10:17,1,180904,0,
2018-09-04 10:18,,0.000260688,1.86E-09,10:18,1,180904,0,
2018-09-04 10:19,,0.000260688,1.86E-09,10:19,1,180904,0,
2018-09-04 10:20,,0.000260688,1.86E-09,10:20,1,180904,0,
2018-09-04 10:21,,0.000260688,1.86E-09,10:21,1,180904,0,
2018-09-04 10:22,,0.000260688,1.86E-09,10:22,1,180904,0,
2018-09-04 10:23,,0.000260688,1.86E-09,10:23,1,180904,0,
2018-09-04 10:24,,0.000260688,1.86E-09,10:24,1,180904,0,
2018-09-04 10:25,,0.000260688,1.86E-09,10:25,1,180904,0,
2018-09-04 10:26,,0.000260688,1.86E-09,10:26,1,180904,0,
2018-09-04 10:27,,0.000260688,1.86E-09,10:27,1,180904,0,
2018-09-04 10:28,,0.000260688,1.86E-09,10:28,1,180904,0,
2018-09-04 10:29,,0.000260688,1.86E-09,10:29,1,180904,0,
2018-09-04 10:30,,0.000260688,1.86E-09,10:30,1,180904,0,
2018-09-04 10:31,,0.000260688,1.86E-09,10:31,1,180904,0,
2018-09-04 10:32,,0.000260688,1.86E-09,10:32,1,180904,0,
2018-09-04 10:33,,0.000260688,1.86E-09,10:33,1,180904,0,
2018-09-04 10:34,,0.000260688,1.86E-09,10:34,1,180904,0,
2018-09-04 10:35,,0.000260688,1.86E-09,10:35,1,180904,0,
2018-09-04 10:36,,0.000260688,1.86E-09,10:36,1,180904,0,
2018-09-04 10:37,,0.000260688,1.86E-09,10:37,1,180904,0,
2018-09-04 10:38,,0.000260688,1.86E-09,10:38,1,180904,0,
2018-09-04 10:39,,0.000260688,1.86E-09,10:39,1,180904,0,
2018-09-04 10:40,,0.000260688,1.86E-09,10:40,1,180904,0,
2018-09-04 10:41,,0.000260688,1.86E-09,10:41,1,180904,0,
2018-09-04 10:42,,0.000260688,1.86E-09,10:42,1,180904,0,
2018-09-04 10:43,,0.000260688,1.86E-09,10:43,1,180904,0,
2018-09-04 10:44,,0.000260688,1.86E-09,10:44,1,180904,0,
2018-09-04 10:45,,0.000260688,1.86E-09,10:45,1,180904,0,
2018-09-04 10:46,,0.000260688,1.86E-09,10:46,1,180904,0,
2018-09-04 10:47,,0.000260688,1.86E-09,10:47,1,180904,0,
2018-09-04 10:48,,0.000260688,1.86E-09,10:48,1,180904,0,
2018-09-04 10:49,,0.000260688,1.86E-09,10:49,1,180904,0,
2018-09-04 10:50,,0.000260688,1.86E-09,10:50,1,180904,0,
2018-09-04 10:51,,0.000260688,1.86E-09,10:51,1,180904,0,
2018-09-04 10:52,,0.000260688,1.86E-09,10:52,1,180904,0,
2018-09-04 10:53,,0.000260688,1.86E-09,10:53,1,180904,0,
2018-09-04 10:54,,0.000260688,1.86E-09,10:54,1,180904,0,
2018-09-04 10:55,,0.000260688,1.86E-09,10:55,1,180904,0,
2018-09-04 10:56,,0.000260688,1.86E-09,10:56,1,180904,0,
2018-09-04 10:57,,0.000260688,1.86E-09,10:57,1,180904,0,
2018-09-04 10:58,,0.000260688,1.86E-09,10:58,1,180904,0,
2018-09-04 10:59,,0.000260688,1.86E-09,10:59,1,180904,0,
2018-09-04 11:00,,0.000260688,1.86E-09,11:00,1,180904,0,
2018-09-04 11:01,,0.000260688,1.86E-09,11:01,1,180904,0,
2018-09-04 11:02,,0.000260688,1.86E-09,11:02,1,180904,0,
2018-09-04 11:04,,0.000260688,1.86E-09,11:04,1,180904,0,
2018-09-04 11:05,,0.000260688,1.86E-09,11:05,1,180904,0,
2018-09-04 11:06,,0.000260688,1.86E-09,11:06,1,180904,0,
2018-09-04 11:07,,0.000260688,1.86E-09,11:07,1,180904,0,
2018-09-04 11:08,,0.000260688,1.86E-09,11:08,1,180904,0,
2018-09-04 11:09,,0.000260688,1.86E-09,11:09,1,180904,0,
2018-09-04 11:10,,0.000260688,1.86E-09,11:10,1,180904,0,
2018-09-04 11:11,,0.000260688,1.86E-09,11:11,1,180904,0,
2018-09-04 11:12,,0.000260688,1.86E-09,11:12,1,180904,0,
2018-09-04 11:13,,0.000260688,1.86E-09,11:13,1,180904,0,
2018-09-04 11:14,,0.000260688,1.86E-09,11:14,1,180904,0,
2018-09-04 11:15,,0.000260688,1.86E-09,11:15,1,180904,0,
2018-09-04 11:16,,0.000260688,1.86E-09,11:16,1,180904,0,
2018-09-04 11:17,,0.000260688,1.86E-09,11:17,1,180904,0,
2018-09-04 11:18,,0.000260688,1.86E-09,11:18,1,180904,0,
2018-09-04 11:19,,0.000260688,1.86E-09,11:19,1,180904,0,
2018-09-04 11:20,,0.000260688,1.86E-09,11:20,1,180904,0,
2018-09-04 11:21,,0.000260688,1.86E-09,11:21,1,180904,0,
2018-09-04 11:22,,0.000260688,1.86E-09,11:22,1,180904,0,
2018-09-04 11:23,,0.000260688,1.86E-09,11:23,1,180904,0,
2018-09-04 11:24,,0.000260688,1.86E-09,11:24,1,180904,0,
2018-09-04 11:25,,0.000260688,1.86E-09,11:25,1,180904,0,
2018-09-04 11:26,,0.000260688,1.86E-09,11:26,1,180904,0,
2018-09-04 11:27,,0.000260688,1.86E-09,11:27,1,180904,0,
2018-09-04 11:28,,0.000260688,1.86E-09,11:28,1,180904,0,
2018-09-04 11:29,,0.000260688,1.86E-09,11:29,1,180904,0,
2018-09-04 11:30,,0.000260688,1.86E-09,11:30,1,180904,0,
2018-09-04 11:31,,0.000260688,1.86E-09,11:31,1,180904,0,
2018-09-04 11:32,,0.000260688,1.86E-09,11:32,1,180904,0,
2018-09-04 11:33,,0.000260688,1.86E-09,11:33,1,180904,0,
2018-09-04 11:34,,0.000260688,1.86E-09,11:34,1,180904,0,
2018-09-04 11:35,,0.000260688,1.86E-09,11:35,1,180904,0,
2018-09-04 11:36,,0.000260688,1.86E-09,11:36,1,180904,0,
2018-09-04 11:37,,0.000260688,1.86E-09,11:37,1,180904,0,
2018-09-04 11:38,,0.000260688,1.86E-09,11:38,1,180904,0,
2018-09-04 11:39,,0.000260688,1.86E-09,11:39,1,180904,0,
2018-09-04 11:40,,0.000260688,1.86E-09,11:40,1,180904,0,
2018-09-04 11:41,,0.000260688,1.86E-09,11:41,1,180904,0,
2018-09-04 11:42,,0.000260688,1.86E-09,11:42,1,180904,0,
2018-09-04 11:43,,0.000260688,1.86E-09,11:43,1,180904,0,
2018-09-04 11:44,,0.000260688,1.86E-09,11:44,1,180904,0,
2018-09-04 11:45,,0.000260688,1.86E-09,11:45,1,180904,0,
2018-09-04 11:46,,0.000260688,1.86E-09,11:46,1,180904,0,
2018-09-04 11:47,,0.000260688,1.86E-09,11:47,1,180904,0,
2018-09-04 11:48,,0.000260688,1.86E-09,11:48,1,180904,0,
2018-09-04 11:49,,0.000260688,1.86E-09,11:49,1,180904,0,
2018-09-04 11:50,,0.000260688,1.86E-09,11:50,1,180904,0,
2018-09-04 11:51,,0.000260688,1.86E-09,11:51,1,180904,0,
2018-09-04 11:52,,0.000260688,1.86E-09,11:52,1,180904,0,
2018-09-04 11:53,,0.000260688,1.86E-09,11:53,1,180904,0,
2018-09-04 11:54,,0.000260688,1.86E-09,11:54,1,180904,0,
2018-09-04 11:55,,0.000260688,1.86E-09,11:55,1,180904,0,
2018-09-04 11:56,,0.000260688,1.86E-09,11:56,1,180904,0,
2018-09-04 11:57,,0.000260688,1.86E-09,11:57,1,180904,0,
2018-09-04 11:58,,0.000260688,1.86E-09,11:58,1,180904,0,
2018-09-04 11:59,,0.000260688,1.86E-09,11:59,1,180904,0,
2018-09-04 12:00,,0.000260688,1.86E-09,12:00,1,180904,0,
2018-09-04 12:01,,0.000260688,1.86E-09,12:01,1,180904,0,
2018-09-04 12:02,,0.000260688,1.86E-09,12:02,1,180904,0,
2018-09-04 12:03,,0.000260688,1.86E-09,12:03,1,180904,0,
2018-09-04 12:04,,0.000260688,1.86E-09,12:04,1,180904,0,
2018-09-04 12:05,,0.000260688,1.86E-09,12:05,1,180904,0,
2018-09-04 12:06,,0.000260688,1.86E-09,12:06,1,180904,0,
2018-09-04 12:07,,0.000260688,1.86E-09,12:07,1,180904,0,
2018-09-04 12:08,,0.000260688,1.86E-09,12:08,1,180904,0,
2018-09-04 12:09,,0.000260688,1.86E-09,12:09,1,180904,0,
2018-09-04 12:10,,0.000260688,1.86E-09,12:10,1,180904,0,
2018-09-04 12:11,,0.000260688,1.86E-09,12:11,1,180904,0,
2018-09-04 12:12,,0.000260688,1.86E-09,12:12,1,180904,0,
2018-09-04 12:13,,0.000260688,1.86E-09,12:13,1,180904,0,
2018-09-04 12:14,,0.000260688,1.86E-09,12:14,1,180904,0,
2018-09-04 12:15,,0.000260688,1.86E-09,12:15,1,180904,0,
2018-09-04 12:16,,0.000260688,1.86E-09,12:16,1,180904,0,
2018-09-04 12:17,,0.000260688,1.86E-09,12:17,1,180904,0,
2018-09-04 12:18,,0.000260688,1.86E-09,12:18,1,180904,0,
2018-09-04 12:19,,0.000260688,1.86E-09,12:19,1,180904,0,
2018-09-04 12:20,,0.000260688,1.86E-09,12:20,1,180904,0,
2018-09-04 12:21,,0.000260688,1.86E-09,12:21,1,180904,0,
2018-09-04 12:22,,0.000260688,1.86E-09,12:22,1,180904,0,
2018-09-04 12:23,,0.000260688,1.86E-09,12:23,1,180904,0,
2018-09-04 12:24,,0.000260688,1.86E-09,12:24,1,180904,0,
2018-09-04 12:25,,0.000260688,1.86E-09,12:25,1,180904,0,
2018-09-04 12:26,,0.000260688,1.86E-09,12:26,1,180904,0,
2018-09-04 12:27,,0.000260688,1.86E-09,12:27,1,180904,0,
2018-09-04 12:28,,0.000260688,1.86E-09,12:28,1,180904,0,
2018-09-04 12:29,,0.000260688,1.86E-09,12:29,1,180904,0,
2018-09-04 12:30,,0.000260688,1.86E-09,12:30,1,180904,0,
2018-09-04 12:31,,0.000260688,1.86E-09,12:31,1,180904,0,
2018-09-04 12:32,,0.000260688,1.86E-09,12:32,1,180904,0,
2018-09-04 12:33,,0.000260688,1.86E-09,12:33,1,180904,0,
2018-09-04 12:34,,0.000260688,1.86E-09,12:34,1,180904,0,
2018-09-04 12:35,,0.000260688,1.86E-09,12:35,1,180904,0,
2018-09-04 12:36,,0.000260688,1.86E-09,12:36,1,180904,0,
2018-09-04 12:37,,0.000260688,1.86E-09,12:37,1,180904,0,
2018-09-04 12:38,,0.000260688,1.86E-09,12:38,1,180904,0,
2018-09-04 12:39,,0.000260688,1.86E-09,12:39,1,180904,0,
2018-09-04 12:40,,0.000260688,1.86E-09,12:40,1,180904,0,
2018-09-04 12:41,,0.000260688,1.86E-09,12:41,1,180904,0,
2018-09-04 12:42,,0.000260688,1.86E-09,12:42,1,180904,0,
2018-09-04 12:43,,0.000260688,1.86E-09,12:43,1,180904,0,
2018-09-04 12:44,,0.000260688,1.86E-09,12:44,1,180904,0,
2018-09-04 12:45,,0.000260688,1.86E-09,12:45,1,180904,0,
2018-09-04 12:46,,0.000260688,1.86E-09,12:46,1,180904,0,
2018-09-04 12:47,,0.000260688,1.86E-09,12:47,1,180904,0,
2018-09-04 12:48,,0.000260688,1.86E-09,12:48,1,180904,0,
2018-09-04 12:49,,0.000260688,1.86E-09,12:49,1,180904,0,
2018-09-04 12:50,,0.000260688,1.86E-09,12:50,1,180904,0,
2018-09-04 12:51,,0.000260688,1.86E-09,12:51,1,180904,0,
2018-09-04 12:52,,0.000260688,1.86E-09,12:52,1,180904,0,
2018-09-04 12:53,,0.000260688,1.86E-09,12:53,1,180904,0,
2018-09-04 12:54,,0.000260688,1.86E-09,12:54,1,180904,0,
2018-09-04 12:55,,0.000260688,1.86E-09,12:55,1,180904,0,
2018-09-04 12:56,,0.000260688,1.86E-09,12:56,1,180904,0,
2018-09-04 12:57,,0.000260688,1.86E-09,12:57,1,180904,0,
2018-09-04 12:58,,0.000260688,1.86E-09,12:58,1,180904,0,
2018-09-04 12:59,,0.000260688,1.86E-09,12:59,1,180904,0,
2018-09-04 13:00,,0.000260688,1.86E-09,13:00,1,180904,0,
2018-09-04 13:01,,0.000260688,1.86E-09,13:01,1,180904,0,
2018-09-04 13:02,,0.000260688,1.86E-09,13:02,1,180904,0,
2018-09-04 13:03,,0.000260688,1.86E-09,13:03,1,180904,0,
2018-09-04 13:04,,0.000260688,1.86E-09,13:04,1,180904,0,
2018-09-04 13:05,,0.000260688,1.86E-09,13:05,1,180904,0,
2018-09-04 13:06,,0.000260688,1.86E-09,13:06,1,180904,0,
2018-09-04 13:07,,0.000260688,1.86E-09,13:07,1,180904,0,
2018-09-04 13:08,,0.000260688,1.86E-09,13:08,1,180904,0,
2018-09-04 13:09,,0.000260688,1.86E-09,13:09,1,180904,0,
2018-09-04 13:10,,0.000260688,1.86E-09,13:10,1,180904,0,
2018-09-04 13:11,,0.000260688,1.86E-09,13:11,1,180904,0,
2018-09-04 13:12,,0.000260688,1.86E-09,13:12,1,180904,0,
2018-09-04 13:13,,0.000260688,1.86E-09,13:13,1,180904,0,
2018-09-04 13:14,,0.000260688,1.86E-09,13:14,1,180904,0,
2018-09-04 13:15,,0.000260688,1.86E-09,13:15,1,180904,0,
2018-09-04 13:16,,0.000260688,1.86E-09,13:16,1,180904,0,
2018-09-04 13:17,,0.000260688,1.86E-09,13:17,1,180904,0,
2018-09-04 13:18,,0.000260688,1.86E-09,13:18,1,180904,0,
2018-09-04 13:19,,0.000260688,1.86E-09,13:19,1,180904,0,
2018-09-04 13:20,,0.000260688,1.86E-09,13:20,1,180904,0,
2018-09-04 13:21,,0.000260688,1.86E-09,13:21,1,180904,0,
2018-09-04 13:22,,0.000260688,1.86E-09,13:22,1,180904,0,
2018-09-04 13:23,,0.000260688,1.86E-09,13:23,1,180904,0,
2018-09-04 13:24,,0.000260688,1.86E-09,13:24,1,180904,0,
2018-09-04 13:25,,0.000260688,1.86E-09,13:25,1,180904,0,
2018-09-04 13:26,,0.000260688,1.86E-09,13:26,1,180904,0,
2018-09-04 13:27,,0.000260688,1.86E-09,13:27,1,180904,0,
2018-09-04 13:28,,0.000260688,1.86E-09,13:28,1,180904,0,
2018-09-04 13:29,,0.000260688,1.86E-09,13:29,1,180904,0,
2018-09-04 13:30,,0.000260688,1.86E-09,13:30,1,180904,0,
2018-09-04 13:31,,0.000260688,1.86E-09,13:31,1,180904,0,
2018-09-04 13:32,,0.000260688,1.86E-09,13:32,1,180904,0,
2018-09-04 13:33,,0.000260688,1.86E-09,13:33,1,180904,0,
2018-09-04 13:34,,0.000260688,1.86E-09,13:34,1,180904,0,
2018-09-04 13:35,,0.000260688,1.86E-09,13:35,1,180904,0,
2018-09-04 13:36,,0.000260688,1.86E-09,13:36,1,180904,0,
2018-09-04 13:37,,0.000260688,1.86E-09,13:37,1,180904,0,
2018-09-04 13:38,,0.000260688,1.86E-09,13:38,1,180904,0,
2018-09-04 13:39,,0.000260688,1.86E-09,13:39,1,180904,0,
2018-09-04 13:40,,0.000260688,1.86E-09,13:40,1,180904,0,
2018-09-04 13:41,,0.000260688,1.86E-09,13:41,1,180904,0,
2018-09-04 13:42,,0.000260688,1.86E-09,13:42,1,180904,0,
2018-09-04 13:43,,0.000260688,1.86E-09,13:43,1,180904,0,
2018-09-04 13:44,,0.000260688,1.86E-09,13:44,1,180904,0,
2018-09-04 13:45,,0.000260688,1.86E-09,13:45,1,180904,0,
2018-09-04 13:46,,0.000260688,1.86E-09,13:46,1,180904,0,
2018-09-04 13:47,,0.000260688,1.86E-09,13:47,1,180904,0,
2018-09-04 13:48,,0.000260688,1.86E-09,13:48,1,180904,0,
2018-09-04 13:49,,0.000260688,1.86E-09,13:49,1,180904,0,
2018-09-04 13:50,,0.000260688,1.86E-09,13:50,1,180904,0,
2018-09-04 13:51,,0.000260688,1.86E-09,13:51,1,180904,0,
2018-09-04 13:52,,0.000260688,1.86E-09,13:52,1,180904,0,
2018-09-04 13:53,,0.000260688,1.86E-09,13:53,1,180904,0,
2018-09-04 13:54,,0.000260688,1.86E-09,13:54,1,180904,0,
2018-09-04 13:55,,0.000260688,1.86E-09,13:55,1,180904,0,
2018-09-04 13:56,,0.000260688,1.86E-09,13:56,1,180904,0,
2018-09-04 13:57,,0.000260688,1.86E-09,13:57,1,180904,0,
2018-09-04 13:58,,0.000260688,1.86E-09,13:58,1,180904,0,
2018-09-04 13:59,,0.000260688,1.86E-09,13:59,1,180904,0,
2018-09-04 14:00,,0.000260688,1.86E-09,14:00,1,180904,0,
2018-09-04 14:01,,0.000260688,1.86E-09,14:01,1,180904,0,
2018-09-04 14:02,,0.000260688,1.86E-09,14:02,1,180904,0,
2018-09-04 14:03,,0.000260688,1.86E-09,14:03,1,180904,0,
2018-09-04 14:04,,0.000260688,1.86E-09,14:04,1,180904,0,
2018-09-04 14:05,,0.000260688,1.86E-09,14:05,1,180904,0,
2018-09-04 14:06,,0.000260688,1.86E-09,14:06,1,180904,0,
2018-09-04 14:07,,0.000260688,1.86E-09,14:07,1,180904,0,
2018-09-04 14:08,,0.000260688,1.86E-09,14:08,1,180904,0,
2018-09-04 14:09,,0.000260688,1.86E-09,14:09,1,180904,0,
2018-09-04 14:10,,0.000260688,1.86E-09,14:10,1,180904,0,
2018-09-04 14:11,,0.000260688,1.86E-09,14:11,1,180904,0,
2018-09-04 14:12,,0.000260688,1.86E-09,14:12,1,180904,0,
2018-09-04 14:13,,0.000260688,1.86E-09,14:13,1,180904,0,
2018-09-04 14:14,,0.000260688,1.86E-09,14:14,1,180904,0,
2018-09-04 14:15,,0.000260688,1.86E-09,14:15,1,180904,0,
2018-09-04 14:16,,0.000260688,1.86E-09,14:16,1,180904,0,
2018-09-04 14:17,,0.000260688,1.86E-09,14:17,1,180904,0,
2018-09-04 14:18,,0.000260688,1.86E-09,14:18,1,180904,0,
2018-09-04 14:19,,0.000260688,1.86E-09,14:19,1,180904,0,
2018-09-04 14:20,,0.000260688,1.86E-09,14:20,1,180904,0,
2018-09-04 14:21,,0.000260688,1.86E-09,14:21,1,180904,0,
2018-09-04 14:22,,0.000260688,1.86E-09,14:22,1,180904,0,
2018-09-04 14:23,,0.000260688,1.86E-09,14:23,1,180904,0,
2018-09-04 14:24,,0.000260688,1.86E-09,14:24,1,180904,0,
2018-09-04 14:25,,0.000260688,1.86E-09,14:25,1,180904,0,
2018-09-04 14:26,,0.000260688,1.86E-09,14:26,1,180904,0,
2018-09-04 14:27,,0.000260688,1.86E-09,14:27,1,180904,0,
2018-09-04 14:28,,0.000260688,1.86E-09,14:28,1,180904,0,
2018-09-04 14:29,,0.000260688,1.86E-09,14:29,1,180904,0,
2018-09-04 14:30,,0.000260688,1.86E-09,14:30,1,180904,0,
2018-09-04 14:31,,0.000260688,1.86E-09,14:31,1,180904,0,
2018-09-04 14:32,,0.000260688,1.86E-09,14:32,1,180904,0,
2018-09-04 14:33,,0.000260688,1.86E-09,14:33,1,180904,0,
2018-09-04 14:34,,0.000260688,1.86E-09,14:34,1,180904,0,
2018-09-04 14:35,,0.000260688,1.86E-09,14:35,1,180904,0,
2018-09-04 14:36,,0.000260688,1.86E-09,14:36,1,180904,0,
2018-09-04 14:37,,0.000260688,1.86E-09,14:37,1,180904,0,
2018-09-04 14:38,,0.000260688,1.86E-09,14:38,1,180904,0,
2018-09-04 14:39,,0.000260688,1.86E-09,14:39,1,180904,0,
2018-09-04 14:40,,0.000260688,1.86E-09,14:40,1,180904,0,
2018-09-04 14:41,,0.000260688,1.86E-09,14:41,1,180904,0,
2018-09-04 14:42,,0.000260688,1.86E-09,14:42,1,180904,0,
2018-09-04 14:43,,0.000260688,1.86E-09,14:43,1,180904,0,
2018-09-04 14:44,,0.000260688,1.86E-09,14:44,1,180904,0,
2018-09-04 14:45,,0.000260688,1.86E-09,14:45,1,180904,0,
2018-09-04 14:46,,0.000260688,1.86E-09,14:46,1,180904,0,
2018-09-04 14:47,,0.000260688,1.86E-09,14:47,1,180904,0,
2018-09-04 14:48,,0.000260688,1.86E-09,14:48,1,180904,0,
2018-09-04 14:49,,0.000260688,1.86E-09,14:49,1,180904,0,
2018-09-04 14:50,,0.000260688,1.86E-09,14:50,1,180904,0,
2018-09-04 14:51,,0.000260688,1.86E-09,14:51,1,180904,0,
2018-09-04 14:52,,0.000260688,1.86E-09,14:52,1,180904,0,
2018-09-04 14:53,,0.000260688,1.86E-09,14:53,1,180904,0,
2018-09-04 14:54,,0.000260688,1.86E-09,14:54,1,180904,0,
2018-09-04 14:55,,0.000260688,1.86E-09,14:55,1,180904,0,
2018-09-04 14:56,,0.000260688,1.86E-09,14:56,1,180904,0,
2018-09-04 14:57,,0.000260688,1.86E-09,14:57,1,180904,0,
2018-09-04 14:58,,0.000260688,1.86E-09,14:58,1,180904,0,
2018-09-04 14:59,,0.000260688,1.86E-09,14:59,1,180904,0,
2018-09-04 15:00,,0.000260688,1.86E-09,15:00,1,180904,0,
2018-09-04 15:01,,0.000260688,1.86E-09,15:01,1,180904,0,
2018-09-04 15:02,,0.000260688,1.86E-09,15:02,1,180904,0,
2018-09-04 15:03,,0.000260688,1.86E-09,15:03,1,180904,0,
2018-09-04 15:04,,0.000260688,1.86E-09,15:04,1,180904,0,
2018-09-04 15:05,,0.000260688,1.86E-09,15:05,1,180904,0,
2018-09-04 15:06,,0.000260688,1.86E-09,15:06,1,180904,0,
2018-09-04 15:07,,0.000260688,1.86E-09,15:07,1,180904,0,
2018-09-04 15:08,,0.000260688,1.86E-09,15:08,1,180904,0,
2018-09-04 15:09,,0.000260688,1.86E-09,15:09,1,180904,0,
2018-09-04 15:10,,0.000260688,1.86E-09,15:10,1,180904,0,
2018-09-04 15:11,,0.000260688,1.86E-09,15:11,1,180904,0,
2018-09-04 15:12,,0.000260688,1.86E-09,15:12,1,180904,0,
2018-09-04 15:13,,0.000260688,1.86E-09,15:13,1,180904,0,
2018-09-04 15:14,,0.000260688,1.86E-09,15:14,1,180904,0,
2018-09-04 15:15,,0.000260688,1.86E-09,15:15,1,180904,0,
2018-09-04 15:16,,0.000260688,1.86E-09,15:16,1,180904,0,
2018-09-04 15:17,,0.000260688,1.86E-09,15:17,1,180904,0,
2018-09-04 15:18,,0.000260688,1.86E-09,15:18,1,180904,0,
2018-09-04 15:19,,0.000260688,1.86E-09,15:19,1,180904,0,
2018-09-04 15:20,,0.000260688,1.86E-09,15:20,1,180904,0,
2018-09-04 15:21,,0.000260688,1.86E-09,15:21,1,180904,0,
2018-09-04 15:22,,0.000260688,1.86E-09,15:22,1,180904,0,
2018-09-04 15:23,,0.000260688,1.86E-09,15:23,1,180904,0,
2018-09-04 15:24,,0.000260688,1.86E-09,15:24,1,180904,0,
2018-09-04 15:25,,0.000260688,1.86E-09,15:25,1,180904,0,
2018-09-04 15:26,,0.000260688,1.86E-09,15:26,1,180904,0,
2018-09-04 15:27,,0.000260688,1.86E-09,15:27,1,180904,0,
2018-09-04 15:28,,0.000260688,1.86E-09,15:28,1,180904,0,
2018-09-04 15:29,,0.000260688,1.86E-09,15:29,1,180904,0,
2018-09-04 15:30,,0.000260688,1.86E-09,15:30,1,180904,0,
2018-09-04 15:31,,0.000260688,1.86E-09,15:31,1,180904,0,
2018-09-04 15:32,,0.000260688,1.86E-09,15:32,1,180904,0,
2018-09-04 15:33,,0.000260688,1.86E-09,15:33,1,180904,0,
2018-09-04 15:34,,0.000260688,1.86E-09,15:34,1,180904,0,
2018-09-04 15:35,,0.000260688,1.86E-09,15:35,1,180904,0,
2018-09-04 15:36,,0.000260688,1.86E-09,15:36,1,180904,0,
2018-09-04 15:37,,0.000260688,1.86E-09,15:37,1,180904,0,
2018-09-04 15:38,,0.000260688,1.86E-09,15:38,1,180904,0,
2018-09-04 15:39,,0.000260688,1.86E-09,15:39,1,180904,0,
2018-09-04 15:40,,0.000260688,1.86E-09,15:40,1,180904,0,
2018-09-04 15:41,,0.000260688,1.86E-09,15:41,1,180904,0,
2018-09-04 15:42,,0.000260688,1.86E-09,15:42,1,180904,0,
2018-09-04 15:43,,0.000260688,1.86E-09,15:43,1,180904,0,
2018-09-04 15:44,,0.000260688,1.86E-09,15:44,1,180904,0,
2018-09-04 15:45,,0.000260688,1.86E-09,15:45,1,180904,0,
2018-09-04 15:46,,0.000260688,1.86E-09,15:46,1,180904,0,
2018-09-04 15:47,,0.000260688,1.86E-09,15:47,1,180904,0,
2018-09-04 15:48,,0.000260688,1.86E-09,15:48,1,180904,0,
2018-09-04 15:49,,0.000260688,1.86E-09,15:49,1,180904,0,
2018-09-04 15:50,,0.000260688,1.86E-09,15:50,1,180904,0,
2018-09-04 15:51,,0.000260688,1.86E-09,15:51,1,180904,0,
2018-09-04 15:52,,0.000260688,1.86E-09,15:52,1,180904,0,
2018-09-04 15:53,,0.000260688,1.86E-09,15:53,1,180904,0,
2018-09-04 15:54,,0.000260688,1.86E-09,15:54,1,180904,0,
2018-09-04 15:55,,0.000260688,1.86E-09,15:55,1,180904,0,
2018-09-04 15:56,,0.000260688,1.86E-09,15:56,1,180904,0,
2018-09-04 15:57,,0.000260688,1.86E-09,15:57,1,180904,0,
2018-09-04 15:58,,0.000260688,1.86E-09,15:58,1,180904,0,
2018-09-04 15:59,,0.000260688,1.86E-09,15:59,1,180904,0,
2018-09-04 16:00,,0.000260688,1.86E-09,16:00,1,180904,0,
2018-09-04 16:01,,0.000260688,1.86E-09,16:01,1,180904,0,
2018-09-04 16:02,,0.000260688,1.86E-09,16:02,1,180904,0,
2018-09-04 16:03,,0.000260688,1.86E-09,16:03,1,180904,0,
2018-09-04 16:04,,0.000260688,1.86E-09,16:04,1,180904,0,
2018-09-04 16:05,,0.000260688,1.86E-09,16:05,1,180904,0,
2018-09-04 16:06,,0.000260688,1.86E-09,16:06,1,180904,0,
2018-09-04 16:07,,0.000260688,1.86E-09,16:07,1,180904,0,
2018-09-04 16:08,,0.000260688,1.86E-09,16:08,1,180904,0,
2018-09-04 16:09,,0.000260688,1.86E-09,16:09,1,180904,0,
2018-09-04 16:10,,0.000260688,1.86E-09,16:10,1,180904,0,
2018-09-04 16:11,,0.000260688,1.86E-09,16:11,1,180904,0,
2018-09-04 16:12,,0.000260688,1.86E-09,16:12,1,180904,0,
2018-09-04 16:13,,0.000260688,1.86E-09,16:13,1,180904,0,
2018-09-04 16:14,,0.000260688,1.86E-09,16:14,1,180904,0,
2018-09-04 16:15,,0.000260688,1.86E-09,16:15,1,180904,0,
2018-09-04 16:16,,0.000260688,1.86E-09,16:16,1,180904,0,
2018-09-04 16:17,,0.000260688,1.86E-09,16:17,1,180904,0,
2018-09-04 16:18,,0.000260688,1.86E-09,16:18,1,180904,0,
2018-09-04 16:19,,0.000260688,1.86E-09,16:19,1,180904,0,
2018-09-04 16:20,,0.000260688,1.86E-09,16:20,1,180904,0,
2018-09-04 16:21,,0.000260688,1.86E-09,16:21,1,180904,0,
2018-09-04 16:22,,0.000260688,1.86E-09,16:22,1,180904,0,
2018-09-04 16:23,,0.000260688,1.86E-09,16:23,1,180904,0,
2018-09-04 16:24,,0.000260688,1.86E-09,16:24,1,180904,0,
2018-09-04 16:25,,0.000260688,1.86E-09,16:25,1,180904,0,
2018-09-04 16:26,,0.000260688,1.86E-09,16:26,1,180904,0,
2018-09-04 16:27,,0.000260688,1.86E-09,16:27,1,180904,0,
2018-09-04 16:28,,0.000260688,1.86E-09,16:28,1,180904,0,
2018-09-04 16:29,,0.000260688,1.86E-09,16:29,1,180904,0,
2018-09-04 16:30,,0.000260688,1.86E-09,16:30,1,180904,0,
2018-09-04 16:31,,0.000260688,1.86E-09,16:31,1,180904,0,
2018-09-04 16:32,,0.000260688,1.86E-09,16:32,1,180904,0,
2018-09-04 16:33,,0.000260688,1.86E-09,16:33,1,180904,0,
2018-09-04 16:34,,0.000260688,1.86E-09,16:34,1,180904,0,
2018-09-04 16:35,,0.000260688,1.86E-09,16:35,1,180904,0,
2018-09-04 16:36,,0.000260688,1.86E-09,16:36,1,180904,0,
2018-09-04 16:37,,0.000260688,1.86E-09,16:37,1,180904,0,
2018-09-04 16:38,,0.000260688,1.86E-09,16:38,1,180904,0,
2018-09-04 16:39,,0.000260688,1.86E-09,16:39,1,180904,0,
2018-09-04 16:40,,0.000260688,1.86E-09,16:40,1,180904,0,
2018-09-04 16:41,,0.000260688,1.86E-09,16:41,1,180904,0,
2018-09-04 16:42,,0.000260688,1.86E-09,16:42,1,180904,0,
2018-09-04 16:43,,0.000260688,1.86E-09,16:43,1,180904,0,
2018-09-04 16:44,,0.000260688,1.86E-09,16:44,1,180904,0,
2018-09-04 16:45,,0.000260688,1.86E-09,16:45,1,180904,0,
2018-09-04 16:46,,0.000260688,1.86E-09,16:46,1,180904,0,
2018-09-04 16:47,,0.000260688,1.86E-09,16:47,1,180904,0,
2018-09-04 16:48,,0.000260688,1.86E-09,16:48,1,180904,0,
2018-09-04 16:49,,0.000260688,1.86E-09,16:49,1,180904,0,
2018-09-04 16:50,,0.000260688,1.86E-09,16:50,1,180904,0,
2018-09-04 16:51,,0.000260688,1.86E-09,16:51,1,180904,0,
2018-09-04 16:52,,0.000260688,1.86E-09,16:52,1,180904,0,
2018-09-04 16:53,,0.000260688,1.86E-09,16:53,1,180904,0,
2018-09-04 16:54,,0.000260688,1.86E-09,16:54,1,180904,0,
2018-09-04 16:55,,0.000260688,1.86E-09,16:55,1,180904,0,
2018-09-04 16:56,,0.000260688,1.86E-09,16:56,1,180904,0,
2018-09-04 16:57,,0.000260688,1.86E-09,16:57,1,180904,0,
2018-09-04 16:58,,0.000260688,1.86E-09,16:58,1,180904,0,
2018-09-04 16:59,,0.000260688,1.86E-09,16:59,1,180904,0,
2018-09-04 17:00,,0.000260688,1.86E-09,17:00,1,180904,0,
2018-09-04 17:01,,0.000260688,1.86E-09,17:01,1,180904,0,
2018-09-04 17:02,,0.000260688,1.86E-09,17:02,1,180904,0,
2018-09-04 17:03,,0.000260688,1.86E-09,17:03,1,180904,0,
2018-09-04 17:04,,0.000260688,1.86E-09,17:04,1,180904,0,
2018-09-04 17:05,,0.000260688,1.86E-09,17:05,1,180904,0,
2018-09-04 17:06,,0.000260688,1.86E-09,17:06,1,180904,0,
2018-09-04 17:07,,0.000260688,1.86E-09,17:07,1,180904,0,
2018-09-04 17:08,,0.000260688,1.86E-09,17:08,1,180904,0,
2018-09-04 17:09,,0.000260688,1.86E-09,17:09,1,180904,0,
2018-09-04 17:10,,0.000260688,1.86E-09,17:10,1,180904,0,
2018-09-04 17:11,,0.000260688,1.86E-09,17:11,1,180904,0,
2018-09-04 17:12,,0.000260688,1.86E-09,17:12,1,180904,0,
2018-09-04 17:13,,0.000260688,1.86E-09,17:13,1,180904,0,
2018-09-04 17:14,,0.000260688,1.86E-09,17:14,1,180904,0,
2018-09-04 17:15,,0.000260688,1.86E-09,17:15,1,180904,0,
2018-09-04 17:16,,0.000260688,1.86E-09,17:16,1,180904,0,
2018-09-04 17:17,,0.000260688,1.86E-09,17:17,1,180904,0,
2018-09-04 17:18,,0.000260688,1.86E-09,17:18,1,180904,0,
2018-09-04 17:19,,0.000260688,1.86E-09,17:19,1,180904,0,
2018-09-04 17:20,,0.000260688,1.86E-09,17:20,1,180904,0,
2018-09-04 17:21,,0.000260688,1.86E-09,17:21,1,180904,0,
2018-09-04 17:22,,0.000260688,1.86E-09,17:22,1,180904,0,
2018-09-04 17:23,,0.000260688,1.86E-09,17:23,1,180904,0,
2018-09-04 17:24,,0.000260688,1.86E-09,17:24,1,180904,0,
2018-09-04 17:25,,0.000260688,1.86E-09,17:25,1,180904,0,
2018-09-04 17:26,,0.000260688,1.86E-09,17:26,1,180904,0,
2018-09-04 17:27,,0.000260688,1.86E-09,17:27,1,180904,0,
2018-09-04 17:28,,0.000260688,1.86E-09,17:28,1,180904,0,
2018-09-04 17:29,,0.000260688,1.86E-09,17:29,1,180904,0,
2018-09-04 17:30,,0.000260688,1.86E-09,17:30,1,180904,0,
2018-09-04 17:31,,0.000260688,1.86E-09,17:31,1,180904,0,
2018-09-04 17:32,,0.000260688,1.86E-09,17:32,1,180904,0,
2018-09-04 17:33,,0.000260688,1.86E-09,17:33,1,180904,0,
2018-09-04 17:34,,0.000260688,1.86E-09,17:34,1,180904,0,
2018-09-04 17:35,,0.000260688,1.86E-09,17:35,1,180904,0,
2018-09-04 17:36,,0.000260688,1.86E-09,17:36,1,180904,0,
2018-09-04 17:37,,0.000260688,1.86E-09,17:37,1,180904,0,
2018-09-04 17:38,,0.000260688,1.86E-09,17:38,1,180904,0,
2018-09-04 17:39,,0.000260688,1.86E-09,17:39,1,180904,0,
2018-09-04 17:40,,0.000260688,1.86E-09,17:40,1,180904,0,
2018-09-04 17:41,,0.000260688,1.86E-09,17:41,1,180904,0,
2018-09-04 17:42,,0.000260688,1.86E-09,17:42,1,180904,0,
2018-09-04 17:43,,0.000260688,1.86E-09,17:43,1,180904,0,
2018-09-04 17:44,,0.000260688,1.86E-09,17:44,1,180904,0,
2018-09-04 17:45,,0.000260688,1.86E-09,17:45,1,180904,0,
2018-09-04 17:46,,0.000260688,1.86E-09,17:46,1,180904,0,
2018-09-04 17:47,,0.000260688,1.86E-09,17:47,1,180904,0,
2018-09-04 17:48,,0.000260688,1.86E-09,17:48,1,180904,0,
2018-09-04 17:49,,0.000260688,1.86E-09,17:49,1,180904,0,
2018-09-04 17:50,,0.000260688,1.86E-09,17:50,1,180904,0,
2018-09-04 17:51,,0.000260688,1.86E-09,17:51,1,180904,0,
2018-09-04 17:52,,0.000260688,1.86E-09,17:52,1,180904,0,
2018-09-04 17:53,,0.000260688,1.86E-09,17:53,1,180904,0,
2018-09-04 17:54,,0.000260688,1.86E-09,17:54,1,180904,0,
2018-09-04 17:55,,0.000260688,1.86E-09,17:55,1,180904,0,
2018-09-04 17:56,,0.000260688,1.86E-09,17:56,1,180904,0,
2018-09-04 17:57,,0.000260688,1.86E-09,17:57,1,180904,0,
2018-09-04 17:58,,0.000260688,1.86E-09,17:58,1,180904,0,
2018-09-04 17:59,,0.000260688,1.86E-09,17:59,1,180904,0,
2018-09-04 18:00,,0.000260688,1.86E-09,18:00,1,180904,0,
2018-09-04 18:01,,0.000260688,1.86E-09,18:01,1,180904,0,
2018-09-04 18:02,,0.000260688,1.86E-09,18:02,1,180904,0,
2018-09-04 18:03,,0.000260688,1.86E-09,18:03,1,180904,0,
2018-09-04 18:04,,0.000260688,1.86E-09,18:04,1,180904,0,
2018-09-04 18:05,,0.000260688,1.86E-09,18:05,1,180904,0,
2018-09-04 18:06,,0.000260688,1.86E-09,18:06,1,180904,0,
2018-09-04 18:07,,0.000260688,1.86E-09,18:07,1,180904,0,
2018-09-04 18:08,,0.000260688,1.86E-09,18:08,1,180904,0,
2018-09-04 18:09,,0.000260688,1.86E-09,18:09,1,180904,0,
2018-09-04 18:10,,0.000260688,1.86E-09,18:10,1,180904,0,
2018-09-04 18:11,,0.000260688,1.86E-09,18:11,1,180904,0,
2018-09-04 18:12,,0.000260688,1.86E-09,18:12,1,180904,0,
2018-09-04 18:13,,0.000260688,1.86E-09,18:13,1,180904,0,
2018-09-04 18:14,,0.000260688,1.86E-09,18:14,1,180904,0,
2018-09-04 18:15,,0.000260688,1.86E-09,18:15,1,180904,0,
2018-09-04 18:16,,0.000260688,1.86E-09,18:16,1,180904,0,
2018-09-04 18:17,,0.000260688,1.86E-09,18:17,1,180904,0,
2018-09-04 18:18,,0.000260688,1.86E-09,18:18,1,180904,0,
2018-09-04 18:19,,0.000260688,1.86E-09,18:19,1,180904,0,
2018-09-04 18:20,,0.000260688,1.86E-09,18:20,1,180904,0,
2018-09-04 18:21,,0.000260688,1.86E-09,18:21,1,180904,0,
2018-09-04 18:22,,0.000260688,1.86E-09,18:22,1,180904,0,
2018-09-04 18:23,,0.000260688,1.86E-09,18:23,1,180904,0,
2018-09-04 18:24,,0.000260688,1.86E-09,18:24,1,180904,0,
2018-09-04 18:25,,0.000260688,1.86E-09,18:25,1,180904,0,
2018-09-04 18:26,,0.000260688,1.86E-09,18:26,1,180904,0,
2018-09-04 18:27,,0.000260688,1.86E-09,18:27,1,180904,0,
2018-09-04 18:28,,0.000260688,1.86E-09,18:28,1,180904,0,
2018-09-04 18:29,,0.000260688,1.86E-09,18:29,1,180904,0,
2018-09-04 18:30,,0.000260688,1.86E-09,18:30,1,180904,0,
2018-09-04 18:31,,0.000260688,1.86E-09,18:31,1,180904,0,
2018-09-04 18:32,,0.000260688,1.86E-09,18:32,1,180904,0,
2018-09-04 18:33,,0.000260688,1.86E-09,18:33,1,180904,0,
2018-09-04 18:34,,0.000260688,1.86E-09,18:34,1,180904,0,
2018-09-04 18:35,,0.000260688,1.86E-09,18:35,1,180904,0,
2018-09-04 18:36,,0.000260688,1.86E-09,18:36,1,180904,0,
2018-09-04 18:37,,0.000260688,1.86E-09,18:37,1,180904,0,
2018-09-04 18:38,,0.000260688,1.86E-09,18:38,1,180904,0,
2018-09-04 18:39,,0.000260688,1.86E-09,18:39,1,180904,0,
2018-09-04 18:40,,0.000260688,1.86E-09,18:40,1,180904,0,
2018-09-04 18:41,,0.000260688,1.86E-09,18:41,1,180904,0,
2018-09-04 18:42,,0.000260688,1.86E-09,18:42,1,180904,0,
2018-09-04 18:43,,0.000260688,1.86E-09,18:43,1,180904,0,
2018-09-04 18:44,,0.000260688,1.86E-09,18:44,1,180904,0,
2018-09-04 18:45,,0.000260688,1.86E-09,18:45,1,180904,0,
2018-09-04 18:46,,0.000260688,1.86E-09,18:46,1,180904,0,
2018-09-04 18:47,,0.000260688,1.86E-09,18:47,1,180904,0,
2018-09-04 18:48,,0.000260688,1.86E-09,18:48,1,180904,0,
2018-09-04 18:49,,0.000260688,1.86E-09,18:49,1,180904,0,
2018-09-04 18:50,,0.000260688,1.86E-09,18:50,1,180904,0,
2018-09-04 18:51,,0.000260688,1.86E-09,18:51,1,180904,0,
2018-09-04 18:52,,0.000260688,1.86E-09,18:52,1,180904,0,
2018-09-04 18:53,,0.000260688,1.86E-09,18:53,1,180904,0,
2018-09-04 18:54,,0.000260688,1.86E-09,18:54,1,180904,0,
2018-09-04 18:55,,0.000260688,1.86E-09,18:55,1,180904,0,
2018-09-04 18:56,,0.000260688,1.86E-09,18:56,1,180904,0,
2018-09-04 18:57,,0.000260688,1.86E-09,18:57,1,180904,0,
2018-09-04 18:58,,0.000260688,1.86E-09,18:58,1,180904,0,
2018-09-04 18:59,,0.000260688,1.86E-09,18:59,1,180904,0,
2018-09-04 19:00,,0.000260688,1.86E-09,19:00,1,180904,0,
2018-09-04 19:01,,0.000260688,1.86E-09,19:01,1,180904,0,
2018-09-04 19:02,,0.000260688,1.86E-09,19:02,1,180904,0,
2018-09-04 19:03,,0.000260688,1.86E-09,19:03,1,180904,0,
2018-09-04 19:04,,0.000260688,1.86E-09,19:04,1,180904,0,
2018-09-04 19:05,,0.000260688,1.86E-09,19:05,1,180904,0,
2018-09-04 19:06,,0.000260688,1.86E-09,19:06,1,180904,0,
2018-09-04 19:07,,0.000260688,1.86E-09,19:07,1,180904,0,
2018-09-04 19:08,,0.000260688,1.86E-09,19:08,1,180904,0,
2018-09-04 19:09,,0.000260688,1.86E-09,19:09,1,180904,0,
2018-09-04 19:10,,0.000260688,1.86E-09,19:10,1,180904,0,
2018-09-04 19:11,,0.000260688,1.86E-09,19:11,1,180904,0,
2018-09-04 19:12,,0.000260688,1.86E-09,19:12,1,180904,0,
2018-09-04 19:13,,0.000260688,1.86E-09,19:13,1,180904,0,
2018-09-04 19:14,,0.000260688,1.86E-09,19:14,1,180904,0,
2018-09-04 19:15,,0.000260688,1.86E-09,19:15,1,180904,0,
2018-09-04 19:16,,0.000260688,1.86E-09,19:16,1,180904,0,
2018-09-04 19:17,,0.000260688,1.86E-09,19:17,1,180904,0,
2018-09-04 19:18,,0.000260688,1.86E-09,19:18,1,180904,0,
2018-09-04 19:19,,0.000260688,1.86E-09,19:19,1,180904,0,
2018-09-04 19:20,,0.000260688,1.86E-09,19:20,1,180904,0,
2018-09-04 19:21,,0.000260688,1.86E-09,19:21,1,180904,0,
2018-09-04 19:22,,0.000260688,1.86E-09,19:22,1,180904,0,
2018-09-04 19:23,,0.000260688,1.86E-09,19:23,1,180904,0,
2018-09-04 19:24,,0.000260688,1.86E-09,19:24,1,180904,0,
2018-09-04 19:25,,0.000260688,1.86E-09,19:25,1,180904,0,
2018-09-04 19:26,,0.000260688,1.86E-09,19:26,1,180904,0,
2018-09-04 19:27,,0.000260688,1.86E-09,19:27,1,180904,0,
2018-09-04 19:28,,0.000260688,1.86E-09,19:28,1,180904,0,
2018-09-04 19:29,,0.000260688,1.86E-09,19:29,1,180904,0,
2018-09-04 19:30,,0.000260688,1.86E-09,19:30,1,180904,0,
2018-09-04 19:31,,0.000260688,1.86E-09,19:31,1,180904,0,
2018-09-04 19:32,,0.000260688,1.86E-09,19:32,1,180904,0,
2018-09-04 19:33,,0.000260688,1.86E-09,19:33,1,180904,0,
2018-09-04 19:34,,0.000260688,1.86E-09,19:34,1,180904,0,
2018-09-04 19:35,,0.000260688,1.86E-09,19:35,1,180904,0,
2018-09-04 19:36,,0.000260688,1.86E-09,19:36,1,180904,0,
2018-09-04 19:37,,0.000260688,1.86E-09,19:37,1,180904,0,
2018-09-04 19:38,,0.000260688,1.86E-09,19:38,1,180904,0,
2018-09-04 19:39,,0.000260688,1.86E-09,19:39,1,180904,0,
2018-09-04 19:40,,0.000260688,1.86E-09,19:40,1,180904,0,
2018-09-04 19:41,,0.000260688,1.86E-09,19:41,1,180904,0,
2018-09-04 19:42,,0.000260688,1.86E-09,19:42,1,180904,0,
2018-09-04 19:43,,0.000260688,1.86E-09,19:43,1,180904,0,
2018-09-04 19:44,,0.000260688,1.86E-09,19:44,1,180904,0,
2018-09-04 19:45,,0.000260688,1.86E-09,19:45,1,180904,0,
2018-09-04 19:46,,0.000260688,1.86E-09,19:46,1,180904,0,
2018-09-04 19:47,,0.000260688,1.86E-09,19:47,1,180904,0,
2018-09-04 19:48,,0.000260688,1.86E-09,19:48,1,180904,0,
2018-09-04 19:49,,0.000260688,1.86E-09,19:49,1,180904,0,
2018-09-04 19:50,,0.000260688,1.86E-09,19:50,1,180904,0,
2018-09-04 19:51,,0.000260688,1.86E-09,19:51,1,180904,0,
2018-09-04 19:52,,0.000260688,1.86E-09,19:52,1,180904,0,
2018-09-04 19:53,,0.000260688,1.86E-09,19:53,1,180904,0,
2018-09-04 19:54,,0.000260688,1.86E-09,19:54,1,180904,0,
2018-09-04 19:55,,0.000260688,1.86E-09,19:55,1,180904,0,
2018-09-04 19:56,,0.000260688,1.86E-09,19:56,1,180904,0,
2018-09-04 19:57,,0.000260688,1.86E-09,19:57,1,180904,0,
2018-09-04 19:58,,0.000260688,1.86E-09,19:58,1,180904,0,
2018-09-04 19:59,,0.000260688,1.86E-09,19:59,1,180904,0,
2018-09-04 20:00,,0.000260688,1.86E-09,20:00,1,180904,0,
2018-09-04 20:01,,0.000260688,1.86E-09,20:01,1,180904,0,
2018-09-04 20:02,,0.000260688,1.86E-09,20:02,1,180904,0,
2018-09-04 20:03,,0.000260688,1.86E-09,20:03,1,180904,0,
2018-09-04 20:04,,0.000260688,1.86E-09,20:04,1,180904,0,
2018-09-04 20:05,,0.000260688,1.86E-09,20:05,1,180904,0,
2018-09-04 20:06,,0.000260688,1.86E-09,20:06,1,180904,0,
2018-09-04 20:07,,0.000260688,1.86E-09,20:07,1,180904,0,
2018-09-04 20:08,,0.000260688,1.86E-09,20:08,1,180904,0,
2018-09-04 20:09,,0.000260688,1.86E-09,20:09,1,180904,0,
2018-09-04 20:10,,0.000260688,1.86E-09,20:10,1,180904,0,
2018-09-04 20:11,,0.000260688,1.86E-09,20:11,1,180904,0,
2018-09-04 20:12,,0.000260688,1.86E-09,20:12,1,180904,0,
2018-09-04 20:13,,0.000260688,1.86E-09,20:13,1,180904,0,
2018-09-04 20:14,,0.000260688,1.86E-09,20:14,1,180904,0,
2018-09-04 20:15,,0.000260688,1.86E-09,20:15,1,180904,0,
2018-09-04 20:16,,0.000260688,1.86E-09,20:16,1,180904,0,
2018-09-04 20:17,,0.000260688,1.86E-09,20:17,1,180904,0,
2018-09-04 20:18,,0.000260688,1.86E-09,20:18,1,180904,0,
2018-09-04 20:19,,0.000260688,1.86E-09,20:19,1,180904,0,
2018-09-04 20:20,,0.000260688,1.86E-09,20:20,1,180904,0,
2018-09-04 20:21,,0.000260688,1.86E-09,20:21,1,180904,0,
2018-09-04 20:22,,0.000260688,1.86E-09,20:22,1,180904,0,
2018-09-04 20:23,,0.000260688,1.86E-09,20:23,1,180904,0,
2018-09-04 20:24,,0.000260688,1.86E-09,20:24,1,180904,0,
2018-09-04 20:25,,0.000260688,1.86E-09,20:25,1,180904,0,
2018-09-04 20:26,,0.000260688,1.86E-09,20:26,1,180904,0,
2018-09-04 20:27,,0.000260688,1.86E-09,20:27,1,180904,0,
2018-09-04 20:28,,0.000260688,1.86E-09,20:28,1,180904,0,
2018-09-04 20:29,,0.000260688,1.86E-09,20:29,1,180904,0,
2018-09-04 20:30,,0.000260688,1.86E-09,20:30,1,180904,0,
2018-09-04 20:31,,0.000260688,1.86E-09,20:31,1,180904,0,
2018-09-04 20:32,,0.000260688,1.86E-09,20:32,1,180904,0,
2018-09-04 20:33,,0.000260688,1.86E-09,20:33,1,180904,0,
2018-09-04 20:34,,0.000260688,1.86E-09,20:34,1,180904,0,
2018-09-04 20:35,,0.000260688,1.86E-09,20:35,1,180904,0,
2018-09-04 20:36,,0.000260688,1.86E-09,20:36,1,180904,0,
2018-09-04 20:37,,0.000260688,1.86E-09,20:37,1,180904,0,
2018-09-04 20:38,,0.000260688,1.86E-09,20:38,1,180904,0,
2018-09-04 20:39,,0.000260688,1.86E-09,20:39,1,180904,0,
2018-09-04 20:40,,0.000260688,1.86E-09,20:40,1,180904,0,
2018-09-04 20:41,,0.000260688,1.86E-09,20:41,1,180904,0,
2018-09-04 20:42,,0.000260688,1.86E-09,20:42,1,180904,0,
2018-09-04 20:43,,0.000260688,1.86E-09,20:43,1,180904,0,
2018-09-04 20:44,,0.000260688,1.86E-09,20:44,1,180904,0,
2018-09-04 20:45,,0.000260688,1.86E-09,20:45,1,180904,0,
2018-09-04 20:46,,0.000260688,1.86E-09,20:46,1,180904,0,
2018-09-04 20:47,,0.000260688,1.86E-09,20:47,1,180904,0,
2018-09-04 20:48,,0.000260688,1.86E-09,20:48,1,180904,0,
2018-09-04 20:49,,0.000260688,1.86E-09,20:49,1,180904,0,
2018-09-04 20:50,,0.000260688,1.86E-09,20:50,1,180904,0,
2018-09-04 20:51,,0.000260688,1.86E-09,20:51,1,180904,0,
2018-09-04 20:52,,0.000260688,1.86E-09,20:52,1,180904,0,
2018-09-04 20:53,,0.000260688,1.86E-09,20:53,1,180904,0,
2018-09-04 20:54,,0.000260688,1.86E-09,20:54,1,180904,0,
2018-09-04 20:55,,0.000260688,1.86E-09,20:55,1,180904,0,
2018-09-04 20:56,,0.000260688,1.86E-09,20:56,1,180904,0,
2018-09-04 20:57,,0.000260688,1.86E-09,20:57,1,180904,0,
2018-09-04 20:58,,0.000260688,1.86E-09,20:58,1,180904,0,
2018-09-04 20:59,,0.000260688,1.86E-09,20:59,1,180904,0,
2018-09-04 21:00,,0.000260688,1.86E-09,21:00,1,180904,0,
2018-09-04 21:01,,0.000260688,1.86E-09,21:01,1,180904,0,
2018-09-04 21:02,,0.000260688,1.86E-09,21:02,1,180904,0,
2018-09-04 21:03,,0.000260688,1.86E-09,21:03,1,180904,0,
2018-09-04 21:04,,0.000260688,1.86E-09,21:04,1,180904,0,
2018-09-04 21:05,,0.000260688,1.86E-09,21:05,1,180904,0,
2018-09-04 21:06,,0.000260688,1.86E-09,21:06,1,180904,0,
2018-09-04 21:07,,0.000260688,1.86E-09,21:07,1,180904,0,
2018-09-04 21:08,,0.000260688,1.86E-09,21:08,1,180904,0,
2018-09-04 21:09,,0.000260688,1.86E-09,21:09,1,180904,0,
2018-09-04 21:10,,0.000260688,1.86E-09,21:10,1,180904,0,
2018-09-04 21:11,,0.000260688,1.86E-09,21:11,1,180904,0,
2018-09-04 21:12,,0.000260688,1.86E-09,21:12,1,180904,0,
2018-09-04 21:13,,0.000260688,1.86E-09,21:13,1,180904,0,
2018-09-04 21:14,,0.000260688,1.86E-09,21:14,1,180904,0,
2018-09-04 21:15,,0.000260688,1.86E-09,21:15,1,180904,0,
2018-09-04 21:16,,0.000260688,1.86E-09,21:16,1,180904,0,
2018-09-04 21:17,,0.000260688,1.86E-09,21:17,1,180904,0,
2018-09-04 21:18,,0.000260688,1.86E-09,21:18,1,180904,0,
2018-09-04 21:19,,0.000260688,1.86E-09,21:19,1,180904,0,
2018-09-04 21:20,,0.000260688,1.86E-09,21:20,1,180904,0,
2018-09-04 21:21,,0.000260688,1.86E-09,21:21,1,180904,0,
2018-09-04 21:22,,0.000260688,1.86E-09,21:22,1,180904,0,
2018-09-04 21:23,,0.000260688,1.86E-09,21:23,1,180904,0,
2018-09-04 21:24,,0.000260688,1.86E-09,21:24,1,180904,0,
2018-09-04 21:25,,0.000260688,1.86E-09,21:25,1,180904,0,
2018-09-04 21:26,,0.000260688,1.86E-09,21:26,1,180904,0,
2018-09-04 21:27,,0.000260688,1.86E-09,21:27,1,180904,0,
2018-09-04 21:28,,0.000260688,1.86E-09,21:28,1,180904,0,
2018-09-04 21:29,,0.000260688,1.86E-09,21:29,1,180904,0,
2018-09-04 21:30,,0.000260688,1.86E-09,21:30,1,180904,0,
2018-09-04 21:31,,0.000260688,1.86E-09,21:31,1,180904,0,
2018-09-04 21:32,,0.000260688,1.86E-09,21:32,1,180904,0,
2018-09-04 21:33,,0.000260688,1.86E-09,21:33,1,180904,0,
2018-09-04 21:34,,0.000260688,1.86E-09,21:34,1,180904,0,
2018-09-04 21:35,,0.000260688,1.86E-09,21:35,1,180904,0,
2018-09-04 21:36,,0.000260688,1.86E-09,21:36,1,180904,0,
2018-09-04 21:37,,0.000260688,1.86E-09,21:37,1,180904,0,
2018-09-04 21:38,,0.000260688,1.86E-09,21:38,1,180904,0,
2018-09-04 21:39,,0.000260688,1.86E-09,21:39,1,180904,0,
2018-09-04 21:40,,0.000260688,1.86E-09,21:40,1,180904,0,
2018-09-04 21:41,,0.000260688,1.86E-09,21:41,1,180904,0,
2018-09-04 21:42,,0.000260688,1.86E-09,21:42,1,180904,0,
2018-09-04 21:43,,0.000260688,1.86E-09,21:43,1,180904,0,
2018-09-04 21:44,,0.000260688,1.86E-09,21:44,1,180904,0,
2018-09-04 21:45,,0.000260688,1.86E-09,21:45,1,180904,0,
2018-09-04 21:46,,0.000260688,1.86E-09,21:46,1,180904,0,
2018-09-04 21:47,,0.000260688,1.86E-09,21:47,1,180904,0,
2018-09-04 21:48,,0.000260688,1.86E-09,21:48,1,180904,0,
2018-09-04 21:49,,0.000260688,1.86E-09,21:49,1,180904,0,
2018-09-04 21:50,,0.000260688,1.86E-09,21:50,1,180904,0,
2018-09-04 21:51,,0.000260688,1.86E-09,21:51,1,180904,0,
2018-09-04 21:52,,0.000260688,1.86E-09,21:52,1,180904,0,
2018-09-04 21:53,,0.000260688,1.86E-09,21:53,1,180904,0,
2018-09-04 21:54,,0.000260688,1.86E-09,21:54,1,180904,0,
2018-09-04 21:55,,0.000260688,1.86E-09,21:55,1,180904,0,
2018-09-04 21:56,,0.000260688,1.86E-09,21:56,1,180904,0,
2018-09-04 21:57,,0.000260688,1.86E-09,21:57,1,180904,0,
2018-09-04 21:58,,0.000260688,1.86E-09,21:58,1,180904,0,
2018-09-04 21:59,,0.000260688,1.86E-09,21:59,1,180904,0,
2018-09-04 22:00,,0.000260688,1.86E-09,22:00,1,180904,0,
2018-09-04 22:01,,0.000260688,1.86E-09,22:01,1,180904,0,
2018-09-04 22:02,,0.000260688,1.86E-09,22:02,1,180904,0,
2018-09-04 22:03,,0.000260688,1.86E-09,22:03,1,180904,0,
2018-09-04 22:04,,0.000260688,1.86E-09,22:04,1,180904,0,
2018-09-04 22:05,,0.000260688,1.86E-09,22:05,1,180904,0,
2018-09-04 22:06,,0.000260688,1.86E-09,22:06,1,180904,0,
2018-09-04 22:07,,0.000260688,1.86E-09,22:07,1,180904,0,
2018-09-04 22:08,,0.000260688,1.86E-09,22:08,1,180904,0,
2018-09-04 22:09,,0.000260688,1.86E-09,22:09,1,180904,0,
2018-09-04 22:10,,0.000260688,1.86E-09,22:10,1,180904,0,
2018-09-04 22:11,,0.000260688,1.86E-09,22:11,1,180904,0,
2018-09-04 22:12,,0.000260688,1.86E-09,22:12,1,180904,0,
2018-09-04 22:13,,0.000260688,1.86E-09,22:13,1,180904,0,
2018-09-04 22:14,,0.000260688,1.86E-09,22:14,1,180904,0,
2018-09-04 22:15,,0.000260688,1.86E-09,22:15,1,180904,0,
2018-09-04 22:16,,0.000260688,1.86E-09,22:16,1,180904,0,
2018-09-04 22:17,,0.000260688,1.86E-09,22:17,1,180904,0,
2018-09-04 22:18,,0.000260688,1.86E-09,22:18,1,180904,0,
2018-09-04 22:19,,0.000260688,1.86E-09,22:19,1,180904,0,
2018-09-04 22:20,,0.000260688,1.86E-09,22:20,1,180904,0,
2018-09-04 22:21,,0.000260688,1.86E-09,22:21,1,180904,0,
2018-09-04 22:22,,0.000260688,1.86E-09,22:22,1,180904,0,
2018-09-04 22:23,,0.000260688,1.86E-09,22:23,1,180904,0,
2018-09-04 22:24,,0.000260688,1.86E-09,22:24,1,180904,0,
2018-09-04 22:25,,0.000260688,1.86E-09,22:25,1,180904,0,
2018-09-04 22:26,,0.000260688,1.86E-09,22:26,1,180904,0,
2018-09-04 22:27,,0.000260688,1.86E-09,22:27,1,180904,0,
2018-09-04 22:28,,0.000260688,1.86E-09,22:28,1,180904,0,
2018-09-04 22:29,,0.000260688,1.86E-09,22:29,1,180904,0,
2018-09-04 22:30,,0.000260688,1.86E-09,22:30,1,180904,0,
2018-09-04 22:31,,0.000260688,1.86E-09,22:31,1,180904,0,
2018-09-04 22:32,,0.000260688,1.86E-09,22:32,1,180904,0,
2018-09-04 22:33,,0.000260688,1.86E-09,22:33,1,180904,0,
2018-09-04 22:34,,0.000260688,1.86E-09,22:34,1,180904,0,
2018-09-04 22:35,,0.000260688,1.86E-09,22:35,1,180904,0,
2018-09-04 22:36,,0.000260688,1.86E-09,22:36,1,180904,0,
2018-09-04 22:37,,0.000260688,1.86E-09,22:37,1,180904,0,
2018-09-04 22:38,,0.000260688,1.86E-09,22:38,1,180904,0,
2018-09-04 22:39,,0.000260688,1.86E-09,22:39,1,180904,0,
2018-09-04 22:40,,0.000260688,1.86E-09,22:40,1,180904,0,
2018-09-04 22:41,,0.000260688,1.86E-09,22:41,1,180904,0,
2018-09-04 22:42,,0.000260688,1.86E-09,22:42,1,180904,0,
2018-09-04 22:43,,0.000260688,1.86E-09,22:43,1,180904,0,
2018-09-04 22:44,,0.000260688,1.86E-09,22:44,1,180904,0,
2018-09-04 22:45,,0.000260688,1.86E-09,22:45,1,180904,0,
2018-09-04 22:46,,0.000260688,1.86E-09,22:46,1,180904,0,
2018-09-04 22:47,,0.000260688,1.86E-09,22:47,1,180904,0,
2018-09-04 22:48,,0.000260688,1.86E-09,22:48,1,180904,0,
2018-09-04 22:49,,0.000260688,1.86E-09,22:49,1,180904,0,
2018-09-04 22:50,,0.000260688,1.86E-09,22:50,1,180904,0,
2018-09-04 22:51,,0.000260688,1.86E-09,22:51,1,180904,0,
2018-09-04 22:52,,0.000260688,1.86E-09,22:52,1,180904,0,
2018-09-04 22:53,,0.000260688,1.86E-09,22:53,1,180904,0,
2018-09-04 22:54,,0.000260688,1.86E-09,22:54,1,180904,0,
2018-09-04 22:55,,0.000260688,1.86E-09,22:55,1,180904,0,
2018-09-04 22:56,,0.000260688,1.86E-09,22:56,1,180904,0,
2018-09-04 22:57,,0.000260688,1.86E-09,22:57,1,180904,0,
2018-09-04 22:58,,0.000260688,1.86E-09,22:58,1,180904,0,
2018-09-04 22:59,,0.000260688,1.86E-09,22:59,1,180904,0,
2018-09-04 23:00,,0.000260688,1.86E-09,23:00,1,180904,0,
2018-09-04 23:01,,0.000260688,1.86E-09,23:01,1,180904,0,
2018-09-04 23:02,,0.000260688,1.86E-09,23:02,1,180904,0,
2018-09-04 23:03,,0.000260688,1.86E-09,23:03,1,180904,0,
2018-09-04 23:04,,0.000260688,1.86E-09,23:04,1,180904,0,
2018-09-04 23:05,,0.000260688,1.86E-09,23:05,1,180904,0,
2018-09-04 23:06,,0.000260688,1.86E-09,23:06,1,180904,0,
2018-09-04 23:07,,0.000260688,1.86E-09,23:07,1,180904,0,
2018-09-04 23:08,,0.000260688,1.86E-09,23:08,1,180904,0,
2018-09-04 23:09,,0.000260688,1.86E-09,23:09,1,180904,0,
2018-09-04 23:10,,0.000260688,1.86E-09,23:10,1,180904,0,
2018-09-04 23:11,,0.000260688,1.86E-09,23:11,1,180904,0,
2018-09-04 23:12,,0.000260688,1.86E-09,23:12,1,180904,0,
2018-09-04 23:13,,0.000260688,1.86E-09,23:13,1,180904,0,
2018-09-04 23:14,,0.000260688,1.86E-09,23:14,1,180904,0,
2018-09-04 23:15,,0.000260688,1.86E-09,23:15,1,180904,0,
2018-09-04 23:16,,0.000260688,1.86E-09,23:16,1,180904,0,
2018-09-04 23:17,,0.000260688,1.86E-09,23:17,1,180904,0,
2018-09-04 23:18,,0.000260688,1.86E-09,23:18,1,180904,0,
2018-09-04 23:19,,0.000260688,1.86E-09,23:19,1,180904,0,
2018-09-04 23:20,,0.000260688,1.86E-09,23:20,1,180904,0,
2018-09-04 23:21,,0.000260688,1.86E-09,23:21,1,180904,0,
2018-09-04 23:22,,0.000260688,1.86E-09,23:22,1,180904,0,
2018-09-04 23:23,,0.000260688,1.86E-09,23:23,1,180904,0,
2018-09-04 23:24,,0.000260688,1.86E-09,23:24,1,180904,0,
2018-09-04 23:25,,0.000260688,1.86E-09,23:25,1,180904,0,
2018-09-04 23:26,,0.000260688,1.86E-09,23:26,1,180904,0,
2018-09-04 23:27,,0.000260688,1.86E-09,23:27,1,180904,0,
2018-09-04 23:28,,0.000260688,1.86E-09,23:28,1,180904,0,
2018-09-04 23:29,,0.000260688,1.86E-09,23:29,1,180904,0,
2018-09-04 23:30,,0.000260688,1.86E-09,23:30,1,180904,0,
2018-09-04 23:31,,0.000260688,1.86E-09,23:31,1,180904,0,
2018-09-04 23:32,,0.000260688,1.86E-09,23:32,1,180904,0,
2018-09-04 23:33,,0.000260688,1.86E-09,23:33,1,180904,0,
2018-09-04 23:34,,0.000260688,1.86E-09,23:34,1,180904,0,
2018-09-04 23:35,,0.000260688,1.86E-09,23:35,1,180904,0,
2018-09-04 23:36,,0.000260688,1.86E-09,23:36,1,180904,0,
2018-09-04 23:37,,0.000260688,1.86E-09,23:37,1,180904,0,
2018-09-04 23:38,,0.000260688,1.86E-09,23:38,1,180904,0,
2018-09-04 23:39,,0.000260688,1.86E-09,23:39,1,180904,0,
2018-09-04 23:40,,0.000260688,1.86E-09,23:40,1,180904,0,
2018-09-04 23:41,,0.000260688,1.86E-09,23:41,1,180904,0,
2018-09-04 23:42,,0.000260688,1.86E-09,23:42,1,180904,0,
2018-09-04 23:43,,0.000260688,1.86E-09,23:43,1,180904,0,
2018-09-04 23:44,,0.000260688,1.86E-09,23:44,1,180904,0,
2018-09-04 23:45,,0.000260688,1.86E-09,23:45,1,180904,0,
2018-09-04 23:46,,0.000260688,1.86E-09,23:46,1,180904,0,
2018-09-04 23:47,,0.000260688,1.86E-09,23:47,1,180904,0,
2018-09-04 23:48,,0.000260688,1.86E-09,23:48,1,180904,0,
2018-09-04 23:49,,0.000260688,1.86E-09,23:49,1,180904,0,
2018-09-04 23:50,,0.000260688,1.86E-09,23:50,1,180904,0,
2018-09-04 23:51,,0.000260688,1.86E-09,23:51,1,180904,0,
2018-09-04 23:52,,0.000260688,1.86E-09,23:52,1,180904,0,
2018-09-04 23:53,,0.000260688,1.86E-09,23:53,1,180904,0,
2018-09-04 23:54,,0.000260688,1.86E-09,23:54,1,180904,0,
2018-09-04 23:55,,0.000260688,1.86E-09,23:55,1,180904,0,
2018-09-04 23:56,,0.000260688,1.86E-09,23:56,1,180904,0,
2018-09-04 23:57,,0.000260688,1.86E-09,23:57,1,180904,0,
2018-09-04 23:58,,0.000260688,1.86E-09,23:58,1,180904,0,
2018-09-04 23:59,,0.000260688,1.86E-09,23:59,1,180904,0,
2018-09-05 0:00,,0.000260688,1.86E-09,0:00,2,180905,0,
2018-09-05 0:01,,0.000260688,1.86E-09,0:01,2,180905,0,
2018-09-05 0:02,,0.000260688,1.86E-09,0:02,2,180905,0,
2018-09-05 0:03,,0.000260688,1.86E-09,0:03,2,180905,0,
2018-09-05 0:04,,0.000260688,1.86E-09,0:04,2,180905,0,
2018-09-05 0:05,,0.000260688,1.86E-09,0:05,2,180905,0,
2018-09-05 0:06,,0.000260688,1.86E-09,0:06,2,180905,0,
2018-09-05 0:07,,0.000260688,1.86E-09,0:07,2,180905,0,
2018-09-05 0:08,,0.000260688,1.86E-09,0:08,2,180905,0,
2018-09-05 0:09,,0.000260688,1.86E-09,0:09,2,180905,0,
2018-09-05 0:10,,0.000260688,1.86E-09,0:10,2,180905,0,
2018-09-05 0:11,,0.000260688,1.86E-09,0:11,2,180905,0,
2018-09-05 0:12,,0.000260688,1.86E-09,0:12,2,180905,0,
2018-09-05 0:13,,0.000260688,1.86E-09,0:13,2,180905,0,
2018-09-05 0:14,,0.000260688,1.86E-09,0:14,2,180905,0,
2018-09-05 0:15,,0.000260688,1.86E-09,0:15,2,180905,0,
2018-09-05 0:16,,0.000260688,1.86E-09,0:16,2,180905,0,
2018-09-05 0:17,,0.000260688,1.86E-09,0:17,2,180905,0,
2018-09-05 0:18,,0.000260688,1.86E-09,0:18,2,180905,0,
2018-09-05 0:19,,0.000260688,1.86E-09,0:19,2,180905,0,
2018-09-05 0:20,,0.000260688,1.86E-09,0:20,2,180905,0,
2018-09-05 0:21,,0.000260688,1.86E-09,0:21,2,180905,0,
2018-09-05 0:22,,0.000260688,1.86E-09,0:22,2,180905,0,
2018-09-05 0:23,,0.000260688,1.86E-09,0:23,2,180905,0,
2018-09-05 0:24,,0.000260688,1.86E-09,0:24,2,180905,0,
2018-09-05 0:25,,0.000260688,1.86E-09,0:25,2,180905,0,
2018-09-05 0:26,,0.000260688,1.86E-09,0:26,2,180905,0,
2018-09-05 0:27,,0.000260688,1.86E-09,0:27,2,180905,0,
2018-09-05 0:28,,0.000260688,1.86E-09,0:28,2,180905,0,
2018-09-05 0:29,,0.000260688,1.86E-09,0:29,2,180905,0,
2018-09-05 0:30,,0.000260688,1.86E-09,0:30,2,180905,0,
2018-09-05 0:31,,0.000260688,1.86E-09,0:31,2,180905,0,
2018-09-05 0:32,,0.000260688,1.86E-09,0:32,2,180905,0,
2018-09-05 0:33,,0.000260688,1.86E-09,0:33,2,180905,0,
2018-09-05 0:34,,0.000260688,1.86E-09,0:34,2,180905,0,
2018-09-05 0:35,,0.000260688,1.86E-09,0:35,2,180905,0,
2018-09-05 0:36,,0.000260688,1.86E-09,0:36,2,180905,0,
2018-09-05 0:37,,0.000260688,1.86E-09,0:37,2,180905,0,
2018-09-05 0:38,,0.000260688,1.86E-09,0:38,2,180905,0,
2018-09-05 0:39,,0.000260688,1.86E-09,0:39,2,180905,0,
2018-09-05 0:40,,0.000260688,1.86E-09,0:40,2,180905,0,
2018-09-05 0:41,,0.000260688,1.86E-09,0:41,2,180905,0,
2018-09-05 0:42,,0.000260688,1.86E-09,0:42,2,180905,0,
2018-09-05 0:43,,0.000260688,1.86E-09,0:43,2,180905,0,
2018-09-05 0:44,,0.000260688,1.86E-09,0:44,2,180905,0,
2018-09-05 0:45,,0.000260688,1.86E-09,0:45,2,180905,0,
2018-09-05 0:46,,0.000260688,1.86E-09,0:46,2,180905,0,
2018-09-05 0:47,,0.000260688,1.86E-09,0:47,2,180905,0,
2018-09-05 0:48,,0.000260688,1.86E-09,0:48,2,180905,0,
2018-09-05 0:49,,0.000260688,1.86E-09,0:49,2,180905,0,
2018-09-05 0:50,,0.000260688,1.86E-09,0:50,2,180905,0,
2018-09-05 0:51,,0.000260688,1.86E-09,0:51,2,180905,0,
2018-09-05 0:52,,0.000260688,1.86E-09,0:52,2,180905,0,
2018-09-05 0:53,,0.000260688,1.86E-09,0:53,2,180905,0,
2018-09-05 0:54,,0.000260688,1.86E-09,0:54,2,180905,0,
2018-09-05 0:55,,0.000260688,1.86E-09,0:55,2,180905,0,
2018-09-05 0:56,,0.000260688,1.86E-09,0:56,2,180905,0,
2018-09-05 0:57,,0.000260688,1.86E-09,0:57,2,180905,0,
2018-09-05 0:58,,0.000260688,1.86E-09,0:58,2,180905,0,
2018-09-05 0:59,,0.000260688,1.86E-09,0:59,2,180905,0,
2018-09-05 1:00,,0.000260688,1.86E-09,1:00,2,180905,0,
2018-09-05 1:01,,0.000260688,1.86E-09,1:01,2,180905,0,
2018-09-05 1:02,,0.000260688,1.86E-09,1:02,2,180905,0,
2018-09-05 1:03,,0.000260688,1.86E-09,1:03,2,180905,0,
2018-09-05 1:04,,0.000260688,1.86E-09,1:04,2,180905,0,
2018-09-05 1:05,,0.000260688,1.86E-09,1:05,2,180905,0,
2018-09-05 1:06,,0.000260688,1.86E-09,1:06,2,180905,0,
2018-09-05 1:07,,0.000260688,1.86E-09,1:07,2,180905,0,
2018-09-05 1:08,,0.000260688,1.86E-09,1:08,2,180905,0,
2018-09-05 1:09,,0.000260688,1.86E-09,1:09,2,180905,0,
2018-09-05 1:10,,0.000260688,1.86E-09,1:10,2,180905,0,
2018-09-05 1:11,,0.000260688,1.86E-09,1:11,2,180905,0,
2018-09-05 1:12,,0.000260688,1.86E-09,1:12,2,180905,0,
2018-09-05 1:13,,0.000260688,1.86E-09,1:13,2,180905,0,
2018-09-05 1:14,,0.000260688,1.86E-09,1:14,2,180905,0,
2018-09-05 1:15,,0.000260688,1.86E-09,1:15,2,180905,0,
2018-09-05 1:16,,0.000260688,1.86E-09,1:16,2,180905,0,
2018-09-05 1:17,,0.000260688,1.86E-09,1:17,2,180905,0,
2018-09-05 1:18,,0.000260688,1.86E-09,1:18,2,180905,0,
2018-09-05 1:19,,0.000260688,1.86E-09,1:19,2,180905,0,
2018-09-05 1:20,,0.000260688,1.86E-09,1:20,2,180905,0,
2018-09-05 1:21,,0.000260688,1.86E-09,1:21,2,180905,0,
2018-09-05 1:22,,0.000260688,1.86E-09,1:22,2,180905,0,
2018-09-05 1:23,,0.000260688,1.86E-09,1:23,2,180905,0,
2018-09-05 1:24,,0.000260688,1.86E-09,1:24,2,180905,0,
2018-09-05 1:25,,0.000260688,1.86E-09,1:25,2,180905,0,
2018-09-05 1:26,,0.000260688,1.86E-09,1:26,2,180905,0,
2018-09-05 1:27,,0.000260688,1.86E-09,1:27,2,180905,0,
2018-09-05 1:28,,0.000260688,1.86E-09,1:28,2,180905,0,
2018-09-05 1:29,,0.000260688,1.86E-09,1:29,2,180905,0,
2018-09-05 1:30,,0.000260688,1.86E-09,1:30,2,180905,0,
2018-09-05 1:31,,0.000260688,1.86E-09,1:31,2,180905,0,
2018-09-05 1:32,,0.000260688,1.86E-09,1:32,2,180905,0,
2018-09-05 1:33,,0.000260688,1.86E-09,1:33,2,180905,0,
2018-09-05 1:34,,0.000260688,1.86E-09,1:34,2,180905,0,
2018-09-05 1:35,,0.000260688,1.86E-09,1:35,2,180905,0,
2018-09-05 1:36,,0.000260688,1.86E-09,1:36,2,180905,0,
2018-09-05 1:37,,0.000260688,1.86E-09,1:37,2,180905,0,
2018-09-05 1:38,,0.000260688,1.86E-09,1:38,2,180905,0,
2018-09-05 1:39,,0.000260688,1.86E-09,1:39,2,180905,0,
2018-09-05 1:40,,0.000260688,1.86E-09,1:40,2,180905,0,
2018-09-05 1:41,,0.000260688,1.86E-09,1:41,2,180905,0,
2018-09-05 1:42,,0.000260688,1.86E-09,1:42,2,180905,0,
2018-09-05 1:43,,0.000260688,1.86E-09,1:43,2,180905,0,
2018-09-05 1:44,,0.000260688,1.86E-09,1:44,2,180905,0,
2018-09-05 1:45,,0.000260688,1.86E-09,1:45,2,180905,0,
2018-09-05 1:46,,0.000260688,1.86E-09,1:46,2,180905,0,
2018-09-05 1:47,,0.000260688,1.86E-09,1:47,2,180905,0,
2018-09-05 1:48,,0.000260688,1.86E-09,1:48,2,180905,0,
2018-09-05 1:49,,0.000260688,1.86E-09,1:49,2,180905,0,
2018-09-05 1:50,,0.000260688,1.86E-09,1:50,2,180905,0,
2018-09-05 1:51,,0.000260688,1.86E-09,1:51,2,180905,0,
2018-09-05 1:52,,0.000260688,1.86E-09,1:52,2,180905,0,
2018-09-05 1:53,,0.000260688,1.86E-09,1:53,2,180905,0,
2018-09-05 1:54,,0.000260688,1.86E-09,1:54,2,180905,0,
2018-09-05 1:55,,0.000260688,1.86E-09,1:55,2,180905,0,
2018-09-05 1:56,,0.000260688,1.86E-09,1:56,2,180905,0,
2018-09-05 1:57,,0.000260688,1.86E-09,1:57,2,180905,0,
2018-09-05 1:58,,0.000260688,1.86E-09,1:58,2,180905,0,
2018-09-05 1:59,,0.000260688,1.86E-09,1:59,2,180905,0,
2018-09-05 2:00,,0.000260688,1.86E-09,2:00,2,180905,0,
2018-09-05 2:01,,0.000260688,1.86E-09,2:01,2,180905,0,
2018-09-05 2:02,,0.000260688,1.86E-09,2:02,2,180905,0,
2018-09-05 2:03,,0.000260688,1.86E-09,2:03,2,180905,0,
2018-09-05 2:04,,0.000260688,1.86E-09,2:04,2,180905,0,
2018-09-05 2:05,,0.000260688,1.86E-09,2:05,2,180905,0,
2018-09-05 2:06,,0.000260688,1.86E-09,2:06,2,180905,0,
2018-09-05 2:07,,0.000260688,1.86E-09,2:07,2,180905,0,
2018-09-05 2:08,,0.000260688,1.86E-09,2:08,2,180905,0,
2018-09-05 2:09,,0.000260688,1.86E-09,2:09,2,180905,0,
2018-09-05 2:10,,0.000260688,1.86E-09,2:10,2,180905,0,
2018-09-05 2:11,,0.000260688,1.86E-09,2:11,2,180905,0,
2018-09-05 2:12,,0.000260688,1.86E-09,2:12,2,180905,0,
2018-09-05 2:13,,0.000260688,1.86E-09,2:13,2,180905,0,
2018-09-05 2:14,,0.000260688,1.86E-09,2:14,2,180905,0,
2018-09-05 2:15,,0.000260688,1.86E-09,2:15,2,180905,0,
2018-09-05 2:16,,0.000260688,1.86E-09,2:16,2,180905,0,
2018-09-05 2:17,,0.000260688,1.86E-09,2:17,2,180905,0,
2018-09-05 2:18,,0.000260688,1.86E-09,2:18,2,180905,0,
2018-09-05 2:19,,0.000260688,1.86E-09,2:19,2,180905,0,
2018-09-05 2:20,,0.000260688,1.86E-09,2:20,2,180905,0,
2018-09-05 2:21,,0.000260688,1.86E-09,2:21,2,180905,0,
2018-09-05 2:22,,0.000260688,1.86E-09,2:22,2,180905,0,
2018-09-05 2:23,,0.000260688,1.86E-09,2:23,2,180905,0,
2018-09-05 2:24,,0.000260688,1.86E-09,2:24,2,180905,0,
2018-09-05 2:25,,0.000260688,1.86E-09,2:25,2,180905,0,
2018-09-05 2:26,,0.000260688,1.86E-09,2:26,2,180905,0,
2018-09-05 2:27,,0.000260688,1.86E-09,2:27,2,180905,0,
2018-09-05 2:28,,0.000260688,1.86E-09,2:28,2,180905,0,
2018-09-05 2:29,,0.000260688,1.86E-09,2:29,2,180905,0,
2018-09-05 2:30,,0.000260688,1.86E-09,2:30,2,180905,0,
2018-09-05 2:31,,0.000260688,1.86E-09,2:31,2,180905,0,
2018-09-05 2:32,,0.000260688,1.86E-09,2:32,2,180905,0,
2018-09-05 2:33,,0.000260688,1.86E-09,2:33,2,180905,0,
2018-09-05 2:34,,0.000260688,1.86E-09,2:34,2,180905,0,
2018-09-05 2:35,,0.000260688,1.86E-09,2:35,2,180905,0,
2018-09-05 2:36,,0.000260688,1.86E-09,2:36,2,180905,0,
2018-09-05 2:37,,0.000260688,1.86E-09,2:37,2,180905,0,
2018-09-05 2:38,,0.000260688,1.86E-09,2:38,2,180905,0,
2018-09-05 2:39,,0.000260688,1.86E-09,2:39,2,180905,0,
2018-09-05 2:40,,0.000260688,1.86E-09,2:40,2,180905,0,
2018-09-05 2:41,,0.000260688,1.86E-09,2:41,2,180905,0,
2018-09-05 2:42,,0.000260688,1.86E-09,2:42,2,180905,0,
2018-09-05 2:43,,0.000260688,1.86E-09,2:43,2,180905,0,
2018-09-05 2:44,,0.000260688,1.86E-09,2:44,2,180905,0,
2018-09-05 2:45,,0.000260688,1.86E-09,2:45,2,180905,0,
2018-09-05 2:46,,0.000260688,1.86E-09,2:46,2,180905,0,
2018-09-05 2:47,,0.000260688,1.86E-09,2:47,2,180905,0,
2018-09-05 2:48,,0.000260688,1.86E-09,2:48,2,180905,0,
2018-09-05 2:49,,0.000260688,1.86E-09,2:49,2,180905,0,
2018-09-05 2:50,,0.000260688,1.86E-09,2:50,2,180905,0,
2018-09-05 2:51,,0.000260688,1.86E-09,2:51,2,180905,0,
2018-09-05 2:52,,0.000260688,1.86E-09,2:52,2,180905,0,
2018-09-05 2:53,,0.000260688,1.86E-09,2:53,2,180905,0,
2018-09-05 2:54,,0.000260688,1.86E-09,2:54,2,180905,0,
2018-09-05 2:55,,0.000260688,1.86E-09,2:55,2,180905,0,
2018-09-05 2:56,,0.000260688,1.86E-09,2:56,2,180905,0,
2018-09-05 2:57,,0.000260688,1.86E-09,2:57,2,180905,0,
2018-09-05 2:58,,0.000260688,1.86E-09,2:58,2,180905,0,
2018-09-05 2:59,,0.000260688,1.86E-09,2:59,2,180905,0,
2018-09-05 3:00,,0.000260688,1.86E-09,3:00,2,180905,0,
2018-09-05 3:01,,0.000260688,1.86E-09,3:01,2,180905,0,
2018-09-05 3:02,,0.000260688,1.86E-09,3:02,2,180905,0,
2018-09-05 3:03,,0.000260688,1.86E-09,3:03,2,180905,0,
2018-09-05 3:04,,0.000260688,1.86E-09,3:04,2,180905,0,
2018-09-05 3:05,,0.000260688,1.86E-09,3:05,2,180905,0,
2018-09-05 3:06,,0.000260688,1.86E-09,3:06,2,180905,0,
2018-09-05 3:07,,0.000260688,1.86E-09,3:07,2,180905,0,
2018-09-05 3:08,,0.000260688,1.86E-09,3:08,2,180905,0,
2018-09-05 3:09,,0.000260688,1.86E-09,3:09,2,180905,0,
2018-09-05 3:10,,0.000260688,1.86E-09,3:10,2,180905,0,
2018-09-05 3:11,,0.000260688,1.86E-09,3:11,2,180905,0,
2018-09-05 3:12,,0.000260688,1.86E-09,3:12,2,180905,0,
2018-09-05 3:13,,0.000260688,1.86E-09,3:13,2,180905,0,
2018-09-05 3:14,,0.000260688,1.86E-09,3:14,2,180905,0,
2018-09-05 3:15,,0.000260688,1.86E-09,3:15,2,180905,0,
2018-09-05 3:16,,0.000260688,1.86E-09,3:16,2,180905,0,
2018-09-05 3:17,,0.000260688,1.86E-09,3:17,2,180905,0,
2018-09-05 3:18,,0.000260688,1.86E-09,3:18,2,180905,0,
2018-09-05 3:19,,0.000260688,1.86E-09,3:19,2,180905,0,
2018-09-05 3:20,,0.000260688,1.86E-09,3:20,2,180905,0,
2018-09-05 3:21,,0.000260688,1.86E-09,3:21,2,180905,0,
2018-09-05 3:22,,0.000260688,1.86E-09,3:22,2,180905,0,
2018-09-05 3:23,,0.000260688,1.86E-09,3:23,2,180905,0,
2018-09-05 3:24,,0.000260688,1.86E-09,3:24,2,180905,0,
2018-09-05 3:25,,0.000260688,1.86E-09,3:25,2,180905,0,
2018-09-05 3:26,,0.000260688,1.86E-09,3:26,2,180905,0,
2018-09-05 3:27,,0.000260688,1.86E-09,3:27,2,180905,0,
2018-09-05 3:28,,0.000260688,1.86E-09,3:28,2,180905,0,
2018-09-05 3:29,,0.000260688,1.86E-09,3:29,2,180905,0,
2018-09-05 3:30,,0.000260688,1.86E-09,3:30,2,180905,0,
2018-09-05 3:31,,0.000260688,1.86E-09,3:31,2,180905,0,
2018-09-05 3:32,,0.000260688,1.86E-09,3:32,2,180905,0,
2018-09-05 3:33,,0.000260688,1.86E-09,3:33,2,180905,0,
2018-09-05 3:34,,0.000260688,1.86E-09,3:34,2,180905,0,
2018-09-05 3:35,,0.000260688,1.86E-09,3:35,2,180905,0,
2018-09-05 3:36,,0.000260688,1.86E-09,3:36,2,180905,0,
2018-09-05 3:37,,0.000260688,1.86E-09,3:37,2,180905,0,
2018-09-05 3:38,,0.000260688,1.86E-09,3:38,2,180905,0,
2018-09-05 3:39,,0.000260688,1.86E-09,3:39,2,180905,0,
2018-09-05 3:40,,0.000260688,1.86E-09,3:40,2,180905,0,
2018-09-05 3:41,,0.000260688,1.86E-09,3:41,2,180905,0,
2018-09-05 3:42,,0.000260688,1.86E-09,3:42,2,180905,0,
2018-09-05 3:43,,0.000260688,1.86E-09,3:43,2,180905,0,
2018-09-05 3:44,,0.000260688,1.86E-09,3:44,2,180905,0,
2018-09-05 3:45,,0.000260688,1.86E-09,3:45,2,180905,0,
2018-09-05 3:46,,0.000260688,1.86E-09,3:46,2,180905,0,
2018-09-05 3:47,,0.000260688,1.86E-09,3:47,2,180905,0,
2018-09-05 3:48,,0.000260688,1.86E-09,3:48,2,180905,0,
2018-09-05 3:49,,0.000260688,1.86E-09,3:49,2,180905,0,
2018-09-05 3:50,,0.000260688,1.86E-09,3:50,2,180905,0,
2018-09-05 3:51,,0.000260688,1.86E-09,3:51,2,180905,0,
2018-09-05 3:52,,0.000260688,1.86E-09,3:52,2,180905,0,
2018-09-05 3:53,,0.000260688,1.86E-09,3:53,2,180905,0,
2018-09-05 3:54,,0.000260688,1.86E-09,3:54,2,180905,0,
2018-09-05 3:55,,0.000260688,1.86E-09,3:55,2,180905,0,
2018-09-05 3:56,,0.000260688,1.86E-09,3:56,2,180905,0,
2018-09-05 3:57,,0.000260688,1.86E-09,3:57,2,180905,0,
2018-09-05 3:58,,0.000260688,1.86E-09,3:58,2,180905,0,
2018-09-05 3:59,,0.000260688,1.86E-09,3:59,2,180905,0,
2018-09-05 4:00,,0.000260688,1.86E-09,4:00,2,180905,0,
2018-09-05 4:01,,0.000260688,1.86E-09,4:01,2,180905,0,
2018-09-05 4:02,,0.000260688,1.86E-09,4:02,2,180905,0,
2018-09-05 4:03,,0.000260688,1.86E-09,4:03,2,180905,0,
2018-09-05 4:04,,0.000260688,1.86E-09,4:04,2,180905,0,
2018-09-05 4:05,,0.000260688,1.86E-09,4:05,2,180905,0,
2018-09-05 4:06,,0.000260688,1.86E-09,4:06,2,180905,0,
2018-09-05 4:07,,0.000260688,1.86E-09,4:07,2,180905,0,
2018-09-05 4:08,,0.000260688,1.86E-09,4:08,2,180905,0,
2018-09-05 4:09,,0.000260688,1.86E-09,4:09,2,180905,0,
2018-09-05 4:10,,0.000260688,1.86E-09,4:10,2,180905,0,
2018-09-05 4:11,,0.000260688,1.86E-09,4:11,2,180905,0,
2018-09-05 4:12,,0.000260688,1.86E-09,4:12,2,180905,0,
2018-09-05 4:13,,0.000260688,1.86E-09,4:13,2,180905,0,
2018-09-05 4:14,,0.000260688,1.86E-09,4:14,2,180905,0,
2018-09-05 4:15,,0.000260688,1.86E-09,4:15,2,180905,0,
2018-09-05 4:16,,0.000260688,1.86E-09,4:16,2,180905,0,
2018-09-05 4:17,,0.000260688,1.86E-09,4:17,2,180905,0,
2018-09-05 4:18,,0.000260688,1.86E-09,4:18,2,180905,0,
2018-09-05 4:19,,0.000260688,1.86E-09,4:19,2,180905,0,
2018-09-05 4:20,,0.000260688,1.86E-09,4:20,2,180905,0,
2018-09-05 4:21,,0.000260688,1.86E-09,4:21,2,180905,0,
2018-09-05 4:22,,0.000260688,1.86E-09,4:22,2,180905,0,
2018-09-05 4:23,,0.000260688,1.86E-09,4:23,2,180905,0,
2018-09-05 4:24,,0.000260688,1.86E-09,4:24,2,180905,0,
2018-09-05 4:25,,0.000260688,1.86E-09,4:25,2,180905,0,
2018-09-05 4:26,,0.000260688,1.86E-09,4:26,2,180905,0,
2018-09-05 4:27,,0.000260688,1.86E-09,4:27,2,180905,0,
2018-09-05 4:28,,0.000260688,1.86E-09,4:28,2,180905,0,
2018-09-05 4:29,,0.000260688,1.86E-09,4:29,2,180905,0,
2018-09-05 4:30,,0.000260688,1.86E-09,4:30,2,180905,0,
2018-09-05 4:31,,0.000260688,1.86E-09,4:31,2,180905,0,
2018-09-05 4:32,,0.000260688,1.86E-09,4:32,2,180905,0,
2018-09-05 4:33,,0.000260688,1.86E-09,4:33,2,180905,0,
2018-09-05 4:34,,0.000260688,1.86E-09,4:34,2,180905,0,
2018-09-05 4:35,,0.000260688,1.86E-09,4:35,2,180905,0,
2018-09-05 4:36,,0.000260688,1.86E-09,4:36,2,180905,0,
2018-09-05 4:37,,0.000260688,1.86E-09,4:37,2,180905,0,
2018-09-05 4:38,,0.000260688,1.86E-09,4:38,2,180905,0,
2018-09-05 4:39,,0.000260688,1.86E-09,4:39,2,180905,0,
2018-09-05 4:40,,0.000260688,1.86E-09,4:40,2,180905,0,
2018-09-05 4:41,,0.000260688,1.86E-09,4:41,2,180905,0,
2018-09-05 4:42,,0.000260688,1.86E-09,4:42,2,180905,0,
2018-09-05 4:43,,0.000260688,1.86E-09,4:43,2,180905,0,
2018-09-05 4:44,,0.000260688,1.86E-09,4:44,2,180905,0,
2018-09-05 4:45,,0.000260688,1.86E-09,4:45,2,180905,0,
2018-09-05 4:46,,0.000260688,1.86E-09,4:46,2,180905,0,
2018-09-05 4:47,,0.000260688,1.86E-09,4:47,2,180905,0,
2018-09-05 4:48,,0.000260688,1.86E-09,4:48,2,180905,0,
2018-09-05 4:49,,0.000260688,1.86E-09,4:49,2,180905,0,
2018-09-05 4:50,,0.000260688,1.86E-09,4:50,2,180905,0,
2018-09-05 4:51,,0.000260688,1.86E-09,4:51,2,180905,0,
2018-09-05 4:52,,0.000260688,1.86E-09,4:52,2,180905,0,
2018-09-05 4:53,,0.000260688,1.86E-09,4:53,2,180905,0,
2018-09-05 4:54,,0.000260688,1.86E-09,4:54,2,180905,0,
2018-09-05 4:55,,0.000260688,1.86E-09,4:55,2,180905,0,
2018-09-05 4:56,,0.000260688,1.86E-09,4:56,2,180905,0,
2018-09-05 4:57,,0.000260688,1.86E-09,4:57,2,180905,0,
2018-09-05 4:58,,0.000260688,1.86E-09,4:58,2,180905,0,
2018-09-05 4:59,,0.000260688,1.86E-09,4:59,2,180905,0,
2018-09-05 5:00,,0.000260688,1.86E-09,5:00,2,180905,0,
2018-09-05 5:01,,0.000260688,1.86E-09,5:01,2,180905,0,
2018-09-05 5:02,,0.000260688,1.86E-09,5:02,2,180905,0,
2018-09-05 5:03,,0.000260688,1.86E-09,5:03,2,180905,0,
2018-09-05 5:04,,0.000260688,1.86E-09,5:04,2,180905,0,
2018-09-05 5:05,,0.000260688,1.86E-09,5:05,2,180905,0,
2018-09-05 5:06,,0.000260688,1.86E-09,5:06,2,180905,0,
2018-09-05 5:07,,0.000260688,1.86E-09,5:07,2,180905,0,
2018-09-05 5:08,,0.000260688,1.86E-09,5:08,2,180905,0,
2018-09-05 5:09,,0.000260688,1.86E-09,5:09,2,180905,0,
2018-09-05 5:10,,0.000260688,1.86E-09,5:10,2,180905,0,
2018-09-05 5:11,,0.000260688,1.86E-09,5:11,2,180905,0,
2018-09-05 5:12,,0.000260688,1.86E-09,5:12,2,180905,0,
2018-09-05 5:13,,0.000260688,1.86E-09,5:13,2,180905,0,
2018-09-05 5:14,,0.000260688,1.86E-09,5:14,2,180905,0,
2018-09-05 5:15,,0.000260688,1.86E-09,5:15,2,180905,0,
2018-09-05 5:16,,0.000260688,1.86E-09,5:16,2,180905,0,
2018-09-05 5:17,,0.000260688,1.86E-09,5:17,2,180905,0,
2018-09-05 5:18,,0.000260688,1.86E-09,5:18,2,180905,0,
2018-09-05 5:19,,0.000260688,1.86E-09,5:19,2,180905,0,
2018-09-05 5:20,,0.000260688,1.86E-09,5:20,2,180905,0,
2018-09-05 5:21,,0.000260688,1.86E-09,5:21,2,180905,0,
2018-09-05 5:22,,0.000260688,1.86E-09,5:22,2,180905,0,
2018-09-05 5:23,,0.000260688,1.86E-09,5:23,2,180905,0,
2018-09-05 5:24,,0.000260688,1.86E-09,5:24,2,180905,0,
2018-09-05 5:25,,0.000260688,1.86E-09,5:25,2,180905,0,
2018-09-05 5:26,,0.000260688,1.86E-09,5:26,2,180905,0,
2018-09-05 5:27,,0.000260688,1.86E-09,5:27,2,180905,0,
2018-09-05 5:28,,0.000260688,1.86E-09,5:28,2,180905,0,
2018-09-05 5:29,,0.000260688,1.86E-09,5:29,2,180905,0,
2018-09-05 5:30,,0.000260688,1.86E-09,5:30,2,180905,0,
2018-09-05 5:31,,0.000260688,1.86E-09,5:31,2,180905,0,
2018-09-05 5:32,,0.000260688,1.86E-09,5:32,2,180905,0,
2018-09-05 5:33,,0.000260688,1.86E-09,5:33,2,180905,0,
2018-09-05 5:34,,0.000260688,1.86E-09,5:34,2,180905,0,
2018-09-05 5:35,,0.000260688,1.86E-09,5:35,2,180905,0,
2018-09-05 5:36,,0.000260688,1.86E-09,5:36,2,180905,0,
2018-09-05 5:37,,0.000260688,1.86E-09,5:37,2,180905,0,
2018-09-05 5:38,,0.000260688,1.86E-09,5:38,2,180905,0,
2018-09-05 5:39,,0.000260688,1.86E-09,5:39,2,180905,0,
2018-09-05 5:40,,0.000260688,1.86E-09,5:40,2,180905,0,
2018-09-05 5:41,,0.000260688,1.86E-09,5:41,2,180905,0,
2018-09-05 5:42,,0.000260688,1.86E-09,5:42,2,180905,0,
2018-09-05 5:43,,0.000260688,1.86E-09,5:43,2,180905,0,
2018-09-05 5:44,,0.000260688,1.86E-09,5:44,2,180905,0,
2018-09-05 5:45,,0.000260688,1.86E-09,5:45,2,180905,0,
2018-09-05 5:46,,0.000260688,1.86E-09,5:46,2,180905,0,
2018-09-05 5:47,,0.000260688,1.86E-09,5:47,2,180905,0,
2018-09-05 5:48,,0.000260688,1.86E-09,5:48,2,180905,0,
2018-09-05 5:49,,0.000260688,1.86E-09,5:49,2,180905,0,
2018-09-05 5:50,,0.000260688,1.86E-09,5:50,2,180905,0,
2018-09-05 5:51,,0.000260688,1.86E-09,5:51,2,180905,0,
2018-09-05 5:52,,0.000260688,1.86E-09,5:52,2,180905,0,
2018-09-05 5:53,,0.000260688,1.86E-09,5:53,2,180905,0,
2018-09-05 5:54,,0.000260688,1.86E-09,5:54,2,180905,0,
2018-09-05 5:55,,0.000260688,1.86E-09,5:55,2,180905,0,
2018-09-05 5:56,,0.000260688,1.86E-09,5:56,2,180905,0,
2018-09-05 5:57,,0.000260688,1.86E-09,5:57,2,180905,0,
2018-09-05 5:58,,0.000260688,1.86E-09,5:58,2,180905,0,
2018-09-05 5:59,,0.000260688,1.86E-09,5:59,2,180905,0,
2018-09-05 6:00,,0.000260688,1.86E-09,6:00,2,180905,0,
2018-09-05 6:01,,0.000260688,1.86E-09,6:01,2,180905,0,
2018-09-05 6:02,,0.000260688,1.86E-09,6:02,2,180905,0,
2018-09-05 6:03,,0.000260688,1.86E-09,6:03,2,180905,0,
2018-09-05 6:04,,0.000260688,1.86E-09,6:04,2,180905,0,
2018-09-05 6:05,,0.000260688,1.86E-09,6:05,2,180905,0,
2018-09-05 6:06,,0.000260688,1.86E-09,6:06,2,180905,0,
2018-09-05 6:07,,0.000260688,1.86E-09,6:07,2,180905,0,
2018-09-05 6:08,,0.000260688,1.86E-09,6:08,2,180905,0,
2018-09-05 6:09,,0.000260688,1.86E-09,6:09,2,180905,0,
2018-09-05 6:10,,0.000260688,1.86E-09,6:10,2,180905,0,
2018-09-05 6:11,,0.000260688,1.86E-09,6:11,2,180905,0,
2018-09-05 6:12,,0.000260688,1.86E-09,6:12,2,180905,0,
2018-09-05 6:13,,0.000260688,1.86E-09,6:13,2,180905,0,
2018-09-05 6:14,,0.000260688,1.86E-09,6:14,2,180905,0,
2018-09-05 6:15,,0.000260688,1.86E-09,6:15,2,180905,0,
2018-09-05 6:16,,0.000260688,1.86E-09,6:16,2,180905,0,
2018-09-05 6:17,,0.000260688,1.86E-09,6:17,2,180905,0,
2018-09-05 6:18,,0.000260688,1.86E-09,6:18,2,180905,0,
2018-09-05 6:19,,0.000260688,1.86E-09,6:19,2,180905,0,
2018-09-05 6:20,,0.000260688,1.86E-09,6:20,2,180905,0,
2018-09-05 6:21,,0.000260688,1.86E-09,6:21,2,180905,0,
2018-09-05 6:22,,0.000260688,1.86E-09,6:22,2,180905,0,
2018-09-05 6:23,,0.000260688,1.86E-09,6:23,2,180905,0,
2018-09-05 6:24,,0.000260688,1.86E-09,6:24,2,180905,0,
2018-09-05 6:25,,0.000260688,1.86E-09,6:25,2,180905,0,
2018-09-05 6:26,,0.000260688,1.86E-09,6:26,2,180905,0,
2018-09-05 6:27,,0.000260688,1.86E-09,6:27,2,180905,0,
2018-09-05 6:28,,0.000260688,1.86E-09,6:28,2,180905,0,
2018-09-05 6:29,,0.000260688,1.86E-09,6:29,2,180905,0,
2018-09-05 6:30,,0.000260688,1.86E-09,6:30,2,180905,0,
2018-09-05 6:31,,0.000260688,1.86E-09,6:31,2,180905,0,
2018-09-05 6:32,,0.000260688,1.86E-09,6:32,2,180905,0,
2018-09-05 6:33,,0.000260688,1.86E-09,6:33,2,180905,0,
2018-09-05 6:34,,0.000260688,1.86E-09,6:34,2,180905,0,
2018-09-05 6:35,,0.000260688,1.86E-09,6:35,2,180905,0,
2018-09-05 6:36,,0.000260688,1.86E-09,6:36,2,180905,0,
2018-09-05 6:37,,0.000260688,1.86E-09,6:37,2,180905,0,
2018-09-05 6:38,,0.000260688,1.86E-09,6:38,2,180905,0,
2018-09-05 6:39,,0.000260688,1.86E-09,6:39,2,180905,0,
2018-09-05 6:40,,0.000260688,1.86E-09,6:40,2,180905,0,
2018-09-05 6:41,,0.000260688,1.86E-09,6:41,2,180905,0,
2018-09-05 6:42,,0.000260688,1.86E-09,6:42,2,180905,0,
2018-09-05 6:43,,0.000260688,1.86E-09,6:43,2,180905,0,
2018-09-05 6:44,,0.000260688,1.86E-09,6:44,2,180905,0,
2018-09-05 6:45,,0.000260688,1.86E-09,6:45,2,180905,0,
2018-09-05 6:46,,0.000260688,1.86E-09,6:46,2,180905,0,
2018-09-05 6:47,,0.000260688,1.86E-09,6:47,2,180905,0,
2018-09-05 6:48,,0.000260688,1.86E-09,6:48,2,180905,0,
2018-09-05 6:49,,0.000260688,1.86E-09,6:49,2,180905,0,
2018-09-05 6:50,,0.000260688,1.86E-09,6:50,2,180905,0,
2018-09-05 6:51,,0.000260688,1.86E-09,6:51,2,180905,0,
2018-09-05 6:52,,0.000260688,1.86E-09,6:52,2,180905,0,
2018-09-05 6:53,,0.000260688,1.86E-09,6:53,2,180905,0,
2018-09-05 6:54,,0.000260688,1.86E-09,6:54,2,180905,0,
2018-09-05 6:55,,0.000260688,1.86E-09,6:55,2,180905,0,
2018-09-05 6:56,,0.000260688,1.86E-09,6:56,2,180905,0,
2018-09-05 6:57,,0.000260688,1.86E-09,6:57,2,180905,0,
2018-09-05 6:58,,0.000260688,1.86E-09,6:58,2,180905,0,
2018-09-05 6:59,,0.000260688,1.86E-09,6:59,2,180905,0,
2018-09-05 7:00,,0.000260688,1.86E-09,7:00,2,180905,0,
2018-09-05 7:01,,0.000260688,1.86E-09,7:01,2,180905,0,
2018-09-05 7:02,,0.000260688,1.86E-09,7:02,2,180905,0,
2018-09-05 7:03,,0.000260688,1.86E-09,7:03,2,180905,0,
2018-09-05 7:04,,0.000260688,1.86E-09,7:04,2,180905,0,
2018-09-05 7:05,,0.000260688,1.86E-09,7:05,2,180905,0,
2018-09-05 7:06,,0.000260688,1.86E-09,7:06,2,180905,0,
2018-09-05 7:07,,0.000260688,1.86E-09,7:07,2,180905,0,
2018-09-05 7:08,,0.000260688,1.86E-09,7:08,2,180905,0,
2018-09-05 7:09,,0.000260688,1.86E-09,7:09,2,180905,0,
2018-09-05 7:10,,0.000260688,1.86E-09,7:10,2,180905,0,
2018-09-05 7:11,,0.000260688,1.86E-09,7:11,2,180905,0,
2018-09-05 7:12,,0.000260688,1.86E-09,7:12,2,180905,0,
2018-09-05 7:13,,0.000260688,1.86E-09,7:13,2,180905,0,
2018-09-05 7:14,,0.000260688,1.86E-09,7:14,2,180905,0,
2018-09-05 7:15,,0.000260688,1.86E-09,7:15,2,180905,0,
2018-09-05 7:16,,0.000260688,1.86E-09,7:16,2,180905,0,
2018-09-05 7:17,,0.000260688,1.86E-09,7:17,2,180905,0,
2018-09-05 7:18,,0.000260688,1.86E-09,7:18,2,180905,0,
2018-09-05 7:19,,0.000260688,1.86E-09,7:19,2,180905,0,
2018-09-05 7:20,,0.000260688,1.86E-09,7:20,2,180905,0,
2018-09-05 7:21,,0.000260688,1.86E-09,7:21,2,180905,0,
2018-09-05 7:22,,0.000260688,1.86E-09,7:22,2,180905,0,
2018-09-05 7:23,,0.000260688,1.86E-09,7:23,2,180905,0,
2018-09-05 7:24,,0.000260688,1.86E-09,7:24,2,180905,0,
2018-09-05 7:25,,0.000260688,1.86E-09,7:25,2,180905,0,
2018-09-05 7:26,,0.000260688,1.86E-09,7:26,2,180905,0,
2018-09-05 7:27,,0.000260688,1.86E-09,7:27,2,180905,0,
2018-09-05 7:28,,0.000260688,1.86E-09,7:28,2,180905,0,
2018-09-05 7:29,,0.000260688,1.86E-09,7:29,2,180905,0,
2018-09-05 7:30,,0.000260688,1.86E-09,7:30,2,180905,0,
2018-09-05 7:31,,0.000260688,1.86E-09,7:31,2,180905,0,
2018-09-05 7:32,,0.000260688,1.86E-09,7:32,2,180905,0,
2018-09-05 7:33,,0.000260688,1.86E-09,7:33,2,180905,0,
2018-09-05 7:34,,0.000260688,1.86E-09,7:34,2,180905,0,
2018-09-05 7:35,,0.000260688,1.86E-09,7:35,2,180905,0,
2018-09-05 7:36,,0.000260688,1.86E-09,7:36,2,180905,0,
2018-09-05 7:37,,0.000260688,1.86E-09,7:37,2,180905,0,
2018-09-05 7:38,,0.000260688,1.86E-09,7:38,2,180905,0,
2018-09-05 7:39,,0.000260688,1.86E-09,7:39,2,180905,0,
2018-09-05 7:40,,0.000260688,1.86E-09,7:40,2,180905,0,
2018-09-05 7:41,,0.000260688,1.86E-09,7:41,2,180905,0,
2018-09-05 7:42,,0.000260688,1.86E-09,7:42,2,180905,0,
2018-09-05 7:43,,0.000260688,1.86E-09,7:43,2,180905,0,
2018-09-05 7:44,,0.000260688,1.86E-09,7:44,2,180905,0,
2018-09-05 7:45,,0.000260688,1.86E-09,7:45,2,180905,0,
2018-09-05 7:46,,0.000260688,1.86E-09,7:46,2,180905,0,
2018-09-05 7:47,,0.000260688,1.86E-09,7:47,2,180905,0,
2018-09-05 7:48,,0.000260688,1.86E-09,7:48,2,180905,0,
2018-09-05 7:49,,0.000260688,1.86E-09,7:49,2,180905,0,
2018-09-05 7:50,,0.000260688,1.86E-09,7:50,2,180905,0,
2018-09-05 7:51,,0.000260688,1.86E-09,7:51,2,180905,0,
2018-09-05 7:52,,0.000260688,1.86E-09,7:52,2,180905,0,
2018-09-05 7:53,,0.000260688,1.86E-09,7:53,2,180905,0,
2018-09-05 7:54,,0.000260688,1.86E-09,7:54,2,180905,0,
2018-09-05 7:55,,0.000260688,1.86E-09,7:55,2,180905,0,
2018-09-05 7:56,,0.000260688,1.86E-09,7:56,2,180905,0,
2018-09-05 7:57,,0.000260688,1.86E-09,7:57,2,180905,0,
2018-09-05 7:58,,0.000260688,1.86E-09,7:58,2,180905,0,
2018-09-05 7:59,,0.000260688,1.86E-09,7:59,2,180905,0,
2018-09-05 8:00,,0.000260688,1.86E-09,8:00,2,180905,0,
2018-09-05 8:01,,0.000260688,1.86E-09,8:01,2,180905,0,
2018-09-05 8:02,,0.000260688,1.86E-09,8:02,2,180905,0,
2018-09-05 8:03,,0.000260688,1.86E-09,8:03,2,180905,0,
2018-09-05 8:04,,0.000260688,1.86E-09,8:04,2,180905,0,
2018-09-05 8:05,,0.000260688,1.86E-09,8:05,2,180905,0,
2018-09-05 8:06,,0.000260688,1.86E-09,8:06,2,180905,0,
2018-09-05 8:07,,0.000260688,1.86E-09,8:07,2,180905,0,
2018-09-05 8:08,,0.000260688,1.86E-09,8:08,2,180905,0,
2018-09-05 8:09,,0.000260688,1.86E-09,8:09,2,180905,0,
2018-09-05 8:10,,0.000260688,1.86E-09,8:10,2,180905,0,
2018-09-05 8:11,,0.000260688,1.86E-09,8:11,2,180905,0,
2018-09-05 8:12,,0.000260688,1.86E-09,8:12,2,180905,0,
2018-09-05 8:13,,0.000260688,1.86E-09,8:13,2,180905,0,
2018-09-05 8:14,,0.000260688,1.86E-09,8:14,2,180905,0,
2018-09-05 8:15,,0.000260688,1.86E-09,8:15,2,180905,0,
2018-09-05 8:16,,0.000260688,1.86E-09,8:16,2,180905,0,
2018-09-05 8:17,,0.000260688,1.86E-09,8:17,2,180905,0,
2018-09-05 8:18,,0.000260688,1.86E-09,8:18,2,180905,0,
2018-09-05 8:19,,0.000260688,1.86E-09,8:19,2,180905,0,
2018-09-05 8:20,,0.000260688,1.86E-09,8:20,2,180905,0,
2018-09-05 8:21,,0.000260688,1.86E-09,8:21,2,180905,0,
2018-09-05 8:22,,0.000260688,1.86E-09,8:22,2,180905,0,
2018-09-05 8:23,,0.000260688,1.86E-09,8:23,2,180905,0,
2018-09-05 8:24,,0.000260688,1.86E-09,8:24,2,180905,0,
2018-09-05 8:25,,0.000260688,1.86E-09,8:25,2,180905,0,
2018-09-05 8:26,,0.000260688,1.86E-09,8:26,2,180905,0,
2018-09-05 8:27,,0.000260688,1.86E-09,8:27,2,180905,0,
2018-09-05 8:28,,0.000260688,1.86E-09,8:28,2,180905,0,
2018-09-05 8:29,,0.000260688,1.86E-09,8:29,2,180905,0,
2018-09-05 8:30,,0.000260688,1.86E-09,8:30,2,180905,0,
2018-09-05 8:31,,0.000260688,1.86E-09,8:31,2,180905,0,
2018-09-05 8:32,,0.000260688,1.86E-09,8:32,2,180905,0,
2018-09-05 8:33,,0.000260688,1.86E-09,8:33,2,180905,0,
2018-09-05 8:34,,0.000260688,1.86E-09,8:34,2,180905,0,
2018-09-05 8:35,,0.000260688,1.86E-09,8:35,2,180905,0,
2018-09-05 8:36,,0.000260688,1.86E-09,8:36,2,180905,0,
2018-09-05 8:37,,0.000260688,1.86E-09,8:37,2,180905,0,
2018-09-05 8:38,,0.000260688,1.86E-09,8:38,2,180905,0,
2018-09-05 8:39,,0.000260688,1.86E-09,8:39,2,180905,0,
2018-09-05 8:40,,0.000260688,1.86E-09,8:40,2,180905,0,
2018-09-05 8:41,,0.000260688,1.86E-09,8:41,2,180905,0,
2018-09-05 8:42,,0.000260688,1.86E-09,8:42,2,180905,0,
2018-09-05 8:43,,0.000260688,1.86E-09,8:43,2,180905,0,
2018-09-05 8:44,,0.000260688,1.86E-09,8:44,2,180905,0,
2018-09-05 8:45,,0.000260688,1.86E-09,8:45,2,180905,0,
2018-09-05 8:46,,0.000260688,1.86E-09,8:46,2,180905,0,
2018-09-05 8:47,,0.000260688,1.86E-09,8:47,2,180905,0,
2018-09-05 8:48,,0.000260688,1.86E-09,8:48,2,180905,0,
2018-09-05 8:49,,0.000260688,1.86E-09,8:49,2,180905,0,
2018-09-05 8:50,,0.000260688,1.86E-09,8:50,2,180905,0,
2018-09-05 8:51,,0.000260688,1.86E-09,8:51,2,180905,0,
2018-09-05 8:52,,0.000260688,1.86E-09,8:52,2,180905,0,
2018-09-05 8:53,,0.000260688,1.86E-09,8:53,2,180905,0,
2018-09-05 8:54,,0.000260688,1.86E-09,8:54,2,180905,0,
2018-09-05 8:55,,0.000260688,1.86E-09,8:55,2,180905,0,
2018-09-05 8:56,,0.000260688,1.86E-09,8:56,2,180905,0,
2018-09-05 8:57,,0.000260688,1.86E-09,8:57,2,180905,0,
2018-09-05 8:58,,0.000260688,1.86E-09,8:58,2,180905,0,
2018-09-05 8:59,,0.000260688,1.86E-09,8:59,2,180905,0,
2018-09-05 9:00,,0.000260688,1.86E-09,9:00,2,180905,0,
2018-09-05 9:01,,0.000260688,1.86E-09,9:01,2,180905,0,
2018-09-05 9:02,,0.000260688,1.86E-09,9:02,2,180905,0,
2018-09-05 9:03,,0.000260688,1.86E-09,9:03,2,180905,0,
2018-09-05 9:04,,0.000260688,1.86E-09,9:04,2,180905,0,
2018-09-05 9:05,,0.000260688,1.86E-09,9:05,2,180905,0,
2018-09-05 9:06,,0.000260688,1.86E-09,9:06,2,180905,0,
2018-09-05 9:07,,0.000260688,1.86E-09,9:07,2,180905,0,
2018-09-05 9:08,,0.000260688,1.86E-09,9:08,2,180905,0,
2018-09-05 9:09,,0.000260688,1.86E-09,9:09,2,180905,0,
2018-09-05 9:10,,0.000260688,1.86E-09,9:10,2,180905,0,
2018-09-05 9:11,,0.000260688,1.86E-09,9:11,2,180905,0,
2018-09-05 9:12,,0.000260688,1.86E-09,9:12,2,180905,0,
2018-09-05 9:13,,0.000260688,1.86E-09,9:13,2,180905,0,
2018-09-05 9:14,,0.000260688,1.86E-09,9:14,2,180905,0,
2018-09-05 9:15,,0.000260688,1.86E-09,9:15,2,180905,0,
2018-09-05 9:16,,0.000260688,1.86E-09,9:16,2,180905,0,
2018-09-05 9:17,,0.000260688,1.86E-09,9:17,2,180905,0,
2018-09-05 9:18,,0.000260688,1.86E-09,9:18,2,180905,0,
2018-09-05 9:19,,0.000260688,1.86E-09,9:19,2,180905,0,
2018-09-05 9:20,,0.000260688,1.86E-09,9:20,2,180905,0,
2018-09-05 9:21,,0.000260688,1.86E-09,9:21,2,180905,0,
2018-09-05 9:22,,0.000260688,1.86E-09,9:22,2,180905,0,
2018-09-05 9:23,,0.000260688,1.86E-09,9:23,2,180905,0,
2018-09-05 9:24,,0.000260688,1.86E-09,9:24,2,180905,0,
2018-09-05 9:25,,0.000260688,1.86E-09,9:25,2,180905,0,
2018-09-05 9:26,,0.000260688,1.86E-09,9:26,2,180905,0,
2018-09-05 9:27,,0.000260688,1.86E-09,9:27,2,180905,0,
2018-09-05 9:28,,0.000260688,1.86E-09,9:28,2,180905,0,
2018-09-05 9:29,,0.000260688,1.86E-09,9:29,2,180905,0,
2018-09-05 9:30,,0.000260688,1.86E-09,9:30,2,180905,0,
2018-09-05 9:31,,0.000260688,1.86E-09,9:31,2,180905,0,
2018-09-05 9:32,,0.000260688,1.86E-09,9:32,2,180905,0,
2018-09-05 9:33,,0.000260688,1.86E-09,9:33,2,180905,0,
2018-09-05 9:34,,0.000260688,1.86E-09,9:34,2,180905,0,
2018-09-05 9:35,,0.000260688,1.86E-09,9:35,2,180905,0,
2018-09-05 9:36,,0.000260688,1.86E-09,9:36,2,180905,0,
2018-09-05 9:37,,0.000260688,1.86E-09,9:37,2,180905,0,
2018-09-05 9:38,,0.000260688,1.86E-09,9:38,2,180905,0,
2018-09-05 9:39,,0.000260688,1.86E-09,9:39,2,180905,0,
2018-09-05 9:40,,0.000260688,1.86E-09,9:40,2,180905,0,
2018-09-05 9:41,,0.000260688,1.86E-09,9:41,2,180905,0,
2018-09-05 9:42,,0.000260688,1.86E-09,9:42,2,180905,0,
2018-09-05 9:43,,0.000260688,1.86E-09,9:43,2,180905,0,
2018-09-05 9:44,,0.000260688,1.86E-09,9:44,2,180905,0,
2018-09-05 9:45,,0.000260688,1.86E-09,9:45,2,180905,0,
2018-09-05 9:46,,0.000260688,1.86E-09,9:46,2,180905,0,
2018-09-05 9:47,,0.000260688,1.86E-09,9:47,2,180905,0,
2018-09-05 9:48,,0.000260688,1.86E-09,9:48,2,180905,0,
2018-09-05 9:49,,0.000260688,1.86E-09,9:49,2,180905,0,
2018-09-05 9:50,,0.000260688,1.86E-09,9:50,2,180905,0,
2018-09-05 9:51,,0.000260688,1.86E-09,9:51,2,180905,0,
2018-09-05 9:52,,0.000260688,1.86E-09,9:52,2,180905,0,
2018-09-05 9:53,,0.000260688,1.86E-09,9:53,2,180905,0,
2018-09-05 9:54,,0.000260688,1.86E-09,9:54,2,180905,0,
2018-09-05 9:55,,0.000260688,1.86E-09,9:55,2,180905,0,
2018-09-05 9:56,,0.000260688,1.86E-09,9:56,2,180905,0,
2018-09-05 9:57,,0.000260688,1.86E-09,9:57,2,180905,0,
2018-09-05 9:58,,0.000260688,1.86E-09,9:58,2,180905,0,
2018-09-05 9:59,,0.000260688,1.86E-09,9:59,2,180905,0,
2018-09-05 10:00,,0.000260688,1.86E-09,10:00,2,180905,0,
2018-09-05 10:01,,0.000260688,1.86E-09,10:01,2,180905,0,
2018-09-05 10:02,,0.000260688,1.86E-09,10:02,2,180905,0,
2018-09-05 10:03,,0.000260688,1.86E-09,10:03,2,180905,0,
2018-09-05 10:04,,0.000260688,1.86E-09,10:04,2,180905,0,
2018-09-05 10:05,,0.000260688,1.86E-09,10:05,2,180905,0,
2018-09-05 10:06,,0.000260688,1.86E-09,10:06,2,180905,0,
2018-09-05 10:07,,0.000260688,1.86E-09,10:07,2,180905,0,
2018-09-05 10:08,,0.000260688,1.86E-09,10:08,2,180905,0,
2018-09-05 10:09,,0.000260688,1.86E-09,10:09,2,180905,0,
2018-09-05 10:10,,0.000260688,1.86E-09,10:10,2,180905,0,
2018-09-05 10:11,,0.000260688,1.86E-09,10:11,2,180905,0,
2018-09-05 10:12,,0.000260688,1.86E-09,10:12,2,180905,0,
2018-09-05 10:13,,0.000260688,1.86E-09,10:13,2,180905,0,
2018-09-05 10:14,,0.000260688,1.86E-09,10:14,2,180905,0,
2018-09-05 10:15,,0.000260688,1.86E-09,10:15,2,180905,0,
2018-09-05 10:16,,0.000260688,1.86E-09,10:16,2,180905,0,
2018-09-05 10:17,,0.000260688,1.86E-09,10:17,2,180905,0,
2018-09-05 10:18,,0.000260688,1.86E-09,10:18,2,180905,0,
2018-09-05 10:19,,0.000260688,1.86E-09,10:19,2,180905,0,
2018-09-05 10:20,,0.000260688,1.86E-09,10:20,2,180905,0,
2018-09-05 10:21,,0.000260688,1.86E-09,10:21,2,180905,0,
2018-09-05 10:22,,0.000260688,1.86E-09,10:22,2,180905,0,
2018-09-05 10:23,,0.000260688,1.86E-09,10:23,2,180905,0,
2018-09-05 10:24,,0.000260688,1.86E-09,10:24,2,180905,0,
2018-09-05 10:25,,0.000260688,1.86E-09,10:25,2,180905,0,
2018-09-05 10:26,,0.000260688,1.86E-09,10:26,2,180905,0,
2018-09-05 10:27,,0.000260688,1.86E-09,10:27,2,180905,0,
2018-09-05 10:28,,0.000260688,1.86E-09,10:28,2,180905,0,
2018-09-05 10:29,,0.000260688,1.86E-09,10:29,2,180905,0,
2018-09-05 10:30,,0.000260688,1.86E-09,10:30,2,180905,0,
2018-09-05 10:31,,0.000260688,1.86E-09,10:31,2,180905,0,
2018-09-05 10:32,,0.000260688,1.86E-09,10:32,2,180905,0,
2018-09-05 10:33,,0.000260688,1.86E-09,10:33,2,180905,0,
2018-09-05 10:34,,0.000260688,1.86E-09,10:34,2,180905,0,
2018-09-05 10:35,,0.000260688,1.86E-09,10:35,2,180905,0,
2018-09-05 10:36,,0.000260688,1.86E-09,10:36,2,180905,0,
2018-09-05 10:37,,0.000260688,1.86E-09,10:37,2,180905,0,
2018-09-05 10:38,,0.000260688,1.86E-09,10:38,2,180905,0,
2018-09-05 10:39,,0.000260688,1.86E-09,10:39,2,180905,0,
2018-09-05 10:40,,0.000260688,1.86E-09,10:40,2,180905,0,
2018-09-05 10:41,,0.000260688,1.86E-09,10:41,2,180905,0,
2018-09-05 10:42,,0.000260688,1.86E-09,10:42,2,180905,0,
2018-09-05 10:43,,0.000260688,1.86E-09,10:43,2,180905,0,
2018-09-05 10:44,,0.000260688,1.86E-09,10:44,2,180905,0,
2018-09-05 10:45,,0.000260688,1.86E-09,10:45,2,180905,0,
2018-09-05 10:46,,0.000260688,1.86E-09,10:46,2,180905,0,
2018-09-05 10:47,,0.000260688,1.86E-09,10:47,2,180905,0,
2018-09-05 10:48,,0.000260688,1.86E-09,10:48,2,180905,0,
2018-09-05 10:49,,0.000260688,1.86E-09,10:49,2,180905,0,
2018-09-05 10:50,,0.000260688,1.86E-09,10:50,2,180905,0,
2018-09-05 10:51,,0.000260688,1.86E-09,10:51,2,180905,0,
2018-09-05 10:52,,0.000260688,1.86E-09,10:52,2,180905,0,
2018-09-05 10:53,,0.000260688,1.86E-09,10:53,2,180905,0,
2018-09-05 10:54,,0.000260688,1.86E-09,10:54,2,180905,0,
2018-09-05 10:55,,0.000260688,1.86E-09,10:55,2,180905,0,
2018-09-05 10:56,,0.000260688,1.86E-09,10:56,2,180905,0,
2018-09-05 10:57,,0.000260688,1.86E-09,10:57,2,180905,0,
2018-09-05 10:58,,0.000260688,1.86E-09,10:58,2,180905,0,
2018-09-05 10:59,,0.000260688,1.86E-09,10:59,2,180905,0,
2018-09-05 11:00,,0.000260688,1.86E-09,11:00,2,180905,0,
2018-09-05 11:01,,0.000260688,1.86E-09,11:01,2,180905,0,
2018-09-05 11:02,,0.000260688,1.86E-09,11:02,2,180905,0,
2018-09-05 11:03,,0.000260688,1.86E-09,11:03,2,180905,0,
2018-09-05 11:04,,0.000260688,1.86E-09,11:04,2,180905,0,
2018-09-05 11:05,,0.000260688,1.86E-09,11:05,2,180905,0,
2018-09-05 11:06,,0.000260688,1.86E-09,11:06,2,180905,0,
2018-09-05 11:07,,0.000260688,1.86E-09,11:07,2,180905,0,
2018-09-05 11:08,,0.000260688,1.86E-09,11:08,2,180905,0,
2018-09-05 11:09,,0.000260688,1.86E-09,11:09,2,180905,0,
2018-09-05 11:10,,0.000260688,1.86E-09,11:10,2,180905,0,
2018-09-05 11:11,,0.000260688,1.86E-09,11:11,2,180905,0,
2018-09-05 11:12,,0.000260688,1.86E-09,11:12,2,180905,0,
2018-09-05 11:13,,0.000260688,1.86E-09,11:13,2,180905,0,
2018-09-05 11:14,,0.000260688,1.86E-09,11:14,2,180905,0,
2018-09-05 11:15,,0.000260688,1.86E-09,11:15,2,180905,0,
2018-09-05 11:16,,0.000260688,1.86E-09,11:16,2,180905,0,
2018-09-05 11:17,,0.000260688,1.86E-09,11:17,2,180905,0,
2018-09-05 11:18,,0.000260688,1.86E-09,11:18,2,180905,0,
2018-09-05 11:19,,0.000260688,1.86E-09,11:19,2,180905,0,
2018-09-05 11:20,,0.000260688,1.86E-09,11:20,2,180905,0,
2018-09-05 11:21,,0.000260688,1.86E-09,11:21,2,180905,0,
2018-09-05 11:22,,0.000260688,1.86E-09,11:22,2,180905,0,
2018-09-05 11:23,,0.000260688,1.86E-09,11:23,2,180905,0,
2018-09-05 11:24,,0.000260688,1.86E-09,11:24,2,180905,0,
2018-09-05 11:25,,0.000260688,1.86E-09,11:25,2,180905,0,
2018-09-05 11:26,,0.000260688,1.86E-09,11:26,2,180905,0,
2018-09-05 11:27,,0.000260688,1.86E-09,11:27,2,180905,0,
2018-09-05 11:28,,0.000260688,1.86E-09,11:28,2,180905,0,
2018-09-05 11:29,,0.000260688,1.86E-09,11:29,2,180905,0,
2018-09-05 11:30,,0.000260688,1.86E-09,11:30,2,180905,0,
2018-09-05 11:31,,0.000260688,1.86E-09,11:31,2,180905,0,
2018-09-05 11:32,,0.000260688,1.86E-09,11:32,2,180905,0,
2018-09-05 11:33,,0.000260688,1.86E-09,11:33,2,180905,0,
2018-09-05 11:34,,0.000260688,1.86E-09,11:34,2,180905,0,
2018-09-05 11:35,,0.000260688,1.86E-09,11:35,2,180905,0,
2018-09-05 11:36,,0.000260688,1.86E-09,11:36,2,180905,0,
2018-09-05 11:37,,0.000260688,1.86E-09,11:37,2,180905,0,
2018-09-05 11:38,,0.000260688,1.86E-09,11:38,2,180905,0,
2018-09-05 11:39,,0.000260688,1.86E-09,11:39,2,180905,0,
2018-09-05 11:40,,0.000260688,1.86E-09,11:40,2,180905,0,
2018-09-05 11:41,,0.000260688,1.86E-09,11:41,2,180905,0,
2018-09-05 11:42,,0.000260688,1.86E-09,11:42,2,180905,0,
2018-09-05 11:43,,0.000260688,1.86E-09,11:43,2,180905,0,
2018-09-05 11:44,,0.000260688,1.86E-09,11:44,2,180905,0,
2018-09-05 11:45,,0.000260688,1.86E-09,11:45,2,180905,0,
2018-09-05 11:46,,0.000260688,1.86E-09,11:46,2,180905,0,
2018-09-05 11:47,,0.000260688,1.86E-09,11:47,2,180905,0,
2018-09-05 11:48,,0.000260688,1.86E-09,11:48,2,180905,0,
2018-09-05 11:49,,0.000260688,1.86E-09,11:49,2,180905,0,
2018-09-05 11:50,,0.000260688,1.86E-09,11:50,2,180905,0,
2018-09-05 11:51,,0.000260688,1.86E-09,11:51,2,180905,0,
2018-09-05 11:52,,0.000260688,1.86E-09,11:52,2,180905,0,
2018-09-05 11:53,,0.000260688,1.86E-09,11:53,2,180905,0,
2018-09-05 11:54,,0.000260688,1.86E-09,11:54,2,180905,0,
2018-09-05 11:55,,0.000260688,1.86E-09,11:55,2,180905,0,
2018-09-05 11:56,,0.000260688,1.86E-09,11:56,2,180905,0,
2018-09-05 11:57,,0.000260688,1.86E-09,11:57,2,180905,0,
2018-09-05 11:58,,0.000260688,1.86E-09,11:58,2,180905,0,
2018-09-05 11:59,,0.000260688,1.86E-09,11:59,2,180905,0,
2018-09-05 12:00,,0.000260688,1.86E-09,12:00,2,180905,0,
2018-09-05 12:01,,0.000260688,1.86E-09,12:01,2,180905,0,
2018-09-05 12:02,,0.000260688,1.86E-09,12:02,2,180905,0,
2018-09-05 12:03,,0.000260688,1.86E-09,12:03,2,180905,0,
2018-09-05 12:04,,0.000260688,1.86E-09,12:04,2,180905,0,
2018-09-05 12:05,,0.000260688,1.86E-09,12:05,2,180905,0,
2018-09-05 12:06,,0.000260688,1.86E-09,12:06,2,180905,0,
2018-09-05 12:07,,0.000260688,1.86E-09,12:07,2,180905,0,
2018-09-05 12:08,,0.000260688,1.86E-09,12:08,2,180905,0,
2018-09-05 12:09,,0.000260688,1.86E-09,12:09,2,180905,0,
2018-09-05 12:10,,0.000260688,1.86E-09,12:10,2,180905,0,
2018-09-05 12:11,,0.000260688,1.86E-09,12:11,2,180905,0,
2018-09-05 12:12,,0.000260688,1.86E-09,12:12,2,180905,0,
2018-09-05 12:13,,0.000260688,1.86E-09,12:13,2,180905,0,
2018-09-05 12:14,,0.000260688,1.86E-09,12:14,2,180905,0,
2018-09-05 12:15,,0.000260688,1.86E-09,12:15,2,180905,0,
2018-09-05 12:16,,0.000260688,1.86E-09,12:16,2,180905,0,
2018-09-05 12:17,,0.000260688,1.86E-09,12:17,2,180905,0,
2018-09-05 12:18,,0.000260688,1.86E-09,12:18,2,180905,0,
2018-09-05 12:19,,0.000260688,1.86E-09,12:19,2,180905,0,
2018-09-05 12:20,,0.000260688,1.86E-09,12:20,2,180905,0,
2018-09-05 12:21,,0.000260688,1.86E-09,12:21,2,180905,0,
2018-09-05 12:22,,0.000260688,1.86E-09,12:22,2,180905,0,
2018-09-05 12:23,,0.000260688,1.86E-09,12:23,2,180905,0,
2018-09-05 12:24,,0.000260688,1.86E-09,12:24,2,180905,0,
2018-09-05 12:25,,0.000260688,1.86E-09,12:25,2,180905,0,
2018-09-05 12:26,,0.000260688,1.86E-09,12:26,2,180905,0,
2018-09-05 12:27,,0.000260688,1.86E-09,12:27,2,180905,0,
2018-09-05 12:28,,0.000260688,1.86E-09,12:28,2,180905,0,
2018-09-05 12:29,,0.000260688,1.86E-09,12:29,2,180905,0,
2018-09-05 12:30,,0.000260688,1.86E-09,12:30,2,180905,0,
2018-09-05 12:31,,0.000260688,1.86E-09,12:31,2,180905,0,
2018-09-05 12:32,,0.000260688,1.86E-09,12:32,2,180905,0,
2018-09-05 12:33,,0.000260688,1.86E-09,12:33,2,180905,0,
2018-09-05 12:34,,0.000260688,1.86E-09,12:34,2,180905,0,
2018-09-05 12:35,,0.000260688,1.86E-09,12:35,2,180905,0,
2018-09-05 12:36,,0.000260688,1.86E-09,12:36,2,180905,0,
2018-09-05 12:37,,0.000260688,1.86E-09,12:37,2,180905,0,
2018-09-05 12:38,,0.000260688,1.86E-09,12:38,2,180905,0,
2018-09-05 12:39,,0.000260688,1.86E-09,12:39,2,180905,0,
2018-09-05 12:40,,0.000260688,1.86E-09,12:40,2,180905,0,
2018-09-05 12:41,,0.000260688,1.86E-09,12:41,2,180905,0,
2018-09-05 12:42,,0.000260688,1.86E-09,12:42,2,180905,0,
2018-09-05 12:43,,0.000260688,1.86E-09,12:43,2,180905,0,
2018-09-05 12:44,,0.000260688,1.86E-09,12:44,2,180905,0,
2018-09-05 12:45,,0.000260688,1.86E-09,12:45,2,180905,0,
2018-09-05 12:46,,0.000260688,1.86E-09,12:46,2,180905,0,
2018-09-05 12:47,,0.000260688,1.86E-09,12:47,2,180905,0,
2018-09-05 12:48,,0.000260688,1.86E-09,12:48,2,180905,0,
2018-09-05 12:49,,0.000260688,1.86E-09,12:49,2,180905,0,
2018-09-05 12:50,,0.000260688,1.86E-09,12:50,2,180905,0,
2018-09-05 12:51,,0.000260688,1.86E-09,12:51,2,180905,0,
2018-09-05 12:52,,0.000260688,1.86E-09,12:52,2,180905,0,
2018-09-05 12:53,,0.000260688,1.86E-09,12:53,2,180905,0,
2018-09-05 12:54,,0.000260688,1.86E-09,12:54,2,180905,0,
2018-09-05 12:55,,0.000260688,1.86E-09,12:55,2,180905,0,
2018-09-05 12:56,,0.000260688,1.86E-09,12:56,2,180905,0,
2018-09-05 12:57,,0.000260688,1.86E-09,12:57,2,180905,0,
2018-09-05 12:58,,0.000260688,1.86E-09,12:58,2,180905,0,
2018-09-05 12:59,,0.000260688,1.86E-09,12:59,2,180905,0,
2018-09-05 13:00,,0.000260688,1.86E-09,13:00,2,180905,0,
2018-09-05 13:01,,0.000260688,1.86E-09,13:01,2,180905,0,
2018-09-05 13:02,,0.000260688,1.86E-09,13:02,2,180905,0,
2018-09-05 13:03,,0.000260688,1.86E-09,13:03,2,180905,0,
2018-09-05 13:04,,0.000260688,1.86E-09,13:04,2,180905,0,
2018-09-05 13:05,,0.000260688,1.86E-09,13:05,2,180905,0,
2018-09-05 13:06,,0.000260688,1.86E-09,13:06,2,180905,0,
2018-09-05 13:07,,0.000260688,1.86E-09,13:07,2,180905,0,
2018-09-05 13:08,,0.000260688,1.86E-09,13:08,2,180905,0,
2018-09-05 13:09,,0.000260688,1.86E-09,13:09,2,180905,0,
2018-09-05 13:10,,0.000260688,1.86E-09,13:10,2,180905,0,
2018-09-05 13:11,,0.000260688,1.86E-09,13:11,2,180905,0,
2018-09-05 13:12,,0.000260688,1.86E-09,13:12,2,180905,0,
2018-09-05 13:13,,0.000260688,1.86E-09,13:13,2,180905,0,
2018-09-05 13:14,,0.000260688,1.86E-09,13:14,2,180905,0,
2018-09-05 13:15,,0.000260688,1.86E-09,13:15,2,180905,0,
2018-09-05 13:16,,0.000260688,1.86E-09,13:16,2,180905,0,
2018-09-05 13:17,,0.000260688,1.86E-09,13:17,2,180905,0,
2018-09-05 13:18,,0.000260688,1.86E-09,13:18,2,180905,0,
2018-09-05 13:19,,0.000260688,1.86E-09,13:19,2,180905,0,
2018-09-05 13:20,,0.000260688,1.86E-09,13:20,2,180905,0,
2018-09-05 13:21,,0.000260688,1.86E-09,13:21,2,180905,0,
2018-09-05 13:22,,0.000260688,1.86E-09,13:22,2,180905,0,
2018-09-05 13:23,,0.000260688,1.86E-09,13:23,2,180905,0,
2018-09-05 13:24,,0.000260688,1.86E-09,13:24,2,180905,0,
2018-09-05 13:25,,0.000260688,1.86E-09,13:25,2,180905,0,
2018-09-05 13:26,,0.000260688,1.86E-09,13:26,2,180905,0,
2018-09-05 13:27,,0.000260688,1.86E-09,13:27,2,180905,0,
2018-09-05 13:28,,0.000260688,1.86E-09,13:28,2,180905,0,
2018-09-05 13:29,,0.000260688,1.86E-09,13:29,2,180905,0,
2018-09-05 13:30,,0.000260688,1.86E-09,13:30,2,180905,0,
2018-09-05 13:31,,0.000260688,1.86E-09,13:31,2,180905,0,
2018-09-05 13:32,,0.000260688,1.86E-09,13:32,2,180905,0,
2018-09-05 13:33,,0.000260688,1.86E-09,13:33,2,180905,0,
2018-09-05 13:34,,0.000260688,1.86E-09,13:34,2,180905,0,
2018-09-05 13:35,,0.000260688,1.86E-09,13:35,2,180905,0,
2018-09-05 13:36,,0.000260688,1.86E-09,13:36,2,180905,0,
2018-09-05 13:37,,0.000260688,1.86E-09,13:37,2,180905,0,
2018-09-05 13:38,,0.000260688,1.86E-09,13:38,2,180905,0,
2018-09-05 13:39,,0.000260688,1.86E-09,13:39,2,180905,0,
2018-09-05 13:40,,0.000260688,1.86E-09,13:40,2,180905,0,
2018-09-05 13:41,,0.000260688,1.86E-09,13:41,2,180905,0,
2018-09-05 13:42,,0.000260688,1.86E-09,13:42,2,180905,0,
2018-09-05 13:43,,0.000260688,1.86E-09,13:43,2,180905,0,
2018-09-05 13:44,,0.000260688,1.86E-09,13:44,2,180905,0,
2018-09-05 13:45,,0.000260688,1.86E-09,13:45,2,180905,0,
2018-09-05 13:46,,0.000260688,1.86E-09,13:46,2,180905,0,
2018-09-05 13:47,,0.000260688,1.86E-09,13:47,2,180905,0,
2018-09-05 13:48,,0.000260688,1.86E-09,13:48,2,180905,0,
2018-09-05 13:49,,0.000260688,1.86E-09,13:49,2,180905,0,
2018-09-05 13:50,,0.000260688,1.86E-09,13:50,2,180905,0,
2018-09-05 13:51,,0.000260688,1.86E-09,13:51,2,180905,0,
2018-09-05 13:52,,0.000260688,1.86E-09,13:52,2,180905,0,
2018-09-05 13:53,,0.000260688,1.86E-09,13:53,2,180905,0,
2018-09-05 13:54,,0.000260688,1.86E-09,13:54,2,180905,0,
2018-09-05 13:55,,0.000260688,1.86E-09,13:55,2,180905,0,
2018-09-05 13:56,,0.000260688,1.86E-09,13:56,2,180905,0,
2018-09-05 13:57,,0.000260688,1.86E-09,13:57,2,180905,0,
2018-09-05 13:58,,0.000260688,1.86E-09,13:58,2,180905,0,
2018-09-05 13:59,,0.000260688,1.86E-09,13:59,2,180905,0,
2018-09-05 14:00,,0.000260688,1.86E-09,14:00,2,180905,0,
2018-09-05 14:01,,0.000260688,1.86E-09,14:01,2,180905,0,
2018-09-05 14:02,,0.000260688,1.86E-09,14:02,2,180905,0,
2018-09-05 14:03,,0.000260688,1.86E-09,14:03,2,180905,0,
2018-09-05 14:04,,0.000260688,1.86E-09,14:04,2,180905,0,
2018-09-05 14:05,,0.000260688,1.86E-09,14:05,2,180905,0,
2018-09-05 14:06,,0.000260688,1.86E-09,14:06,2,180905,0,
2018-09-05 14:07,,0.000260688,1.86E-09,14:07,2,180905,0,
2018-09-05 14:08,,0.000260688,1.86E-09,14:08,2,180905,0,
2018-09-05 14:09,,0.000260688,1.86E-09,14:09,2,180905,0,
2018-09-05 14:10,,0.000260688,1.86E-09,14:10,2,180905,0,
2018-09-05 14:11,,0.000260688,1.86E-09,14:11,2,180905,0,
2018-09-05 14:12,,0.000260688,1.86E-09,14:12,2,180905,0,
2018-09-05 14:13,,0.000260688,1.86E-09,14:13,2,180905,0,
2018-09-05 14:14,,0.000260688,1.86E-09,14:14,2,180905,0,
2018-09-05 14:15,,0.000260688,1.86E-09,14:15,2,180905,0,
2018-09-05 14:16,,0.000260688,1.86E-09,14:16,2,180905,0,
2018-09-05 14:17,,0.000260688,1.86E-09,14:17,2,180905,0,
2018-09-05 14:18,,0.000260688,1.86E-09,14:18,2,180905,0,
2018-09-05 14:19,,0.000260688,1.86E-09,14:19,2,180905,0,
2018-09-05 14:20,,0.000260688,1.86E-09,14:20,2,180905,0,
2018-09-05 14:21,,0.000260688,1.86E-09,14:21,2,180905,0,
2018-09-05 14:22,,0.000260688,1.86E-09,14:22,2,180905,0,
2018-09-05 14:23,,0.000260688,1.86E-09,14:23,2,180905,0,
2018-09-05 14:24,,0.000260688,1.86E-09,14:24,2,180905,0,
2018-09-05 14:25,,0.000260688,1.86E-09,14:25,2,180905,0,
2018-09-05 14:26,,0.000260688,1.86E-09,14:26,2,180905,0,
2018-09-05 14:27,,0.000260688,1.86E-09,14:27,2,180905,0,
2018-09-05 14:28,,0.000260688,1.86E-09,14:28,2,180905,0,
2018-09-05 14:29,,0.000260688,1.86E-09,14:29,2,180905,0,
2018-09-05 14:30,,0.000260688,1.86E-09,14:30,2,180905,0,
2018-09-05 14:31,,0.000260688,1.86E-09,14:31,2,180905,0,
2018-09-05 14:32,,0.000260688,1.86E-09,14:32,2,180905,0,
2018-09-05 14:33,,0.000260688,1.86E-09,14:33,2,180905,0,
2018-09-05 14:34,,0.000260688,1.86E-09,14:34,2,180905,0,
2018-09-05 14:35,,0.000260688,1.86E-09,14:35,2,180905,0,
2018-09-05 14:36,,0.000260688,1.86E-09,14:36,2,180905,0,
2018-09-05 14:37,,0.000260688,1.86E-09,14:37,2,180905,0,
2018-09-05 14:38,,0.000260688,1.86E-09,14:38,2,180905,0,
2018-09-05 14:39,,0.000260688,1.86E-09,14:39,2,180905,0,
2018-09-05 14:40,,0.000260688,1.86E-09,14:40,2,180905,0,
2018-09-05 14:41,,0.000260688,1.86E-09,14:41,2,180905,0,
2018-09-05 14:42,,0.000260688,1.86E-09,14:42,2,180905,0,
2018-09-05 14:43,,0.000260688,1.86E-09,14:43,2,180905,0,
2018-09-05 14:44,,0.000260688,1.86E-09,14:44,2,180905,0,
2018-09-05 14:45,,0.000260688,1.86E-09,14:45,2,180905,0,
2018-09-05 14:46,,0.000260688,1.86E-09,14:46,2,180905,0,
2018-09-05 14:47,,0.000260688,1.86E-09,14:47,2,180905,0,
2018-09-05 14:48,,0.000260688,1.86E-09,14:48,2,180905,0,
2018-09-05 14:49,,0.000260688,1.86E-09,14:49,2,180905,0,
2018-09-05 14:50,,0.000260688,1.86E-09,14:50,2,180905,0,
2018-09-05 14:51,,0.000260688,1.86E-09,14:51,2,180905,0,
2018-09-05 14:52,,0.000260688,1.86E-09,14:52,2,180905,0,
2018-09-05 14:53,,0.000260688,1.86E-09,14:53,2,180905,0,
2018-09-05 14:54,,0.000260688,1.86E-09,14:54,2,180905,0,
2018-09-05 14:55,,0.000260688,1.86E-09,14:55,2,180905,0,
2018-09-05 14:56,,0.000260688,1.86E-09,14:56,2,180905,0,
2018-09-05 14:57,,0.000260688,1.86E-09,14:57,2,180905,0,
2018-09-05 14:58,,0.000260688,1.86E-09,14:58,2,180905,0,
2018-09-05 14:59,,0.000260688,1.86E-09,14:59,2,180905,0,
2018-09-05 15:00,,0.000260688,1.86E-09,15:00,2,180905,0,
2018-09-05 15:01,,0.000260688,1.86E-09,15:01,2,180905,0,
2018-09-05 15:02,,0.000260688,1.86E-09,15:02,2,180905,0,
2018-09-05 15:03,,0.000260688,1.86E-09,15:03,2,180905,0,
2018-09-05 15:04,,0.000260688,1.86E-09,15:04,2,180905,0,
2018-09-05 15:05,,0.000260688,1.86E-09,15:05,2,180905,0,
2018-09-05 15:06,,0.000260688,1.86E-09,15:06,2,180905,0,
2018-09-05 15:07,,0.000260688,1.86E-09,15:07,2,180905,0,
2018-09-05 15:08,,0.000260688,1.86E-09,15:08,2,180905,0,
2018-09-05 15:09,,0.000260688,1.86E-09,15:09,2,180905,0,
2018-09-05 15:10,,0.000260688,1.86E-09,15:10,2,180905,0,
2018-09-05 15:11,,0.000260688,1.86E-09,15:11,2,180905,0,
2018-09-05 15:12,,0.000260688,1.86E-09,15:12,2,180905,0,
2018-09-05 15:13,,0.000260688,1.86E-09,15:13,2,180905,0,
2018-09-05 15:14,,0.000260688,1.86E-09,15:14,2,180905,0,
2018-09-05 15:15,,0.000260688,1.86E-09,15:15,2,180905,0,
2018-09-05 15:16,,0.000260688,1.86E-09,15:16,2,180905,0,
2018-09-05 15:17,,0.000260688,1.86E-09,15:17,2,180905,0,
2018-09-05 15:18,,0.000260688,1.86E-09,15:18,2,180905,0,
2018-09-05 15:19,,0.000260688,1.86E-09,15:19,2,180905,0,
2018-09-05 15:20,,0.000260688,1.86E-09,15:20,2,180905,0,
2018-09-05 15:21,,0.000260688,1.86E-09,15:21,2,180905,0,
2018-09-05 15:22,,0.000260688,1.86E-09,15:22,2,180905,0,
2018-09-05 15:23,,0.000260688,1.86E-09,15:23,2,180905,0,
2018-09-05 15:24,,0.000260688,1.86E-09,15:24,2,180905,0,
2018-09-05 15:25,,0.000260688,1.86E-09,15:25,2,180905,0,
2018-09-05 15:26,,0.000260688,1.86E-09,15:26,2,180905,0,
2018-09-05 15:27,,0.000260688,1.86E-09,15:27,2,180905,0,
2018-09-05 15:28,,0.000260688,1.86E-09,15:28,2,180905,0,
2018-09-05 15:29,,0.000260688,1.86E-09,15:29,2,180905,0,
2018-09-05 15:30,,0.000260688,1.86E-09,15:30,2,180905,0,
2018-09-05 15:31,,0.000260688,1.86E-09,15:31,2,180905,0,
2018-09-05 15:32,,0.000260688,1.86E-09,15:32,2,180905,0,
2018-09-05 15:33,,0.000260688,1.86E-09,15:33,2,180905,0,
2018-09-05 15:34,,0.000260688,1.86E-09,15:34,2,180905,0,
2018-09-05 15:35,,0.000260688,1.86E-09,15:35,2,180905,0,
2018-09-05 15:36,,0.000260688,1.86E-09,15:36,2,180905,0,
2018-09-05 15:37,,0.000260688,1.86E-09,15:37,2,180905,0,
2018-09-05 15:38,,0.000260688,1.86E-09,15:38,2,180905,0,
2018-09-05 15:39,,0.000260688,1.86E-09,15:39,2,180905,0,
2018-09-05 15:40,,0.000260688,1.86E-09,15:40,2,180905,0,
2018-09-05 15:41,,0.000260688,1.86E-09,15:41,2,180905,0,
2018-09-05 15:42,,0.000260688,1.86E-09,15:42,2,180905,0,
2018-09-05 15:43,,0.000260688,1.86E-09,15:43,2,180905,0,
2018-09-05 15:44,,0.000260688,1.86E-09,15:44,2,180905,0,
2018-09-05 15:45,,0.000260688,1.86E-09,15:45,2,180905,0,
2018-09-05 15:46,,0.000260688,1.86E-09,15:46,2,180905,0,
2018-09-05 15:47,,0.000260688,1.86E-09,15:47,2,180905,0,
2018-09-05 15:48,,0.000260688,1.86E-09,15:48,2,180905,0,
2018-09-05 15:49,,0.000260688,1.86E-09,15:49,2,180905,0,
2018-09-05 15:50,,0.000260688,1.86E-09,15:50,2,180905,0,
2018-09-05 15:51,,0.000260688,1.86E-09,15:51,2,180905,0,
2018-09-05 15:52,,0.000260688,1.86E-09,15:52,2,180905,0,
2018-09-05 15:53,,0.000260688,1.86E-09,15:53,2,180905,0,
2018-09-05 15:54,,0.000260688,1.86E-09,15:54,2,180905,0,
2018-09-05 15:55,,0.000260688,1.86E-09,15:55,2,180905,0,
2018-09-05 15:56,,0.000260688,1.86E-09,15:56,2,180905,0,
2018-09-05 15:57,,0.000260688,1.86E-09,15:57,2,180905,0,
2018-09-05 15:58,,0.000260688,1.86E-09,15:58,2,180905,0,
2018-09-05 15:59,,0.000260688,1.86E-09,15:59,2,180905,0,
2018-09-05 16:00,,0.000260688,1.86E-09,16:00,2,180905,0,
2018-09-05 16:01,,0.000260688,1.86E-09,16:01,2,180905,0,
2018-09-05 16:02,,0.000260688,1.86E-09,16:02,2,180905,0,
2018-09-05 16:03,,0.000260688,1.86E-09,16:03,2,180905,0,
2018-09-05 16:04,,0.000260688,1.86E-09,16:04,2,180905,0,
2018-09-05 16:05,,0.000260688,1.86E-09,16:05,2,180905,0,
2018-09-05 16:06,,0.000260688,1.86E-09,16:06,2,180905,0,
2018-09-05 16:07,,0.000260688,1.86E-09,16:07,2,180905,0,
2018-09-05 16:08,,0.000260688,1.86E-09,16:08,2,180905,0,
2018-09-05 16:09,,0.000260688,1.86E-09,16:09,2,180905,0,
2018-09-05 16:10,,0.000260688,1.86E-09,16:10,2,180905,0,
2018-09-05 16:11,,0.000260688,1.86E-09,16:11,2,180905,0,
2018-09-05 16:12,,0.000260688,1.86E-09,16:12,2,180905,0,
2018-09-05 16:13,,0.000260688,1.86E-09,16:13,2,180905,0,
2018-09-05 16:14,,0.000260688,1.86E-09,16:14,2,180905,0,
2018-09-05 16:15,,0.000260688,1.86E-09,16:15,2,180905,0,
2018-09-05 16:16,,0.000260688,1.86E-09,16:16,2,180905,0,
2018-09-05 16:17,,0.000260688,1.86E-09,16:17,2,180905,0,
2018-09-05 16:18,,0.000260688,1.86E-09,16:18,2,180905,0,
2018-09-05 16:19,,0.000260688,1.86E-09,16:19,2,180905,0,
2018-09-05 16:20,,0.000260688,1.86E-09,16:20,2,180905,0,
2018-09-05 16:21,,0.000260688,1.86E-09,16:21,2,180905,0,
2018-09-05 16:22,,0.000260688,1.86E-09,16:22,2,180905,0,
2018-09-05 16:23,,0.000260688,1.86E-09,16:23,2,180905,0,
2018-09-05 16:24,,0.000260688,1.86E-09,16:24,2,180905,0,
2018-09-05 16:25,,0.000260688,1.86E-09,16:25,2,180905,0,
2018-09-05 16:26,,0.000260688,1.86E-09,16:26,2,180905,0,
2018-09-05 16:27,,0.000260688,1.86E-09,16:27,2,180905,0,
2018-09-05 16:28,,0.000260688,1.86E-09,16:28,2,180905,0,
2018-09-05 16:29,,0.000260688,1.86E-09,16:29,2,180905,0,
2018-09-05 16:30,,0.000260688,1.86E-09,16:30,2,180905,0,
2018-09-05 16:31,,0.000260688,1.86E-09,16:31,2,180905,0,
2018-09-05 16:32,,0.000260688,1.86E-09,16:32,2,180905,0,
2018-09-05 16:33,,0.000260688,1.86E-09,16:33,2,180905,0,
2018-09-05 16:34,,0.000260688,1.86E-09,16:34,2,180905,0,
2018-09-05 16:35,,0.000260688,1.86E-09,16:35,2,180905,0,
2018-09-05 16:36,,0.000260688,1.86E-09,16:36,2,180905,0,
2018-09-05 16:37,,0.000260688,1.86E-09,16:37,2,180905,0,
2018-09-05 16:38,,0.000260688,1.86E-09,16:38,2,180905,0,
2018-09-05 16:39,,0.000260688,1.86E-09,16:39,2,180905,0,
2018-09-05 16:40,,0.000260688,1.86E-09,16:40,2,180905,0,
2018-09-05 16:41,,0.000260688,1.86E-09,16:41,2,180905,0,
2018-09-05 16:42,,0.000260688,1.86E-09,16:42,2,180905,0,
2018-09-05 16:43,,0.000260688,1.86E-09,16:43,2,180905,0,
2018-09-05 16:44,,0.000260688,1.86E-09,16:44,2,180905,0,
2018-09-05 16:45,,0.000260688,1.86E-09,16:45,2,180905,0,
2018-09-05 16:46,,0.000260688,1.86E-09,16:46,2,180905,0,
2018-09-05 16:47,,0.000260688,1.86E-09,16:47,2,180905,0,
2018-09-05 16:48,,0.000260688,1.86E-09,16:48,2,180905,0,
2018-09-05 16:49,,0.000260688,1.86E-09,16:49,2,180905,0,
2018-09-05 16:50,,0.000260688,1.86E-09,16:50,2,180905,0,
2018-09-05 16:51,,0.000260688,1.86E-09,16:51,2,180905,0,
2018-09-05 16:52,,0.000260688,1.86E-09,16:52,2,180905,0,
2018-09-05 16:53,,0.000260688,1.86E-09,16:53,2,180905,0,
2018-09-05 16:54,,0.000260688,1.86E-09,16:54,2,180905,0,
2018-09-05 16:55,,0.000260688,1.86E-09,16:55,2,180905,0,
2018-09-05 16:56,,0.000260688,1.86E-09,16:56,2,180905,0,
2018-09-05 16:57,,0.000260688,1.86E-09,16:57,2,180905,0,
2018-09-05 16:58,,0.000260688,1.86E-09,16:58,2,180905,0,
2018-09-05 16:59,,0.000260688,1.86E-09,16:59,2,180905,0,
2018-09-05 17:00,,0.000260688,1.86E-09,17:00,2,180905,0,
2018-09-05 17:01,,0.000260688,1.86E-09,17:01,2,180905,0,
2018-09-05 17:02,,0.000260688,1.86E-09,17:02,2,180905,0,
2018-09-05 17:03,,0.000260688,1.86E-09,17:03,2,180905,0,
2018-09-05 17:04,,0.000260688,1.86E-09,17:04,2,180905,0,
2018-09-05 17:05,,0.000260688,1.86E-09,17:05,2,180905,0,
2018-09-05 17:06,,0.000260688,1.86E-09,17:06,2,180905,0,
2018-09-05 17:07,,0.000260688,1.86E-09,17:07,2,180905,0,
2018-09-05 17:08,,0.000260688,1.86E-09,17:08,2,180905,0,
2018-09-05 17:09,,0.000260688,1.86E-09,17:09,2,180905,0,
2018-09-05 17:10,,0.000260688,1.86E-09,17:10,2,180905,0,
2018-09-05 17:11,,0.000260688,1.86E-09,17:11,2,180905,0,
2018-09-05 17:12,,0.000260688,1.86E-09,17:12,2,180905,0,
2018-09-05 17:13,,0.000260688,1.86E-09,17:13,2,180905,0,
2018-09-05 17:14,,0.000260688,1.86E-09,17:14,2,180905,0,
2018-09-05 17:15,,0.000260688,1.86E-09,17:15,2,180905,0,
2018-09-05 17:16,,0.000260688,1.86E-09,17:16,2,180905,0,
2018-09-05 17:17,,0.000260688,1.86E-09,17:17,2,180905,0,
2018-09-05 17:18,,0.000260688,1.86E-09,17:18,2,180905,0,
2018-09-05 17:19,,0.000260688,1.86E-09,17:19,2,180905,0,
2018-09-05 17:20,,0.000260688,1.86E-09,17:20,2,180905,0,
2018-09-05 17:21,,0.000260688,1.86E-09,17:21,2,180905,0,
2018-09-05 17:22,,0.000260688,1.86E-09,17:22,2,180905,0,
2018-09-05 17:23,,0.000260688,1.86E-09,17:23,2,180905,0,
2018-09-05 17:24,,0.000260688,1.86E-09,17:24,2,180905,0,
2018-09-05 17:25,,0.000260688,1.86E-09,17:25,2,180905,0,
2018-09-05 17:26,,0.000260688,1.86E-09,17:26,2,180905,0,
2018-09-05 17:27,,0.000260688,1.86E-09,17:27,2,180905,0,
2018-09-05 17:28,,0.000260688,1.86E-09,17:28,2,180905,0,
2018-09-05 17:29,,0.000260688,1.86E-09,17:29,2,180905,0,
2018-09-05 17:30,,0.000260688,1.86E-09,17:30,2,180905,0,
2018-09-05 17:31,,0.000260688,1.86E-09,17:31,2,180905,0,
2018-09-05 17:32,,0.000260688,1.86E-09,17:32,2,180905,0,
2018-09-05 17:33,,0.000260688,1.86E-09,17:33,2,180905,0,
2018-09-05 17:34,,0.000260688,1.86E-09,17:34,2,180905,0,
2018-09-05 17:35,,0.000260688,1.86E-09,17:35,2,180905,0,
2018-09-05 17:36,,0.000260688,1.86E-09,17:36,2,180905,0,
2018-09-05 17:37,,0.000260688,1.86E-09,17:37,2,180905,0,
2018-09-05 17:38,,0.000260688,1.86E-09,17:38,2,180905,0,
2018-09-05 17:39,,0.000260688,1.86E-09,17:39,2,180905,0,
2018-09-05 17:40,,0.000260688,1.86E-09,17:40,2,180905,0,
2018-09-05 17:41,,0.000260688,1.86E-09,17:41,2,180905,0,
2018-09-05 17:42,,0.000260688,1.86E-09,17:42,2,180905,0,
2018-09-05 17:43,,0.000260688,1.86E-09,17:43,2,180905,0,
2018-09-05 17:44,,0.000260688,1.86E-09,17:44,2,180905,0,
2018-09-05 17:45,,0.000260688,1.86E-09,17:45,2,180905,0,
2018-09-05 17:46,,0.000260688,1.86E-09,17:46,2,180905,0,
2018-09-05 17:47,,0.000260688,1.86E-09,17:47,2,180905,0,
2018-09-05 17:48,,0.000260688,1.86E-09,17:48,2,180905,0,
2018-09-05 17:49,,0.000260688,1.86E-09,17:49,2,180905,0,
2018-09-05 17:50,,0.000260688,1.86E-09,17:50,2,180905,0,
2018-09-05 17:51,,0.000260688,1.86E-09,17:51,2,180905,0,
2018-09-05 17:52,,0.000260688,1.86E-09,17:52,2,180905,0,
2018-09-05 17:53,,0.000260688,1.86E-09,17:53,2,180905,0,
2018-09-05 17:54,,0.000260688,1.86E-09,17:54,2,180905,0,
2018-09-05 17:55,,0.000260688,1.86E-09,17:55,2,180905,0,
2018-09-05 17:56,,0.000260688,1.86E-09,17:56,2,180905,0,
2018-09-05 17:57,,0.000260688,1.86E-09,17:57,2,180905,0,
2018-09-05 17:58,,0.000260688,1.86E-09,17:58,2,180905,0,
2018-09-05 17:59,,0.000260688,1.86E-09,17:59,2,180905,0,
2018-09-05 18:00,,0.000260688,1.86E-09,18:00,2,180905,0,
2018-09-05 18:01,,0.000260688,1.86E-09,18:01,2,180905,0,
2018-09-05 18:02,,0.000260688,1.86E-09,18:02,2,180905,0,
2018-09-05 18:03,,0.000260688,1.86E-09,18:03,2,180905,0,
2018-09-05 18:04,,0.000260688,1.86E-09,18:04,2,180905,0,
2018-09-05 18:05,,0.000260688,1.86E-09,18:05,2,180905,0,
2018-09-05 18:06,,0.000260688,1.86E-09,18:06,2,180905,0,
2018-09-05 18:07,,0.000260688,1.86E-09,18:07,2,180905,0,
2018-09-05 18:08,,0.000260688,1.86E-09,18:08,2,180905,0,
2018-09-05 18:09,,0.000260688,1.86E-09,18:09,2,180905,0,
2018-09-05 18:10,,0.000260688,1.86E-09,18:10,2,180905,0,
2018-09-05 18:11,,0.000260688,1.86E-09,18:11,2,180905,0,
2018-09-05 18:12,,0.000260688,1.86E-09,18:12,2,180905,0,
2018-09-05 18:13,,0.000260688,1.86E-09,18:13,2,180905,0,
2018-09-05 18:14,,0.000260688,1.86E-09,18:14,2,180905,0,
2018-09-05 18:15,,0.000260688,1.86E-09,18:15,2,180905,0,
2018-09-05 18:16,,0.000260688,1.86E-09,18:16,2,180905,0,
2018-09-05 18:17,,0.000260688,1.86E-09,18:17,2,180905,0,
2018-09-05 18:18,,0.000260688,1.86E-09,18:18,2,180905,0,
2018-09-05 18:19,,0.000260688,1.86E-09,18:19,2,180905,0,
2018-09-05 18:20,,0.000260688,1.86E-09,18:20,2,180905,0,
2018-09-05 18:21,,0.000260688,1.86E-09,18:21,2,180905,0,
2018-09-05 18:22,,0.000260688,1.86E-09,18:22,2,180905,0,
2018-09-05 18:23,,0.000260688,1.86E-09,18:23,2,180905,0,
2018-09-05 18:24,,0.000260688,1.86E-09,18:24,2,180905,0,
2018-09-05 18:25,,0.000260688,1.86E-09,18:25,2,180905,0,
2018-09-05 18:26,,0.000260688,1.86E-09,18:26,2,180905,0,
2018-09-05 18:27,,0.000260688,1.86E-09,18:27,2,180905,0,
2018-09-05 18:28,,0.000260688,1.86E-09,18:28,2,180905,0,
2018-09-05 18:29,,0.000260688,1.86E-09,18:29,2,180905,0,
2018-09-05 18:30,,0.000260688,1.86E-09,18:30,2,180905,0,
2018-09-05 18:31,,0.000260688,1.86E-09,18:31,2,180905,0,
2018-09-05 18:32,,0.000260688,1.86E-09,18:32,2,180905,0,
2018-09-05 18:33,,0.000260688,1.86E-09,18:33,2,180905,0,
2018-09-05 18:34,,0.000260688,1.86E-09,18:34,2,180905,0,
2018-09-05 18:35,,0.000260688,1.86E-09,18:35,2,180905,0,
2018-09-05 18:36,,0.000260688,1.86E-09,18:36,2,180905,0,
2018-09-05 18:37,,0.000260688,1.86E-09,18:37,2,180905,0,
2018-09-05 18:38,,0.000260688,1.86E-09,18:38,2,180905,0,
2018-09-05 18:39,,0.000260688,1.86E-09,18:39,2,180905,0,
2018-09-05 18:40,,0.000260688,1.86E-09,18:40,2,180905,0,
2018-09-05 18:41,,0.000260688,1.86E-09,18:41,2,180905,0,
2018-09-05 18:42,,0.000260688,1.86E-09,18:42,2,180905,0,
2018-09-05 18:43,,0.000260688,1.86E-09,18:43,2,180905,0,
2018-09-05 18:44,,0.000260688,1.86E-09,18:44,2,180905,0,
2018-09-05 18:45,,0.000260688,1.86E-09,18:45,2,180905,0,
2018-09-05 18:46,,0.000260688,1.86E-09,18:46,2,180905,0,
2018-09-05 18:47,,0.000260688,1.86E-09,18:47,2,180905,0,
2018-09-05 18:48,,0.000260688,1.86E-09,18:48,2,180905,0,
2018-09-05 18:49,,0.000260688,1.86E-09,18:49,2,180905,0,
2018-09-05 18:50,,0.000260688,1.86E-09,18:50,2,180905,0,
2018-09-05 18:51,,0.000260688,1.86E-09,18:51,2,180905,0,
2018-09-05 18:52,,0.000260688,1.86E-09,18:52,2,180905,0,
2018-09-05 18:53,,0.000260688,1.86E-09,18:53,2,180905,0,
2018-09-05 18:54,,0.000260688,1.86E-09,18:54,2,180905,0,
2018-09-05 18:55,,0.000260688,1.86E-09,18:55,2,180905,0,
2018-09-05 18:56,,0.000260688,1.86E-09,18:56,2,180905,0,
2018-09-05 18:57,,0.000260688,1.86E-09,18:57,2,180905,0,
2018-09-05 18:58,,0.000260688,1.86E-09,18:58,2,180905,0,
2018-09-05 18:59,,0.000260688,1.86E-09,18:59,2,180905,0,
2018-09-05 19:00,,0.000260688,1.86E-09,19:00,2,180905,0,
2018-09-05 19:01,,0.000260688,1.86E-09,19:01,2,180905,0,
2018-09-05 19:02,,0.000260688,1.86E-09,19:02,2,180905,0,
2018-09-05 19:03,,0.000260688,1.86E-09,19:03,2,180905,0,
2018-09-05 19:04,,0.000260688,1.86E-09,19:04,2,180905,0,
2018-09-05 19:05,,0.000260688,1.86E-09,19:05,2,180905,0,
2018-09-05 19:06,,0.000260688,1.86E-09,19:06,2,180905,0,
2018-09-05 19:07,,0.000260688,1.86E-09,19:07,2,180905,0,
2018-09-05 19:08,,0.000260688,1.86E-09,19:08,2,180905,0,
2018-09-05 19:09,,0.000260688,1.86E-09,19:09,2,180905,0,
2018-09-05 19:10,,0.000260688,1.86E-09,19:10,2,180905,0,
2018-09-05 19:11,,0.000260688,1.86E-09,19:11,2,180905,0,
2018-09-05 19:12,,0.000260688,1.86E-09,19:12,2,180905,0,
2018-09-05 19:13,,0.000260688,1.86E-09,19:13,2,180905,0,
2018-09-05 19:14,,0.000260688,1.86E-09,19:14,2,180905,0,
2018-09-05 19:15,,0.000260688,1.86E-09,19:15,2,180905,0,
2018-09-05 19:16,,0.000260688,1.86E-09,19:16,2,180905,0,
2018-09-05 19:17,,0.000260688,1.86E-09,19:17,2,180905,0,
2018-09-05 19:18,,0.000260688,1.86E-09,19:18,2,180905,0,
2018-09-05 19:19,,0.000260688,1.86E-09,19:19,2,180905,0,
2018-09-05 19:20,,0.000260688,1.86E-09,19:20,2,180905,0,
2018-09-05 19:21,,0.000260688,1.86E-09,19:21,2,180905,0,
2018-09-05 19:22,,0.000260688,1.86E-09,19:22,2,180905,0,
2018-09-05 19:23,,0.000260688,1.86E-09,19:23,2,180905,0,
2018-09-05 19:24,,0.000260688,1.86E-09,19:24,2,180905,0,
2018-09-05 19:25,,0.000260688,1.86E-09,19:25,2,180905,0,
2018-09-05 19:26,,0.000260688,1.86E-09,19:26,2,180905,0,
2018-09-05 19:27,,0.000260688,1.86E-09,19:27,2,180905,0,
2018-09-05 19:28,,0.000260688,1.86E-09,19:28,2,180905,0,
2018-09-05 19:29,,0.000260688,1.86E-09,19:29,2,180905,0,
2018-09-05 19:30,,0.000260688,1.86E-09,19:30,2,180905,0,
2018-09-05 19:31,,0.000260688,1.86E-09,19:31,2,180905,0,
2018-09-05 19:32,,0.000260688,1.86E-09,19:32,2,180905,0,
2018-09-05 19:33,,0.000260688,1.86E-09,19:33,2,180905,0,
2018-09-05 19:34,,0.000260688,1.86E-09,19:34,2,180905,0,
2018-09-05 19:35,,0.000260688,1.86E-09,19:35,2,180905,0,
2018-09-05 19:36,,0.000260688,1.86E-09,19:36,2,180905,0,
2018-09-05 19:37,,0.000260688,1.86E-09,19:37,2,180905,0,
2018-09-05 19:38,,0.000260688,1.86E-09,19:38,2,180905,0,
2018-09-05 19:39,,0.000260688,1.86E-09,19:39,2,180905,0,
2018-09-05 19:40,,0.000260688,1.86E-09,19:40,2,180905,0,
2018-09-05 19:41,,0.000260688,1.86E-09,19:41,2,180905,0,
2018-09-05 19:42,,0.000260688,1.86E-09,19:42,2,180905,0,
2018-09-05 19:43,,0.000260688,1.86E-09,19:43,2,180905,0,
2018-09-05 19:44,,0.000260688,1.86E-09,19:44,2,180905,0,
2018-09-05 19:45,,0.000260688,1.86E-09,19:45,2,180905,0,
2018-09-05 19:46,,0.000260688,1.86E-09,19:46,2,180905,0,
2018-09-05 19:47,,0.000260688,1.86E-09,19:47,2,180905,0,
2018-09-05 19:48,,0.000260688,1.86E-09,19:48,2,180905,0,
2018-09-05 19:49,,0.000260688,1.86E-09,19:49,2,180905,0,
2018-09-05 19:50,,0.000260688,1.86E-09,19:50,2,180905,0,
2018-09-05 19:51,,0.000260688,1.86E-09,19:51,2,180905,0,
2018-09-05 19:52,,0.000260688,1.86E-09,19:52,2,180905,0,
2018-09-05 19:53,,0.000260688,1.86E-09,19:53,2,180905,0,
2018-09-05 19:54,,0.000260688,1.86E-09,19:54,2,180905,0,
2018-09-05 19:55,,0.000260688,1.86E-09,19:55,2,180905,0,
2018-09-05 19:56,,0.000260688,1.86E-09,19:56,2,180905,0,
2018-09-05 19:57,,0.000260688,1.86E-09,19:57,2,180905,0,
2018-09-05 19:58,,0.000260688,1.86E-09,19:58,2,180905,0,
2018-09-05 19:59,,0.000260688,1.86E-09,19:59,2,180905,0,
2018-09-05 20:00,,0.000260688,1.86E-09,20:00,2,180905,0,
2018-09-05 20:01,,0.000260688,1.86E-09,20:01,2,180905,0,
2018-09-05 20:02,,0.000260688,1.86E-09,20:02,2,180905,0,
2018-09-05 20:03,,0.000260688,1.86E-09,20:03,2,180905,0,
2018-09-05 20:04,,0.000260688,1.86E-09,20:04,2,180905,0,
2018-09-05 20:05,,0.000260688,1.86E-09,20:05,2,180905,0,
2018-09-05 20:06,,0.000260688,1.86E-09,20:06,2,180905,0,
2018-09-05 20:07,,0.000260688,1.86E-09,20:07,2,180905,0,
2018-09-05 20:08,,0.000260688,1.86E-09,20:08,2,180905,0,
2018-09-05 20:09,,0.000260688,1.86E-09,20:09,2,180905,0,
2018-09-05 20:10,,0.000260688,1.86E-09,20:10,2,180905,0,
2018-09-05 20:11,,0.000260688,1.86E-09,20:11,2,180905,0,
2018-09-05 20:12,,0.000260688,1.86E-09,20:12,2,180905,0,
2018-09-05 20:13,,0.000260688,1.86E-09,20:13,2,180905,0,
2018-09-05 20:14,,0.000260688,1.86E-09,20:14,2,180905,0,
2018-09-05 20:15,,0.000260688,1.86E-09,20:15,2,180905,0,
2018-09-05 20:16,,0.000260688,1.86E-09,20:16,2,180905,0,
2018-09-05 20:17,,0.000260688,1.86E-09,20:17,2,180905,0,
2018-09-05 20:18,,0.000260688,1.86E-09,20:18,2,180905,0,
2018-09-05 20:19,,0.000260688,1.86E-09,20:19,2,180905,0,
2018-09-05 20:20,,0.000260688,1.86E-09,20:20,2,180905,0,
2018-09-05 20:21,,0.000260688,1.86E-09,20:21,2,180905,0,
2018-09-05 20:22,,0.000260688,1.86E-09,20:22,2,180905,0,
2018-09-05 20:23,,0.000260688,1.86E-09,20:23,2,180905,0,
2018-09-05 20:24,,0.000260688,1.86E-09,20:24,2,180905,0,
2018-09-05 20:25,,0.000260688,1.86E-09,20:25,2,180905,0,
2018-09-05 20:26,,0.000260688,1.86E-09,20:26,2,180905,0,
2018-09-05 20:27,,0.000260688,1.86E-09,20:27,2,180905,0,
2018-09-05 20:28,,0.000260688,1.86E-09,20:28,2,180905,0,
2018-09-05 20:29,,0.000260688,1.86E-09,20:29,2,180905,0,
2018-09-05 20:30,,0.000260688,1.86E-09,20:30,2,180905,0,
2018-09-05 20:31,,0.000260688,1.86E-09,20:31,2,180905,0,
2018-09-05 20:32,,0.000260688,1.86E-09,20:32,2,180905,0,
2018-09-05 20:33,,0.000260688,1.86E-09,20:33,2,180905,0,
2018-09-05 20:34,,0.000260688,1.86E-09,20:34,2,180905,0,
2018-09-05 20:35,,0.000260688,1.86E-09,20:35,2,180905,0,
2018-09-05 20:36,,0.000260688,1.86E-09,20:36,2,180905,0,
2018-09-05 20:37,,0.000260688,1.86E-09,20:37,2,180905,0,
2018-09-05 20:38,,0.000260688,1.86E-09,20:38,2,180905,0,
2018-09-05 20:39,,0.000260688,1.86E-09,20:39,2,180905,0,
2018-09-05 20:40,,0.000260688,1.86E-09,20:40,2,180905,0,
2018-09-05 20:41,,0.000260688,1.86E-09,20:41,2,180905,0,
2018-09-05 20:42,,0.000260688,1.86E-09,20:42,2,180905,0,
2018-09-05 20:43,,0.000260688,1.86E-09,20:43,2,180905,0,
2018-09-05 20:44,,0.000260688,1.86E-09,20:44,2,180905,0,
2018-09-05 20:45,,0.000260688,1.86E-09,20:45,2,180905,0,
2018-09-05 20:46,,0.000260688,1.86E-09,20:46,2,180905,0,
2018-09-05 20:47,,0.000260688,1.86E-09,20:47,2,180905,0,
2018-09-05 20:48,,0.000260688,1.86E-09,20:48,2,180905,0,
2018-09-05 20:49,,0.000260688,1.86E-09,20:49,2,180905,0,
2018-09-05 20:50,,0.000260688,1.86E-09,20:50,2,180905,0,
2018-09-05 20:51,,0.000260688,1.86E-09,20:51,2,180905,0,
2018-09-05 20:52,,0.000260688,1.86E-09,20:52,2,180905,0,
2018-09-05 20:53,,0.000260688,1.86E-09,20:53,2,180905,0,
2018-09-05 20:54,,0.000260688,1.86E-09,20:54,2,180905,0,
2018-09-05 20:55,,0.000260688,1.86E-09,20:55,2,180905,0,
2018-09-05 20:56,,0.000260688,1.86E-09,20:56,2,180905,0,
2018-09-05 20:57,,0.000260688,1.86E-09,20:57,2,180905,0,
2018-09-05 20:58,,0.000260688,1.86E-09,20:58,2,180905,0,
2018-09-05 20:59,,0.000260688,1.86E-09,20:59,2,180905,0,
2018-09-05 21:00,,0.000260688,1.86E-09,21:00,2,180905,0,
2018-09-05 21:01,,0.000260688,1.86E-09,21:01,2,180905,0,
2018-09-05 21:02,,0.000260688,1.86E-09,21:02,2,180905,0,
2018-09-05 21:03,,0.000260688,1.86E-09,21:03,2,180905,0,
2018-09-05 21:04,,0.000260688,1.86E-09,21:04,2,180905,0,
2018-09-05 21:05,,0.000260688,1.86E-09,21:05,2,180905,0,
2018-09-05 21:06,,0.000260688,1.86E-09,21:06,2,180905,0,
2018-09-05 21:07,,0.000260688,1.86E-09,21:07,2,180905,0,
2018-09-05 21:08,,0.000260688,1.86E-09,21:08,2,180905,0,
2018-09-05 21:09,,0.000260688,1.86E-09,21:09,2,180905,0,
2018-09-05 21:10,,0.000260688,1.86E-09,21:10,2,180905,0,
2018-09-05 21:11,,0.000260688,1.86E-09,21:11,2,180905,0,
2018-09-05 21:12,,0.000260688,1.86E-09,21:12,2,180905,0,
2018-09-05 21:13,,0.000260688,1.86E-09,21:13,2,180905,0,
2018-09-05 21:14,,0.000260688,1.86E-09,21:14,2,180905,0,
2018-09-05 21:15,,0.000260688,1.86E-09,21:15,2,180905,0,
2018-09-05 21:16,,0.000260688,1.86E-09,21:16,2,180905,0,
2018-09-05 21:17,,0.000260688,1.86E-09,21:17,2,180905,0,
2018-09-05 21:18,,0.000260688,1.86E-09,21:18,2,180905,0,
2018-09-05 21:19,,0.000260688,1.86E-09,21:19,2,180905,0,
2018-09-05 21:20,,0.000260688,1.86E-09,21:20,2,180905,0,
2018-09-05 21:21,,0.000260688,1.86E-09,21:21,2,180905,0,
2018-09-05 21:22,,0.000260688,1.86E-09,21:22,2,180905,0,
2018-09-05 21:23,,0.000260688,1.86E-09,21:23,2,180905,0,
2018-09-05 21:24,,0.000260688,1.86E-09,21:24,2,180905,0,
2018-09-05 21:25,,0.000260688,1.86E-09,21:25,2,180905,0,
2018-09-05 21:26,,0.000260688,1.86E-09,21:26,2,180905,0,
2018-09-05 21:27,,0.000260688,1.86E-09,21:27,2,180905,0,
2018-09-05 21:28,,0.000260688,1.86E-09,21:28,2,180905,0,
2018-09-05 21:29,,0.000260688,1.86E-09,21:29,2,180905,0,
2018-09-05 21:30,,0.000260688,1.86E-09,21:30,2,180905,0,
2018-09-05 21:31,,0.000260688,1.86E-09,21:31,2,180905,0,
2018-09-05 21:32,,0.000260688,1.86E-09,21:32,2,180905,0,
2018-09-05 21:33,,0.000260688,1.86E-09,21:33,2,180905,0,
2018-09-05 21:34,,0.000260688,1.86E-09,21:34,2,180905,0,
2018-09-05 21:35,,0.000260688,1.86E-09,21:35,2,180905,0,
2018-09-05 21:36,,0.000260688,1.86E-09,21:36,2,180905,0,
2018-09-05 21:37,,0.000260688,1.86E-09,21:37,2,180905,0,
2018-09-05 21:38,,0.000260688,1.86E-09,21:38,2,180905,0,
2018-09-05 21:39,,0.000260688,1.86E-09,21:39,2,180905,0,
2018-09-05 21:40,,0.000260688,1.86E-09,21:40,2,180905,0,
2018-09-05 21:41,,0.000260688,1.86E-09,21:41,2,180905,0,
2018-09-05 21:42,,0.000260688,1.86E-09,21:42,2,180905,0,
2018-09-05 21:43,,0.000260688,1.86E-09,21:43,2,180905,0,
2018-09-05 21:44,,0.000260688,1.86E-09,21:44,2,180905,0,
2018-09-05 21:45,,0.000260688,1.86E-09,21:45,2,180905,0,
2018-09-05 21:46,,0.000260688,1.86E-09,21:46,2,180905,0,
2018-09-05 21:47,,0.000260688,1.86E-09,21:47,2,180905,0,
2018-09-05 21:48,,0.000260688,1.86E-09,21:48,2,180905,0,
2018-09-05 21:49,,0.000260688,1.86E-09,21:49,2,180905,0,
2018-09-05 21:50,,0.000260688,1.86E-09,21:50,2,180905,0,
2018-09-05 21:51,,0.000260688,1.86E-09,21:51,2,180905,0,
2018-09-05 21:52,,0.000260688,1.86E-09,21:52,2,180905,0,
2018-09-05 21:53,,0.000260688,1.86E-09,21:53,2,180905,0,
2018-09-05 21:54,,0.000260688,1.86E-09,21:54,2,180905,0,
2018-09-05 21:55,,0.000260688,1.86E-09,21:55,2,180905,0,
2018-09-05 21:56,,0.000260688,1.86E-09,21:56,2,180905,0,
2018-09-05 21:57,,0.000260688,1.86E-09,21:57,2,180905,0,
2018-09-05 21:58,,0.000260688,1.86E-09,21:58,2,180905,0,
2018-09-05 21:59,,0.000260688,1.86E-09,21:59,2,180905,0,
2018-09-05 22:00,,0.000260688,1.86E-09,22:00,2,180905,0,
2018-09-05 22:01,,0.000260688,1.86E-09,22:01,2,180905,0,
2018-09-05 22:02,,0.000260688,1.86E-09,22:02,2,180905,0,
2018-09-05 22:03,,0.000260688,1.86E-09,22:03,2,180905,0,
2018-09-05 22:04,,0.000260688,1.86E-09,22:04,2,180905,0,
2018-09-05 22:05,,0.000260688,1.86E-09,22:05,2,180905,0,
2018-09-05 22:06,,0.000260688,1.86E-09,22:06,2,180905,0,
2018-09-05 22:07,,0.000260688,1.86E-09,22:07,2,180905,0,
2018-09-05 22:08,,0.000260688,1.86E-09,22:08,2,180905,0,
2018-09-05 22:09,,0.000260688,1.86E-09,22:09,2,180905,0,
2018-09-05 22:10,,0.000260688,1.86E-09,22:10,2,180905,0,
2018-09-05 22:11,,0.000260688,1.86E-09,22:11,2,180905,0,
2018-09-05 22:12,,0.000260688,1.86E-09,22:12,2,180905,0,
2018-09-05 22:13,,0.000260688,1.86E-09,22:13,2,180905,0,
2018-09-05 22:14,,0.000260688,1.86E-09,22:14,2,180905,0,
2018-09-05 22:15,,0.000260688,1.86E-09,22:15,2,180905,0,
2018-09-05 22:16,,0.000260688,1.86E-09,22:16,2,180905,0,
2018-09-05 22:17,,0.000260688,1.86E-09,22:17,2,180905,0,
2018-09-05 22:18,,0.000260688,1.86E-09,22:18,2,180905,0,
2018-09-05 22:19,,0.000260688,1.86E-09,22:19,2,180905,0,
2018-09-05 22:20,,0.000260688,1.86E-09,22:20,2,180905,0,
2018-09-05 22:21,,0.000260688,1.86E-09,22:21,2,180905,0,
2018-09-05 22:22,,0.000260688,1.86E-09,22:22,2,180905,0,
2018-09-05 22:23,,0.000260688,1.86E-09,22:23,2,180905,0,
2018-09-05 22:24,,0.000260688,1.86E-09,22:24,2,180905,0,
2018-09-05 22:25,,0.000260688,1.86E-09,22:25,2,180905,0,
2018-09-05 22:26,,0.000260688,1.86E-09,22:26,2,180905,0,
2018-09-05 22:27,,0.000260688,1.86E-09,22:27,2,180905,0,
2018-09-05 22:28,,0.000260688,1.86E-09,22:28,2,180905,0,
2018-09-05 22:29,,0.000260688,1.86E-09,22:29,2,180905,0,
2018-09-05 22:30,,0.000260688,1.86E-09,22:30,2,180905,0,
2018-09-05 22:31,,0.000260688,1.86E-09,22:31,2,180905,0,
2018-09-05 22:32,,0.000260688,1.86E-09,22:32,2,180905,0,
2018-09-05 22:33,,0.000260688,1.86E-09,22:33,2,180905,0,
2018-09-05 22:34,,0.000260688,1.86E-09,22:34,2,180905,0,
2018-09-05 22:35,,0.000260688,1.86E-09,22:35,2,180905,0,
2018-09-05 22:36,,0.000260688,1.86E-09,22:36,2,180905,0,
2018-09-05 22:37,,0.000260688,1.86E-09,22:37,2,180905,0,
2018-09-05 22:38,,0.000260688,1.86E-09,22:38,2,180905,0,
2018-09-05 22:39,,0.000260688,1.86E-09,22:39,2,180905,0,
2018-09-05 22:40,,0.000260688,1.86E-09,22:40,2,180905,0,
2018-09-05 22:41,,0.000260688,1.86E-09,22:41,2,180905,0,
2018-09-05 22:42,,0.000260688,1.86E-09,22:42,2,180905,0,
2018-09-05 22:43,,0.000260688,1.86E-09,22:43,2,180905,0,
2018-09-05 22:44,,0.000260688,1.86E-09,22:44,2,180905,0,
2018-09-05 22:45,,0.000260688,1.86E-09,22:45,2,180905,0,
2018-09-05 22:46,,0.000260688,1.86E-09,22:46,2,180905,0,
2018-09-05 22:47,,0.000260688,1.86E-09,22:47,2,180905,0,
2018-09-05 22:48,,0.000260688,1.86E-09,22:48,2,180905,0,
2018-09-05 22:49,,0.000260688,1.86E-09,22:49,2,180905,0,
2018-09-05 22:50,,0.000260688,1.86E-09,22:50,2,180905,0,
2018-09-05 22:51,,0.000260688,1.86E-09,22:51,2,180905,0,
2018-09-05 22:52,,0.000260688,1.86E-09,22:52,2,180905,0,
2018-09-05 22:53,,0.000260688,1.86E-09,22:53,2,180905,0,
2018-09-05 22:54,,0.000260688,1.86E-09,22:54,2,180905,0,
2018-09-05 22:55,,0.000260688,1.86E-09,22:55,2,180905,0,
2018-09-05 22:56,,0.000260688,1.86E-09,22:56,2,180905,0,
2018-09-05 22:57,,0.000260688,1.86E-09,22:57,2,180905,0,
2018-09-05 22:58,,0.000260688,1.86E-09,22:58,2,180905,0,
2018-09-05 22:59,,0.000260688,1.86E-09,22:59,2,180905,0,
2018-09-05 23:00,,0.000260688,1.86E-09,23:00,2,180905,0,
2018-09-05 23:01,,0.000260688,1.86E-09,23:01,2,180905,0,
2018-09-05 23:02,,0.000260688,1.86E-09,23:02,2,180905,0,
2018-09-05 23:03,,0.000260688,1.86E-09,23:03,2,180905,0,
2018-09-05 23:04,,0.000260688,1.86E-09,23:04,2,180905,0,
2018-09-05 23:05,,0.000260688,1.86E-09,23:05,2,180905,0,
2018-09-05 23:06,,0.000260688,1.86E-09,23:06,2,180905,0,
2018-09-05 23:07,,0.000260688,1.86E-09,23:07,2,180905,0,
2018-09-05 23:08,,0.000260688,1.86E-09,23:08,2,180905,0,
2018-09-05 23:09,,0.000260688,1.86E-09,23:09,2,180905,0,
2018-09-05 23:10,,0.000260688,1.86E-09,23:10,2,180905,0,
2018-09-05 23:11,,0.000260688,1.86E-09,23:11,2,180905,0,
2018-09-05 23:12,,0.000260688,1.86E-09,23:12,2,180905,0,
2018-09-05 23:13,,0.000260688,1.86E-09,23:13,2,180905,0,
2018-09-05 23:14,,0.000260688,1.86E-09,23:14,2,180905,0,
2018-09-05 23:15,,0.000260688,1.86E-09,23:15,2,180905,0,
2018-09-05 23:16,,0.000260688,1.86E-09,23:16,2,180905,0,
2018-09-05 23:17,,0.000260688,1.86E-09,23:17,2,180905,0,
2018-09-05 23:18,,0.000260688,1.86E-09,23:18,2,180905,0,
2018-09-05 23:19,,0.000260688,1.86E-09,23:19,2,180905,0,
2018-09-05 23:20,,0.000260688,1.86E-09,23:20,2,180905,0,
2018-09-05 23:21,,0.000260688,1.86E-09,23:21,2,180905,0,
2018-09-05 23:22,,0.000260688,1.86E-09,23:22,2,180905,0,
2018-09-05 23:23,,0.000260688,1.86E-09,23:23,2,180905,0,
2018-09-05 23:24,,0.000260688,1.86E-09,23:24,2,180905,0,
2018-09-05 23:25,,0.000260688,1.86E-09,23:25,2,180905,0,
2018-09-05 23:26,,0.000260688,1.86E-09,23:26,2,180905,0,
2018-09-05 23:27,,0.000260688,1.86E-09,23:27,2,180905,0,
2018-09-05 23:28,,0.000260688,1.86E-09,23:28,2,180905,0,
2018-09-05 23:29,,0.000260688,1.86E-09,23:29,2,180905,0,
2018-09-05 23:30,,0.000260688,1.86E-09,23:30,2,180905,0,
2018-09-05 23:31,,0.000260688,1.86E-09,23:31,2,180905,0,
2018-09-05 23:32,,0.000260688,1.86E-09,23:32,2,180905,0,
2018-09-05 23:33,,0.000260688,1.86E-09,23:33,2,180905,0,
2018-09-05 23:34,,0.000260688,1.86E-09,23:34,2,180905,0,
2018-09-05 23:35,,0.000260688,1.86E-09,23:35,2,180905,0,
2018-09-05 23:36,,0.000260688,1.86E-09,23:36,2,180905,0,
2018-09-05 23:37,,0.000260688,1.86E-09,23:37,2,180905,0,
2018-09-05 23:38,,0.000260688,1.86E-09,23:38,2,180905,0,
2018-09-05 23:39,,0.000260688,1.86E-09,23:39,2,180905,0,
2018-09-05 23:40,,0.000260688,1.86E-09,23:40,2,180905,0,
2018-09-05 23:41,,0.000260688,1.86E-09,23:41,2,180905,0,
2018-09-05 23:42,,0.000260688,1.86E-09,23:42,2,180905,0,
2018-09-05 23:43,,0.000260688,1.86E-09,23:43,2,180905,0,
2018-09-05 23:44,,0.000260688,1.86E-09,23:44,2,180905,0,
2018-09-05 23:45,,0.000260688,1.86E-09,23:45,2,180905,0,
2018-09-05 23:46,,0.000260688,1.86E-09,23:46,2,180905,0,
2018-09-05 23:47,,0.000260688,1.86E-09,23:47,2,180905,0,
2018-09-05 23:48,,0.000260688,1.86E-09,23:48,2,180905,0,
2018-09-05 23:49,,0.000260688,1.86E-09,23:49,2,180905,0,
2018-09-05 23:50,,0.000260688,1.86E-09,23:50,2,180905,0,
2018-09-05 23:51,,0.000260688,1.86E-09,23:51,2,180905,0,
2018-09-05 23:52,,0.000260688,1.86E-09,23:52,2,180905,0,
2018-09-05 23:53,,0.000260688,1.86E-09,23:53,2,180905,0,
2018-09-05 23:54,,0.000260688,1.86E-09,23:54,2,180905,0,
2018-09-05 23:55,,0.000260688,1.86E-09,23:55,2,180905,0,
2018-09-05 23:56,,0.000260688,1.86E-09,23:56,2,180905,0,
2018-09-05 23:57,,0.000260688,1.86E-09,23:57,2,180905,0,
2018-09-05 23:58,,0.000260688,1.86E-09,23:58,2,180905,0,
2018-09-05 23:59,,0.000260688,1.86E-09,23:59,2,180905,0,
2018-09-06 0:00,,0.000260688,1.86E-09,0:00,3,180906,0,
2018-09-06 0:01,,0.000260688,1.86E-09,0:01,3,180906,0,
2018-09-06 0:02,,0.000260688,1.86E-09,0:02,3,180906,0,
2018-09-06 0:03,,0.000260688,1.86E-09,0:03,3,180906,0,
2018-09-06 0:04,,0.000260688,1.86E-09,0:04,3,180906,0,
2018-09-06 0:05,,0.000260688,1.86E-09,0:05,3,180906,0,
2018-09-06 0:06,,0.000260688,1.86E-09,0:06,3,180906,0,
2018-09-06 0:07,,0.000260688,1.86E-09,0:07,3,180906,0,
2018-09-06 0:08,,0.000260688,1.86E-09,0:08,3,180906,0,
2018-09-06 0:09,,0.000260688,1.86E-09,0:09,3,180906,0,
2018-09-06 0:10,,0.000260688,1.86E-09,0:10,3,180906,0,
2018-09-06 0:11,,0.000260688,1.86E-09,0:11,3,180906,0,
2018-09-06 0:12,,0.000260688,1.86E-09,0:12,3,180906,0,
2018-09-06 0:13,,0.000260688,1.86E-09,0:13,3,180906,0,
2018-09-06 0:14,,0.000260688,1.86E-09,0:14,3,180906,0,
2018-09-06 0:15,,0.000260688,1.86E-09,0:15,3,180906,0,
2018-09-06 0:16,,0.000260688,1.86E-09,0:16,3,180906,0,
2018-09-06 0:17,,0.000260688,1.86E-09,0:17,3,180906,0,
2018-09-06 0:18,,0.000260688,1.86E-09,0:18,3,180906,0,
2018-09-06 0:19,,0.000260688,1.86E-09,0:19,3,180906,0,
2018-09-06 0:20,,0.000260688,1.86E-09,0:20,3,180906,0,
2018-09-06 0:21,,0.000260688,1.86E-09,0:21,3,180906,0,
2018-09-06 0:22,,0.000260688,1.86E-09,0:22,3,180906,0,
2018-09-06 0:23,,0.000260688,1.86E-09,0:23,3,180906,0,
2018-09-06 0:24,,0.000260688,1.86E-09,0:24,3,180906,0,
2018-09-06 0:25,,0.000260688,1.86E-09,0:25,3,180906,0,
2018-09-06 0:26,,0.000260688,1.86E-09,0:26,3,180906,0,
2018-09-06 0:27,,0.000260688,1.86E-09,0:27,3,180906,0,
2018-09-06 0:28,,0.000260688,1.86E-09,0:28,3,180906,0,
2018-09-06 0:29,,0.000260688,1.86E-09,0:29,3,180906,0,
2018-09-06 0:30,,0.000260688,1.86E-09,0:30,3,180906,0,
2018-09-06 0:31,,0.000260688,1.86E-09,0:31,3,180906,0,
2018-09-06 0:32,,0.000260688,1.86E-09,0:32,3,180906,0,
2018-09-06 0:33,,0.000260688,1.86E-09,0:33,3,180906,0,
2018-09-06 0:34,,0.000260688,1.86E-09,0:34,3,180906,0,
2018-09-06 0:35,,0.000260688,1.86E-09,0:35,3,180906,0,
2018-09-06 0:36,,0.000260688,1.86E-09,0:36,3,180906,0,
2018-09-06 0:37,,0.000260688,1.86E-09,0:37,3,180906,0,
2018-09-06 0:38,,0.000260688,1.86E-09,0:38,3,180906,0,
2018-09-06 0:39,,0.000260688,1.86E-09,0:39,3,180906,0,
2018-09-06 0:40,,0.000260688,1.86E-09,0:40,3,180906,0,
2018-09-06 0:41,,0.000260688,1.86E-09,0:41,3,180906,0,
2018-09-06 0:42,,0.000260688,1.86E-09,0:42,3,180906,0,
2018-09-06 0:43,,0.000260688,1.86E-09,0:43,3,180906,0,
2018-09-06 0:44,,0.000260688,1.86E-09,0:44,3,180906,0,
2018-09-06 0:45,,0.000260688,1.86E-09,0:45,3,180906,0,
2018-09-06 0:46,,0.000260688,1.86E-09,0:46,3,180906,0,
2018-09-06 0:47,,0.000260688,1.86E-09,0:47,3,180906,0,
2018-09-06 0:48,,0.000260688,1.86E-09,0:48,3,180906,0,
2018-09-06 0:49,,0.000260688,1.86E-09,0:49,3,180906,0,
2018-09-06 0:50,,0.000260688,1.86E-09,0:50,3,180906,0,
2018-09-06 0:51,,0.000260688,1.86E-09,0:51,3,180906,0,
2018-09-06 0:52,,0.000260688,1.86E-09,0:52,3,180906,0,
2018-09-06 0:53,,0.000260688,1.86E-09,0:53,3,180906,0,
2018-09-06 0:54,,0.000260688,1.86E-09,0:54,3,180906,0,
2018-09-06 0:55,,0.000260688,1.86E-09,0:55,3,180906,0,
2018-09-06 0:56,,0.000260688,1.86E-09,0:56,3,180906,0,
2018-09-06 0:57,,0.000260688,1.86E-09,0:57,3,180906,0,
2018-09-06 0:58,,0.000260688,1.86E-09,0:58,3,180906,0,
2018-09-06 0:59,,0.000260688,1.86E-09,0:59,3,180906,0,
2018-09-06 1:00,,0.000260688,1.86E-09,1:00,3,180906,0,
2018-09-06 1:01,,0.000260688,1.86E-09,1:01,3,180906,0,
2018-09-06 1:02,,0.000260688,1.86E-09,1:02,3,180906,0,
2018-09-06 1:03,,0.000260688,1.86E-09,1:03,3,180906,0,
2018-09-06 1:04,,0.000260688,1.86E-09,1:04,3,180906,0,
2018-09-06 1:05,,0.000260688,1.86E-09,1:05,3,180906,0,
2018-09-06 1:06,,0.000260688,1.86E-09,1:06,3,180906,0,
2018-09-06 1:07,,0.000260688,1.86E-09,1:07,3,180906,0,
2018-09-06 1:08,,0.000260688,1.86E-09,1:08,3,180906,0,
2018-09-06 1:09,,0.000260688,1.86E-09,1:09,3,180906,0,
2018-09-06 1:10,,0.000260688,1.86E-09,1:10,3,180906,0,
2018-09-06 1:11,,0.000260688,1.86E-09,1:11,3,180906,0,
2018-09-06 1:12,,0.000260688,1.86E-09,1:12,3,180906,0,
2018-09-06 1:13,,0.000260688,1.86E-09,1:13,3,180906,0,
2018-09-06 1:14,,0.000260688,1.86E-09,1:14,3,180906,0,
2018-09-06 1:15,,0.000260688,1.86E-09,1:15,3,180906,0,
2018-09-06 1:16,,0.000260688,1.86E-09,1:16,3,180906,0,
2018-09-06 1:17,,0.000260688,1.86E-09,1:17,3,180906,0,
2018-09-06 1:18,,0.000260688,1.86E-09,1:18,3,180906,0,
2018-09-06 1:19,,0.000260688,1.86E-09,1:19,3,180906,0,
2018-09-06 1:20,,0.000260688,1.86E-09,1:20,3,180906,0,
2018-09-06 1:21,,0.000260688,1.86E-09,1:21,3,180906,0,
2018-09-06 1:22,,0.000260688,1.86E-09,1:22,3,180906,0,
2018-09-06 1:23,,0.000260688,1.86E-09,1:23,3,180906,0,
2018-09-06 1:24,,0.000260688,1.86E-09,1:24,3,180906,0,
2018-09-06 1:25,,0.000260688,1.86E-09,1:25,3,180906,0,
2018-09-06 1:26,,0.000260688,1.86E-09,1:26,3,180906,0,
2018-09-06 1:27,,0.000260688,1.86E-09,1:27,3,180906,0,
2018-09-06 1:28,,0.000260688,1.86E-09,1:28,3,180906,0,
2018-09-06 1:29,,0.000260688,1.86E-09,1:29,3,180906,0,
2018-09-06 1:30,,0.000260688,1.86E-09,1:30,3,180906,0,
2018-09-06 1:31,,0.000260688,1.86E-09,1:31,3,180906,0,
2018-09-06 1:32,,0.000260688,1.86E-09,1:32,3,180906,0,
2018-09-06 1:33,,0.000260688,1.86E-09,1:33,3,180906,0,
2018-09-06 1:34,,0.000260688,1.86E-09,1:34,3,180906,0,
2018-09-06 1:35,,0.000260688,1.86E-09,1:35,3,180906,0,
2018-09-06 1:36,,0.000260688,1.86E-09,1:36,3,180906,0,
2018-09-06 1:37,,0.000260688,1.86E-09,1:37,3,180906,0,
2018-09-06 1:38,,0.000260688,1.86E-09,1:38,3,180906,0,
2018-09-06 1:39,,0.000260688,1.86E-09,1:39,3,180906,0,
2018-09-06 1:40,,0.000260688,1.86E-09,1:40,3,180906,0,
2018-09-06 1:41,,0.000260688,1.86E-09,1:41,3,180906,0,
2018-09-06 1:42,,0.000260688,1.86E-09,1:42,3,180906,0,
2018-09-06 1:43,,0.000260688,1.86E-09,1:43,3,180906,0,
2018-09-06 1:44,,0.000260688,1.86E-09,1:44,3,180906,0,
2018-09-06 1:45,,0.000260688,1.86E-09,1:45,3,180906,0,
2018-09-06 1:46,,0.000260688,1.86E-09,1:46,3,180906,0,
2018-09-06 1:47,,0.000260688,1.86E-09,1:47,3,180906,0,
2018-09-06 1:48,,0.000260688,1.86E-09,1:48,3,180906,0,
2018-09-06 1:49,,0.000260688,1.86E-09,1:49,3,180906,0,
2018-09-06 1:50,,0.000260688,1.86E-09,1:50,3,180906,0,
2018-09-06 1:51,,0.000260688,1.86E-09,1:51,3,180906,0,
2018-09-06 1:52,,0.000260688,1.86E-09,1:52,3,180906,0,
2018-09-06 1:53,,0.000260688,1.86E-09,1:53,3,180906,0,
2018-09-06 1:54,,0.000260688,1.86E-09,1:54,3,180906,0,
2018-09-06 1:55,,0.000260688,1.86E-09,1:55,3,180906,0,
2018-09-06 1:56,,0.000260688,1.86E-09,1:56,3,180906,0,
2018-09-06 1:57,,0.000260688,1.86E-09,1:57,3,180906,0,
2018-09-06 1:58,,0.000260688,1.86E-09,1:58,3,180906,0,
2018-09-06 1:59,,0.000260688,1.86E-09,1:59,3,180906,0,
2018-09-06 2:00,,0.000260688,1.86E-09,2:00,3,180906,0,
2018-09-06 2:01,,0.000260688,1.86E-09,2:01,3,180906,0,
2018-09-06 2:02,,0.000260688,1.86E-09,2:02,3,180906,0,
2018-09-06 2:03,,0.000260688,1.86E-09,2:03,3,180906,0,
2018-09-06 2:04,,0.000260688,1.86E-09,2:04,3,180906,0,
2018-09-06 2:05,,0.000260688,1.86E-09,2:05,3,180906,0,
2018-09-06 2:06,,0.000260688,1.86E-09,2:06,3,180906,0,
2018-09-06 2:07,,0.000260688,1.86E-09,2:07,3,180906,0,
2018-09-06 2:08,,0.000260688,1.86E-09,2:08,3,180906,0,
2018-09-06 2:09,,0.000260688,1.86E-09,2:09,3,180906,0,
2018-09-06 2:10,,0.000260688,1.86E-09,2:10,3,180906,0,
2018-09-06 2:11,,0.000260688,1.86E-09,2:11,3,180906,0,
2018-09-06 2:12,,0.000260688,1.86E-09,2:12,3,180906,0,
2018-09-06 2:13,,0.000260688,1.86E-09,2:13,3,180906,0,
2018-09-06 2:14,,0.000260688,1.86E-09,2:14,3,180906,0,
2018-09-06 2:15,,0.000260688,1.86E-09,2:15,3,180906,0,
2018-09-06 2:16,,0.000260688,1.86E-09,2:16,3,180906,0,
2018-09-06 2:17,,0.000260688,1.86E-09,2:17,3,180906,0,
2018-09-06 2:18,,0.000260688,1.86E-09,2:18,3,180906,0,
2018-09-06 2:19,,0.000260688,1.86E-09,2:19,3,180906,0,
2018-09-06 2:20,,0.000260688,1.86E-09,2:20,3,180906,0,
2018-09-06 2:21,,0.000260688,1.86E-09,2:21,3,180906,0,
2018-09-06 2:22,,0.000260688,1.86E-09,2:22,3,180906,0,
2018-09-06 2:23,,0.000260688,1.86E-09,2:23,3,180906,0,
2018-09-06 2:24,,0.000260688,1.86E-09,2:24,3,180906,0,
2018-09-06 2:25,,0.000260688,1.86E-09,2:25,3,180906,0,
2018-09-06 2:26,,0.000260688,1.86E-09,2:26,3,180906,0,
2018-09-06 2:27,,0.000260688,1.86E-09,2:27,3,180906,0,
2018-09-06 2:28,,0.000260688,1.86E-09,2:28,3,180906,0,
2018-09-06 2:29,,0.000260688,1.86E-09,2:29,3,180906,0,
2018-09-06 2:30,,0.000260688,1.86E-09,2:30,3,180906,0,
2018-09-06 2:31,,0.000260688,1.86E-09,2:31,3,180906,0,
2018-09-06 2:32,,0.000260688,1.86E-09,2:32,3,180906,0,
2018-09-06 2:33,,0.000260688,1.86E-09,2:33,3,180906,0,
2018-09-06 2:34,,0.000260688,1.86E-09,2:34,3,180906,0,
2018-09-06 2:35,,0.000260688,1.86E-09,2:35,3,180906,0,
2018-09-06 2:36,,0.000260688,1.86E-09,2:36,3,180906,0,
2018-09-06 2:37,,0.000260688,1.86E-09,2:37,3,180906,0,
2018-09-06 2:38,,0.000260688,1.86E-09,2:38,3,180906,0,
2018-09-06 2:39,,0.000260688,1.86E-09,2:39,3,180906,0,
2018-09-06 2:40,,0.000260688,1.86E-09,2:40,3,180906,0,
2018-09-06 2:41,,0.000260688,1.86E-09,2:41,3,180906,0,
2018-09-06 2:42,,0.000260688,1.86E-09,2:42,3,180906,0,
2018-09-06 2:43,,0.000260688,1.86E-09,2:43,3,180906,0,
2018-09-06 2:44,,0.000260688,1.86E-09,2:44,3,180906,0,
2018-09-06 2:45,,0.000260688,1.86E-09,2:45,3,180906,0,
2018-09-06 2:46,,0.000260688,1.86E-09,2:46,3,180906,0,
2018-09-06 2:47,,0.000260688,1.86E-09,2:47,3,180906,0,
2018-09-06 2:48,,0.000260688,1.86E-09,2:48,3,180906,0,
2018-09-06 2:49,,0.000260688,1.86E-09,2:49,3,180906,0,
2018-09-06 2:50,,0.000260688,1.86E-09,2:50,3,180906,0,
2018-09-06 2:51,,0.000260688,1.86E-09,2:51,3,180906,0,
2018-09-06 2:52,,0.000260688,1.86E-09,2:52,3,180906,0,
2018-09-06 2:53,,0.000260688,1.86E-09,2:53,3,180906,0,
2018-09-06 2:54,,0.000260688,1.86E-09,2:54,3,180906,0,
2018-09-06 2:55,,0.000260688,1.86E-09,2:55,3,180906,0,
2018-09-06 2:56,,0.000260688,1.86E-09,2:56,3,180906,0,
2018-09-06 2:57,,0.000260688,1.86E-09,2:57,3,180906,0,
2018-09-06 2:58,,0.000260688,1.86E-09,2:58,3,180906,0,
2018-09-06 2:59,,0.000260688,1.86E-09,2:59,3,180906,0,
2018-09-06 3:00,,0.000260688,1.86E-09,3:00,3,180906,0,
2018-09-06 3:01,,0.000260688,1.86E-09,3:01,3,180906,0,
2018-09-06 3:02,,0.000260688,1.86E-09,3:02,3,180906,0,
2018-09-06 3:03,,0.000260688,1.86E-09,3:03,3,180906,0,
2018-09-06 3:04,,0.000260688,1.86E-09,3:04,3,180906,0,
2018-09-06 3:05,,0.000260688,1.86E-09,3:05,3,180906,0,
2018-09-06 3:06,,0.000260688,1.86E-09,3:06,3,180906,0,
2018-09-06 3:07,,0.000260688,1.86E-09,3:07,3,180906,0,
2018-09-06 3:08,,0.000260688,1.86E-09,3:08,3,180906,0,
2018-09-06 3:09,,0.000260688,1.86E-09,3:09,3,180906,0,
2018-09-06 3:10,,0.000260688,1.86E-09,3:10,3,180906,0,
2018-09-06 3:11,,0.000260688,1.86E-09,3:11,3,180906,0,
2018-09-06 3:12,,0.000260688,1.86E-09,3:12,3,180906,0,
2018-09-06 3:13,,0.000260688,1.86E-09,3:13,3,180906,0,
2018-09-06 3:14,,0.000260688,1.86E-09,3:14,3,180906,0,
2018-09-06 3:15,,0.000260688,1.86E-09,3:15,3,180906,0,
2018-09-06 3:16,,0.000260688,1.86E-09,3:16,3,180906,0,
2018-09-06 3:17,,0.000260688,1.86E-09,3:17,3,180906,0,
2018-09-06 3:18,,0.000260688,1.86E-09,3:18,3,180906,0,
2018-09-06 3:19,,0.000260688,1.86E-09,3:19,3,180906,0,
2018-09-06 3:20,,0.000260688,1.86E-09,3:20,3,180906,0,
2018-09-06 3:21,,0.000260688,1.86E-09,3:21,3,180906,0,
2018-09-06 3:22,,0.000260688,1.86E-09,3:22,3,180906,0,
2018-09-06 3:23,,0.000260688,1.86E-09,3:23,3,180906,0,
2018-09-06 3:24,,0.000260688,1.86E-09,3:24,3,180906,0,
2018-09-06 3:25,,0.000260688,1.86E-09,3:25,3,180906,0,
2018-09-06 3:26,,0.000260688,1.86E-09,3:26,3,180906,0,
2018-09-06 3:27,,0.000260688,1.86E-09,3:27,3,180906,0,
2018-09-06 3:28,,0.000260688,1.86E-09,3:28,3,180906,0,
2018-09-06 3:29,,0.000260688,1.86E-09,3:29,3,180906,0,
2018-09-06 3:30,,0.000260688,1.86E-09,3:30,3,180906,0,
2018-09-06 3:31,,0.000260688,1.86E-09,3:31,3,180906,0,
2018-09-06 3:32,,0.000260688,1.86E-09,3:32,3,180906,0,
2018-09-06 3:33,,0.000260688,1.86E-09,3:33,3,180906,0,
2018-09-06 3:34,,0.000260688,1.86E-09,3:34,3,180906,0,
2018-09-06 3:35,,0.000260688,1.86E-09,3:35,3,180906,0,
2018-09-06 3:36,,0.000260688,1.86E-09,3:36,3,180906,0,
2018-09-06 3:37,,0.000260688,1.86E-09,3:37,3,180906,0,
2018-09-06 3:38,,0.000260688,1.86E-09,3:38,3,180906,0,
2018-09-06 3:39,,0.000260688,1.86E-09,3:39,3,180906,0,
2018-09-06 3:40,,0.000260688,1.86E-09,3:40,3,180906,0,
2018-09-06 3:41,,0.000260688,1.86E-09,3:41,3,180906,0,
2018-09-06 3:42,,0.000260688,1.86E-09,3:42,3,180906,0,
2018-09-06 3:43,,0.000260688,1.86E-09,3:43,3,180906,0,
2018-09-06 3:44,,0.000260688,1.86E-09,3:44,3,180906,0,
2018-09-06 3:45,,0.000260688,1.86E-09,3:45,3,180906,0,
2018-09-06 3:46,,0.000260688,1.86E-09,3:46,3,180906,0,
2018-09-06 3:47,,0.000260688,1.86E-09,3:47,3,180906,0,
2018-09-06 3:48,,0.000260688,1.86E-09,3:48,3,180906,0,
2018-09-06 3:49,,0.000260688,1.86E-09,3:49,3,180906,0,
2018-09-06 3:50,,0.000260688,1.86E-09,3:50,3,180906,0,
2018-09-06 3:51,,0.000260688,1.86E-09,3:51,3,180906,0,
2018-09-06 3:52,,0.000260688,1.86E-09,3:52,3,180906,0,
2018-09-06 3:53,,0.000260688,1.86E-09,3:53,3,180906,0,
2018-09-06 3:54,,0.000260688,1.86E-09,3:54,3,180906,0,
2018-09-06 3:55,,0.000260688,1.86E-09,3:55,3,180906,0,
2018-09-06 3:56,,0.000260688,1.86E-09,3:56,3,180906,0,
2018-09-06 3:57,,0.000260688,1.86E-09,3:57,3,180906,0,
2018-09-06 3:58,,0.000260688,1.86E-09,3:58,3,180906,0,
2018-09-06 3:59,,0.000260688,1.86E-09,3:59,3,180906,0,
2018-09-06 4:00,,0.000260688,1.86E-09,4:00,3,180906,0,
2018-09-06 4:01,,0.000260688,1.86E-09,4:01,3,180906,0,
2018-09-06 4:02,,0.000260688,1.86E-09,4:02,3,180906,0,
2018-09-06 4:03,,0.000260688,1.86E-09,4:03,3,180906,0,
2018-09-06 4:04,,0.000260688,1.86E-09,4:04,3,180906,0,
2018-09-06 4:05,,0.000260688,1.86E-09,4:05,3,180906,0,
2018-09-06 4:06,,0.000260688,1.86E-09,4:06,3,180906,0,
2018-09-06 4:07,,0.000260688,1.86E-09,4:07,3,180906,0,
2018-09-06 4:08,,0.000260688,1.86E-09,4:08,3,180906,0,
2018-09-06 4:09,,0.000260688,1.86E-09,4:09,3,180906,0,
2018-09-06 4:10,,0.000260688,1.86E-09,4:10,3,180906,0,
2018-09-06 4:11,,0.000260688,1.86E-09,4:11,3,180906,0,
2018-09-06 4:12,,0.000260688,1.86E-09,4:12,3,180906,0,
2018-09-06 4:13,,0.000260688,1.86E-09,4:13,3,180906,0,
2018-09-06 4:14,,0.000260688,1.86E-09,4:14,3,180906,0,
2018-09-06 4:15,,0.000260688,1.86E-09,4:15,3,180906,0,
2018-09-06 4:16,,0.000260688,1.86E-09,4:16,3,180906,0,
2018-09-06 4:17,,0.000260688,1.86E-09,4:17,3,180906,0,
2018-09-06 4:18,,0.000260688,1.86E-09,4:18,3,180906,0,
2018-09-06 4:19,,0.000260688,1.86E-09,4:19,3,180906,0,
2018-09-06 4:20,,0.000260688,1.86E-09,4:20,3,180906,0,
2018-09-06 4:21,,0.000260688,1.86E-09,4:21,3,180906,0,
2018-09-06 4:22,,0.000260688,1.86E-09,4:22,3,180906,0,
2018-09-06 4:23,,0.000260688,1.86E-09,4:23,3,180906,0,
2018-09-06 4:24,,0.000260688,1.86E-09,4:24,3,180906,0,
2018-09-06 4:25,,0.000260688,1.86E-09,4:25,3,180906,0,
2018-09-06 4:26,,0.000260688,1.86E-09,4:26,3,180906,0,
2018-09-06 4:27,,0.000260688,1.86E-09,4:27,3,180906,0,
2018-09-06 4:28,,0.000260688,1.86E-09,4:28,3,180906,0,
2018-09-06 4:29,,0.000260688,1.86E-09,4:29,3,180906,0,
2018-09-06 4:30,,0.000260688,1.86E-09,4:30,3,180906,0,
2018-09-06 4:31,,0.000260688,1.86E-09,4:31,3,180906,0,
2018-09-06 4:32,,0.000260688,1.86E-09,4:32,3,180906,0,
2018-09-06 4:33,,0.000260688,1.86E-09,4:33,3,180906,0,
2018-09-06 4:34,,0.000260688,1.86E-09,4:34,3,180906,0,
2018-09-06 4:35,,0.000260688,1.86E-09,4:35,3,180906,0,
2018-09-06 4:36,,0.000260688,1.86E-09,4:36,3,180906,0,
2018-09-06 4:37,,0.000260688,1.86E-09,4:37,3,180906,0,
2018-09-06 4:38,,0.000260688,1.86E-09,4:38,3,180906,0,
2018-09-06 4:39,,0.000260688,1.86E-09,4:39,3,180906,0,
2018-09-06 4:40,,0.000260688,1.86E-09,4:40,3,180906,0,
2018-09-06 4:41,,0.000260688,1.86E-09,4:41,3,180906,0,
2018-09-06 4:42,,0.000260688,1.86E-09,4:42,3,180906,0,
2018-09-06 4:43,,0.000260688,1.86E-09,4:43,3,180906,0,
2018-09-06 4:44,,0.000260688,1.86E-09,4:44,3,180906,0,
2018-09-06 4:45,,0.000260688,1.86E-09,4:45,3,180906,0,
2018-09-06 4:46,,0.000260688,1.86E-09,4:46,3,180906,0,
2018-09-06 4:47,,0.000260688,1.86E-09,4:47,3,180906,0,
2018-09-06 4:48,,0.000260688,1.86E-09,4:48,3,180906,0,
2018-09-06 4:49,,0.000260688,1.86E-09,4:49,3,180906,0,
2018-09-06 4:50,,0.000260688,1.86E-09,4:50,3,180906,0,
2018-09-06 4:51,,0.000260688,1.86E-09,4:51,3,180906,0,
2018-09-06 4:52,,0.000260688,1.86E-09,4:52,3,180906,0,
2018-09-06 4:53,,0.000260688,1.86E-09,4:53,3,180906,0,
2018-09-06 4:54,,0.000260688,1.86E-09,4:54,3,180906,0,
2018-09-06 4:55,,0.000260688,1.86E-09,4:55,3,180906,0,
2018-09-06 4:56,,0.000260688,1.86E-09,4:56,3,180906,0,
2018-09-06 4:57,,0.000260688,1.86E-09,4:57,3,180906,0,
2018-09-06 4:58,,0.000260688,1.86E-09,4:58,3,180906,0,
2018-09-06 4:59,,0.000260688,1.86E-09,4:59,3,180906,0,
2018-09-06 5:00,,0.000260688,1.86E-09,5:00,3,180906,0,
2018-09-06 5:01,,0.000260688,1.86E-09,5:01,3,180906,0,
2018-09-06 5:02,,0.000260688,1.86E-09,5:02,3,180906,0,
2018-09-06 5:03,,0.000260688,1.86E-09,5:03,3,180906,0,
2018-09-06 5:04,,0.000260688,1.86E-09,5:04,3,180906,0,
2018-09-06 5:05,,0.000260688,1.86E-09,5:05,3,180906,0,
2018-09-06 5:06,,0.000260688,1.86E-09,5:06,3,180906,0,
2018-09-06 5:07,,0.000260688,1.86E-09,5:07,3,180906,0,
2018-09-06 5:08,,0.000260688,1.86E-09,5:08,3,180906,0,
2018-09-06 5:09,,0.000260688,1.86E-09,5:09,3,180906,0,
2018-09-06 5:10,,0.000260688,1.86E-09,5:10,3,180906,0,
2018-09-06 5:11,,0.000260688,1.86E-09,5:11,3,180906,0,
2018-09-06 5:12,,0.000260688,1.86E-09,5:12,3,180906,0,
2018-09-06 5:13,,0.000260688,1.86E-09,5:13,3,180906,0,
2018-09-06 5:14,,0.000260688,1.86E-09,5:14,3,180906,0,
2018-09-06 5:15,,0.000260688,1.86E-09,5:15,3,180906,0,
2018-09-06 5:16,,0.000260688,1.86E-09,5:16,3,180906,0,
2018-09-06 5:17,,0.000260688,1.86E-09,5:17,3,180906,0,
2018-09-06 5:18,,0.000260688,1.86E-09,5:18,3,180906,0,
2018-09-06 5:19,,0.000260688,1.86E-09,5:19,3,180906,0,
2018-09-06 5:20,,0.000260688,1.86E-09,5:20,3,180906,0,
2018-09-06 5:21,,0.000260688,1.86E-09,5:21,3,180906,0,
2018-09-06 5:22,,0.000260688,1.86E-09,5:22,3,180906,0,
2018-09-06 5:23,,0.000260688,1.86E-09,5:23,3,180906,0,
2018-09-06 5:24,,0.000260688,1.86E-09,5:24,3,180906,0,
2018-09-06 5:25,,0.000260688,1.86E-09,5:25,3,180906,0,
2018-09-06 5:26,,0.000260688,1.86E-09,5:26,3,180906,0,
2018-09-06 5:27,,0.000260688,1.86E-09,5:27,3,180906,0,
2018-09-06 5:28,,0.000260688,1.86E-09,5:28,3,180906,0,
2018-09-06 5:29,,0.000260688,1.86E-09,5:29,3,180906,0,
2018-09-06 5:30,,0.000260688,1.86E-09,5:30,3,180906,0,
2018-09-06 5:31,,0.000260688,1.86E-09,5:31,3,180906,0,
2018-09-06 5:32,,0.000260688,1.86E-09,5:32,3,180906,0,
2018-09-06 5:33,,0.000260688,1.86E-09,5:33,3,180906,0,
2018-09-06 5:34,,0.000260688,1.86E-09,5:34,3,180906,0,
2018-09-06 5:35,,0.000260688,1.86E-09,5:35,3,180906,0,
2018-09-06 5:36,,0.000260688,1.86E-09,5:36,3,180906,0,
2018-09-06 5:37,,0.000260688,1.86E-09,5:37,3,180906,0,
2018-09-06 5:38,,0.000260688,1.86E-09,5:38,3,180906,0,
2018-09-06 5:39,,0.000260688,1.86E-09,5:39,3,180906,0,
2018-09-06 5:40,,0.000260688,1.86E-09,5:40,3,180906,0,
2018-09-06 5:41,,0.000260688,1.86E-09,5:41,3,180906,0,
2018-09-06 5:42,,0.000260688,1.86E-09,5:42,3,180906,0,
2018-09-06 5:43,,0.000260688,1.86E-09,5:43,3,180906,0,
2018-09-06 5:44,,0.000260688,1.86E-09,5:44,3,180906,0,
2018-09-06 5:45,,0.000260688,1.86E-09,5:45,3,180906,0,
2018-09-06 5:46,,0.000260688,1.86E-09,5:46,3,180906,0,
2018-09-06 5:47,,0.000260688,1.86E-09,5:47,3,180906,0,
2018-09-06 5:48,,0.000260688,1.86E-09,5:48,3,180906,0,
2018-09-06 5:49,,0.000260688,1.86E-09,5:49,3,180906,0,
2018-09-06 5:50,,0.000260688,1.86E-09,5:50,3,180906,0,
2018-09-06 5:51,,0.000260688,1.86E-09,5:51,3,180906,0,
2018-09-06 5:52,,0.000260688,1.86E-09,5:52,3,180906,0,
2018-09-06 5:53,,0.000260688,1.86E-09,5:53,3,180906,0,
2018-09-06 5:54,,0.000260688,1.86E-09,5:54,3,180906,0,
2018-09-06 5:55,,0.000260688,1.86E-09,5:55,3,180906,0,
2018-09-06 5:56,,0.000260688,1.86E-09,5:56,3,180906,0,
2018-09-06 5:57,,0.000260688,1.86E-09,5:57,3,180906,0,
2018-09-06 5:58,,0.000260688,1.86E-09,5:58,3,180906,0,
2018-09-06 5:59,,0.000260688,1.86E-09,5:59,3,180906,0,
2018-09-06 6:00,,0.000260688,1.86E-09,6:00,3,180906,0,
2018-09-06 6:01,,0.000260688,1.86E-09,6:01,3,180906,0,
2018-09-06 6:02,,0.000260688,1.86E-09,6:02,3,180906,0,
2018-09-06 6:03,,0.000260688,1.86E-09,6:03,3,180906,0,
2018-09-06 6:04,,0.000260688,1.86E-09,6:04,3,180906,0,
2018-09-06 6:05,,0.000260688,1.86E-09,6:05,3,180906,0,
2018-09-06 6:06,,0.000260688,1.86E-09,6:06,3,180906,0,
2018-09-06 6:07,,0.000260688,1.86E-09,6:07,3,180906,0,
2018-09-06 6:08,,0.000260688,1.86E-09,6:08,3,180906,0,
2018-09-06 6:09,,0.000260688,1.86E-09,6:09,3,180906,0,
2018-09-06 6:10,,0.000260688,1.86E-09,6:10,3,180906,0,
2018-09-06 6:11,,0.000260688,1.86E-09,6:11,3,180906,0,
2018-09-06 6:12,,0.000260688,1.86E-09,6:12,3,180906,0,
2018-09-06 6:13,,0.000260688,1.86E-09,6:13,3,180906,0,
2018-09-06 6:14,,0.000260688,1.86E-09,6:14,3,180906,0,
2018-09-06 6:15,,0.000260688,1.86E-09,6:15,3,180906,0,
2018-09-06 6:16,,0.000260688,1.86E-09,6:16,3,180906,0,
2018-09-06 6:17,,0.000260688,1.86E-09,6:17,3,180906,0,
2018-09-06 6:18,,0.000260688,1.86E-09,6:18,3,180906,0,
2018-09-06 6:19,,0.000260688,1.86E-09,6:19,3,180906,0,
2018-09-06 6:20,,0.000260688,1.86E-09,6:20,3,180906,0,
2018-09-06 6:21,,0.000260688,1.86E-09,6:21,3,180906,0,
2018-09-06 6:22,,0.000260688,1.86E-09,6:22,3,180906,0,
2018-09-06 6:23,,0.000260688,1.86E-09,6:23,3,180906,0,
2018-09-06 6:24,,0.000260688,1.86E-09,6:24,3,180906,0,
2018-09-06 6:25,,0.000260688,1.86E-09,6:25,3,180906,0,
2018-09-06 6:26,,0.000260688,1.86E-09,6:26,3,180906,0,
2018-09-06 6:27,,0.000260688,1.86E-09,6:27,3,180906,0,
2018-09-06 6:28,,0.000260688,1.86E-09,6:28,3,180906,0,
2018-09-06 6:29,,0.000260688,1.86E-09,6:29,3,180906,0,
2018-09-06 6:30,,0.000260688,1.86E-09,6:30,3,180906,0,
2018-09-06 6:31,,0.000260688,1.86E-09,6:31,3,180906,0,
2018-09-06 6:32,,0.000260688,1.86E-09,6:32,3,180906,0,
2018-09-06 6:33,,0.000260688,1.86E-09,6:33,3,180906,0,
2018-09-06 6:34,,0.000260688,1.86E-09,6:34,3,180906,0,
2018-09-06 6:35,,0.000260688,1.86E-09,6:35,3,180906,0,
2018-09-06 6:36,,0.000260688,1.86E-09,6:36,3,180906,0,
2018-09-06 6:37,,0.000260688,1.86E-09,6:37,3,180906,0,
2018-09-06 6:38,,0.000260688,1.86E-09,6:38,3,180906,0,
2018-09-06 6:39,,0.000260688,1.86E-09,6:39,3,180906,0,
2018-09-06 6:40,,0.000260688,1.86E-09,6:40,3,180906,0,
2018-09-06 6:41,,0.000260688,1.86E-09,6:41,3,180906,0,
2018-09-06 6:42,,0.000260688,1.86E-09,6:42,3,180906,0,
2018-09-06 6:43,,0.000260688,1.86E-09,6:43,3,180906,0,
2018-09-06 6:44,,0.000260688,1.86E-09,6:44,3,180906,0,
2018-09-06 6:45,,0.000260688,1.86E-09,6:45,3,180906,0,
2018-09-06 6:46,,0.000260688,1.86E-09,6:46,3,180906,0,
2018-09-06 6:47,,0.000260688,1.86E-09,6:47,3,180906,0,
2018-09-06 6:48,,0.000260688,1.86E-09,6:48,3,180906,0,
2018-09-06 6:49,,0.000260688,1.86E-09,6:49,3,180906,0,
2018-09-06 6:50,,0.000260688,1.86E-09,6:50,3,180906,0,
2018-09-06 6:51,,0.000260688,1.86E-09,6:51,3,180906,0,
2018-09-06 6:52,,0.000260688,1.86E-09,6:52,3,180906,0,
2018-09-06 6:53,,0.000260688,1.86E-09,6:53,3,180906,0,
2018-09-06 6:54,,0.000260688,1.86E-09,6:54,3,180906,0,
2018-09-06 6:55,,0.000260688,1.86E-09,6:55,3,180906,0,
2018-09-06 6:56,,0.000260688,1.86E-09,6:56,3,180906,0,
2018-09-06 6:57,,0.000260688,1.86E-09,6:57,3,180906,0,
2018-09-06 6:58,,0.000260688,1.86E-09,6:58,3,180906,0,
2018-09-06 6:59,,0.000260688,1.86E-09,6:59,3,180906,0,
2018-09-06 7:00,,0.000260688,1.86E-09,7:00,3,180906,0,
2018-09-06 7:01,,0.000260688,1.86E-09,7:01,3,180906,0,
2018-09-06 7:02,,0.000260688,1.86E-09,7:02,3,180906,0,
2018-09-06 7:03,,0.000260688,1.86E-09,7:03,3,180906,0,
2018-09-06 7:04,,0.000260688,1.86E-09,7:04,3,180906,0,
2018-09-06 7:05,,0.000260688,1.86E-09,7:05,3,180906,0,
2018-09-06 7:06,,0.000260688,1.86E-09,7:06,3,180906,0,
2018-09-06 7:07,,0.000260688,1.86E-09,7:07,3,180906,0,
2018-09-06 7:08,,0.000260688,1.86E-09,7:08,3,180906,0,
2018-09-06 7:09,,0.000260688,1.86E-09,7:09,3,180906,0,
2018-09-06 7:10,,0.000260688,1.86E-09,7:10,3,180906,0,
2018-09-06 7:11,,0.000260688,1.86E-09,7:11,3,180906,0,
2018-09-06 7:12,,0.000260688,1.86E-09,7:12,3,180906,0,
2018-09-06 7:13,,0.000260688,1.86E-09,7:13,3,180906,0,
2018-09-06 7:14,,0.000260688,1.86E-09,7:14,3,180906,0,
2018-09-06 7:15,,0.000260688,1.86E-09,7:15,3,180906,0,
2018-09-06 7:16,,0.000260688,1.86E-09,7:16,3,180906,0,
2018-09-06 7:17,,0.000260688,1.86E-09,7:17,3,180906,0,
2018-09-06 7:18,,0.000260688,1.86E-09,7:18,3,180906,0,
2018-09-06 7:19,,0.000260688,1.86E-09,7:19,3,180906,0,
2018-09-06 7:20,,0.000260688,1.86E-09,7:20,3,180906,0,
2018-09-06 7:21,,0.000260688,1.86E-09,7:21,3,180906,0,
2018-09-06 7:22,,0.000260688,1.86E-09,7:22,3,180906,0,
2018-09-06 7:23,,0.000260688,1.86E-09,7:23,3,180906,0,
2018-09-06 7:24,,0.000260688,1.86E-09,7:24,3,180906,0,
2018-09-06 7:25,,0.000260688,1.86E-09,7:25,3,180906,0,
2018-09-06 7:26,,0.000260688,1.86E-09,7:26,3,180906,0,
2018-09-06 7:27,,0.000260688,1.86E-09,7:27,3,180906,0,
2018-09-06 7:28,,0.000260688,1.86E-09,7:28,3,180906,0,
2018-09-06 7:29,,0.000260688,1.86E-09,7:29,3,180906,0,
2018-09-06 7:30,,0.000260688,1.86E-09,7:30,3,180906,0,
2018-09-06 7:31,,0.000260688,1.86E-09,7:31,3,180906,0,
2018-09-06 7:32,,0.000260688,1.86E-09,7:32,3,180906,0,
2018-09-06 7:33,,0.000260688,1.86E-09,7:33,3,180906,0,
2018-09-06 7:34,,0.000260688,1.86E-09,7:34,3,180906,0,
2018-09-06 7:35,,0.000260688,1.86E-09,7:35,3,180906,0,
2018-09-06 7:36,,0.000260688,1.86E-09,7:36,3,180906,0,
2018-09-06 7:37,,0.000260688,1.86E-09,7:37,3,180906,0,
2018-09-06 7:38,,0.000260688,1.86E-09,7:38,3,180906,0,
2018-09-06 7:39,,0.000260688,1.86E-09,7:39,3,180906,0,
2018-09-06 7:40,,0.000260688,1.86E-09,7:40,3,180906,0,
2018-09-06 7:41,,0.000260688,1.86E-09,7:41,3,180906,0,
2018-09-06 7:42,,0.000260688,1.86E-09,7:42,3,180906,0,
2018-09-06 7:43,,0.000260688,1.86E-09,7:43,3,180906,0,
2018-09-06 7:44,,0.000260688,1.86E-09,7:44,3,180906,0,
2018-09-06 7:45,,0.000260688,1.86E-09,7:45,3,180906,0,
2018-09-06 7:46,,0.000260688,1.86E-09,7:46,3,180906,0,
2018-09-06 7:47,,0.000260688,1.86E-09,7:47,3,180906,0,
2018-09-06 7:48,,0.000260688,1.86E-09,7:48,3,180906,0,
2018-09-06 7:49,,0.000260688,1.86E-09,7:49,3,180906,0,
2018-09-06 7:50,,0.000260688,1.86E-09,7:50,3,180906,0,
2018-09-06 7:51,,0.000260688,1.86E-09,7:51,3,180906,0,
2018-09-06 7:52,,0.000260688,1.86E-09,7:52,3,180906,0,
2018-09-06 7:53,,0.000260688,1.86E-09,7:53,3,180906,0,
2018-09-06 7:54,,0.000260688,1.86E-09,7:54,3,180906,0,
2018-09-06 7:55,,0.000260688,1.86E-09,7:55,3,180906,0,
2018-09-06 7:56,,0.000260688,1.86E-09,7:56,3,180906,0,
2018-09-06 7:57,,0.000260688,1.86E-09,7:57,3,180906,0,
2018-09-06 7:58,1,0.000260688,1.86E-09,7:58,3,180906,0,
2018-09-06 7:59,,0.000318674,4.10E-05,7:59,3,180906,0,
2018-09-06 8:00,,0.000318674,1.86E-09,8:00,3,180906,0,
2018-09-06 8:01,,0.000318674,1.86E-09,8:01,3,180906,0,
2018-09-06 8:02,,0.000318674,1.86E-09,8:02,3,180906,0,
2018-09-06 8:03,,0.000318674,1.86E-09,8:03,3,180906,0,
2018-09-06 8:04,,0.000318674,1.86E-09,8:04,3,180906,0,
2018-09-06 8:05,,0.000318674,1.86E-09,8:05,3,180906,0,
2018-09-06 8:06,,0.000318674,1.86E-09,8:06,3,180906,0,
2018-09-06 8:07,,0.000318674,1.86E-09,8:07,3,180906,0,
2018-09-06 8:08,,0.000318674,1.86E-09,8:08,3,180906,0,
2018-09-06 8:09,,0.000318674,1.86E-09,8:09,3,180906,0,
2018-09-06 8:10,,0.000318674,1.86E-09,8:10,3,180906,0,
2018-09-06 8:11,,0.000318674,1.86E-09,8:11,3,180906,0,
2018-09-06 8:12,,0.000318674,1.86E-09,8:12,3,180906,0,
2018-09-06 8:13,,0.000318674,1.86E-09,8:13,3,180906,0,
2018-09-06 8:14,,0.000318674,1.86E-09,8:14,3,180906,0,
2018-09-06 8:15,,0.000318674,1.86E-09,8:15,3,180906,0,
2018-09-06 8:16,,0.000318674,1.86E-09,8:16,3,180906,0,
2018-09-06 8:17,,0.000318674,1.86E-09,8:17,3,180906,0,
2018-09-06 8:18,,0.000318674,1.86E-09,8:18,3,180906,0,
2018-09-06 8:19,,0.000318674,1.86E-09,8:19,3,180906,0,
2018-09-06 8:20,,0.000318674,1.86E-09,8:20,3,180906,0,
2018-09-06 8:21,,0.000318674,1.86E-09,8:21,3,180906,0,
2018-09-06 8:22,,0.000318674,1.86E-09,8:22,3,180906,0,
2018-09-06 8:23,,0.000318674,1.86E-09,8:23,3,180906,0,
2018-09-06 8:24,,0.000318674,1.86E-09,8:24,3,180906,0,
2018-09-06 8:25,,0.000318674,1.86E-09,8:25,3,180906,0,
2018-09-06 8:26,,0.000318674,1.86E-09,8:26,3,180906,0,
2018-09-06 8:27,,0.000318674,1.86E-09,8:27,3,180906,0,
2018-09-06 8:28,,0.000318674,1.86E-09,8:28,3,180906,0,
2018-09-06 8:29,,0.000318674,1.86E-09,8:29,3,180906,0,
2018-09-06 8:30,,0.000318674,1.86E-09,8:30,3,180906,0,
2018-09-06 8:31,,0.000318674,1.86E-09,8:31,3,180906,0,
2018-09-06 8:32,,0.000318674,1.86E-09,8:32,3,180906,0,
2018-09-06 8:33,,0.000318674,1.86E-09,8:33,3,180906,0,
2018-09-06 8:34,,0.000318674,1.86E-09,8:34,3,180906,0,
2018-09-06 8:35,,0.000318674,1.86E-09,8:35,3,180906,0,
2018-09-06 8:36,,0.000318674,1.86E-09,8:36,3,180906,0,
2018-09-06 8:37,,0.000318674,1.86E-09,8:37,3,180906,0,
2018-09-06 8:38,,0.000318674,1.86E-09,8:38,3,180906,0,
2018-09-06 8:39,,0.000318674,1.86E-09,8:39,3,180906,0,
2018-09-06 8:40,,0.000318674,1.86E-09,8:40,3,180906,0,
2018-09-06 8:41,,0.000318674,1.86E-09,8:41,3,180906,0,
2018-09-06 8:42,,0.000318674,1.86E-09,8:42,3,180906,0,
2018-09-06 8:43,,0.000318674,1.86E-09,8:43,3,180906,0,
2018-09-06 8:44,,0.000318674,1.86E-09,8:44,3,180906,0,
2018-09-06 8:45,,0.000318674,1.86E-09,8:45,3,180906,0,
2018-09-06 8:46,,0.000318674,1.86E-09,8:46,3,180906,0,
2018-09-06 8:47,,0.000318674,1.86E-09,8:47,3,180906,0,
2018-09-06 8:48,,0.000318674,1.86E-09,8:48,3,180906,0,
2018-09-06 8:49,,0.000318674,1.86E-09,8:49,3,180906,0,
2018-09-06 8:50,,0.000318674,1.86E-09,8:50,3,180906,0,
2018-09-06 8:51,,0.000318674,1.86E-09,8:51,3,180906,0,
2018-09-06 8:52,,0.000318674,1.86E-09,8:52,3,180906,0,
2018-09-06 8:53,,0.000318674,1.86E-09,8:53,3,180906,0,
2018-09-06 8:54,,0.000318674,1.86E-09,8:54,3,180906,0,
2018-09-06 8:55,,0.000318674,1.86E-09,8:55,3,180906,0,
2018-09-06 8:56,,0.000318674,1.86E-09,8:56,3,180906,0,
2018-09-06 8:57,,0.000318674,1.86E-09,8:57,3,180906,0,
2018-09-06 8:58,,0.000318674,1.86E-09,8:58,3,180906,0,
2018-09-06 8:59,,0.000318674,1.86E-09,8:59,3,180906,0,
2018-09-06 9:00,,0.000318674,1.86E-09,9:00,3,180906,0,
2018-09-06 9:01,,0.000318674,1.86E-09,9:01,3,180906,0,
2018-09-06 9:02,,0.000318674,1.86E-09,9:02,3,180906,0,
2018-09-06 9:03,,0.000318674,1.86E-09,9:03,3,180906,0,
2018-09-06 9:04,,0.000318674,1.86E-09,9:04,3,180906,0,
2018-09-06 9:05,,0.000318674,1.86E-09,9:05,3,180906,0,
2018-09-06 9:06,,0.000318674,1.86E-09,9:06,3,180906,0,
2018-09-06 9:07,,0.000318674,1.86E-09,9:07,3,180906,0,
2018-09-06 9:08,,0.000318674,1.86E-09,9:08,3,180906,0,
2018-09-06 9:09,,0.000318674,1.86E-09,9:09,3,180906,0,
2018-09-06 9:10,,0.000318674,1.86E-09,9:10,3,180906,0,
2018-09-06 9:11,,0.000318674,1.86E-09,9:11,3,180906,0,
2018-09-06 9:12,,0.000318674,1.86E-09,9:12,3,180906,0,
2018-09-06 9:13,,0.000318674,1.86E-09,9:13,3,180906,0,
2018-09-06 9:14,,0.000318674,1.86E-09,9:14,3,180906,0,
2018-09-06 9:15,,0.000318674,1.86E-09,9:15,3,180906,0,
2018-09-06 9:16,,0.000318674,1.86E-09,9:16,3,180906,0,
2018-09-06 9:17,,0.000318674,1.86E-09,9:17,3,180906,0,
2018-09-06 9:18,,0.000318674,1.86E-09,9:18,3,180906,0,
2018-09-06 9:19,,0.000318674,1.86E-09,9:19,3,180906,0,
2018-09-06 9:20,,0.000318674,1.86E-09,9:20,3,180906,0,
2018-09-06 9:21,,0.000318674,1.86E-09,9:21,3,180906,0,
2018-09-06 9:22,,0.000318674,1.86E-09,9:22,3,180906,0,
2018-09-06 9:23,,0.000318674,1.86E-09,9:23,3,180906,0,
2018-09-06 9:24,,0.000318674,1.86E-09,9:24,3,180906,0,
2018-09-06 9:25,,0.000318674,1.86E-09,9:25,3,180906,0,
2018-09-06 9:26,,0.000318674,1.86E-09,9:26,3,180906,0,
2018-09-06 9:27,,0.000318674,1.86E-09,9:27,3,180906,0,
2018-09-06 9:28,,0.000318674,1.86E-09,9:28,3,180906,0,
2018-09-06 9:29,,0.000318674,1.86E-09,9:29,3,180906,0,
2018-09-06 9:30,,0.000318674,1.86E-09,9:30,3,180906,0,
2018-09-06 9:31,,0.000318674,1.86E-09,9:31,3,180906,0,
2018-09-06 9:32,,0.000318674,1.86E-09,9:32,3,180906,0,
2018-09-06 9:33,,0.000318674,1.86E-09,9:33,3,180906,0,
2018-09-06 9:34,,0.000318674,1.86E-09,9:34,3,180906,0,
2018-09-06 9:35,,0.000318674,1.86E-09,9:35,3,180906,0,
2018-09-06 9:36,,0.000318674,1.86E-09,9:36,3,180906,0,
2018-09-06 9:37,,0.000318674,1.86E-09,9:37,3,180906,0,
2018-09-06 9:38,,0.000318674,1.86E-09,9:38,3,180906,0,
2018-09-06 9:39,,0.000318674,1.86E-09,9:39,3,180906,0,
2018-09-06 9:40,,0.000318674,1.86E-09,9:40,3,180906,0,
2018-09-06 9:41,,0.000318674,1.86E-09,9:41,3,180906,0,
2018-09-06 9:42,,0.000318674,1.86E-09,9:42,3,180906,0,
2018-09-06 9:43,,0.000318674,1.86E-09,9:43,3,180906,0,
2018-09-06 9:44,,0.000318674,1.86E-09,9:44,3,180906,0,
2018-09-06 9:45,,0.000318674,1.86E-09,9:45,3,180906,0,
2018-09-06 9:46,,0.000318674,1.86E-09,9:46,3,180906,0,
2018-09-06 9:47,,0.000318674,1.86E-09,9:47,3,180906,0,
2018-09-06 9:48,,0.000318674,1.86E-09,9:48,3,180906,0,
2018-09-06 9:49,,0.000318674,1.86E-09,9:49,3,180906,0,
2018-09-06 9:50,,0.000318674,1.86E-09,9:50,3,180906,0,
2018-09-06 9:51,,0.000318674,1.86E-09,9:51,3,180906,0,
2018-09-06 9:52,,0.000318674,1.86E-09,9:52,3,180906,0,
2018-09-06 9:53,,0.000318674,1.86E-09,9:53,3,180906,0,
2018-09-06 9:54,,0.000318674,1.86E-09,9:54,3,180906,0,
2018-09-06 9:55,,0.000318674,1.86E-09,9:55,3,180906,0,
2018-09-06 9:56,,0.000318674,1.86E-09,9:56,3,180906,0,
2018-09-06 9:57,,0.000318674,1.86E-09,9:57,3,180906,0,
2018-09-06 9:58,,0.000318674,1.86E-09,9:58,3,180906,0,
2018-09-06 9:59,,0.000318674,1.86E-09,9:59,3,180906,0,
2018-09-06 10:00,,0.000318674,1.86E-09,10:00,3,180906,0,
2018-09-06 10:01,,0.000318674,1.86E-09,10:01,3,180906,0,
2018-09-06 10:02,,0.000318674,1.86E-09,10:02,3,180906,0,
2018-09-06 10:03,,0.000318674,1.86E-09,10:03,3,180906,0,
2018-09-06 10:04,,0.000318674,1.86E-09,10:04,3,180906,0,
2018-09-06 10:05,,0.000318674,1.86E-09,10:05,3,180906,0,
2018-09-06 10:06,,0.000318674,1.86E-09,10:06,3,180906,0,
2018-09-06 10:07,,0.000318674,1.86E-09,10:07,3,180906,0,
2018-09-06 10:08,,0.000318674,1.86E-09,10:08,3,180906,0,
2018-09-06 10:09,,0.000318674,1.86E-09,10:09,3,180906,0,
2018-09-06 10:10,,0.000318674,1.86E-09,10:10,3,180906,0,
2018-09-06 10:11,,0.000318674,1.86E-09,10:11,3,180906,0,
2018-09-06 10:12,,0.000318674,1.86E-09,10:12,3,180906,0,
2018-09-06 10:13,,0.000318674,1.86E-09,10:13,3,180906,0,
2018-09-06 10:14,,0.000318674,1.86E-09,10:14,3,180906,0,
2018-09-06 10:15,,0.000318674,1.86E-09,10:15,3,180906,0,
2018-09-06 10:16,,0.000318674,1.86E-09,10:16,3,180906,0,
2018-09-06 10:17,,0.000318674,1.86E-09,10:17,3,180906,0,
2018-09-06 10:18,,0.000318674,1.86E-09,10:18,3,180906,0,
2018-09-06 10:19,,0.000318674,1.86E-09,10:19,3,180906,0,
2018-09-06 10:20,,0.000318674,1.86E-09,10:20,3,180906,0,
2018-09-06 10:21,,0.000318674,1.86E-09,10:21,3,180906,0,
2018-09-06 10:22,,0.000318674,1.86E-09,10:22,3,180906,0,
2018-09-06 10:23,,0.000318674,1.86E-09,10:23,3,180906,0,
2018-09-06 10:24,,0.000318674,1.86E-09,10:24,3,180906,0,
2018-09-06 10:25,,0.000318674,1.86E-09,10:25,3,180906,0,
2018-09-06 10:26,,0.000318674,1.86E-09,10:26,3,180906,0,
2018-09-06 10:27,,0.000318674,1.86E-09,10:27,3,180906,0,
2018-09-06 10:28,,0.000318674,1.86E-09,10:28,3,180906,0,
2018-09-06 10:29,,0.000318674,1.86E-09,10:29,3,180906,0,
2018-09-06 10:30,,0.000318674,1.86E-09,10:30,3,180906,0,
2018-09-06 10:31,,0.000318674,1.86E-09,10:31,3,180906,0,
2018-09-06 10:32,,0.000318674,1.86E-09,10:32,3,180906,0,
2018-09-06 10:33,,0.000318674,1.86E-09,10:33,3,180906,0,
2018-09-06 10:34,,0.000318674,1.86E-09,10:34,3,180906,0,
2018-09-06 10:35,,0.000318674,1.86E-09,10:35,3,180906,0,
2018-09-06 10:36,,0.000318674,1.86E-09,10:36,3,180906,0,
2018-09-06 10:37,,0.000318674,1.86E-09,10:37,3,180906,0,
2018-09-06 10:38,,0.000318674,1.86E-09,10:38,3,180906,0,
2018-09-06 10:39,,0.000318674,1.86E-09,10:39,3,180906,0,
2018-09-06 10:40,,0.000318674,1.86E-09,10:40,3,180906,0,
2018-09-06 10:41,,0.000318674,1.86E-09,10:41,3,180906,0,
2018-09-06 10:42,,0.000318674,1.86E-09,10:42,3,180906,0,
2018-09-06 10:43,,0.000318674,1.86E-09,10:43,3,180906,0,
2018-09-06 10:44,,0.000318674,1.86E-09,10:44,3,180906,0,
2018-09-06 10:45,,0.000318674,1.86E-09,10:45,3,180906,0,
2018-09-06 10:46,,0.000318674,1.86E-09,10:46,3,180906,0,
2018-09-06 10:47,,0.000318674,1.86E-09,10:47,3,180906,0,
2018-09-06 10:48,,0.000318674,1.86E-09,10:48,3,180906,0,
2018-09-06 10:49,,0.000318674,1.86E-09,10:49,3,180906,0,
2018-09-06 10:50,,0.000318674,1.86E-09,10:50,3,180906,0,
2018-09-06 10:51,,0.000318674,1.86E-09,10:51,3,180906,0,
2018-09-06 10:52,,0.000318674,1.86E-09,10:52,3,180906,0,
2018-09-06 10:53,,0.000318674,1.86E-09,10:53,3,180906,0,
2018-09-06 10:54,,0.000318674,1.86E-09,10:54,3,180906,0,
2018-09-06 10:55,,0.000318674,1.86E-09,10:55,3,180906,0,
2018-09-06 10:56,,0.000318674,1.86E-09,10:56,3,180906,0,
2018-09-06 10:57,,0.000318674,1.86E-09,10:57,3,180906,0,
2018-09-06 10:58,,0.000318674,1.86E-09,10:58,3,180906,0,
2018-09-06 10:59,,0.000318674,1.86E-09,10:59,3,180906,0,
2018-09-06 11:00,,0.000318674,1.86E-09,11:00,3,180906,0,
2018-09-06 11:01,,0.000318674,1.86E-09,11:01,3,180906,0,
2018-09-06 11:02,,0.000318674,1.86E-09,11:02,3,180906,0,
2018-09-06 11:03,,0.000318674,1.86E-09,11:03,3,180906,0,
2018-09-06 11:04,,0.000318674,1.86E-09,11:04,3,180906,0,
2018-09-06 11:05,,0.000318674,1.86E-09,11:05,3,180906,0,
2018-09-06 11:06,,0.000318674,1.86E-09,11:06,3,180906,0,
2018-09-06 11:07,,0.000318674,1.86E-09,11:07,3,180906,0,
2018-09-06 11:08,,0.000318674,1.86E-09,11:08,3,180906,0,
2018-09-06 11:09,,0.000318674,1.86E-09,11:09,3,180906,0,
2018-09-06 11:10,,0.000318674,1.86E-09,11:10,3,180906,0,
2018-09-06 11:11,,0.000318674,1.86E-09,11:11,3,180906,0,
2018-09-06 11:12,,0.000318674,1.86E-09,11:12,3,180906,0,
2018-09-06 11:13,,0.000318674,1.86E-09,11:13,3,180906,0,
2018-09-06 11:14,,0.000318674,1.86E-09,11:14,3,180906,0,
2018-09-06 11:15,,0.000318674,1.86E-09,11:15,3,180906,0,
2018-09-06 11:16,,0.000318674,1.86E-09,11:16,3,180906,0,
2018-09-06 11:17,,0.000318674,1.86E-09,11:17,3,180906,0,
2018-09-06 11:18,,0.000318674,1.86E-09,11:18,3,180906,0,
2018-09-06 11:19,,0.000318674,1.86E-09,11:19,3,180906,0,
2018-09-06 11:20,,0.000318674,1.86E-09,11:20,3,180906,0,
2018-09-06 11:21,,0.000318674,1.86E-09,11:21,3,180906,0,
2018-09-06 11:22,,0.000318674,1.86E-09,11:22,3,180906,0,
2018-09-06 11:23,,0.000318674,1.86E-09,11:23,3,180906,0,
2018-09-06 11:24,,0.000318674,1.86E-09,11:24,3,180906,0,
2018-09-06 11:25,,0.000318674,1.86E-09,11:25,3,180906,0,
2018-09-06 11:26,,0.000318674,1.86E-09,11:26,3,180906,0,
2018-09-06 11:27,,0.000318674,1.86E-09,11:27,3,180906,0,
2018-09-06 11:28,,0.000318674,1.86E-09,11:28,3,180906,0,
2018-09-06 11:29,,0.000318674,1.86E-09,11:29,3,180906,0,
2018-09-06 11:30,,0.000318674,1.86E-09,11:30,3,180906,0,
2018-09-06 11:31,,0.000318674,1.86E-09,11:31,3,180906,0,
2018-09-06 11:32,,0.000318674,1.86E-09,11:32,3,180906,0,
2018-09-06 11:33,,0.000318674,1.86E-09,11:33,3,180906,0,
2018-09-06 11:34,,0.000318674,1.86E-09,11:34,3,180906,0,
2018-09-06 11:35,,0.000318674,1.86E-09,11:35,3,180906,0,
2018-09-06 11:36,,0.000318674,1.86E-09,11:36,3,180906,0,
2018-09-06 11:37,,0.000318674,1.86E-09,11:37,3,180906,0,
2018-09-06 11:38,,0.000318674,1.86E-09,11:38,3,180906,0,
2018-09-06 11:39,,0.000318674,1.86E-09,11:39,3,180906,0,
2018-09-06 11:40,,0.000318674,1.86E-09,11:40,3,180906,0,
2018-09-06 11:41,,0.000318674,1.86E-09,11:41,3,180906,0,
2018-09-06 11:42,,0.000318674,1.86E-09,11:42,3,180906,0,
2018-09-06 11:43,,0.000318674,1.86E-09,11:43,3,180906,0,
2018-09-06 11:44,,0.000318674,1.86E-09,11:44,3,180906,0,
2018-09-06 11:45,,0.000318674,1.86E-09,11:45,3,180906,0,
2018-09-06 11:46,,0.000318674,1.86E-09,11:46,3,180906,0,
2018-09-06 11:47,,0.000318674,1.86E-09,11:47,3,180906,0,
2018-09-06 11:48,,0.000318674,1.86E-09,11:48,3,180906,0,
2018-09-06 11:49,,0.000318674,1.86E-09,11:49,3,180906,0,
2018-09-06 11:50,,0.000318674,1.86E-09,11:50,3,180906,0,
2018-09-06 11:51,,0.000318674,1.86E-09,11:51,3,180906,0,
2018-09-06 11:52,,0.000318674,1.86E-09,11:52,3,180906,0,
2018-09-06 11:53,,0.000318674,1.86E-09,11:53,3,180906,0,
2018-09-06 11:54,,0.000318674,1.86E-09,11:54,3,180906,0,
2018-09-06 11:55,,0.000318674,1.86E-09,11:55,3,180906,0,
2018-09-06 11:56,,0.000318674,1.86E-09,11:56,3,180906,0,
2018-09-06 11:57,,0.000318674,1.86E-09,11:57,3,180906,0,
2018-09-06 11:58,,0.000318674,1.86E-09,11:58,3,180906,0,
2018-09-06 11:59,,0.000318674,1.86E-09,11:59,3,180906,0,
2018-09-06 12:00,,0.000318674,1.86E-09,12:00,3,180906,0,
2018-09-06 12:01,,0.000318674,1.86E-09,12:01,3,180906,0,
2018-09-06 12:02,,0.000318674,1.86E-09,12:02,3,180906,0,
2018-09-06 12:03,,0.000318674,1.86E-09,12:03,3,180906,0,
2018-09-06 12:04,,0.000318674,1.86E-09,12:04,3,180906,0,
2018-09-06 12:05,,0.000318674,1.86E-09,12:05,3,180906,0,
2018-09-06 12:06,,0.000318674,1.86E-09,12:06,3,180906,0,
2018-09-06 12:07,,0.000318674,1.86E-09,12:07,3,180906,0,
2018-09-06 12:08,,0.000318674,1.86E-09,12:08,3,180906,0,
2018-09-06 12:09,,0.000318674,1.86E-09,12:09,3,180906,0,
2018-09-06 12:10,,0.000318674,1.86E-09,12:10,3,180906,0,
2018-09-06 12:11,,0.000318674,1.86E-09,12:11,3,180906,0,
2018-09-06 12:12,,0.000318674,1.86E-09,12:12,3,180906,0,
2018-09-06 12:13,,0.000318674,1.86E-09,12:13,3,180906,0,
2018-09-06 12:14,,0.000318674,1.86E-09,12:14,3,180906,0,
2018-09-06 12:15,,0.000318674,1.86E-09,12:15,3,180906,0,
2018-09-06 12:16,,0.000318674,1.86E-09,12:16,3,180906,0,
2018-09-06 12:17,,0.000318674,1.86E-09,12:17,3,180906,0,
2018-09-06 12:18,,0.000318674,1.86E-09,12:18,3,180906,0,
2018-09-06 12:19,,0.000318674,1.86E-09,12:19,3,180906,0,
2018-09-06 12:20,,0.000318674,1.86E-09,12:20,3,180906,0,
2018-09-06 12:21,,0.000318674,1.86E-09,12:21,3,180906,0,
2018-09-06 12:22,,0.000318674,1.86E-09,12:22,3,180906,0,
2018-09-06 12:23,,0.000318674,1.86E-09,12:23,3,180906,0,
2018-09-06 12:24,,0.000318674,1.86E-09,12:24,3,180906,0,
2018-09-06 12:25,,0.000318674,1.86E-09,12:25,3,180906,0,
2018-09-06 12:26,,0.000318674,1.86E-09,12:26,3,180906,0,
2018-09-06 12:27,,0.000318674,1.86E-09,12:27,3,180906,0,
2018-09-06 12:28,,0.000318674,1.86E-09,12:28,3,180906,0,
2018-09-06 12:29,,0.000318674,1.86E-09,12:29,3,180906,0,
2018-09-06 12:30,,0.000318674,1.86E-09,12:30,3,180906,0,
2018-09-06 12:31,,0.000318674,1.86E-09,12:31,3,180906,0,
2018-09-06 12:32,,0.000318674,1.86E-09,12:32,3,180906,0,
2018-09-06 12:33,,0.000318674,1.86E-09,12:33,3,180906,0,
2018-09-06 12:34,,0.000318674,1.86E-09,12:34,3,180906,0,
2018-09-06 12:35,,0.000318674,1.86E-09,12:35,3,180906,0,
2018-09-06 12:36,,0.000318674,1.86E-09,12:36,3,180906,0,
2018-09-06 12:37,,0.000318674,1.86E-09,12:37,3,180906,0,
2018-09-06 12:38,,0.000318674,1.86E-09,12:38,3,180906,0,
2018-09-06 12:39,,0.000318674,1.86E-09,12:39,3,180906,0,
2018-09-06 12:40,,0.000318674,1.86E-09,12:40,3,180906,0,
2018-09-06 12:41,,0.000318674,1.86E-09,12:41,3,180906,0,
2018-09-06 12:42,,0.000318674,1.86E-09,12:42,3,180906,0,
2018-09-06 12:43,,0.000318674,1.86E-09,12:43,3,180906,0,
2018-09-06 12:44,,0.000318674,1.86E-09,12:44,3,180906,0,
2018-09-06 12:45,,0.000318674,1.86E-09,12:45,3,180906,0,
2018-09-06 12:46,,0.000318674,1.86E-09,12:46,3,180906,0,
2018-09-06 12:47,,0.000318674,1.86E-09,12:47,3,180906,0,
2018-09-06 12:48,,0.000318674,1.86E-09,12:48,3,180906,0,
2018-09-06 12:49,,0.000318674,1.86E-09,12:49,3,180906,0,
2018-09-06 12:50,,0.000318674,1.86E-09,12:50,3,180906,0,
2018-09-06 12:51,,0.000318674,1.86E-09,12:51,3,180906,0,
2018-09-06 12:52,,0.000318674,1.86E-09,12:52,3,180906,0,
2018-09-06 12:53,,0.000318674,1.86E-09,12:53,3,180906,0,
2018-09-06 12:54,,0.000318674,1.86E-09,12:54,3,180906,0,
2018-09-06 12:55,,0.000318674,1.86E-09,12:55,3,180906,0,
2018-09-06 12:56,,0.000318674,1.86E-09,12:56,3,180906,0,
2018-09-06 12:57,,0.000318674,1.86E-09,12:57,3,180906,0,
2018-09-06 12:58,,0.000318674,1.86E-09,12:58,3,180906,0,
2018-09-06 12:59,,0.000318674,1.86E-09,12:59,3,180906,0,
2018-09-06 13:00,,0.000318674,1.86E-09,13:00,3,180906,0,
2018-09-06 13:01,,0.000318674,1.86E-09,13:01,3,180906,0,
2018-09-06 13:02,,0.000318674,1.86E-09,13:02,3,180906,0,
2018-09-06 13:03,,0.000318674,1.86E-09,13:03,3,180906,0,
2018-09-06 13:04,,0.000318674,1.86E-09,13:04,3,180906,0,
2018-09-06 13:05,,0.000318674,1.86E-09,13:05,3,180906,0,
2018-09-06 13:06,,0.000318674,1.86E-09,13:06,3,180906,0,
2018-09-06 13:07,,0.000318674,1.86E-09,13:07,3,180906,0,
2018-09-06 13:08,,0.000318674,1.86E-09,13:08,3,180906,0,
2018-09-06 13:09,,0.000318674,1.86E-09,13:09,3,180906,0,
2018-09-06 13:10,,0.000318674,1.86E-09,13:10,3,180906,0,
2018-09-06 13:11,,0.000318674,1.86E-09,13:11,3,180906,0,
2018-09-06 13:12,,0.000318674,1.86E-09,13:12,3,180906,0,
2018-09-06 13:13,,0.000318674,1.86E-09,13:13,3,180906,0,
2018-09-06 13:14,,0.000318674,1.86E-09,13:14,3,180906,0,
2018-09-06 13:15,,0.000318674,1.86E-09,13:15,3,180906,0,
2018-09-06 13:16,,0.000318674,1.86E-09,13:16,3,180906,0,
2018-09-06 13:17,,0.000318674,1.86E-09,13:17,3,180906,0,
2018-09-06 13:18,,0.000318674,1.86E-09,13:18,3,180906,0,
2018-09-06 13:19,,0.000318674,1.86E-09,13:19,3,180906,0,
2018-09-06 13:20,,0.000318674,1.86E-09,13:20,3,180906,0,
2018-09-06 13:21,,0.000318674,1.86E-09,13:21,3,180906,0,
2018-09-06 13:22,,0.000318674,1.86E-09,13:22,3,180906,0,
2018-09-06 13:23,,0.000318674,1.86E-09,13:23,3,180906,0,
2018-09-06 13:24,,0.000318674,1.86E-09,13:24,3,180906,0,
2018-09-06 13:25,,0.000318674,1.86E-09,13:25,3,180906,0,
2018-09-06 13:26,,0.000318674,1.86E-09,13:26,3,180906,0,
2018-09-06 13:27,,0.000318674,1.86E-09,13:27,3,180906,0,
2018-09-06 13:28,,0.000318674,1.86E-09,13:28,3,180906,0,
2018-09-06 13:29,,0.000318674,1.86E-09,13:29,3,180906,0,
2018-09-06 13:30,,0.000318674,1.86E-09,13:30,3,180906,0,
2018-09-06 13:31,,0.000318674,1.86E-09,13:31,3,180906,0,
2018-09-06 13:32,,0.000318674,1.86E-09,13:32,3,180906,0,
2018-09-06 13:33,,0.000318674,1.86E-09,13:33,3,180906,0,
2018-09-06 13:34,,0.000318674,1.86E-09,13:34,3,180906,0,
2018-09-06 13:35,,0.000318674,1.86E-09,13:35,3,180906,0,
2018-09-06 13:36,,0.000318674,1.86E-09,13:36,3,180906,0,
2018-09-06 13:37,,0.000318674,1.86E-09,13:37,3,180906,0,
2018-09-06 13:38,,0.000318674,1.86E-09,13:38,3,180906,0,
2018-09-06 13:39,,0.000318674,1.86E-09,13:39,3,180906,0,
2018-09-06 13:40,,0.000318674,1.86E-09,13:40,3,180906,0,
2018-09-06 13:41,,0.000318674,1.86E-09,13:41,3,180906,0,
2018-09-06 13:42,,0.000318674,1.86E-09,13:42,3,180906,0,
2018-09-06 13:43,,0.000318674,1.86E-09,13:43,3,180906,0,
2018-09-06 13:44,,0.000318674,1.86E-09,13:44,3,180906,0,
2018-09-06 13:45,,0.000318674,1.86E-09,13:45,3,180906,0,
2018-09-06 13:46,,0.000318674,1.86E-09,13:46,3,180906,0,
2018-09-06 13:47,,0.000318674,1.86E-09,13:47,3,180906,0,
2018-09-06 13:48,,0.000318674,1.86E-09,13:48,3,180906,0,
2018-09-06 13:49,,0.000318674,1.86E-09,13:49,3,180906,0,
2018-09-06 13:50,,0.000318674,1.86E-09,13:50,3,180906,0,
2018-09-06 13:51,,0.000318674,1.86E-09,13:51,3,180906,0,
2018-09-06 13:52,,0.000318674,1.86E-09,13:52,3,180906,0,
2018-09-06 13:53,,0.000318674,1.86E-09,13:53,3,180906,0,
2018-09-06 13:54,,0.000318674,1.86E-09,13:54,3,180906,0,
2018-09-06 13:55,,0.000318674,1.86E-09,13:55,3,180906,0,
2018-09-06 13:56,,0.000318674,1.86E-09,13:56,3,180906,0,
2018-09-06 13:57,,0.000318674,1.86E-09,13:57,3,180906,0,
2018-09-06 13:58,,0.000318674,1.86E-09,13:58,3,180906,0,
2018-09-06 13:59,,0.000318674,1.86E-09,13:59,3,180906,0,
2018-09-06 14:00,,0.000318674,1.86E-09,14:00,3,180906,0,
2018-09-06 14:01,,0.000318674,1.86E-09,14:01,3,180906,0,
2018-09-06 14:02,,0.000318674,1.86E-09,14:02,3,180906,0,
2018-09-06 14:03,,0.000318674,1.86E-09,14:03,3,180906,0,
2018-09-06 14:04,,0.000318674,1.86E-09,14:04,3,180906,0,
2018-09-06 14:05,,0.000318674,1.86E-09,14:05,3,180906,0,
2018-09-06 14:06,,0.000318674,1.86E-09,14:06,3,180906,0,
2018-09-06 14:07,,0.000318674,1.86E-09,14:07,3,180906,0,
2018-09-06 14:08,,0.000318674,1.86E-09,14:08,3,180906,0,
2018-09-06 14:09,,0.000318674,1.86E-09,14:09,3,180906,0,
2018-09-06 14:10,,0.000318674,1.86E-09,14:10,3,180906,0,
2018-09-06 14:11,,0.000318674,1.86E-09,14:11,3,180906,0,
2018-09-06 14:12,,0.000318674,1.86E-09,14:12,3,180906,0,
2018-09-06 14:13,,0.000318674,1.86E-09,14:13,3,180906,0,
2018-09-06 14:14,,0.000318674,1.86E-09,14:14,3,180906,0,
2018-09-06 14:15,,0.000318674,1.86E-09,14:15,3,180906,0,
2018-09-06 14:16,,0.000318674,1.86E-09,14:16,3,180906,0,
2018-09-06 14:17,,0.000318674,1.86E-09,14:17,3,180906,0,
2018-09-06 14:18,,0.000318674,1.86E-09,14:18,3,180906,0,
2018-09-06 14:19,,0.000318674,1.86E-09,14:19,3,180906,0,
2018-09-06 14:20,,0.000318674,1.86E-09,14:20,3,180906,0,
2018-09-06 14:21,,0.000318674,1.86E-09,14:21,3,180906,0,
2018-09-06 14:22,,0.000318674,1.86E-09,14:22,3,180906,0,
2018-09-06 14:23,,0.000318674,1.86E-09,14:23,3,180906,0,
2018-09-06 14:24,,0.000318674,1.86E-09,14:24,3,180906,0,
2018-09-06 14:25,,0.000318674,1.86E-09,14:25,3,180906,0,
2018-09-06 14:26,,0.000318674,1.86E-09,14:26,3,180906,0,
2018-09-06 14:27,,0.000318674,1.86E-09,14:27,3,180906,0,
2018-09-06 14:28,,0.000318674,1.86E-09,14:28,3,180906,0,
2018-09-06 14:29,,0.000318674,1.86E-09,14:29,3,180906,0,
2018-09-06 14:30,,0.000318674,1.86E-09,14:30,3,180906,0,
2018-09-06 14:31,,0.000318674,1.86E-09,14:31,3,180906,0,
2018-09-06 14:32,,0.000318674,1.86E-09,14:32,3,180906,0,
2018-09-06 14:33,,0.000318674,1.86E-09,14:33,3,180906,0,
2018-09-06 14:34,,0.000318674,1.86E-09,14:34,3,180906,0,
2018-09-06 14:35,,0.000318674,1.86E-09,14:35,3,180906,0,
2018-09-06 14:36,,0.000318674,1.86E-09,14:36,3,180906,0,
2018-09-06 14:37,,0.000318674,1.86E-09,14:37,3,180906,0,
2018-09-06 14:38,,0.000318674,1.86E-09,14:38,3,180906,0,
2018-09-06 14:39,,0.000318674,1.86E-09,14:39,3,180906,0,
2018-09-06 14:40,,0.000318674,1.86E-09,14:40,3,180906,0,
2018-09-06 14:41,,0.000318674,1.86E-09,14:41,3,180906,0,
2018-09-06 14:42,,0.000318674,1.86E-09,14:42,3,180906,0,
2018-09-06 14:43,,0.000318674,1.86E-09,14:43,3,180906,0,
2018-09-06 14:44,,0.000318674,1.86E-09,14:44,3,180906,0,
2018-09-06 14:45,,0.000318674,1.86E-09,14:45,3,180906,0,
2018-09-06 14:46,,0.000318674,1.86E-09,14:46,3,180906,0,
2018-09-06 14:47,,0.000318674,1.86E-09,14:47,3,180906,0,
2018-09-06 14:48,,0.000318674,1.86E-09,14:48,3,180906,0,
2018-09-06 14:49,,0.000318674,1.86E-09,14:49,3,180906,0,
2018-09-06 14:50,,0.000318674,1.86E-09,14:50,3,180906,0,
2018-09-06 14:51,,0.000318674,1.86E-09,14:51,3,180906,0,
2018-09-06 14:52,,0.000318674,1.86E-09,14:52,3,180906,0,
2018-09-06 14:53,,0.000318674,1.86E-09,14:53,3,180906,0,
2018-09-06 14:54,,0.000318674,1.86E-09,14:54,3,180906,0,
2018-09-06 14:55,,0.000318674,1.86E-09,14:55,3,180906,0,
2018-09-06 14:56,,0.000318674,1.86E-09,14:56,3,180906,0,
2018-09-06 14:57,,0.000318674,1.86E-09,14:57,3,180906,0,
2018-09-06 14:58,,0.000318674,1.86E-09,14:58,3,180906,0,
2018-09-06 14:59,,0.000318674,1.86E-09,14:59,3,180906,0,
2018-09-06 15:00,,0.000318674,1.86E-09,15:00,3,180906,0,
2018-09-06 15:01,,0.000318674,1.86E-09,15:01,3,180906,0,
2018-09-06 15:02,,0.000318674,1.86E-09,15:02,3,180906,0,
2018-09-06 15:03,,0.000318674,1.86E-09,15:03,3,180906,0,
2018-09-06 15:04,,0.000318674,1.86E-09,15:04,3,180906,0,
2018-09-06 15:05,,0.000318674,1.86E-09,15:05,3,180906,0,
2018-09-06 15:06,,0.000318674,1.86E-09,15:06,3,180906,0,
2018-09-06 15:07,,0.000318674,1.86E-09,15:07,3,180906,0,
2018-09-06 15:08,,0.000318674,1.86E-09,15:08,3,180906,0,
2018-09-06 15:09,,0.000318674,1.86E-09,15:09,3,180906,0,
2018-09-06 15:10,,0.000318674,1.86E-09,15:10,3,180906,0,
2018-09-06 15:11,,0.000318674,1.86E-09,15:11,3,180906,0,
2018-09-06 15:12,,0.000318674,1.86E-09,15:12,3,180906,0,
2018-09-06 15:13,,0.000318674,1.86E-09,15:13,3,180906,0,
2018-09-06 15:14,,0.000318674,1.86E-09,15:14,3,180906,0,
2018-09-06 15:15,,0.000318674,1.86E-09,15:15,3,180906,0,
2018-09-06 15:16,,0.000318674,1.86E-09,15:16,3,180906,0,
2018-09-06 15:17,,0.000318674,1.86E-09,15:17,3,180906,0,
2018-09-06 15:18,,0.000318674,1.86E-09,15:18,3,180906,0,
2018-09-06 15:19,,0.000318674,1.86E-09,15:19,3,180906,0,
2018-09-06 15:20,,0.000318674,1.86E-09,15:20,3,180906,0,
2018-09-06 15:21,,0.000318674,1.86E-09,15:21,3,180906,0,
2018-09-06 15:22,,0.000318674,1.86E-09,15:22,3,180906,0,
2018-09-06 15:23,,0.000318674,1.86E-09,15:23,3,180906,0,
2018-09-06 15:24,,0.000318674,1.86E-09,15:24,3,180906,0,
2018-09-06 15:25,,0.000318674,1.86E-09,15:25,3,180906,0,
2018-09-06 15:26,,0.000318674,1.86E-09,15:26,3,180906,0,
2018-09-06 15:27,,0.000318674,1.86E-09,15:27,3,180906,0,
2018-09-06 15:28,,0.000318674,1.86E-09,15:28,3,180906,0,
2018-09-06 15:29,,0.000318674,1.86E-09,15:29,3,180906,0,
2018-09-06 15:30,,0.000318674,1.86E-09,15:30,3,180906,0,
2018-09-06 15:31,,0.000318674,1.86E-09,15:31,3,180906,0,
2018-09-06 15:32,,0.000318674,1.86E-09,15:32,3,180906,0,
2018-09-06 15:33,,0.000318674,1.86E-09,15:33,3,180906,0,
2018-09-06 15:34,,0.000318674,1.86E-09,15:34,3,180906,0,
2018-09-06 15:35,,0.000318674,1.86E-09,15:35,3,180906,0,
2018-09-06 15:36,,0.000318674,1.86E-09,15:36,3,180906,0,
2018-09-06 15:37,,0.000318674,1.86E-09,15:37,3,180906,0,
2018-09-06 15:38,,0.000318674,1.86E-09,15:38,3,180906,0,
2018-09-06 15:39,,0.000318674,1.86E-09,15:39,3,180906,0,
2018-09-06 15:40,,0.000318674,1.86E-09,15:40,3,180906,0,
2018-09-06 15:41,,0.000318674,1.86E-09,15:41,3,180906,0,
2018-09-06 15:42,,0.000318674,1.86E-09,15:42,3,180906,0,
2018-09-06 15:43,,0.000318674,1.86E-09,15:43,3,180906,0,
2018-09-06 15:44,,0.000318674,1.86E-09,15:44,3,180906,0,
2018-09-06 15:45,,0.000318674,1.86E-09,15:45,3,180906,0,
2018-09-06 15:46,,0.000318674,1.86E-09,15:46,3,180906,0,
2018-09-06 15:47,,0.000318674,1.86E-09,15:47,3,180906,0,
2018-09-06 15:48,,0.000318674,1.86E-09,15:48,3,180906,0,
2018-09-06 15:49,,0.000318674,1.86E-09,15:49,3,180906,0,
2018-09-06 15:50,,0.000318674,1.86E-09,15:50,3,180906,0,
2018-09-06 15:51,,0.000318674,1.86E-09,15:51,3,180906,0,
2018-09-06 15:52,,0.000318674,1.86E-09,15:52,3,180906,0,
2018-09-06 15:53,,0.000318674,1.86E-09,15:53,3,180906,0,
2018-09-06 15:54,,0.000318674,1.86E-09,15:54,3,180906,0,
2018-09-06 15:55,,0.000318674,1.86E-09,15:55,3,180906,0,
2018-09-06 15:56,,0.000318674,1.86E-09,15:56,3,180906,0,
2018-09-06 15:57,,0.000318674,1.86E-09,15:57,3,180906,0,
2018-09-06 15:58,,0.000318674,1.86E-09,15:58,3,180906,0,
2018-09-06 15:59,,0.000318674,1.86E-09,15:59,3,180906,0,
2018-09-06 16:00,,0.000318674,1.86E-09,16:00,3,180906,0,
2018-09-06 16:01,,0.000318674,1.86E-09,16:01,3,180906,0,
2018-09-06 16:02,,0.000318674,1.86E-09,16:02,3,180906,0,
2018-09-06 16:03,,0.000318674,1.86E-09,16:03,3,180906,0,
2018-09-06 16:04,,0.000318674,1.86E-09,16:04,3,180906,0,
2018-09-06 16:05,,0.000318674,1.86E-09,16:05,3,180906,0,
2018-09-06 16:06,,0.000318674,1.86E-09,16:06,3,180906,0,
2018-09-06 16:07,,0.000318674,1.86E-09,16:07,3,180906,0,
2018-09-06 16:08,,0.000318674,1.86E-09,16:08,3,180906,0,
2018-09-06 16:09,,0.000318674,1.86E-09,16:09,3,180906,0,
2018-09-06 16:10,,0.000318674,1.86E-09,16:10,3,180906,0,
2018-09-06 16:11,,0.000318674,1.86E-09,16:11,3,180906,0,
2018-09-06 16:12,,0.000318674,1.86E-09,16:12,3,180906,0,
2018-09-06 16:13,,0.000318674,1.86E-09,16:13,3,180906,0,
2018-09-06 16:14,,0.000318674,1.86E-09,16:14,3,180906,0,
2018-09-06 16:15,,0.000318674,1.86E-09,16:15,3,180906,0,
2018-09-06 16:16,,0.000318674,1.86E-09,16:16,3,180906,0,
2018-09-06 16:17,,0.000318674,1.86E-09,16:17,3,180906,0,
2018-09-06 16:18,,0.000318674,1.86E-09,16:18,3,180906,0,
2018-09-06 16:19,,0.000318674,1.86E-09,16:19,3,180906,0,
2018-09-06 16:20,,0.000318674,1.86E-09,16:20,3,180906,0,
2018-09-06 16:21,,0.000318674,1.86E-09,16:21,3,180906,0,
2018-09-06 16:22,,0.000318674,1.86E-09,16:22,3,180906,0,
2018-09-06 16:23,,0.000318674,1.86E-09,16:23,3,180906,0,
2018-09-06 16:24,,0.000318674,1.86E-09,16:24,3,180906,0,
2018-09-06 16:25,,0.000318674,1.86E-09,16:25,3,180906,0,
2018-09-06 16:26,,0.000318674,1.86E-09,16:26,3,180906,0,
2018-09-06 16:27,,0.000318674,1.86E-09,16:27,3,180906,0,
2018-09-06 16:28,,0.000318674,1.86E-09,16:28,3,180906,0,
2018-09-06 16:29,,0.000318674,1.86E-09,16:29,3,180906,0,
2018-09-06 16:30,,0.000318674,1.86E-09,16:30,3,180906,0,
2018-09-06 16:31,,0.000318674,1.86E-09,16:31,3,180906,0,
2018-09-06 16:32,,0.000318674,1.86E-09,16:32,3,180906,0,
2018-09-06 16:33,,0.000318674,1.86E-09,16:33,3,180906,0,
2018-09-06 16:34,,0.000318674,1.86E-09,16:34,3,180906,0,
2018-09-06 16:35,,0.000318674,1.86E-09,16:35,3,180906,0,
2018-09-06 16:36,,0.000318674,1.86E-09,16:36,3,180906,0,
2018-09-06 16:37,,0.000318674,1.86E-09,16:37,3,180906,0,
2018-09-06 16:38,,0.000318674,1.86E-09,16:38,3,180906,0,
2018-09-06 16:39,,0.000318674,1.86E-09,16:39,3,180906,0,
2018-09-06 16:40,,0.000318674,1.86E-09,16:40,3,180906,0,
2018-09-06 16:41,,0.000318674,1.86E-09,16:41,3,180906,0,
2018-09-06 16:42,,0.000318674,1.86E-09,16:42,3,180906,0,
2018-09-06 16:43,,0.000318674,1.86E-09,16:43,3,180906,0,
2018-09-06 16:44,,0.000318674,1.86E-09,16:44,3,180906,0,
2018-09-06 16:45,,0.000318674,1.86E-09,16:45,3,180906,0,
2018-09-06 16:46,,0.000318674,1.86E-09,16:46,3,180906,0,
2018-09-06 16:47,,0.000318674,1.86E-09,16:47,3,180906,0,
2018-09-06 16:48,,0.000318674,1.86E-09,16:48,3,180906,0,
2018-09-06 16:49,,0.000318674,1.86E-09,16:49,3,180906,0,
2018-09-06 16:50,,0.000318674,1.86E-09,16:50,3,180906,0,
2018-09-06 16:51,,0.000318674,1.86E-09,16:51,3,180906,0,
2018-09-06 16:52,,0.000318674,1.86E-09,16:52,3,180906,0,
2018-09-06 16:53,,0.000318674,1.86E-09,16:53,3,180906,0,
2018-09-06 16:54,,0.000318674,1.86E-09,16:54,3,180906,0,
2018-09-06 16:55,,0.000318674,1.86E-09,16:55,3,180906,0,
2018-09-06 16:56,,0.000318674,1.86E-09,16:56,3,180906,0,
2018-09-06 16:57,,0.000318674,1.86E-09,16:57,3,180906,0,
2018-09-06 16:58,,0.000318674,1.86E-09,16:58,3,180906,0,
2018-09-06 16:59,,0.000318674,1.86E-09,16:59,3,180906,0,
2018-09-06 17:00,,0.000318674,1.86E-09,17:00,3,180906,0,
2018-09-06 17:01,,0.000318674,1.86E-09,17:01,3,180906,0,
2018-09-06 17:02,,0.000318674,1.86E-09,17:02,3,180906,0,
2018-09-06 17:03,,0.000318674,1.86E-09,17:03,3,180906,0,
2018-09-06 17:04,,0.000318674,1.86E-09,17:04,3,180906,0,
2018-09-06 17:05,,0.000318674,1.86E-09,17:05,3,180906,0,
2018-09-06 17:06,,0.000318674,1.86E-09,17:06,3,180906,0,
2018-09-06 17:07,,0.000318674,1.86E-09,17:07,3,180906,0,
2018-09-06 17:08,,0.000318674,1.86E-09,17:08,3,180906,0,
2018-09-06 17:09,,0.000318674,1.86E-09,17:09,3,180906,0,
2018-09-06 17:10,,0.000318674,1.86E-09,17:10,3,180906,0,
2018-09-06 17:11,,0.000318674,1.86E-09,17:11,3,180906,0,
2018-09-06 17:12,,0.000318674,1.86E-09,17:12,3,180906,0,
2018-09-06 17:13,,0.000318674,1.86E-09,17:13,3,180906,0,
2018-09-06 17:14,,0.000318674,1.86E-09,17:14,3,180906,0,
2018-09-06 17:15,,0.000318674,1.86E-09,17:15,3,180906,0,
2018-09-06 17:16,,0.000318674,1.86E-09,17:16,3,180906,0,
2018-09-06 17:17,,0.000318674,1.86E-09,17:17,3,180906,0,
2018-09-06 17:18,,0.000318674,1.86E-09,17:18,3,180906,0,
2018-09-06 17:19,,0.000318674,1.86E-09,17:19,3,180906,0,
2018-09-06 17:20,,0.000318674,1.86E-09,17:20,3,180906,0,
2018-09-06 17:21,,0.000318674,1.86E-09,17:21,3,180906,0,
2018-09-06 17:22,,0.000318674,1.86E-09,17:22,3,180906,0,
2018-09-06 17:23,,0.000318674,1.86E-09,17:23,3,180906,0,
2018-09-06 17:24,,0.000318674,1.86E-09,17:24,3,180906,0,
2018-09-06 17:25,,0.000318674,1.86E-09,17:25,3,180906,0,
2018-09-06 17:26,,0.000318674,1.86E-09,17:26,3,180906,0,
2018-09-06 17:27,,0.000318674,1.86E-09,17:27,3,180906,0,
2018-09-06 17:28,,0.000318674,1.86E-09,17:28,3,180906,0,
2018-09-06 17:29,,0.000318674,1.86E-09,17:29,3,180906,0,
2018-09-06 17:30,,0.000318674,1.86E-09,17:30,3,180906,0,
2018-09-06 17:31,,0.000318674,1.86E-09,17:31,3,180906,0,
2018-09-06 17:32,,0.000318674,1.86E-09,17:32,3,180906,0,
2018-09-06 17:33,,0.000318674,1.86E-09,17:33,3,180906,0,
2018-09-06 17:34,,0.000318674,1.86E-09,17:34,3,180906,0,
2018-09-06 17:35,,0.000318674,1.86E-09,17:35,3,180906,0,
2018-09-06 17:36,,0.000318674,1.86E-09,17:36,3,180906,0,
2018-09-06 17:37,,0.000318674,1.86E-09,17:37,3,180906,0,
2018-09-06 17:38,,0.000318674,1.86E-09,17:38,3,180906,0,
2018-09-06 17:39,,0.000318674,1.86E-09,17:39,3,180906,0,
2018-09-06 17:40,,0.000318674,1.86E-09,17:40,3,180906,0,
2018-09-06 17:41,,0.000318674,1.86E-09,17:41,3,180906,0,
2018-09-06 17:42,,0.000318674,1.86E-09,17:42,3,180906,0,
2018-09-06 17:43,,0.000318674,1.86E-09,17:43,3,180906,0,
2018-09-06 17:44,,0.000318674,1.86E-09,17:44,3,180906,0,
2018-09-06 17:45,,0.000318674,1.86E-09,17:45,3,180906,0,
2018-09-06 17:46,,0.000318674,1.86E-09,17:46,3,180906,0,
2018-09-06 17:47,,0.000318674,1.86E-09,17:47,3,180906,0,
2018-09-06 17:48,,0.000318674,1.86E-09,17:48,3,180906,0,
2018-09-06 17:49,,0.000318674,1.86E-09,17:49,3,180906,0,
2018-09-06 17:50,,0.000318674,1.86E-09,17:50,3,180906,0,
2018-09-06 17:51,,0.000318674,1.86E-09,17:51,3,180906,0,
2018-09-06 17:52,,0.000318674,1.86E-09,17:52,3,180906,0,
2018-09-06 17:53,,0.000318674,1.86E-09,17:53,3,180906,0,
2018-09-06 17:54,,0.000318674,1.86E-09,17:54,3,180906,0,
2018-09-06 17:55,,0.000318674,1.86E-09,17:55,3,180906,0,
2018-09-06 17:56,,0.000318674,1.86E-09,17:56,3,180906,0,
2018-09-06 17:57,,0.000318674,1.86E-09,17:57,3,180906,0,
2018-09-06 17:58,,0.000318674,1.86E-09,17:58,3,180906,0,
2018-09-06 17:59,,0.000318674,1.86E-09,17:59,3,180906,0,
2018-09-06 18:00,,0.000318674,1.86E-09,18:00,3,180906,0,
2018-09-06 18:01,,0.000318674,1.86E-09,18:01,3,180906,0,
2018-09-06 18:02,,0.000318674,1.86E-09,18:02,3,180906,0,
2018-09-06 18:03,,0.000318674,1.86E-09,18:03,3,180906,0,
2018-09-06 18:04,,0.000318674,1.86E-09,18:04,3,180906,0,
2018-09-06 18:05,,0.000318674,1.86E-09,18:05,3,180906,0,
2018-09-06 18:06,,0.000318674,1.86E-09,18:06,3,180906,0,
2018-09-06 18:07,,0.000318674,1.86E-09,18:07,3,180906,0,
2018-09-06 18:08,,0.000318674,1.86E-09,18:08,3,180906,0,
2018-09-06 18:09,,0.000318674,1.86E-09,18:09,3,180906,0,
2018-09-06 18:10,,0.000318674,1.86E-09,18:10,3,180906,0,
2018-09-06 18:11,,0.000318674,1.86E-09,18:11,3,180906,0,
2018-09-06 18:12,,0.000318674,1.86E-09,18:12,3,180906,0,
2018-09-06 18:13,,0.000318674,1.86E-09,18:13,3,180906,0,
2018-09-06 18:14,,0.000318674,1.86E-09,18:14,3,180906,0,
2018-09-06 18:15,,0.000318674,1.86E-09,18:15,3,180906,0,
2018-09-06 18:16,,0.000318674,1.86E-09,18:16,3,180906,0,
2018-09-06 18:17,,0.000318674,1.86E-09,18:17,3,180906,0,
2018-09-06 18:18,,0.000318674,1.86E-09,18:18,3,180906,0,
2018-09-06 18:19,,0.000318674,1.86E-09,18:19,3,180906,0,
2018-09-06 18:20,,0.000318674,1.86E-09,18:20,3,180906,0,
2018-09-06 18:21,,0.000318674,1.86E-09,18:21,3,180906,0,
2018-09-06 18:22,,0.000318674,1.86E-09,18:22,3,180906,0,
2018-09-06 18:23,,0.000318674,1.86E-09,18:23,3,180906,0,
2018-09-06 18:24,,0.000318674,1.86E-09,18:24,3,180906,0,
2018-09-06 18:25,,0.000318674,1.86E-09,18:25,3,180906,0,
2018-09-06 18:26,,0.000318674,1.86E-09,18:26,3,180906,0,
2018-09-06 18:27,,0.000318674,1.86E-09,18:27,3,180906,0,
2018-09-06 18:28,,0.000318674,1.86E-09,18:28,3,180906,0,
2018-09-06 18:29,,0.000318674,1.86E-09,18:29,3,180906,0,
2018-09-06 18:30,,0.000318674,1.86E-09,18:30,3,180906,0,
2018-09-06 18:31,,0.000318674,1.86E-09,18:31,3,180906,0,
2018-09-06 18:32,,0.000318674,1.86E-09,18:32,3,180906,0,
2018-09-06 18:33,,0.000318674,1.86E-09,18:33,3,180906,0,
2018-09-06 18:34,,0.000318674,1.86E-09,18:34,3,180906,0,
2018-09-06 18:35,,0.000318674,1.86E-09,18:35,3,180906,0,
2018-09-06 18:36,,0.000318674,1.86E-09,18:36,3,180906,0,
2018-09-06 18:37,,0.000318674,1.86E-09,18:37,3,180906,0,
2018-09-06 18:38,,0.000318674,1.86E-09,18:38,3,180906,0,
2018-09-06 18:39,,0.000318674,1.86E-09,18:39,3,180906,0,
2018-09-06 18:40,,0.000318674,1.86E-09,18:40,3,180906,0,
2018-09-06 18:41,,0.000318674,1.86E-09,18:41,3,180906,0,
2018-09-06 18:42,,0.000318674,1.86E-09,18:42,3,180906,0,
2018-09-06 18:43,,0.000318674,1.86E-09,18:43,3,180906,0,
2018-09-06 18:44,,0.000318674,1.86E-09,18:44,3,180906,0,
2018-09-06 18:45,,0.000318674,1.86E-09,18:45,3,180906,0,
2018-09-06 18:46,,0.000318674,1.86E-09,18:46,3,180906,0,
2018-09-06 18:47,,0.000318674,1.86E-09,18:47,3,180906,0,
2018-09-06 18:48,,0.000318674,1.86E-09,18:48,3,180906,0,
2018-09-06 18:49,,0.000318674,1.86E-09,18:49,3,180906,0,
2018-09-06 18:50,,0.000318674,1.86E-09,18:50,3,180906,0,
2018-09-06 18:51,,0.000318674,1.86E-09,18:51,3,180906,0,
2018-09-06 18:52,,0.000318674,1.86E-09,18:52,3,180906,0,
2018-09-06 18:53,,0.000318674,1.86E-09,18:53,3,180906,0,
2018-09-06 18:54,,0.000318674,1.86E-09,18:54,3,180906,0,
2018-09-06 18:55,,0.000318674,1.86E-09,18:55,3,180906,0,
2018-09-06 18:56,,0.000318674,1.86E-09,18:56,3,180906,0,
2018-09-06 18:57,,0.000318674,1.86E-09,18:57,3,180906,0,
2018-09-06 18:58,,0.000318674,1.86E-09,18:58,3,180906,0,
2018-09-06 18:59,,0.000318674,1.86E-09,18:59,3,180906,0,
2018-09-06 19:00,,0.000318674,1.86E-09,19:00,3,180906,0,
2018-09-06 19:01,,0.000318674,1.86E-09,19:01,3,180906,0,
2018-09-06 19:02,,0.000318674,1.86E-09,19:02,3,180906,0,
2018-09-06 19:03,,0.000318674,1.86E-09,19:03,3,180906,0,
2018-09-06 19:04,,0.000318674,1.86E-09,19:04,3,180906,0,
2018-09-06 19:05,,0.000318674,1.86E-09,19:05,3,180906,0,
2018-09-06 19:06,,0.000318674,1.86E-09,19:06,3,180906,0,
2018-09-06 19:07,,0.000318674,1.86E-09,19:07,3,180906,0,
2018-09-06 19:08,,0.000318674,1.86E-09,19:08,3,180906,0,
2018-09-06 19:09,,0.000318674,1.86E-09,19:09,3,180906,0,
2018-09-06 19:10,,0.000318674,1.86E-09,19:10,3,180906,0,
2018-09-06 19:11,,0.000318674,1.86E-09,19:11,3,180906,0,
2018-09-06 19:12,,0.000318674,1.86E-09,19:12,3,180906,0,
2018-09-06 19:13,,0.000318674,1.86E-09,19:13,3,180906,0,
2018-09-06 19:14,,0.000318674,1.86E-09,19:14,3,180906,0,
2018-09-06 19:15,,0.000318674,1.86E-09,19:15,3,180906,0,
2018-09-06 19:16,,0.000318674,1.86E-09,19:16,3,180906,0,
2018-09-06 19:17,,0.000318674,1.86E-09,19:17,3,180906,0,
2018-09-06 19:18,,0.000318674,1.86E-09,19:18,3,180906,0,
2018-09-06 19:19,,0.000318674,1.86E-09,19:19,3,180906,0,
2018-09-06 19:20,,0.000318674,1.86E-09,19:20,3,180906,0,
2018-09-06 19:21,,0.000318674,1.86E-09,19:21,3,180906,0,
2018-09-06 19:22,,0.000318674,1.86E-09,19:22,3,180906,0,
2018-09-06 19:23,,0.000318674,1.86E-09,19:23,3,180906,0,
2018-09-06 19:24,,0.000318674,1.86E-09,19:24,3,180906,0,
2018-09-06 19:25,,0.000318674,1.86E-09,19:25,3,180906,0,
2018-09-06 19:26,,0.000318674,1.86E-09,19:26,3,180906,0,
2018-09-06 19:27,,0.000318674,1.86E-09,19:27,3,180906,0,
2018-09-06 19:28,,0.000318674,1.86E-09,19:28,3,180906,0,
2018-09-06 19:29,,0.000318674,1.86E-09,19:29,3,180906,0,
2018-09-06 19:30,,0.000318674,1.86E-09,19:30,3,180906,0,
2018-09-06 19:31,,0.000318674,1.86E-09,19:31,3,180906,0,
2018-09-06 19:32,,0.000318674,1.86E-09,19:32,3,180906,0,
2018-09-06 19:33,,0.000318674,1.86E-09,19:33,3,180906,0,
2018-09-06 19:34,,0.000318674,1.86E-09,19:34,3,180906,0,
2018-09-06 19:35,,0.000318674,1.86E-09,19:35,3,180906,0,
2018-09-06 19:36,,0.000318674,1.86E-09,19:36,3,180906,0,
2018-09-06 19:37,,0.000318674,1.86E-09,19:37,3,180906,0,
2018-09-06 19:38,,0.000318674,1.86E-09,19:38,3,180906,0,
2018-09-06 19:39,,0.000318674,1.86E-09,19:39,3,180906,0,
2018-09-06 19:40,,0.000318674,1.86E-09,19:40,3,180906,0,
2018-09-06 19:41,,0.000318674,1.86E-09,19:41,3,180906,0,
2018-09-06 19:42,,0.000318674,1.86E-09,19:42,3,180906,0,
2018-09-06 19:43,,0.000318674,1.86E-09,19:43,3,180906,0,
2018-09-06 19:44,,0.000318674,1.86E-09,19:44,3,180906,0,
2018-09-06 19:45,,0.000318674,1.86E-09,19:45,3,180906,0,
2018-09-06 19:46,,0.000318674,1.86E-09,19:46,3,180906,0,
2018-09-06 19:47,,0.000318674,1.86E-09,19:47,3,180906,0,
2018-09-06 19:48,,0.000318674,1.86E-09,19:48,3,180906,0,
2018-09-06 19:49,,0.000318674,1.86E-09,19:49,3,180906,0,
2018-09-06 19:50,,0.000318674,1.86E-09,19:50,3,180906,0,
2018-09-06 19:51,,0.000318674,1.86E-09,19:51,3,180906,0,
2018-09-06 19:52,,0.000318674,1.86E-09,19:52,3,180906,0,
2018-09-06 19:53,,0.000318674,1.86E-09,19:53,3,180906,0,
2018-09-06 19:54,,0.000318674,1.86E-09,19:54,3,180906,0,
2018-09-06 19:55,,0.000318674,1.86E-09,19:55,3,180906,0,
2018-09-06 19:56,,0.000318674,1.86E-09,19:56,3,180906,0,
2018-09-06 19:57,,0.000318674,1.86E-09,19:57,3,180906,0,
2018-09-06 19:58,,0.000318674,1.86E-09,19:58,3,180906,0,
2018-09-06 19:59,,0.000318674,1.86E-09,19:59,3,180906,0,
2018-09-06 20:00,,0.000318674,1.86E-09,20:00,3,180906,0,
2018-09-06 20:01,,0.000318674,1.86E-09,20:01,3,180906,0,
2018-09-06 20:02,,0.000318674,1.86E-09,20:02,3,180906,0,
2018-09-06 20:03,,0.000318674,1.86E-09,20:03,3,180906,0,
2018-09-06 20:04,,0.000318674,1.86E-09,20:04,3,180906,0,
2018-09-06 20:05,,0.000318674,1.86E-09,20:05,3,180906,0,
2018-09-06 20:06,,0.000318674,1.86E-09,20:06,3,180906,0,
2018-09-06 20:07,,0.000318674,1.86E-09,20:07,3,180906,0,
2018-09-06 20:08,,0.000318674,1.86E-09,20:08,3,180906,0,
2018-09-06 20:09,,0.000318674,1.86E-09,20:09,3,180906,0,
2018-09-06 20:10,,0.000318674,1.86E-09,20:10,3,180906,0,
2018-09-06 20:11,,0.000318674,1.86E-09,20:11,3,180906,0,
2018-09-06 20:12,,0.000318674,1.86E-09,20:12,3,180906,0,
2018-09-06 20:13,,0.000318674,1.86E-09,20:13,3,180906,0,
2018-09-06 20:14,,0.000318674,1.86E-09,20:14,3,180906,0,
2018-09-06 20:15,,0.000318674,1.86E-09,20:15,3,180906,0,
2018-09-06 20:16,,0.000318674,1.86E-09,20:16,3,180906,0,
2018-09-06 20:17,,0.000318674,1.86E-09,20:17,3,180906,0,
2018-09-06 20:18,,0.000318674,1.86E-09,20:18,3,180906,0,
2018-09-06 20:19,,0.000318674,1.86E-09,20:19,3,180906,0,
2018-09-06 20:20,,0.000318674,1.86E-09,20:20,3,180906,0,
2018-09-06 20:21,,0.000318674,1.86E-09,20:21,3,180906,0,
2018-09-06 20:22,,0.000318674,1.86E-09,20:22,3,180906,0,
2018-09-06 20:23,,0.000318674,1.86E-09,20:23,3,180906,0,
2018-09-06 20:24,,0.000318674,1.86E-09,20:24,3,180906,0,
2018-09-06 20:25,,0.000318674,1.86E-09,20:25,3,180906,0,
2018-09-06 20:26,,0.000318674,1.86E-09,20:26,3,180906,0,
2018-09-06 20:27,,0.000318674,1.86E-09,20:27,3,180906,0,
2018-09-06 20:28,,0.000318674,1.86E-09,20:28,3,180906,0,
2018-09-06 20:29,,0.000318674,1.86E-09,20:29,3,180906,0,
2018-09-06 20:30,,0.000318674,1.86E-09,20:30,3,180906,0,
2018-09-06 20:31,,0.000318674,1.86E-09,20:31,3,180906,0,
2018-09-06 20:32,,0.000318674,1.86E-09,20:32,3,180906,0,
2018-09-06 20:33,,0.000318674,1.86E-09,20:33,3,180906,0,
2018-09-06 20:34,,0.000318674,1.86E-09,20:34,3,180906,0,
2018-09-06 20:35,,0.000318674,1.86E-09,20:35,3,180906,0,
2018-09-06 20:36,,0.000318674,1.86E-09,20:36,3,180906,0,
2018-09-06 20:37,,0.000318674,1.86E-09,20:37,3,180906,0,
2018-09-06 20:38,,0.000318674,1.86E-09,20:38,3,180906,0,
2018-09-06 20:39,,0.000318674,1.86E-09,20:39,3,180906,0,
2018-09-06 20:40,,0.000318674,1.86E-09,20:40,3,180906,0,
2018-09-06 20:41,,0.000318674,1.86E-09,20:41,3,180906,0,
2018-09-06 20:42,,0.000318674,1.86E-09,20:42,3,180906,0,
2018-09-06 20:43,,0.000318674,1.86E-09,20:43,3,180906,0,
2018-09-06 20:44,,0.000318674,1.86E-09,20:44,3,180906,0,
2018-09-06 20:45,,0.000318674,1.86E-09,20:45,3,180906,0,
2018-09-06 20:46,,0.000318674,1.86E-09,20:46,3,180906,0,
2018-09-06 20:47,,0.000318674,1.86E-09,20:47,3,180906,0,
2018-09-06 20:48,,0.000318674,1.86E-09,20:48,3,180906,0,
2018-09-06 20:49,,0.000318674,1.86E-09,20:49,3,180906,0,
2018-09-06 20:50,,0.000318674,1.86E-09,20:50,3,180906,0,
2018-09-06 20:51,,0.000318674,1.86E-09,20:51,3,180906,0,
2018-09-06 20:52,,0.000318674,1.86E-09,20:52,3,180906,0,
2018-09-06 20:53,,0.000318674,1.86E-09,20:53,3,180906,0,
2018-09-06 20:54,,0.000318674,1.86E-09,20:54,3,180906,0,
2018-09-06 20:55,,0.000318674,1.86E-09,20:55,3,180906,0,
2018-09-06 20:56,,0.000318674,1.86E-09,20:56,3,180906,0,
2018-09-06 20:57,,0.000318674,1.86E-09,20:57,3,180906,0,
2018-09-06 20:58,,0.000318674,1.86E-09,20:58,3,180906,0,
2018-09-06 20:59,,0.000318674,1.86E-09,20:59,3,180906,0,
2018-09-06 21:00,,0.000318674,1.86E-09,21:00,3,180906,0,
2018-09-06 21:01,,0.000318674,1.86E-09,21:01,3,180906,0,
2018-09-06 21:02,,0.000318674,1.86E-09,21:02,3,180906,0,
2018-09-06 21:03,,0.000318674,1.86E-09,21:03,3,180906,0,
2018-09-06 21:04,,0.000318674,1.86E-09,21:04,3,180906,0,
2018-09-06 21:05,,0.000318674,1.86E-09,21:05,3,180906,0,
2018-09-06 21:06,,0.000318674,1.86E-09,21:06,3,180906,0,
2018-09-06 21:07,,0.000318674,1.86E-09,21:07,3,180906,0,
2018-09-06 21:08,,0.000318674,1.86E-09,21:08,3,180906,0,
2018-09-06 21:09,,0.000318674,1.86E-09,21:09,3,180906,0,
2018-09-06 21:10,,0.000318674,1.86E-09,21:10,3,180906,0,
2018-09-06 21:11,,0.000318674,1.86E-09,21:11,3,180906,0,
2018-09-06 21:12,,0.000318674,1.86E-09,21:12,3,180906,0,
2018-09-06 21:13,,0.000318674,1.86E-09,21:13,3,180906,0,
2018-09-06 21:14,,0.000318674,1.86E-09,21:14,3,180906,0,
2018-09-06 21:15,,0.000318674,1.86E-09,21:15,3,180906,0,
2018-09-06 21:16,,0.000318674,1.86E-09,21:16,3,180906,0,
2018-09-06 21:17,,0.000318674,1.86E-09,21:17,3,180906,0,
2018-09-06 21:18,,0.000318674,1.86E-09,21:18,3,180906,0,
2018-09-06 21:19,,0.000318674,1.86E-09,21:19,3,180906,0,
2018-09-06 21:20,,0.000318674,1.86E-09,21:20,3,180906,0,
2018-09-06 21:21,,0.000318674,1.86E-09,21:21,3,180906,0,
2018-09-06 21:22,,0.000318674,1.86E-09,21:22,3,180906,0,
2018-09-06 21:23,,0.000318674,1.86E-09,21:23,3,180906,0,
2018-09-06 21:24,,0.000318674,1.86E-09,21:24,3,180906,0,
2018-09-06 21:25,,0.000318674,1.86E-09,21:25,3,180906,0,
2018-09-06 21:26,,0.000318674,1.86E-09,21:26,3,180906,0,
2018-09-06 21:27,,0.000318674,1.86E-09,21:27,3,180906,0,
2018-09-06 21:28,,0.000318674,1.86E-09,21:28,3,180906,0,
2018-09-06 21:29,,0.000318674,1.86E-09,21:29,3,180906,0,
2018-09-06 21:30,,0.000318674,1.86E-09,21:30,3,180906,0,
2018-09-06 21:31,,0.000318674,1.86E-09,21:31,3,180906,0,
2018-09-06 21:32,,0.000318674,1.86E-09,21:32,3,180906,0,
2018-09-06 21:33,,0.000318674,1.86E-09,21:33,3,180906,0,
2018-09-06 21:34,,0.000318674,1.86E-09,21:34,3,180906,0,
2018-09-06 21:35,,0.000318674,1.86E-09,21:35,3,180906,0,
2018-09-06 21:36,,0.000318674,1.86E-09,21:36,3,180906,0,
2018-09-06 21:37,,0.000318674,1.86E-09,21:37,3,180906,0,
2018-09-06 21:38,,0.000318674,1.86E-09,21:38,3,180906,0,
2018-09-06 21:39,,0.000318674,1.86E-09,21:39,3,180906,0,
2018-09-06 21:40,,0.000318674,1.86E-09,21:40,3,180906,0,
2018-09-06 21:41,,0.000318674,1.86E-09,21:41,3,180906,0,
2018-09-06 21:42,,0.000318674,1.86E-09,21:42,3,180906,0,
2018-09-06 21:43,,0.000318674,1.86E-09,21:43,3,180906,0,
2018-09-06 21:44,,0.000318674,1.86E-09,21:44,3,180906,0,
2018-09-06 21:45,,0.000318674,1.86E-09,21:45,3,180906,0,
2018-09-06 21:46,,0.000318674,1.86E-09,21:46,3,180906,0,
2018-09-06 21:47,,0.000318674,1.86E-09,21:47,3,180906,0,
2018-09-06 21:48,,0.000318674,1.86E-09,21:48,3,180906,0,
2018-09-06 21:49,,0.000318674,1.86E-09,21:49,3,180906,0,
2018-09-06 21:50,,0.000318674,1.86E-09,21:50,3,180906,0,
2018-09-06 21:51,,0.000318674,1.86E-09,21:51,3,180906,0,
2018-09-06 21:52,,0.000318674,1.86E-09,21:52,3,180906,0,
2018-09-06 21:53,,0.000318674,1.86E-09,21:53,3,180906,0,
2018-09-06 21:54,,0.000318674,1.86E-09,21:54,3,180906,0,
2018-09-06 21:55,,0.000318674,1.86E-09,21:55,3,180906,0,
2018-09-06 21:56,,0.000318674,1.86E-09,21:56,3,180906,0,
2018-09-06 21:57,,0.000318674,1.86E-09,21:57,3,180906,0,
2018-09-06 21:58,,0.000318674,1.86E-09,21:58,3,180906,0,
2018-09-06 21:59,,0.000318674,1.86E-09,21:59,3,180906,0,
2018-09-06 22:00,,0.000318674,1.86E-09,22:00,3,180906,0,
2018-09-06 22:01,,0.000318674,1.86E-09,22:01,3,180906,0,
2018-09-06 22:02,,0.000318674,1.86E-09,22:02,3,180906,0,
2018-09-06 22:03,,0.000318674,1.86E-09,22:03,3,180906,0,
2018-09-06 22:04,,0.000318674,1.86E-09,22:04,3,180906,0,
2018-09-06 22:05,,0.000318674,1.86E-09,22:05,3,180906,0,
2018-09-06 22:06,,0.000318674,1.86E-09,22:06,3,180906,0,
2018-09-06 22:07,,0.000318674,1.86E-09,22:07,3,180906,0,
2018-09-06 22:08,,0.000318674,1.86E-09,22:08,3,180906,0,
2018-09-06 22:09,,0.000318674,1.86E-09,22:09,3,180906,0,
2018-09-06 22:10,,0.000318674,1.86E-09,22:10,3,180906,0,
2018-09-06 22:11,,0.000318674,1.86E-09,22:11,3,180906,0,
2018-09-06 22:12,,0.000318674,1.86E-09,22:12,3,180906,0,
2018-09-06 22:13,,0.000318674,1.86E-09,22:13,3,180906,0,
2018-09-06 22:14,,0.000318674,1.86E-09,22:14,3,180906,0,
2018-09-06 22:15,,0.000318674,1.86E-09,22:15,3,180906,0,
2018-09-06 22:16,,0.000318674,1.86E-09,22:16,3,180906,0,
2018-09-06 22:17,,0.000318674,1.86E-09,22:17,3,180906,0,
2018-09-06 22:18,,0.000318674,1.86E-09,22:18,3,180906,0,
2018-09-06 22:19,,0.000318674,1.86E-09,22:19,3,180906,0,
2018-09-06 22:20,,0.000318674,1.86E-09,22:20,3,180906,0,
2018-09-06 22:21,,0.000318674,1.86E-09,22:21,3,180906,0,
2018-09-06 22:22,,0.000318674,1.86E-09,22:22,3,180906,0,
2018-09-06 22:23,,0.000318674,1.86E-09,22:23,3,180906,0,
2018-09-06 22:24,,0.000318674,1.86E-09,22:24,3,180906,0,
2018-09-06 22:25,,0.000318674,1.86E-09,22:25,3,180906,0,
2018-09-06 22:26,,0.000318674,1.86E-09,22:26,3,180906,0,
2018-09-06 22:27,,0.000318674,1.86E-09,22:27,3,180906,0,
2018-09-06 22:28,,0.000318674,1.86E-09,22:28,3,180906,0,
2018-09-06 22:29,,0.000318674,1.86E-09,22:29,3,180906,0,
2018-09-06 22:30,,0.000318674,1.86E-09,22:30,3,180906,0,
2018-09-06 22:31,,0.000318674,1.86E-09,22:31,3,180906,0,
2018-09-06 22:32,,0.000318674,1.86E-09,22:32,3,180906,0,
2018-09-06 22:33,,0.000318674,1.86E-09,22:33,3,180906,0,
2018-09-06 22:34,,0.000318674,1.86E-09,22:34,3,180906,0,
2018-09-06 22:35,,0.000318674,1.86E-09,22:35,3,180906,0,
2018-09-06 22:36,,0.000318674,1.86E-09,22:36,3,180906,0,
2018-09-06 22:37,,0.000318674,1.86E-09,22:37,3,180906,0,
2018-09-06 22:38,,0.000318674,1.86E-09,22:38,3,180906,0,
2018-09-06 22:39,,0.000318674,1.86E-09,22:39,3,180906,0,
2018-09-06 22:40,,0.000318674,1.86E-09,22:40,3,180906,0,
2018-09-06 22:41,,0.000318674,1.86E-09,22:41,3,180906,0,
2018-09-06 22:42,,0.000318674,1.86E-09,22:42,3,180906,0,
2018-09-06 22:43,,0.000318674,1.86E-09,22:43,3,180906,0,
2018-09-06 22:44,,0.000318674,1.86E-09,22:44,3,180906,0,
2018-09-06 22:45,,0.000318674,1.86E-09,22:45,3,180906,0,
2018-09-06 22:46,,0.000318674,1.86E-09,22:46,3,180906,0,
2018-09-06 22:47,,0.000318674,1.86E-09,22:47,3,180906,0,
2018-09-06 22:48,,0.000318674,1.86E-09,22:48,3,180906,0,
2018-09-06 22:49,,0.000318674,1.86E-09,22:49,3,180906,0,
2018-09-06 22:50,,0.000318674,1.86E-09,22:50,3,180906,0,
2018-09-06 22:51,,0.000318674,1.86E-09,22:51,3,180906,0,
2018-09-06 22:52,,0.000318674,1.86E-09,22:52,3,180906,0,
2018-09-06 22:53,,0.000318674,1.86E-09,22:53,3,180906,0,
2018-09-06 22:54,,0.000318674,1.86E-09,22:54,3,180906,0,
2018-09-06 22:55,,0.000318674,1.86E-09,22:55,3,180906,0,
2018-09-06 22:56,,0.000318674,1.86E-09,22:56,3,180906,0,
2018-09-06 22:57,,0.000318674,1.86E-09,22:57,3,180906,0,
2018-09-06 22:58,,0.000318674,1.86E-09,22:58,3,180906,0,
2018-09-06 22:59,,0.000318674,1.86E-09,22:59,3,180906,0,
2018-09-06 23:00,,0.000318674,1.86E-09,23:00,3,180906,0,
2018-09-06 23:01,,0.000318674,1.86E-09,23:01,3,180906,0,
2018-09-06 23:02,,0.000318674,1.86E-09,23:02,3,180906,0,
2018-09-06 23:03,,0.000318674,1.86E-09,23:03,3,180906,0,
2018-09-06 23:04,,0.000318674,1.86E-09,23:04,3,180906,0,
2018-09-06 23:05,,0.000318674,1.86E-09,23:05,3,180906,0,
2018-09-06 23:06,,0.000318674,1.86E-09,23:06,3,180906,0,
2018-09-06 23:07,,0.000318674,1.86E-09,23:07,3,180906,0,
2018-09-06 23:08,,0.000318674,1.86E-09,23:08,3,180906,0,
2018-09-06 23:09,,0.000318674,1.86E-09,23:09,3,180906,0,
2018-09-06 23:10,,0.000318674,1.86E-09,23:10,3,180906,0,
2018-09-06 23:11,,0.000318674,1.86E-09,23:11,3,180906,0,
2018-09-06 23:12,,0.000318674,1.86E-09,23:12,3,180906,0,
2018-09-06 23:13,,0.000318674,1.86E-09,23:13,3,180906,0,
2018-09-06 23:14,,0.000318674,1.86E-09,23:14,3,180906,0,
2018-09-06 23:15,,0.000318674,1.86E-09,23:15,3,180906,0,
2018-09-06 23:16,,0.000318674,1.86E-09,23:16,3,180906,0,
2018-09-06 23:17,,0.000318674,1.86E-09,23:17,3,180906,0,
2018-09-06 23:18,,0.000318674,1.86E-09,23:18,3,180906,0,
2018-09-06 23:19,,0.000318674,1.86E-09,23:19,3,180906,0,
2018-09-06 23:20,,0.000318674,1.86E-09,23:20,3,180906,0,
2018-09-06 23:21,,0.000318674,1.86E-09,23:21,3,180906,0,
2018-09-06 23:22,,0.000318674,1.86E-09,23:22,3,180906,0,
2018-09-06 23:23,,0.000318674,1.86E-09,23:23,3,180906,0,
2018-09-06 23:24,,0.000318674,1.86E-09,23:24,3,180906,0,
2018-09-06 23:25,,0.000318674,1.86E-09,23:25,3,180906,0,
2018-09-06 23:26,,0.000318674,1.86E-09,23:26,3,180906,0,
2018-09-06 23:27,,0.000318674,1.86E-09,23:27,3,180906,0,
2018-09-06 23:28,,0.000318674,1.86E-09,23:28,3,180906,0,
2018-09-06 23:29,,0.000318674,1.86E-09,23:29,3,180906,0,
2018-09-06 23:30,,0.000318674,1.86E-09,23:30,3,180906,0,
2018-09-06 23:31,,0.000318674,1.86E-09,23:31,3,180906,0,
2018-09-06 23:32,,0.000318674,1.86E-09,23:32,3,180906,0,
2018-09-06 23:33,,0.000318674,1.86E-09,23:33,3,180906,0,
2018-09-06 23:34,,0.000318674,1.86E-09,23:34,3,180906,0,
2018-09-06 23:35,,0.000318674,1.86E-09,23:35,3,180906,0,
2018-09-06 23:36,,0.000318674,1.86E-09,23:36,3,180906,0,
2018-09-06 23:37,,0.000318674,1.86E-09,23:37,3,180906,0,
2018-09-06 23:38,,0.000318674,1.86E-09,23:38,3,180906,0,
2018-09-06 23:39,,0.000318674,1.86E-09,23:39,3,180906,0,
2018-09-06 23:40,,0.000318674,1.86E-09,23:40,3,180906,0,
2018-09-06 23:41,,0.000318674,1.86E-09,23:41,3,180906,0,
2018-09-06 23:42,,0.000318674,1.86E-09,23:42,3,180906,0,
2018-09-06 23:43,,0.000318674,1.86E-09,23:43,3,180906,0,
2018-09-06 23:44,,0.000318674,1.86E-09,23:44,3,180906,0,
2018-09-06 23:45,,0.000318674,1.86E-09,23:45,3,180906,0,
2018-09-06 23:46,,0.000318674,1.86E-09,23:46,3,180906,0,
2018-09-06 23:47,,0.000318674,1.86E-09,23:47,3,180906,0,
2018-09-06 23:48,,0.000318674,1.86E-09,23:48,3,180906,0,
2018-09-06 23:49,,0.000318674,1.86E-09,23:49,3,180906,0,
2018-09-06 23:50,,0.000318674,1.86E-09,23:50,3,180906,0,
2018-09-06 23:51,,0.000318674,1.86E-09,23:51,3,180906,0,
2018-09-06 23:52,,0.000318674,1.86E-09,23:52,3,180906,0,
2018-09-06 23:53,,0.000318674,1.86E-09,23:53,3,180906,0,
2018-09-06 23:54,,0.000318674,1.86E-09,23:54,3,180906,0,
2018-09-06 23:55,,0.000318674,1.86E-09,23:55,3,180906,0,
2018-09-06 23:56,,0.000318674,1.86E-09,23:56,3,180906,0,
2018-09-06 23:57,,0.000318674,1.86E-09,23:57,3,180906,0,
2018-09-06 23:58,,0.000318674,1.86E-09,23:58,3,180906,0,
2018-09-06 23:59,,0.000318674,1.86E-09,23:59,3,180906,0,
2018-09-07 0:00,,0.000318674,1.86E-09,0:00,4,180907,0,
2018-09-07 0:01,,0.000318674,1.86E-09,0:01,4,180907,0,
2018-09-07 0:02,,0.000318674,1.86E-09,0:02,4,180907,0,
2018-09-07 0:03,,0.000318674,1.86E-09,0:03,4,180907,0,
2018-09-07 0:04,,0.000318674,1.86E-09,0:04,4,180907,0,
2018-09-07 0:05,,0.000318674,1.86E-09,0:05,4,180907,0,
2018-09-07 0:06,,0.000318674,1.86E-09,0:06,4,180907,0,
2018-09-07 0:07,,0.000318674,1.86E-09,0:07,4,180907,0,
2018-09-07 0:08,,0.000318674,1.86E-09,0:08,4,180907,0,
2018-09-07 0:09,,0.000318674,1.86E-09,0:09,4,180907,0,
2018-09-07 0:10,,0.000318674,1.86E-09,0:10,4,180907,0,
2018-09-07 0:11,,0.000318674,1.86E-09,0:11,4,180907,0,
2018-09-07 0:12,,0.000318674,1.86E-09,0:12,4,180907,0,
2018-09-07 0:13,,0.000318674,1.86E-09,0:13,4,180907,0,
2018-09-07 0:14,,0.000318674,1.86E-09,0:14,4,180907,0,
2018-09-07 0:15,,0.000318674,1.86E-09,0:15,4,180907,0,
2018-09-07 0:16,,0.000318674,1.86E-09,0:16,4,180907,0,
2018-09-07 0:17,,0.000318674,1.86E-09,0:17,4,180907,0,
2018-09-07 0:18,,0.000318674,1.86E-09,0:18,4,180907,0,
2018-09-07 0:19,,0.000318674,1.86E-09,0:19,4,180907,0,
2018-09-07 0:20,,0.000318674,1.86E-09,0:20,4,180907,0,
2018-09-07 0:21,,0.000318674,1.86E-09,0:21,4,180907,0,
2018-09-07 0:22,,0.000318674,1.86E-09,0:22,4,180907,0,
2018-09-07 0:23,,0.000318674,1.86E-09,0:23,4,180907,0,
2018-09-07 0:24,,0.000318674,1.86E-09,0:24,4,180907,0,
2018-09-07 0:25,,0.000318674,1.86E-09,0:25,4,180907,0,
2018-09-07 0:26,,0.000318674,1.86E-09,0:26,4,180907,0,
2018-09-07 0:27,,0.000318674,1.86E-09,0:27,4,180907,0,
2018-09-07 0:28,,0.000318674,1.86E-09,0:28,4,180907,0,
2018-09-07 0:29,,0.000318674,1.86E-09,0:29,4,180907,0,
2018-09-07 0:30,,0.000318674,1.86E-09,0:30,4,180907,0,
2018-09-07 0:31,,0.000318674,1.86E-09,0:31,4,180907,0,
2018-09-07 0:32,,0.000318674,1.86E-09,0:32,4,180907,0,
2018-09-07 0:33,,0.000318674,1.86E-09,0:33,4,180907,0,
2018-09-07 0:34,,0.000318674,1.86E-09,0:34,4,180907,0,
2018-09-07 0:35,,0.000318674,1.86E-09,0:35,4,180907,0,
2018-09-07 0:36,,0.000318674,1.86E-09,0:36,4,180907,0,
2018-09-07 0:37,,0.000318674,1.86E-09,0:37,4,180907,0,
2018-09-07 0:38,,0.000318674,1.86E-09,0:38,4,180907,0,
2018-09-07 0:39,,0.000318674,1.86E-09,0:39,4,180907,0,
2018-09-07 0:40,,0.000318674,1.86E-09,0:40,4,180907,0,
2018-09-07 0:41,,0.000318674,1.86E-09,0:41,4,180907,0,
2018-09-07 0:42,,0.000318674,1.86E-09,0:42,4,180907,0,
2018-09-07 0:43,,0.000318674,1.86E-09,0:43,4,180907,0,
2018-09-07 0:44,,0.000318674,1.86E-09,0:44,4,180907,0,
2018-09-07 0:45,,0.000318674,1.86E-09,0:45,4,180907,0,
2018-09-07 0:46,,0.000318674,1.86E-09,0:46,4,180907,0,
2018-09-07 0:47,,0.000318674,1.86E-09,0:47,4,180907,0,
2018-09-07 0:48,,0.000318674,1.86E-09,0:48,4,180907,0,
2018-09-07 0:49,,0.000318674,1.86E-09,0:49,4,180907,0,
2018-09-07 0:50,,0.000318674,1.86E-09,0:50,4,180907,0,
2018-09-07 0:51,,0.000318674,1.86E-09,0:51,4,180907,0,
2018-09-07 0:52,,0.000318674,1.86E-09,0:52,4,180907,0,
2018-09-07 0:53,,0.000318674,1.86E-09,0:53,4,180907,0,
2018-09-07 0:54,,0.000318674,1.86E-09,0:54,4,180907,0,
2018-09-07 0:55,,0.000318674,1.86E-09,0:55,4,180907,0,
2018-09-07 0:56,,0.000318674,1.86E-09,0:56,4,180907,0,
2018-09-07 0:57,,0.000318674,1.86E-09,0:57,4,180907,0,
2018-09-07 0:58,,0.000318674,1.86E-09,0:58,4,180907,0,
2018-09-07 0:59,,0.000318674,1.86E-09,0:59,4,180907,0,
2018-09-07 1:00,,0.000318674,1.86E-09,1:00,4,180907,0,
2018-09-07 1:01,,0.000318674,1.86E-09,1:01,4,180907,0,
2018-09-07 1:02,,0.000318674,1.86E-09,1:02,4,180907,0,
2018-09-07 1:03,,0.000318674,1.86E-09,1:03,4,180907,0,
2018-09-07 1:04,,0.000318674,1.86E-09,1:04,4,180907,0,
2018-09-07 1:05,,0.000318674,1.86E-09,1:05,4,180907,0,
2018-09-07 1:06,,0.000318674,1.86E-09,1:06,4,180907,0,
2018-09-07 1:07,,0.000318674,1.86E-09,1:07,4,180907,0,
2018-09-07 1:08,,0.000318674,1.86E-09,1:08,4,180907,0,
2018-09-07 1:09,,0.000318674,1.86E-09,1:09,4,180907,0,
2018-09-07 1:10,,0.000318674,1.86E-09,1:10,4,180907,0,
2018-09-07 1:11,,0.000318674,1.86E-09,1:11,4,180907,0,
2018-09-07 1:12,,0.000318674,1.86E-09,1:12,4,180907,0,
2018-09-07 1:13,,0.000318674,1.86E-09,1:13,4,180907,0,
2018-09-07 1:14,,0.000318674,1.86E-09,1:14,4,180907,0,
2018-09-07 1:15,,0.000318674,1.86E-09,1:15,4,180907,0,
2018-09-07 1:16,,0.000318674,1.86E-09,1:16,4,180907,0,
2018-09-07 1:17,,0.000318674,1.86E-09,1:17,4,180907,0,
2018-09-07 1:18,,0.000318674,1.86E-09,1:18,4,180907,0,
2018-09-07 1:19,,0.000318674,1.86E-09,1:19,4,180907,0,
2018-09-07 1:20,,0.000318674,1.86E-09,1:20,4,180907,0,
2018-09-07 1:21,,0.000318674,1.86E-09,1:21,4,180907,0,
2018-09-07 1:22,,0.000318674,1.86E-09,1:22,4,180907,0,
2018-09-07 1:23,,0.000318674,1.86E-09,1:23,4,180907,0,
2018-09-07 1:24,,0.000318674,1.86E-09,1:24,4,180907,0,
2018-09-07 1:25,,0.000318674,1.86E-09,1:25,4,180907,0,
2018-09-07 1:26,,0.000318674,1.86E-09,1:26,4,180907,0,
2018-09-07 1:27,,0.000318674,1.86E-09,1:27,4,180907,0,
2018-09-07 1:28,,0.000318674,1.86E-09,1:28,4,180907,0,
2018-09-07 1:29,,0.000318674,1.86E-09,1:29,4,180907,0,
2018-09-07 1:30,,0.000318674,1.86E-09,1:30,4,180907,0,
2018-09-07 1:31,,0.000318674,1.86E-09,1:31,4,180907,0,
2018-09-07 1:32,,0.000318674,1.86E-09,1:32,4,180907,0,
2018-09-07 1:33,,0.000318674,1.86E-09,1:33,4,180907,0,
2018-09-07 1:34,,0.000318674,1.86E-09,1:34,4,180907,0,
2018-09-07 1:35,,0.000318674,1.86E-09,1:35,4,180907,0,
2018-09-07 1:36,,0.000318674,1.86E-09,1:36,4,180907,0,
2018-09-07 1:37,,0.000318674,1.86E-09,1:37,4,180907,0,
2018-09-07 1:38,,0.000318674,1.86E-09,1:38,4,180907,0,
2018-09-07 1:39,,0.000318674,1.86E-09,1:39,4,180907,0,
2018-09-07 1:40,,0.000318674,1.86E-09,1:40,4,180907,0,
2018-09-07 1:41,,0.000318674,1.86E-09,1:41,4,180907,0,
2018-09-07 1:42,,0.000318674,1.86E-09,1:42,4,180907,0,
2018-09-07 1:43,,0.000318674,1.86E-09,1:43,4,180907,0,
2018-09-07 1:44,,0.000318674,1.86E-09,1:44,4,180907,0,
2018-09-07 1:45,,0.000318674,1.86E-09,1:45,4,180907,0,
2018-09-07 1:46,,0.000318674,1.86E-09,1:46,4,180907,0,
2018-09-07 1:47,,0.000318674,1.86E-09,1:47,4,180907,0,
2018-09-07 1:48,,0.000318674,1.86E-09,1:48,4,180907,0,
2018-09-07 1:49,,0.000318674,1.86E-09,1:49,4,180907,0,
2018-09-07 1:50,,0.000318674,1.86E-09,1:50,4,180907,0,
2018-09-07 1:51,,0.000318674,1.86E-09,1:51,4,180907,0,
2018-09-07 1:52,,0.000318674,1.86E-09,1:52,4,180907,0,
2018-09-07 1:53,,0.000318674,1.86E-09,1:53,4,180907,0,
2018-09-07 1:54,,0.000318674,1.86E-09,1:54,4,180907,0,
2018-09-07 1:55,,0.000318674,1.86E-09,1:55,4,180907,0,
2018-09-07 1:56,,0.000318674,1.86E-09,1:56,4,180907,0,
2018-09-07 1:57,,0.000318674,1.86E-09,1:57,4,180907,0,
2018-09-07 1:58,,0.000318674,1.86E-09,1:58,4,180907,0,
2018-09-07 1:59,,0.000318674,1.86E-09,1:59,4,180907,0,
2018-09-07 2:00,,0.000318674,1.86E-09,2:00,4,180907,0,
2018-09-07 2:01,,0.000318674,1.86E-09,2:01,4,180907,0,
2018-09-07 2:02,,0.000318674,1.86E-09,2:02,4,180907,0,
2018-09-07 2:03,,0.000318674,1.86E-09,2:03,4,180907,0,
2018-09-07 2:04,,0.000318674,1.86E-09,2:04,4,180907,0,
2018-09-07 2:05,,0.000318674,1.86E-09,2:05,4,180907,0,
2018-09-07 2:06,,0.000318674,1.86E-09,2:06,4,180907,0,
2018-09-07 2:07,,0.000318674,1.86E-09,2:07,4,180907,0,
2018-09-07 2:08,,0.000318674,1.86E-09,2:08,4,180907,0,
2018-09-07 2:09,,0.000318674,1.86E-09,2:09,4,180907,0,
2018-09-07 2:10,,0.000318674,1.86E-09,2:10,4,180907,0,
2018-09-07 2:11,,0.000318674,1.86E-09,2:11,4,180907,0,
2018-09-07 2:12,,0.000318674,1.86E-09,2:12,4,180907,0,
2018-09-07 2:13,,0.000318674,1.86E-09,2:13,4,180907,0,
2018-09-07 2:14,,0.000318674,1.86E-09,2:14,4,180907,0,
2018-09-07 2:15,,0.000318674,1.86E-09,2:15,4,180907,0,
2018-09-07 2:16,,0.000318674,1.86E-09,2:16,4,180907,0,
2018-09-07 2:17,,0.000318674,1.86E-09,2:17,4,180907,0,
2018-09-07 2:18,,0.000318674,1.86E-09,2:18,4,180907,0,
2018-09-07 2:19,,0.000318674,1.86E-09,2:19,4,180907,0,
2018-09-07 2:20,,0.000318674,1.86E-09,2:20,4,180907,0,
2018-09-07 2:21,,0.000318674,1.86E-09,2:21,4,180907,0,
2018-09-07 2:22,,0.000318674,1.86E-09,2:22,4,180907,0,
2018-09-07 2:23,,0.000318674,1.86E-09,2:23,4,180907,0,
2018-09-07 2:24,,0.000318674,1.86E-09,2:24,4,180907,0,
2018-09-07 2:25,,0.000318674,1.86E-09,2:25,4,180907,0,
2018-09-07 2:26,,0.000318674,1.86E-09,2:26,4,180907,0,
2018-09-07 2:27,,0.000318674,1.86E-09,2:27,4,180907,0,
2018-09-07 2:28,,0.000318674,1.86E-09,2:28,4,180907,0,
2018-09-07 2:29,,0.000318674,1.86E-09,2:29,4,180907,0,
2018-09-07 2:30,,0.000318674,1.86E-09,2:30,4,180907,0,
2018-09-07 2:31,,0.000318674,1.86E-09,2:31,4,180907,0,
2018-09-07 2:32,,0.000318674,1.86E-09,2:32,4,180907,0,
2018-09-07 2:33,,0.000318674,1.86E-09,2:33,4,180907,0,
2018-09-07 2:34,,0.000318674,1.86E-09,2:34,4,180907,0,
2018-09-07 2:35,,0.000318674,1.86E-09,2:35,4,180907,0,
2018-09-07 2:36,,0.000318674,1.86E-09,2:36,4,180907,0,
2018-09-07 2:37,,0.000318674,1.86E-09,2:37,4,180907,0,
2018-09-07 2:38,,0.000318674,1.86E-09,2:38,4,180907,0,
2018-09-07 2:39,,0.000318674,1.86E-09,2:39,4,180907,0,
2018-09-07 2:40,,0.000318674,1.86E-09,2:40,4,180907,0,
2018-09-07 2:41,,0.000318674,1.86E-09,2:41,4,180907,0,
2018-09-07 2:42,,0.000318674,1.86E-09,2:42,4,180907,0,
2018-09-07 2:43,,0.000318674,1.86E-09,2:43,4,180907,0,
2018-09-07 2:44,,0.000318674,1.86E-09,2:44,4,180907,0,
2018-09-07 2:45,,0.000318674,1.86E-09,2:45,4,180907,0,
2018-09-07 2:46,,0.000318674,1.86E-09,2:46,4,180907,0,
2018-09-07 2:47,,0.000318674,1.86E-09,2:47,4,180907,0,
2018-09-07 2:48,,0.000318674,1.86E-09,2:48,4,180907,0,
2018-09-07 2:49,,0.000318674,1.86E-09,2:49,4,180907,0,
2018-09-07 2:50,,0.000318674,1.86E-09,2:50,4,180907,0,
2018-09-07 2:51,,0.000318674,1.86E-09,2:51,4,180907,0,
2018-09-07 2:52,,0.000318674,1.86E-09,2:52,4,180907,0,
2018-09-07 2:53,,0.000318674,1.86E-09,2:53,4,180907,0,
2018-09-07 2:54,,0.000318674,1.86E-09,2:54,4,180907,0,
2018-09-07 2:55,,0.000318674,1.86E-09,2:55,4,180907,0,
2018-09-07 2:56,,0.000318674,1.86E-09,2:56,4,180907,0,
2018-09-07 2:57,,0.000318674,1.86E-09,2:57,4,180907,0,
2018-09-07 2:58,,0.000318674,1.86E-09,2:58,4,180907,0,
2018-09-07 2:59,,0.000318674,1.86E-09,2:59,4,180907,0,
2018-09-07 3:00,,0.000318674,1.86E-09,3:00,4,180907,0,
2018-09-07 3:01,,0.000318674,1.86E-09,3:01,4,180907,0,
2018-09-07 3:02,,0.000318674,1.86E-09,3:02,4,180907,0,
2018-09-07 3:03,,0.000318674,1.86E-09,3:03,4,180907,0,
2018-09-07 3:04,,0.000318674,1.86E-09,3:04,4,180907,0,
2018-09-07 3:05,,0.000318674,1.86E-09,3:05,4,180907,0,
2018-09-07 3:06,,0.000318674,1.86E-09,3:06,4,180907,0,
2018-09-07 3:07,,0.000318674,1.86E-09,3:07,4,180907,0,
2018-09-07 3:08,,0.000318674,1.86E-09,3:08,4,180907,0,
2018-09-07 3:09,,0.000318674,1.86E-09,3:09,4,180907,0,
2018-09-07 3:10,,0.000318674,1.86E-09,3:10,4,180907,0,
2018-09-07 3:11,,0.000318674,1.86E-09,3:11,4,180907,0,
2018-09-07 3:12,,0.000318674,1.86E-09,3:12,4,180907,0,
2018-09-07 3:13,,0.000318674,1.86E-09,3:13,4,180907,0,
2018-09-07 3:14,,0.000318674,1.86E-09,3:14,4,180907,0,
2018-09-07 3:15,,0.000318674,1.86E-09,3:15,4,180907,0,
2018-09-07 3:16,,0.000318674,1.86E-09,3:16,4,180907,0,
2018-09-07 3:17,,0.000318674,1.86E-09,3:17,4,180907,0,
2018-09-07 3:18,,0.000318674,1.86E-09,3:18,4,180907,0,
2018-09-07 3:19,,0.000318674,1.86E-09,3:19,4,180907,0,
2018-09-07 3:20,,0.000318674,1.86E-09,3:20,4,180907,0,
2018-09-07 3:21,,0.000318674,1.86E-09,3:21,4,180907,0,
2018-09-07 3:22,,0.000318674,1.86E-09,3:22,4,180907,0,
2018-09-07 3:23,,0.000318674,1.86E-09,3:23,4,180907,0,
2018-09-07 3:24,,0.000318674,1.86E-09,3:24,4,180907,0,
2018-09-07 3:25,,0.000318674,1.86E-09,3:25,4,180907,0,
2018-09-07 3:26,,0.000318674,1.86E-09,3:26,4,180907,0,
2018-09-07 3:27,,0.000318674,1.86E-09,3:27,4,180907,0,
2018-09-07 3:28,,0.000318674,1.86E-09,3:28,4,180907,0,
2018-09-07 3:29,,0.000318674,1.86E-09,3:29,4,180907,0,
2018-09-07 3:30,,0.000318674,1.86E-09,3:30,4,180907,0,
2018-09-07 3:31,,0.000318674,1.86E-09,3:31,4,180907,0,
2018-09-07 3:32,,0.000318674,1.86E-09,3:32,4,180907,0,
2018-09-07 3:33,,0.000318674,1.86E-09,3:33,4,180907,0,
2018-09-07 3:34,,0.000318674,1.86E-09,3:34,4,180907,0,
2018-09-07 3:35,,0.000318674,1.86E-09,3:35,4,180907,0,
2018-09-07 3:36,,0.000318674,1.86E-09,3:36,4,180907,0,
2018-09-07 3:37,,0.000318674,1.86E-09,3:37,4,180907,0,
2018-09-07 3:38,,0.000318674,1.86E-09,3:38,4,180907,0,
2018-09-07 3:39,,0.000318674,1.86E-09,3:39,4,180907,0,
2018-09-07 3:40,,0.000318674,1.86E-09,3:40,4,180907,0,
2018-09-07 3:41,,0.000318674,1.86E-09,3:41,4,180907,0,
2018-09-07 3:42,,0.000318674,1.86E-09,3:42,4,180907,0,
2018-09-07 3:43,,0.000318674,1.86E-09,3:43,4,180907,0,
2018-09-07 3:44,,0.000318674,1.86E-09,3:44,4,180907,0,
2018-09-07 3:45,,0.000318674,1.86E-09,3:45,4,180907,0,
2018-09-07 3:46,,0.000318674,1.86E-09,3:46,4,180907,0,
2018-09-07 3:47,,0.000318674,1.86E-09,3:47,4,180907,0,
2018-09-07 3:48,,0.000318674,1.86E-09,3:48,4,180907,0,
2018-09-07 3:49,,0.000318674,1.86E-09,3:49,4,180907,0,
2018-09-07 3:50,,0.000318674,1.86E-09,3:50,4,180907,0,
2018-09-07 3:51,,0.000318674,1.86E-09,3:51,4,180907,0,
2018-09-07 3:52,,0.000318674,1.86E-09,3:52,4,180907,0,
2018-09-07 3:53,,0.000318674,1.86E-09,3:53,4,180907,0,
2018-09-07 3:54,,0.000318674,1.86E-09,3:54,4,180907,0,
2018-09-07 3:55,,0.000318674,1.86E-09,3:55,4,180907,0,
2018-09-07 3:56,,0.000318674,1.86E-09,3:56,4,180907,0,
2018-09-07 3:57,,0.000318674,1.86E-09,3:57,4,180907,0,
2018-09-07 3:58,,0.000318674,1.86E-09,3:58,4,180907,0,
2018-09-07 3:59,,0.000318674,1.86E-09,3:59,4,180907,0,
2018-09-07 4:00,,0.000318674,1.86E-09,4:00,4,180907,0,
2018-09-07 4:01,,0.000318674,1.86E-09,4:01,4,180907,0,
2018-09-07 4:02,,0.000318674,1.86E-09,4:02,4,180907,0,
2018-09-07 4:03,,0.000318674,1.86E-09,4:03,4,180907,0,
2018-09-07 4:04,,0.000318674,1.86E-09,4:04,4,180907,0,
2018-09-07 4:05,,0.000318674,1.86E-09,4:05,4,180907,0,
2018-09-07 4:06,,0.000318674,1.86E-09,4:06,4,180907,0,
2018-09-07 4:07,,0.000318674,1.86E-09,4:07,4,180907,0,
2018-09-07 4:08,,0.000318674,1.86E-09,4:08,4,180907,0,
2018-09-07 4:09,,0.000318674,1.86E-09,4:09,4,180907,0,
2018-09-07 4:10,,0.000318674,1.86E-09,4:10,4,180907,0,
2018-09-07 4:11,,0.000318674,1.86E-09,4:11,4,180907,0,
2018-09-07 4:12,,0.000318674,1.86E-09,4:12,4,180907,0,
2018-09-07 4:13,,0.000318674,1.86E-09,4:13,4,180907,0,
2018-09-07 4:14,,0.000318674,1.86E-09,4:14,4,180907,0,
2018-09-07 4:15,,0.000318674,1.86E-09,4:15,4,180907,0,
2018-09-07 4:16,,0.000318674,1.86E-09,4:16,4,180907,0,
2018-09-07 4:17,,0.000318674,1.86E-09,4:17,4,180907,0,
2018-09-07 4:18,,0.000318674,1.86E-09,4:18,4,180907,0,
2018-09-07 4:19,,0.000318674,1.86E-09,4:19,4,180907,0,
2018-09-07 4:20,,0.000318674,1.86E-09,4:20,4,180907,0,
2018-09-07 4:21,,0.000318674,1.86E-09,4:21,4,180907,0,
2018-09-07 4:22,,0.000318674,1.86E-09,4:22,4,180907,0,
2018-09-07 4:23,,0.000318674,1.86E-09,4:23,4,180907,0,
2018-09-07 4:24,,0.000318674,1.86E-09,4:24,4,180907,0,
2018-09-07 4:25,,0.000318674,1.86E-09,4:25,4,180907,0,
2018-09-07 4:26,,0.000318674,1.86E-09,4:26,4,180907,0,
2018-09-07 4:27,,0.000318674,1.86E-09,4:27,4,180907,0,
2018-09-07 4:28,,0.000318674,1.86E-09,4:28,4,180907,0,
2018-09-07 4:29,,0.000318674,1.86E-09,4:29,4,180907,0,
2018-09-07 4:30,,0.000318674,1.86E-09,4:30,4,180907,0,
2018-09-07 4:31,,0.000318674,1.86E-09,4:31,4,180907,0,
2018-09-07 4:32,,0.000318674,1.86E-09,4:32,4,180907,0,
2018-09-07 4:33,,0.000318674,1.86E-09,4:33,4,180907,0,
2018-09-07 4:34,,0.000318674,1.86E-09,4:34,4,180907,0,
2018-09-07 4:35,,0.000318674,1.86E-09,4:35,4,180907,0,
2018-09-07 4:36,,0.000318674,1.86E-09,4:36,4,180907,0,
2018-09-07 4:37,,0.000318674,1.86E-09,4:37,4,180907,0,
2018-09-07 4:38,,0.000318674,1.86E-09,4:38,4,180907,0,
2018-09-07 4:39,,0.000318674,1.86E-09,4:39,4,180907,0,
2018-09-07 4:40,,0.000318674,1.86E-09,4:40,4,180907,0,
2018-09-07 4:41,,0.000318674,1.86E-09,4:41,4,180907,0,
2018-09-07 4:42,,0.000318674,1.86E-09,4:42,4,180907,0,
2018-09-07 4:43,,0.000318674,1.86E-09,4:43,4,180907,0,
2018-09-07 4:44,,0.000318674,1.86E-09,4:44,4,180907,0,
2018-09-07 4:45,,0.000318674,1.86E-09,4:45,4,180907,0,
2018-09-07 4:46,,0.000318674,1.86E-09,4:46,4,180907,0,
2018-09-07 4:47,,0.000318674,1.86E-09,4:47,4,180907,0,
2018-09-07 4:48,,0.000318674,1.86E-09,4:48,4,180907,0,
2018-09-07 4:49,,0.000318674,1.86E-09,4:49,4,180907,0,
2018-09-07 4:50,,0.000318674,1.86E-09,4:50,4,180907,0,
2018-09-07 4:51,,0.000318674,1.86E-09,4:51,4,180907,0,
2018-09-07 4:52,,0.000318674,1.86E-09,4:52,4,180907,0,
2018-09-07 4:53,,0.000318674,1.86E-09,4:53,4,180907,0,
2018-09-07 4:54,,0.000318674,1.86E-09,4:54,4,180907,0,
2018-09-07 4:55,,0.000318674,1.86E-09,4:55,4,180907,0,
2018-09-07 4:56,,0.000318674,1.86E-09,4:56,4,180907,0,
2018-09-07 4:57,,0.000318674,1.86E-09,4:57,4,180907,0,
2018-09-07 4:58,,0.000318674,1.86E-09,4:58,4,180907,0,
2018-09-07 4:59,,0.000318674,1.86E-09,4:59,4,180907,0,
2018-09-07 5:00,,0.000318674,1.86E-09,5:00,4,180907,0,
2018-09-07 5:01,,0.000318674,1.86E-09,5:01,4,180907,0,
2018-09-07 5:02,,0.000318674,1.86E-09,5:02,4,180907,0,
2018-09-07 5:03,,0.000318674,1.86E-09,5:03,4,180907,0,
2018-09-07 5:04,,0.000318674,1.86E-09,5:04,4,180907,0,
2018-09-07 5:05,,0.000318674,1.86E-09,5:05,4,180907,0,
2018-09-07 5:06,,0.000318674,1.86E-09,5:06,4,180907,0,
2018-09-07 5:07,,0.000318674,1.86E-09,5:07,4,180907,0,
2018-09-07 5:08,,0.000318674,1.86E-09,5:08,4,180907,0,
2018-09-07 5:09,,0.000318674,1.86E-09,5:09,4,180907,0,
2018-09-07 5:10,,0.000318674,1.86E-09,5:10,4,180907,0,
2018-09-07 5:11,,0.000318674,1.86E-09,5:11,4,180907,0,
2018-09-07 5:12,,0.000318674,1.86E-09,5:12,4,180907,0,
2018-09-07 5:13,,0.000318674,1.86E-09,5:13,4,180907,0,
2018-09-07 5:14,,0.000318674,1.86E-09,5:14,4,180907,0,
2018-09-07 5:15,,0.000318674,1.86E-09,5:15,4,180907,0,
2018-09-07 5:16,,0.000318674,1.86E-09,5:16,4,180907,0,
2018-09-07 5:17,,0.000318674,1.86E-09,5:17,4,180907,0,
2018-09-07 5:18,,0.000318674,1.86E-09,5:18,4,180907,0,
2018-09-07 5:19,,0.000318674,1.86E-09,5:19,4,180907,0,
2018-09-07 5:20,,0.000318674,1.86E-09,5:20,4,180907,0,
2018-09-07 5:21,,0.000318674,1.86E-09,5:21,4,180907,0,
2018-09-07 5:22,,0.000318674,1.86E-09,5:22,4,180907,0,
2018-09-07 5:23,,0.000318674,1.86E-09,5:23,4,180907,0,
2018-09-07 5:24,,0.000318674,1.86E-09,5:24,4,180907,0,
2018-09-07 5:25,,0.000318674,1.86E-09,5:25,4,180907,0,
2018-09-07 5:26,,0.000318674,1.86E-09,5:26,4,180907,0,
2018-09-07 5:27,,0.000318674,1.86E-09,5:27,4,180907,0,
2018-09-07 5:28,,0.000318674,1.86E-09,5:28,4,180907,0,
2018-09-07 5:29,,0.000318674,1.86E-09,5:29,4,180907,0,
2018-09-07 5:30,,0.000318674,1.86E-09,5:30,4,180907,0,
2018-09-07 5:31,,0.000318674,1.86E-09,5:31,4,180907,0,
2018-09-07 5:32,,0.000318674,1.86E-09,5:32,4,180907,0,
2018-09-07 5:33,,0.000318674,1.86E-09,5:33,4,180907,0,
2018-09-07 5:34,,0.000318674,1.86E-09,5:34,4,180907,0,
2018-09-07 5:35,,0.000318674,1.86E-09,5:35,4,180907,0,
2018-09-07 5:36,,0.000318674,1.86E-09,5:36,4,180907,0,
2018-09-07 5:37,,0.000318674,1.86E-09,5:37,4,180907,0,
2018-09-07 5:38,,0.000318674,1.86E-09,5:38,4,180907,0,
2018-09-07 5:39,,0.000318674,1.86E-09,5:39,4,180907,0,
2018-09-07 5:40,,0.000318674,1.86E-09,5:40,4,180907,0,
2018-09-07 5:41,,0.000318674,1.86E-09,5:41,4,180907,0,
2018-09-07 5:42,,0.000318674,1.86E-09,5:42,4,180907,0,
2018-09-07 5:43,,0.000318674,1.86E-09,5:43,4,180907,0,
2018-09-07 5:44,,0.000318674,1.86E-09,5:44,4,180907,0,
2018-09-07 5:45,,0.000318674,1.86E-09,5:45,4,180907,0,
2018-09-07 5:46,,0.000318674,1.86E-09,5:46,4,180907,0,
2018-09-07 5:47,,0.000318674,1.86E-09,5:47,4,180907,0,
2018-09-07 5:48,,0.000318674,1.86E-09,5:48,4,180907,0,
2018-09-07 5:49,,0.000318674,1.86E-09,5:49,4,180907,0,
2018-09-07 5:50,,0.000318674,1.86E-09,5:50,4,180907,0,
2018-09-07 5:51,,0.000318674,1.86E-09,5:51,4,180907,0,
2018-09-07 5:52,,0.000318674,1.86E-09,5:52,4,180907,0,
2018-09-07 5:53,,0.000318674,1.86E-09,5:53,4,180907,0,
2018-09-07 5:54,,0.000318674,1.86E-09,5:54,4,180907,0,
2018-09-07 5:55,,0.000318674,1.86E-09,5:55,4,180907,0,
2018-09-07 5:56,,0.000318674,1.86E-09,5:56,4,180907,0,
2018-09-07 5:57,,0.000318674,1.86E-09,5:57,4,180907,0,
2018-09-07 5:58,,0.000318674,1.86E-09,5:58,4,180907,0,
2018-09-07 5:59,,0.000318674,1.86E-09,5:59,4,180907,0,
2018-09-07 6:00,,0.000318674,1.86E-09,6:00,4,180907,0,
2018-09-07 6:01,,0.000318674,1.86E-09,6:01,4,180907,0,
2018-09-07 6:02,,0.000318674,1.86E-09,6:02,4,180907,0,
2018-09-07 6:03,,0.000318674,1.86E-09,6:03,4,180907,0,
2018-09-07 6:04,,0.000318674,1.86E-09,6:04,4,180907,0,
2018-09-07 6:05,,0.000318674,1.86E-09,6:05,4,180907,0,
2018-09-07 6:06,,0.000318674,1.86E-09,6:06,4,180907,0,
2018-09-07 6:07,,0.000318674,1.86E-09,6:07,4,180907,0,
2018-09-07 6:08,,0.000318674,1.86E-09,6:08,4,180907,0,
2018-09-07 6:09,,0.000318674,1.86E-09,6:09,4,180907,0,
2018-09-07 6:10,,0.000318674,1.86E-09,6:10,4,180907,0,
2018-09-07 6:11,,0.000318674,1.86E-09,6:11,4,180907,0,
2018-09-07 6:12,,0.000318674,1.86E-09,6:12,4,180907,0,
2018-09-07 6:13,,0.000318674,1.86E-09,6:13,4,180907,0,
2018-09-07 6:14,,0.000318674,1.86E-09,6:14,4,180907,0,
2018-09-07 6:15,,0.000318674,1.86E-09,6:15,4,180907,0,
2018-09-07 6:16,,0.000318674,1.86E-09,6:16,4,180907,0,
2018-09-07 6:17,,0.000318674,1.86E-09,6:17,4,180907,0,
2018-09-07 6:18,,0.000318674,1.86E-09,6:18,4,180907,0,
2018-09-07 6:19,,0.000318674,1.86E-09,6:19,4,180907,0,
2018-09-07 6:20,,0.000318674,1.86E-09,6:20,4,180907,0,
2018-09-07 6:21,,0.000318674,1.86E-09,6:21,4,180907,0,
2018-09-07 6:22,,0.000318674,1.86E-09,6:22,4,180907,0,
2018-09-07 6:23,,0.000318674,1.86E-09,6:23,4,180907,0,
2018-09-07 6:24,,0.000318674,1.86E-09,6:24,4,180907,0,
2018-09-07 6:25,,0.000318674,1.86E-09,6:25,4,180907,0,
2018-09-07 6:26,,0.000318674,1.86E-09,6:26,4,180907,0,
2018-09-07 6:27,,0.000318674,1.86E-09,6:27,4,180907,0,
2018-09-07 6:28,,0.000318674,1.86E-09,6:28,4,180907,0,
2018-09-07 6:29,,0.000318674,1.86E-09,6:29,4,180907,0,
2018-09-07 6:30,,0.000318674,1.86E-09,6:30,4,180907,0,
2018-09-07 6:31,,0.000318674,1.86E-09,6:31,4,180907,0,
2018-09-07 6:32,,0.000318674,1.86E-09,6:32,4,180907,0,
2018-09-07 6:33,,0.000318674,1.86E-09,6:33,4,180907,0,
2018-09-07 6:34,,0.000318674,1.86E-09,6:34,4,180907,0,
2018-09-07 6:35,,0.000318674,1.86E-09,6:35,4,180907,0,
2018-09-07 6:36,,0.000318674,1.86E-09,6:36,4,180907,0,
2018-09-07 6:37,,0.000318674,1.86E-09,6:37,4,180907,0,
2018-09-07 6:38,,0.000318674,1.86E-09,6:38,4,180907,0,
2018-09-07 6:39,,0.000318674,1.86E-09,6:39,4,180907,0,
2018-09-07 6:40,,0.000318674,1.86E-09,6:40,4,180907,0,
2018-09-07 6:41,,0.000318674,1.86E-09,6:41,4,180907,0,
2018-09-07 6:42,,0.000318674,1.86E-09,6:42,4,180907,0,
2018-09-07 6:43,,0.000318674,1.86E-09,6:43,4,180907,0,
2018-09-07 6:44,,0.000318674,1.86E-09,6:44,4,180907,0,
2018-09-07 6:45,,0.000318674,1.86E-09,6:45,4,180907,0,
2018-09-07 6:46,,0.000318674,1.86E-09,6:46,4,180907,0,
2018-09-07 6:47,,0.000318674,1.86E-09,6:47,4,180907,0,
2018-09-07 6:48,,0.000318674,1.86E-09,6:48,4,180907,0,
2018-09-07 6:49,,0.000318674,1.86E-09,6:49,4,180907,0,
2018-09-07 6:50,,0.000318674,1.86E-09,6:50,4,180907,0,
2018-09-07 6:51,,0.000318674,1.86E-09,6:51,4,180907,0,
2018-09-07 6:52,,0.000318674,1.86E-09,6:52,4,180907,0,
2018-09-07 6:53,,0.000318674,1.86E-09,6:53,4,180907,0,
2018-09-07 6:54,,0.000318674,1.86E-09,6:54,4,180907,0,
2018-09-07 6:55,,0.000318674,1.86E-09,6:55,4,180907,0,
2018-09-07 6:56,,0.000318674,1.86E-09,6:56,4,180907,0,
2018-09-07 6:57,,0.000318674,1.86E-09,6:57,4,180907,0,
2018-09-07 6:58,,0.000318674,1.86E-09,6:58,4,180907,0,
2018-09-07 6:59,,0.000318674,1.86E-09,6:59,4,180907,0,
2018-09-07 7:00,,0.000318674,1.86E-09,7:00,4,180907,0,
2018-09-07 7:01,,0.000318674,1.86E-09,7:01,4,180907,0,
2018-09-07 7:02,,0.000318674,1.86E-09,7:02,4,180907,0,
2018-09-07 7:03,,0.000318674,1.86E-09,7:03,4,180907,0,
2018-09-07 7:04,,0.000318674,1.86E-09,7:04,4,180907,0,
2018-09-07 7:05,,0.000318674,1.86E-09,7:05,4,180907,0,
2018-09-07 7:06,,0.000318674,1.86E-09,7:06,4,180907,0,
2018-09-07 7:07,,0.000318674,1.86E-09,7:07,4,180907,0,
2018-09-07 7:08,,0.000318674,1.86E-09,7:08,4,180907,0,
2018-09-07 7:09,,0.000318674,1.86E-09,7:09,4,180907,0,
2018-09-07 7:10,,0.000318674,1.86E-09,7:10,4,180907,0,
2018-09-07 7:11,,0.000318674,1.86E-09,7:11,4,180907,0,
2018-09-07 7:12,,0.000318674,1.86E-09,7:12,4,180907,0,
2018-09-07 7:13,,0.000318674,1.86E-09,7:13,4,180907,0,
2018-09-07 7:14,,0.000318674,1.86E-09,7:14,4,180907,0,
2018-09-07 7:15,,0.000318674,1.86E-09,7:15,4,180907,0,
2018-09-07 7:16,,0.000318674,1.86E-09,7:16,4,180907,0,
2018-09-07 7:17,,0.000318674,1.86E-09,7:17,4,180907,0,
2018-09-07 7:18,,0.000318674,1.86E-09,7:18,4,180907,0,
2018-09-07 7:19,,0.000318674,1.86E-09,7:19,4,180907,0,
2018-09-07 7:20,,0.000318674,1.86E-09,7:20,4,180907,0,
2018-09-07 7:21,,0.000318674,1.86E-09,7:21,4,180907,0,
2018-09-07 7:22,,0.000318674,1.86E-09,7:22,4,180907,0,
2018-09-07 7:23,,0.000318674,1.86E-09,7:23,4,180907,0,
2018-09-07 7:24,,0.000318674,1.86E-09,7:24,4,180907,0,
2018-09-07 7:25,,0.000318674,1.86E-09,7:25,4,180907,0,
2018-09-07 7:26,,0.000318674,1.86E-09,7:26,4,180907,0,
2018-09-07 7:27,,0.000318674,1.86E-09,7:27,4,180907,0,
2018-09-07 7:28,,0.000318674,1.86E-09,7:28,4,180907,0,
2018-09-07 7:29,,0.000318674,1.86E-09,7:29,4,180907,0,
2018-09-07 7:30,,0.000318674,1.86E-09,7:30,4,180907,0,
2018-09-07 7:31,,0.000318674,1.86E-09,7:31,4,180907,0,
2018-09-07 7:32,,0.000318674,1.86E-09,7:32,4,180907,0,
2018-09-07 7:33,,0.000318674,1.86E-09,7:33,4,180907,0,
2018-09-07 7:34,,0.000318674,1.86E-09,7:34,4,180907,0,
2018-09-07 7:35,,0.000318674,1.86E-09,7:35,4,180907,0,
2018-09-07 7:36,,0.000318674,1.86E-09,7:36,4,180907,0,
2018-09-07 7:37,,0.000318674,1.86E-09,7:37,4,180907,0,
2018-09-07 7:38,,0.000318674,1.86E-09,7:38,4,180907,0,
2018-09-07 7:39,,0.000318674,1.86E-09,7:39,4,180907,0,
2018-09-07 7:40,,0.000318674,1.86E-09,7:40,4,180907,0,
2018-09-07 7:41,,0.000318674,1.86E-09,7:41,4,180907,0,
2018-09-07 7:42,,0.000318674,1.86E-09,7:42,4,180907,0,
2018-09-07 7:43,,0.000318674,1.86E-09,7:43,4,180907,0,
2018-09-07 7:44,,0.000318674,1.86E-09,7:44,4,180907,0,
2018-09-07 7:45,,0.000318674,1.86E-09,7:45,4,180907,0,
2018-09-07 7:46,,0.000318674,1.86E-09,7:46,4,180907,0,
2018-09-07 7:47,,0.000318674,1.86E-09,7:47,4,180907,0,
2018-09-07 7:48,,0.000318674,1.86E-09,7:48,4,180907,0,
2018-09-07 7:49,,0.000318674,1.86E-09,7:49,4,180907,0,
2018-09-07 7:50,,0.000318674,1.86E-09,7:50,4,180907,0,
2018-09-07 7:51,,0.000318674,1.86E-09,7:51,4,180907,0,
2018-09-07 7:52,,0.000318674,1.86E-09,7:52,4,180907,0,
2018-09-07 7:53,,0.000318674,1.86E-09,7:53,4,180907,0,
2018-09-07 7:54,,0.000318674,1.86E-09,7:54,4,180907,0,
2018-09-07 7:55,,0.000318674,1.86E-09,7:55,4,180907,0,
2018-09-07 7:56,,0.000318674,1.86E-09,7:56,4,180907,0,
2018-09-07 7:57,,0.000318674,1.86E-09,7:57,4,180907,0,
2018-09-07 7:58,,0.000318674,1.86E-09,7:58,4,180907,0,
2018-09-07 7:59,,0.000318674,1.86E-09,7:59,4,180907,0,
2018-09-07 8:00,,0.000318674,1.86E-09,8:00,4,180907,0,
2018-09-07 8:01,,0.000318674,1.86E-09,8:01,4,180907,0,
2018-09-07 8:02,,0.000318674,1.86E-09,8:02,4,180907,0,
2018-09-07 8:03,,0.000318674,1.86E-09,8:03,4,180907,0,
2018-09-07 8:04,,0.000318674,1.86E-09,8:04,4,180907,0,
2018-09-07 8:05,,0.000318674,1.86E-09,8:05,4,180907,0,
2018-09-07 8:06,,0.000318674,1.86E-09,8:06,4,180907,0,
2018-09-07 8:07,,0.000318674,1.86E-09,8:07,4,180907,0,
2018-09-07 8:08,,0.000318674,1.86E-09,8:08,4,180907,0,
2018-09-07 8:09,,0.000318674,1.86E-09,8:09,4,180907,0,
2018-09-07 8:10,,0.000318674,1.86E-09,8:10,4,180907,0,
2018-09-07 8:11,,0.000318674,1.86E-09,8:11,4,180907,0,
2018-09-07 8:12,,0.000318674,1.86E-09,8:12,4,180907,0,
2018-09-07 8:13,,0.000318674,1.86E-09,8:13,4,180907,0,
2018-09-07 8:14,,0.000318674,1.86E-09,8:14,4,180907,0,
2018-09-07 8:15,,0.000318674,1.86E-09,8:15,4,180907,0,
2018-09-07 8:16,,0.000318674,1.86E-09,8:16,4,180907,0,
2018-09-07 8:17,,0.000318674,1.86E-09,8:17,4,180907,0,
2018-09-07 8:18,,0.000318674,1.86E-09,8:18,4,180907,0,
2018-09-07 8:19,,0.000318674,1.86E-09,8:19,4,180907,0,
2018-09-07 8:20,,0.000318674,1.86E-09,8:20,4,180907,0,
2018-09-07 8:21,,0.000318674,1.86E-09,8:21,4,180907,0,
2018-09-07 8:22,,0.000318674,1.86E-09,8:22,4,180907,0,
2018-09-07 8:23,,0.000318674,1.86E-09,8:23,4,180907,0,
2018-09-07 8:24,,0.000318674,1.86E-09,8:24,4,180907,0,
2018-09-07 8:25,,0.000318674,1.86E-09,8:25,4,180907,0,
2018-09-07 8:26,,0.000318674,1.86E-09,8:26,4,180907,0,
2018-09-07 8:27,,0.000318674,1.86E-09,8:27,4,180907,0,
2018-09-07 8:28,,0.000318674,1.86E-09,8:28,4,180907,0,
2018-09-07 8:29,,0.000318674,1.86E-09,8:29,4,180907,0,
2018-09-07 8:30,,0.000318674,1.86E-09,8:30,4,180907,0,
2018-09-07 8:31,,0.000318674,1.86E-09,8:31,4,180907,0,
2018-09-07 8:32,,0.000318674,1.86E-09,8:32,4,180907,0,
2018-09-07 8:33,,0.000318674,1.86E-09,8:33,4,180907,0,
2018-09-07 8:34,,0.000318674,1.86E-09,8:34,4,180907,0,
2018-09-07 8:35,,0.000318674,1.86E-09,8:35,4,180907,0,
2018-09-07 8:36,,0.000318674,1.86E-09,8:36,4,180907,0,
2018-09-07 8:37,,0.000318674,1.86E-09,8:37,4,180907,0,
2018-09-07 8:38,,0.000318674,1.86E-09,8:38,4,180907,0,
2018-09-07 8:39,,0.000318674,1.86E-09,8:39,4,180907,0,
2018-09-07 8:40,,0.000318674,1.86E-09,8:40,4,180907,0,
2018-09-07 8:41,,0.000318674,1.86E-09,8:41,4,180907,0,
2018-09-07 8:42,,0.000318674,1.86E-09,8:42,4,180907,0,
2018-09-07 8:43,,0.000318674,1.86E-09,8:43,4,180907,0,
2018-09-07 8:44,,0.000318674,1.86E-09,8:44,4,180907,0,
2018-09-07 8:45,,0.000318674,1.86E-09,8:45,4,180907,0,
2018-09-07 8:46,,0.000318674,1.86E-09,8:46,4,180907,0,
2018-09-07 8:47,,0.000318674,1.86E-09,8:47,4,180907,0,
2018-09-07 8:48,,0.000318674,1.86E-09,8:48,4,180907,0,
2018-09-07 8:49,,0.000318674,1.86E-09,8:49,4,180907,0,
2018-09-07 8:50,,0.000318674,1.86E-09,8:50,4,180907,0,
2018-09-07 8:51,,0.000318674,1.86E-09,8:51,4,180907,0,
2018-09-07 8:52,,0.000318674,1.86E-09,8:52,4,180907,0,
2018-09-07 8:53,,0.000318674,1.86E-09,8:53,4,180907,0,
2018-09-07 8:54,,0.000318674,1.86E-09,8:54,4,180907,0,
2018-09-07 8:55,,0.000318674,1.86E-09,8:55,4,180907,0,
2018-09-07 8:56,,0.000318674,1.86E-09,8:56,4,180907,0,
2018-09-07 8:57,,0.000318674,1.86E-09,8:57,4,180907,0,
2018-09-07 8:58,,0.000318674,1.86E-09,8:58,4,180907,0,
2018-09-07 8:59,,0.000318674,1.86E-09,8:59,4,180907,0,
2018-09-07 9:00,,0.000318674,1.86E-09,9:00,4,180907,0,
2018-09-07 9:01,,0.000318674,1.86E-09,9:01,4,180907,0,
2018-09-07 9:02,,0.000318674,1.86E-09,9:02,4,180907,0,
2018-09-07 9:03,,0.000318674,1.86E-09,9:03,4,180907,0,
2018-09-07 9:04,,0.000318674,1.86E-09,9:04,4,180907,0,
2018-09-07 9:05,,0.000318674,1.86E-09,9:05,4,180907,0,
2018-09-07 9:06,,0.000318674,1.86E-09,9:06,4,180907,0,
2018-09-07 9:07,,0.000318674,1.86E-09,9:07,4,180907,0,
2018-09-07 9:08,,0.000318674,1.86E-09,9:08,4,180907,0,
2018-09-07 9:09,,0.000318674,1.86E-09,9:09,4,180907,0,
2018-09-07 9:10,,0.000318674,1.86E-09,9:10,4,180907,0,
2018-09-07 9:11,,0.000318674,1.86E-09,9:11,4,180907,0,
2018-09-07 9:12,,0.000318674,1.86E-09,9:12,4,180907,0,
2018-09-07 9:13,,0.000318674,1.86E-09,9:13,4,180907,0,
2018-09-07 9:14,,0.000318674,1.86E-09,9:14,4,180907,0,
2018-09-07 9:15,,0.000318674,1.86E-09,9:15,4,180907,0,
2018-09-07 9:16,,0.000318674,1.86E-09,9:16,4,180907,0,
2018-09-07 9:17,,0.000318674,1.86E-09,9:17,4,180907,0,
2018-09-07 9:18,,0.000318674,1.86E-09,9:18,4,180907,0,
2018-09-07 9:19,,0.000318674,1.86E-09,9:19,4,180907,0,
2018-09-07 9:20,,0.000318674,1.86E-09,9:20,4,180907,0,
2018-09-07 9:21,,0.000318674,1.86E-09,9:21,4,180907,0,
2018-09-07 9:22,,0.000318674,1.86E-09,9:22,4,180907,0,
2018-09-07 9:23,,0.000318674,1.86E-09,9:23,4,180907,0,
2018-09-07 9:24,,0.000318674,1.86E-09,9:24,4,180907,0,
2018-09-07 9:25,,0.000318674,1.86E-09,9:25,4,180907,0,
2018-09-07 9:26,,0.000318674,1.86E-09,9:26,4,180907,0,
2018-09-07 9:27,,0.000318674,1.86E-09,9:27,4,180907,0,
2018-09-07 9:28,,0.000318674,1.86E-09,9:28,4,180907,0,
2018-09-07 9:29,,0.000318674,1.86E-09,9:29,4,180907,0,
2018-09-07 9:30,,0.000318674,1.86E-09,9:30,4,180907,0,
2018-09-07 9:31,,0.000318674,1.86E-09,9:31,4,180907,0,
2018-09-07 9:32,,0.000318674,1.86E-09,9:32,4,180907,0,
2018-09-07 9:33,,0.000318674,1.86E-09,9:33,4,180907,0,
2018-09-07 9:34,,0.000318674,1.86E-09,9:34,4,180907,0,
2018-09-07 9:35,,0.000318674,1.86E-09,9:35,4,180907,0,
2018-09-07 9:36,,0.000318674,1.86E-09,9:36,4,180907,0,
2018-09-07 9:37,,0.000318674,1.86E-09,9:37,4,180907,0,
2018-09-07 9:38,,0.000318674,1.86E-09,9:38,4,180907,0,
2018-09-07 9:39,,0.000318674,1.86E-09,9:39,4,180907,0,
2018-09-07 9:40,,0.000318674,1.86E-09,9:40,4,180907,0,
2018-09-07 9:41,,0.000318674,1.86E-09,9:41,4,180907,0,
2018-09-07 9:42,,0.000318674,1.86E-09,9:42,4,180907,0,
2018-09-07 9:43,,0.000318674,1.86E-09,9:43,4,180907,0,
2018-09-07 9:44,,0.000318674,1.86E-09,9:44,4,180907,0,
2018-09-07 9:45,,0.000318674,1.86E-09,9:45,4,180907,0,
2018-09-07 9:46,,0.000318674,1.86E-09,9:46,4,180907,0,
2018-09-07 9:47,,0.000318674,1.86E-09,9:47,4,180907,0,
2018-09-07 9:48,,0.000318674,1.86E-09,9:48,4,180907,0,
2018-09-07 9:49,,0.000318674,1.86E-09,9:49,4,180907,0,
2018-09-07 9:50,,0.000318674,1.86E-09,9:50,4,180907,0,
2018-09-07 9:51,,0.000318674,1.86E-09,9:51,4,180907,0,
2018-09-07 9:52,,0.000318674,1.86E-09,9:52,4,180907,0,
2018-09-07 9:53,,0.000318674,1.86E-09,9:53,4,180907,0,
2018-09-07 9:54,,0.000318674,1.86E-09,9:54,4,180907,0,
2018-09-07 9:55,,0.000318674,1.86E-09,9:55,4,180907,0,
2018-09-07 9:56,,0.000318674,1.86E-09,9:56,4,180907,0,
2018-09-07 9:57,,0.000318674,1.86E-09,9:57,4,180907,0,
2018-09-07 9:58,,0.000318674,1.86E-09,9:58,4,180907,0,
2018-09-07 9:59,,0.000318674,1.86E-09,9:59,4,180907,0,
2018-09-07 10:00,,0.000318674,1.86E-09,10:00,4,180907,0,
2018-09-07 10:01,,0.000318674,1.86E-09,10:01,4,180907,0,
2018-09-07 10:02,,0.000318674,1.86E-09,10:02,4,180907,0,
2018-09-07 10:03,,0.000318674,1.86E-09,10:03,4,180907,0,
2018-09-07 10:04,,0.000318674,1.86E-09,10:04,4,180907,0,
2018-09-07 10:05,,0.000318674,1.86E-09,10:05,4,180907,0,
2018-09-07 10:06,,0.000318674,1.86E-09,10:06,4,180907,0,
2018-09-07 10:07,,0.000318674,1.86E-09,10:07,4,180907,0,
2018-09-07 10:08,,0.000318674,1.86E-09,10:08,4,180907,0,
2018-09-07 10:09,,0.000318674,1.86E-09,10:09,4,180907,0,
2018-09-07 10:10,,0.000318674,1.86E-09,10:10,4,180907,0,
2018-09-07 10:11,,0.000318674,1.86E-09,10:11,4,180907,0,
2018-09-07 10:12,,0.000318674,1.86E-09,10:12,4,180907,0,
2018-09-07 10:13,,0.000318674,1.86E-09,10:13,4,180907,0,
2018-09-07 10:14,,0.000318674,1.86E-09,10:14,4,180907,0,
2018-09-07 10:15,,0.000318674,1.86E-09,10:15,4,180907,0,
2018-09-07 10:16,,0.000318674,1.86E-09,10:16,4,180907,0,
2018-09-07 10:17,,0.000318674,1.86E-09,10:17,4,180907,0,
2018-09-07 10:18,,0.000318674,1.86E-09,10:18,4,180907,0,
2018-09-07 10:19,,0.000318674,1.86E-09,10:19,4,180907,0,
2018-09-07 10:20,,0.000318674,1.86E-09,10:20,4,180907,0,
2018-09-07 10:21,,0.000318674,1.86E-09,10:21,4,180907,0,
2018-09-07 10:22,,0.000318674,1.86E-09,10:22,4,180907,0,
2018-09-07 10:23,,0.000318674,1.86E-09,10:23,4,180907,0,
2018-09-07 10:24,,0.000318674,1.86E-09,10:24,4,180907,0,
2018-09-07 10:25,,0.000318674,1.86E-09,10:25,4,180907,0,
2018-09-07 10:26,,0.000318674,1.86E-09,10:26,4,180907,0,
2018-09-07 10:27,,0.000318674,1.86E-09,10:27,4,180907,0,
2018-09-07 10:28,,0.000318674,1.86E-09,10:28,4,180907,0,
2018-09-07 10:29,,0.000318674,1.86E-09,10:29,4,180907,0,
2018-09-07 10:30,,0.000318674,1.86E-09,10:30,4,180907,0,
2018-09-07 10:31,,0.000318674,1.86E-09,10:31,4,180907,0,
2018-09-07 10:32,,0.000318674,1.86E-09,10:32,4,180907,0,
2018-09-07 10:33,,0.000318674,1.86E-09,10:33,4,180907,0,
2018-09-07 10:34,,0.000318674,1.86E-09,10:34,4,180907,0,
2018-09-07 10:35,,0.000318674,1.86E-09,10:35,4,180907,0,
2018-09-07 10:36,,0.000318674,1.86E-09,10:36,4,180907,0,
2018-09-07 10:37,,0.000318674,1.86E-09,10:37,4,180907,0,
2018-09-07 10:38,,0.000318674,1.86E-09,10:38,4,180907,0,
2018-09-07 10:39,,0.000318674,1.86E-09,10:39,4,180907,0,
2018-09-07 10:40,,0.000318674,1.86E-09,10:40,4,180907,0,
2018-09-07 10:41,,0.000318674,1.86E-09,10:41,4,180907,0,
2018-09-07 10:42,,0.000318674,1.86E-09,10:42,4,180907,0,
2018-09-07 10:43,,0.000318674,1.86E-09,10:43,4,180907,0,
2018-09-07 10:44,,0.000318674,1.86E-09,10:44,4,180907,0,
2018-09-07 10:45,,0.000318674,1.86E-09,10:45,4,180907,0,
2018-09-07 10:46,,0.000318674,1.86E-09,10:46,4,180907,0,
2018-09-07 10:47,,0.000318674,1.86E-09,10:47,4,180907,0,
2018-09-07 10:48,,0.000318674,1.86E-09,10:48,4,180907,0,
2018-09-07 10:49,,0.000318674,1.86E-09,10:49,4,180907,0,
2018-09-07 10:50,,0.000318674,1.86E-09,10:50,4,180907,0,
2018-09-07 10:51,,0.000318674,1.86E-09,10:51,4,180907,0,
2018-09-07 10:52,,0.000318674,1.86E-09,10:52,4,180907,0,
2018-09-07 10:53,,0.000318674,1.86E-09,10:53,4,180907,0,
2018-09-07 10:54,,0.000318674,1.86E-09,10:54,4,180907,0,
2018-09-07 10:55,,0.000318674,1.86E-09,10:55,4,180907,0,
2018-09-07 10:56,,0.000318674,1.86E-09,10:56,4,180907,0,
2018-09-07 10:57,,0.000318674,1.86E-09,10:57,4,180907,0,
2018-09-07 10:58,,0.000318674,1.86E-09,10:58,4,180907,0,
2018-09-07 10:59,,0.000318674,1.86E-09,10:59,4,180907,0,
2018-09-07 11:00,,0.000318674,1.86E-09,11:00,4,180907,0,
2018-09-07 11:01,,0.000318674,1.86E-09,11:01,4,180907,0,
2018-09-07 11:02,,0.000318674,1.86E-09,11:02,4,180907,0,
2018-09-07 11:03,,0.000318674,1.86E-09,11:03,4,180907,0,
2018-09-07 11:04,,0.000318674,1.86E-09,11:04,4,180907,0,
2018-09-07 11:05,,0.000318674,1.86E-09,11:05,4,180907,0,
2018-09-07 11:06,,0.000318674,1.86E-09,11:06,4,180907,0,
2018-09-07 11:07,,0.000318674,1.86E-09,11:07,4,180907,0,
2018-09-07 11:08,,0.000318674,1.86E-09,11:08,4,180907,0,
2018-09-07 11:09,,0.000318674,1.86E-09,11:09,4,180907,0,
2018-09-07 11:10,,0.000318674,1.86E-09,11:10,4,180907,0,
2018-09-07 11:11,,0.000318674,1.86E-09,11:11,4,180907,0,
2018-09-07 11:12,,0.000318674,1.86E-09,11:12,4,180907,0,
2018-09-07 11:13,,0.000318674,1.86E-09,11:13,4,180907,0,
2018-09-07 11:14,,0.000318674,1.86E-09,11:14,4,180907,0,
2018-09-07 11:15,,0.000318674,1.86E-09,11:15,4,180907,0,
2018-09-07 11:16,,0.000318674,1.86E-09,11:16,4,180907,0,
2018-09-07 11:17,,0.000318674,1.86E-09,11:17,4,180907,0,
2018-09-07 11:18,,0.000318674,1.86E-09,11:18,4,180907,0,
2018-09-07 11:19,,0.000318674,1.86E-09,11:19,4,180907,0,
2018-09-07 11:20,,0.000318674,1.86E-09,11:20,4,180907,0,
2018-09-07 11:21,,0.000318674,1.86E-09,11:21,4,180907,0,
2018-09-07 11:22,,0.000318674,1.86E-09,11:22,4,180907,0,
2018-09-07 11:23,,0.000318674,1.86E-09,11:23,4,180907,0,
2018-09-07 11:24,,0.000318674,1.86E-09,11:24,4,180907,0,
2018-09-07 11:25,,0.000318674,1.86E-09,11:25,4,180907,0,
2018-09-07 11:26,,0.000318674,1.86E-09,11:26,4,180907,0,
2018-09-07 11:27,,0.000318674,1.86E-09,11:27,4,180907,0,
2018-09-07 11:28,,0.000318674,1.86E-09,11:28,4,180907,0,
2018-09-07 11:29,,0.000318674,1.86E-09,11:29,4,180907,0,
2018-09-07 11:30,,0.000318674,1.86E-09,11:30,4,180907,0,
2018-09-07 11:31,,0.000318674,1.86E-09,11:31,4,180907,0,
2018-09-07 11:32,,0.000318674,1.86E-09,11:32,4,180907,0,
2018-09-07 11:33,,0.000318674,1.86E-09,11:33,4,180907,0,
2018-09-07 11:34,,0.000318674,1.86E-09,11:34,4,180907,0,
2018-09-07 11:35,,0.000318674,1.86E-09,11:35,4,180907,0,
2018-09-07 11:36,,0.000318674,1.86E-09,11:36,4,180907,0,
2018-09-07 11:37,,0.000318674,1.86E-09,11:37,4,180907,0,
2018-09-07 11:38,,0.000318674,1.86E-09,11:38,4,180907,0,
2018-09-07 11:39,,0.000318674,1.86E-09,11:39,4,180907,0,
2018-09-07 11:40,,0.000318674,1.86E-09,11:40,4,180907,0,
2018-09-07 11:41,,0.000318674,1.86E-09,11:41,4,180907,0,
2018-09-07 11:42,,0.000318674,1.86E-09,11:42,4,180907,0,
2018-09-07 11:43,,0.000318674,1.86E-09,11:43,4,180907,0,
2018-09-07 11:44,,0.000318674,1.86E-09,11:44,4,180907,0,
2018-09-07 11:45,,0.000318674,1.86E-09,11:45,4,180907,0,
2018-09-07 11:46,,0.000318674,1.86E-09,11:46,4,180907,0,
2018-09-07 11:47,,0.000318674,1.86E-09,11:47,4,180907,0,
2018-09-07 11:48,,0.000318674,1.86E-09,11:48,4,180907,0,
2018-09-07 11:49,,0.000318674,1.86E-09,11:49,4,180907,0,
2018-09-07 11:50,,0.000318674,1.86E-09,11:50,4,180907,0,
2018-09-07 11:51,,0.000318674,1.86E-09,11:51,4,180907,0,
2018-09-07 11:52,,0.000318674,1.86E-09,11:52,4,180907,0,
2018-09-07 11:53,,0.000318674,1.86E-09,11:53,4,180907,0,
2018-09-07 11:54,,0.000318674,1.86E-09,11:54,4,180907,0,
2018-09-07 11:55,,0.000318674,1.86E-09,11:55,4,180907,0,
2018-09-07 11:56,,0.000318674,1.86E-09,11:56,4,180907,0,
2018-09-07 11:57,,0.000318674,1.86E-09,11:57,4,180907,0,
2018-09-07 11:58,,0.000318674,1.86E-09,11:58,4,180907,0,
2018-09-07 11:59,,0.000318674,1.86E-09,11:59,4,180907,0,
2018-09-07 12:00,,0.000318674,1.86E-09,12:00,4,180907,0,
2018-09-07 12:01,,0.000318674,1.86E-09,12:01,4,180907,0,
2018-09-07 12:02,,0.000318674,1.86E-09,12:02,4,180907,0,
2018-09-07 12:03,,0.000318674,1.86E-09,12:03,4,180907,0,
2018-09-07 12:04,,0.000318674,1.86E-09,12:04,4,180907,0,
2018-09-07 12:05,,0.000318674,1.86E-09,12:05,4,180907,0,
2018-09-07 12:06,,0.000318674,1.86E-09,12:06,4,180907,0,
2018-09-07 12:07,,0.000318674,1.86E-09,12:07,4,180907,0,
2018-09-07 12:08,,0.000318674,1.86E-09,12:08,4,180907,0,
2018-09-07 12:09,,0.000318674,1.86E-09,12:09,4,180907,0,
2018-09-07 12:10,,0.000318674,1.86E-09,12:10,4,180907,0,
2018-09-07 12:11,,0.000318674,1.86E-09,12:11,4,180907,0,
2018-09-07 12:12,,0.000318674,1.86E-09,12:12,4,180907,0,
2018-09-07 12:13,,0.000318674,1.86E-09,12:13,4,180907,0,
2018-09-07 12:14,,0.000318674,1.86E-09,12:14,4,180907,0,
2018-09-07 12:15,,0.000318674,1.86E-09,12:15,4,180907,0,
2018-09-07 12:16,,0.000318674,1.86E-09,12:16,4,180907,0,
2018-09-07 12:17,,0.000318674,1.86E-09,12:17,4,180907,0,
2018-09-07 12:18,,0.000318674,1.86E-09,12:18,4,180907,0,
2018-09-07 12:19,,0.000318674,1.86E-09,12:19,4,180907,0,
2018-09-07 12:20,,0.000318674,1.86E-09,12:20,4,180907,0,
2018-09-07 12:21,,0.000318674,1.86E-09,12:21,4,180907,0,
2018-09-07 12:22,,0.000318674,1.86E-09,12:22,4,180907,0,
2018-09-07 12:23,,0.000318674,1.86E-09,12:23,4,180907,0,
2018-09-07 12:24,,0.000318674,1.86E-09,12:24,4,180907,0,
2018-09-07 12:25,,0.000318674,1.86E-09,12:25,4,180907,0,
2018-09-07 12:26,,0.000318674,1.86E-09,12:26,4,180907,0,
2018-09-07 12:27,,0.000318674,1.86E-09,12:27,4,180907,0,
2018-09-07 12:28,,0.000318674,1.86E-09,12:28,4,180907,0,
2018-09-07 12:29,,0.000318674,1.86E-09,12:29,4,180907,0,
2018-09-07 12:30,,0.000318674,1.86E-09,12:30,4,180907,0,
2018-09-07 12:31,,0.000318674,1.86E-09,12:31,4,180907,0,
2018-09-07 12:32,,0.000318674,1.86E-09,12:32,4,180907,0,
2018-09-07 12:33,,0.000318674,1.86E-09,12:33,4,180907,0,
2018-09-07 12:34,,0.000318674,1.86E-09,12:34,4,180907,0,
2018-09-07 12:35,,0.000318674,1.86E-09,12:35,4,180907,0,
2018-09-07 12:36,,0.000318674,1.86E-09,12:36,4,180907,0,
2018-09-07 12:37,,0.000318674,1.86E-09,12:37,4,180907,0,
2018-09-07 12:38,,0.000318674,1.86E-09,12:38,4,180907,0,
2018-09-07 12:39,,0.000318674,1.86E-09,12:39,4,180907,0,
2018-09-07 12:40,,0.000318674,1.86E-09,12:40,4,180907,0,
2018-09-07 12:41,,0.000318674,1.86E-09,12:41,4,180907,0,
2018-09-07 12:42,,0.000318674,1.86E-09,12:42,4,180907,0,
2018-09-07 12:43,,0.000318674,1.86E-09,12:43,4,180907,0,
2018-09-07 12:44,,0.000318674,1.86E-09,12:44,4,180907,0,
2018-09-07 12:45,,0.000318674,1.86E-09,12:45,4,180907,0,
2018-09-07 12:46,,0.000318674,1.86E-09,12:46,4,180907,0,
2018-09-07 12:47,,0.000318674,1.86E-09,12:47,4,180907,0,
2018-09-07 12:48,,0.000318674,1.86E-09,12:48,4,180907,0,
2018-09-07 12:49,,0.000318674,1.86E-09,12:49,4,180907,0,
2018-09-07 12:50,,0.000318674,1.86E-09,12:50,4,180907,0,
2018-09-07 12:51,,0.000318674,1.86E-09,12:51,4,180907,0,
2018-09-07 12:52,,0.000318674,1.86E-09,12:52,4,180907,0,
2018-09-07 12:53,,0.000318674,1.86E-09,12:53,4,180907,0,
2018-09-07 12:54,,0.000318674,1.86E-09,12:54,4,180907,0,
2018-09-07 12:55,,0.000318674,1.86E-09,12:55,4,180907,0,
2018-09-07 12:56,,0.000318674,1.86E-09,12:56,4,180907,0,
2018-09-07 12:57,,0.000318674,1.86E-09,12:57,4,180907,0,
2018-09-07 12:58,,0.000318674,1.86E-09,12:58,4,180907,0,
2018-09-07 12:59,,0.000318674,1.86E-09,12:59,4,180907,0,
2018-09-07 13:00,,0.000318674,1.86E-09,13:00,4,180907,0,
2018-09-07 13:01,,0.000318674,1.86E-09,13:01,4,180907,0,
2018-09-07 13:02,,0.000318674,1.86E-09,13:02,4,180907,0,
2018-09-07 13:03,,0.000318674,1.86E-09,13:03,4,180907,0,
2018-09-07 13:04,,0.000318674,1.86E-09,13:04,4,180907,0,
2018-09-07 13:05,,0.000318674,1.86E-09,13:05,4,180907,0,
2018-09-07 13:06,,0.000318674,1.86E-09,13:06,4,180907,0,
2018-09-07 13:07,,0.000318674,1.86E-09,13:07,4,180907,0,
2018-09-07 13:08,,0.000318674,1.86E-09,13:08,4,180907,0,
2018-09-07 13:09,,0.000318674,1.86E-09,13:09,4,180907,0,
2018-09-07 13:10,,0.000318674,1.86E-09,13:10,4,180907,0,
2018-09-07 13:11,,0.000318674,1.86E-09,13:11,4,180907,0,
2018-09-07 13:12,,0.000318674,1.86E-09,13:12,4,180907,0,
2018-09-07 13:13,,0.000318674,1.86E-09,13:13,4,180907,0,
2018-09-07 13:14,,0.000318674,1.86E-09,13:14,4,180907,0,
2018-09-07 13:15,,0.000318674,1.86E-09,13:15,4,180907,0,
2018-09-07 13:16,,0.000318674,1.86E-09,13:16,4,180907,0,
2018-09-07 13:17,,0.000318674,1.86E-09,13:17,4,180907,0,
2018-09-07 13:18,,0.000318674,1.86E-09,13:18,4,180907,0,
2018-09-07 13:19,,0.000318674,1.86E-09,13:19,4,180907,0,
2018-09-07 13:20,,0.000318674,1.86E-09,13:20,4,180907,0,
2018-09-07 13:21,,0.000318674,1.86E-09,13:21,4,180907,0,
2018-09-07 13:22,,0.000318674,1.86E-09,13:22,4,180907,0,
2018-09-07 13:23,,0.000318674,1.86E-09,13:23,4,180907,0,
2018-09-07 13:24,,0.000318674,1.86E-09,13:24,4,180907,0,
2018-09-07 13:25,,0.000318674,1.86E-09,13:25,4,180907,0,
2018-09-07 13:26,,0.000318674,1.86E-09,13:26,4,180907,0,
2018-09-07 13:27,,0.000318674,1.86E-09,13:27,4,180907,0,
2018-09-07 13:28,,0.000318674,1.86E-09,13:28,4,180907,0,
2018-09-07 13:29,,0.000318674,1.86E-09,13:29,4,180907,0,
2018-09-07 13:30,,0.000318674,1.86E-09,13:30,4,180907,0,
2018-09-07 13:31,,0.000318674,1.86E-09,13:31,4,180907,0,
2018-09-07 13:32,,0.000318674,1.86E-09,13:32,4,180907,0,
2018-09-07 13:33,,0.000318674,1.86E-09,13:33,4,180907,0,
2018-09-07 13:34,,0.000318674,1.86E-09,13:34,4,180907,0,
2018-09-07 13:35,,0.000318674,1.86E-09,13:35,4,180907,0,
2018-09-07 13:36,,0.000318674,1.86E-09,13:36,4,180907,0,
2018-09-07 13:37,,0.000318674,1.86E-09,13:37,4,180907,0,
2018-09-07 13:38,,0.000318674,1.86E-09,13:38,4,180907,0,
2018-09-07 13:39,,0.000318674,1.86E-09,13:39,4,180907,0,
2018-09-07 13:40,,0.000318674,1.86E-09,13:40,4,180907,0,
2018-09-07 13:41,,0.000318674,1.86E-09,13:41,4,180907,0,
2018-09-07 13:42,,0.000318674,1.86E-09,13:42,4,180907,0,
2018-09-07 13:43,,0.000318674,1.86E-09,13:43,4,180907,0,
2018-09-07 13:44,,0.000318674,1.86E-09,13:44,4,180907,0,
2018-09-07 13:45,,0.000318674,1.86E-09,13:45,4,180907,0,
2018-09-07 13:46,,0.000318674,1.86E-09,13:46,4,180907,0,
2018-09-07 13:47,,0.000318674,1.86E-09,13:47,4,180907,0,
2018-09-07 13:48,,0.000318674,1.86E-09,13:48,4,180907,0,
2018-09-07 13:49,,0.000318674,1.86E-09,13:49,4,180907,0,
2018-09-07 13:50,,0.000318674,1.86E-09,13:50,4,180907,0,
2018-09-07 13:51,,0.000318674,1.86E-09,13:51,4,180907,0,
2018-09-07 13:52,,0.000318674,1.86E-09,13:52,4,180907,0,
2018-09-07 13:53,,0.000318674,1.86E-09,13:53,4,180907,0,
2018-09-07 13:54,,0.000318674,1.86E-09,13:54,4,180907,0,
2018-09-07 13:55,,0.000318674,1.86E-09,13:55,4,180907,0,
2018-09-07 13:56,,0.000318674,1.86E-09,13:56,4,180907,0,
2018-09-07 13:57,,0.000318674,1.86E-09,13:57,4,180907,0,
2018-09-07 13:58,,0.000318674,1.86E-09,13:58,4,180907,0,
2018-09-07 13:59,,0.000318674,1.86E-09,13:59,4,180907,0,
2018-09-07 14:00,,0.000318674,1.86E-09,14:00,4,180907,0,
2018-09-07 14:01,,0.000318674,1.86E-09,14:01,4,180907,0,
2018-09-07 14:02,,0.000318674,1.86E-09,14:02,4,180907,0,
2018-09-07 14:03,,0.000318674,1.86E-09,14:03,4,180907,0,
2018-09-07 14:04,,0.000318674,1.86E-09,14:04,4,180907,0,
2018-09-07 14:05,,0.000318674,1.86E-09,14:05,4,180907,0,
2018-09-07 14:06,,0.000318674,1.86E-09,14:06,4,180907,0,
2018-09-07 14:07,,0.000318674,1.86E-09,14:07,4,180907,0,
2018-09-07 14:08,,0.000318674,1.86E-09,14:08,4,180907,0,
2018-09-07 14:09,,0.000318674,1.86E-09,14:09,4,180907,0,
2018-09-07 14:10,,0.000318674,1.86E-09,14:10,4,180907,0,
2018-09-07 14:11,,0.000318674,1.86E-09,14:11,4,180907,0,
2018-09-07 14:12,,0.000318674,1.86E-09,14:12,4,180907,0,
2018-09-07 14:13,,0.000318674,1.86E-09,14:13,4,180907,0,
2018-09-07 14:14,,0.000318674,1.86E-09,14:14,4,180907,0,
2018-09-07 14:15,,0.000318674,1.86E-09,14:15,4,180907,0,
2018-09-07 14:16,,0.000318674,1.86E-09,14:16,4,180907,0,
2018-09-07 14:17,,0.000318674,1.86E-09,14:17,4,180907,0,
2018-09-07 14:18,,0.000318674,1.86E-09,14:18,4,180907,0,
2018-09-07 14:19,,0.000318674,1.86E-09,14:19,4,180907,0,
2018-09-07 14:20,,0.000318674,1.86E-09,14:20,4,180907,0,
2018-09-07 14:21,,0.000318674,1.86E-09,14:21,4,180907,0,
2018-09-07 14:22,,0.000318674,1.86E-09,14:22,4,180907,0,
2018-09-07 14:23,,0.000318674,1.86E-09,14:23,4,180907,0,
2018-09-07 14:24,,0.000318674,1.86E-09,14:24,4,180907,0,
2018-09-07 14:25,,0.000318674,1.86E-09,14:25,4,180907,0,
2018-09-07 14:26,,0.000318674,1.86E-09,14:26,4,180907,0,
2018-09-07 14:27,,0.000318674,1.86E-09,14:27,4,180907,0,
2018-09-07 14:28,,0.000318674,1.86E-09,14:28,4,180907,0,
2018-09-07 14:29,,0.000318674,1.86E-09,14:29,4,180907,0,
2018-09-07 14:30,,0.000318674,1.86E-09,14:30,4,180907,0,
2018-09-07 14:31,,0.000318674,1.86E-09,14:31,4,180907,0,
2018-09-07 14:32,,0.000318674,1.86E-09,14:32,4,180907,0,
2018-09-07 14:33,,0.000318674,1.86E-09,14:33,4,180907,0,
2018-09-07 14:34,,0.000318674,1.86E-09,14:34,4,180907,0,
2018-09-07 14:35,,0.000318674,1.86E-09,14:35,4,180907,0,
2018-09-07 14:36,,0.000318674,1.86E-09,14:36,4,180907,0,
2018-09-07 14:37,,0.000318674,1.86E-09,14:37,4,180907,0,
2018-09-07 14:38,,0.000318674,1.86E-09,14:38,4,180907,0,
2018-09-07 14:39,,0.000318674,1.86E-09,14:39,4,180907,0,
2018-09-07 14:40,,0.000318674,1.86E-09,14:40,4,180907,0,
2018-09-07 14:41,,0.000318674,1.86E-09,14:41,4,180907,0,
2018-09-07 14:42,,0.000318674,1.86E-09,14:42,4,180907,0,
2018-09-07 14:43,,0.000318674,1.86E-09,14:43,4,180907,0,
2018-09-07 14:44,,0.000318674,1.86E-09,14:44,4,180907,0,
2018-09-07 14:45,,0.000318674,1.86E-09,14:45,4,180907,0,
2018-09-07 14:46,,0.000318674,1.86E-09,14:46,4,180907,0,
2018-09-07 14:47,,0.000318674,1.86E-09,14:47,4,180907,0,
2018-09-07 14:48,,0.000318674,1.86E-09,14:48,4,180907,0,
2018-09-07 14:49,,0.000318674,1.86E-09,14:49,4,180907,0,
2018-09-07 14:50,,0.000318674,1.86E-09,14:50,4,180907,0,
2018-09-07 14:51,,0.000318674,1.86E-09,14:51,4,180907,0,
2018-09-07 14:52,,0.000318674,1.86E-09,14:52,4,180907,0,
2018-09-07 14:53,,0.000318674,1.86E-09,14:53,4,180907,0,
2018-09-07 14:54,,0.000318674,1.86E-09,14:54,4,180907,0,
2018-09-07 14:55,,0.000318674,1.86E-09,14:55,4,180907,0,
2018-09-07 14:56,,0.000318674,1.86E-09,14:56,4,180907,0,
2018-09-07 14:57,,0.000318674,1.86E-09,14:57,4,180907,0,
2018-09-07 14:58,,0.000318674,1.86E-09,14:58,4,180907,0,
2018-09-07 14:59,,0.000318674,1.86E-09,14:59,4,180907,0,
2018-09-07 15:00,,0.000318674,1.86E-09,15:00,4,180907,0,
2018-09-07 15:01,,0.000318674,1.86E-09,15:01,4,180907,0,
2018-09-07 15:02,,0.000318674,1.86E-09,15:02,4,180907,0,
2018-09-07 15:03,,0.000318674,1.86E-09,15:03,4,180907,0,
2018-09-07 15:04,,0.000318674,1.86E-09,15:04,4,180907,0,
2018-09-07 15:05,,0.000318674,1.86E-09,15:05,4,180907,0,
2018-09-07 15:06,,0.000318674,1.86E-09,15:06,4,180907,0,
2018-09-07 15:07,,0.000318674,1.86E-09,15:07,4,180907,0,
2018-09-07 15:08,,0.000318674,1.86E-09,15:08,4,180907,0,
2018-09-07 15:09,,0.000318674,1.86E-09,15:09,4,180907,0,
2018-09-07 15:10,,0.000318674,1.86E-09,15:10,4,180907,0,
2018-09-07 15:11,,0.000318674,1.86E-09,15:11,4,180907,0,
2018-09-07 15:12,,0.000318674,1.86E-09,15:12,4,180907,0,
2018-09-07 15:13,,0.000318674,1.86E-09,15:13,4,180907,0,
2018-09-07 15:14,,0.000318674,1.86E-09,15:14,4,180907,0,
2018-09-07 15:15,,0.000318674,1.86E-09,15:15,4,180907,0,
2018-09-07 15:16,,0.000318674,1.86E-09,15:16,4,180907,0,
2018-09-07 15:17,,0.000318674,1.86E-09,15:17,4,180907,0,
2018-09-07 15:18,,0.000318674,1.86E-09,15:18,4,180907,0,
2018-09-07 15:19,,0.000318674,1.86E-09,15:19,4,180907,0,
2018-09-07 15:20,,0.000318674,1.86E-09,15:20,4,180907,0,
2018-09-07 15:21,,0.000318674,1.86E-09,15:21,4,180907,0,
2018-09-07 15:22,,0.000318674,1.86E-09,15:22,4,180907,0,
2018-09-07 15:23,,0.000318674,1.86E-09,15:23,4,180907,0,
2018-09-07 15:24,,0.000318674,1.86E-09,15:24,4,180907,0,
2018-09-07 15:25,,0.000318674,1.86E-09,15:25,4,180907,0,
2018-09-07 15:26,,0.000318674,1.86E-09,15:26,4,180907,0,
2018-09-07 15:27,,0.000318674,1.86E-09,15:27,4,180907,0,
2018-09-07 15:28,,0.000318674,1.86E-09,15:28,4,180907,0,
2018-09-07 15:29,,0.000318674,1.86E-09,15:29,4,180907,0,
2018-09-07 15:30,,0.000318674,1.86E-09,15:30,4,180907,0,
2018-09-07 15:31,,0.000318674,1.86E-09,15:31,4,180907,0,
2018-09-07 15:32,,0.000318674,1.86E-09,15:32,4,180907,0,
2018-09-07 15:33,,0.000318674,1.86E-09,15:33,4,180907,0,
2018-09-07 15:34,,0.000318674,1.86E-09,15:34,4,180907,0,
2018-09-07 15:35,,0.000318674,1.86E-09,15:35,4,180907,0,
2018-09-07 15:36,,0.000318674,1.86E-09,15:36,4,180907,0,
2018-09-07 15:37,,0.000318674,1.86E-09,15:37,4,180907,0,
2018-09-07 15:38,,0.000318674,1.86E-09,15:38,4,180907,0,
2018-09-07 15:39,,0.000318674,1.86E-09,15:39,4,180907,0,
2018-09-07 15:40,,0.000318674,1.86E-09,15:40,4,180907,0,
2018-09-07 15:41,,0.000318674,1.86E-09,15:41,4,180907,0,
2018-09-07 15:42,,0.000318674,1.86E-09,15:42,4,180907,0,
2018-09-07 15:43,,0.000318674,1.86E-09,15:43,4,180907,0,
2018-09-07 15:44,,0.000318674,1.86E-09,15:44,4,180907,0,
2018-09-07 15:45,,0.000318674,1.86E-09,15:45,4,180907,0,
2018-09-07 15:46,,0.000318674,1.86E-09,15:46,4,180907,0,
2018-09-07 15:47,,0.000318674,1.86E-09,15:47,4,180907,0,
2018-09-07 15:48,,0.000318674,1.86E-09,15:48,4,180907,0,
2018-09-07 15:49,,0.000318674,1.86E-09,15:49,4,180907,0,
2018-09-07 15:50,,0.000318674,1.86E-09,15:50,4,180907,0,
2018-09-07 15:51,,0.000318674,1.86E-09,15:51,4,180907,0,
2018-09-07 15:52,,0.000318674,1.86E-09,15:52,4,180907,0,
2018-09-07 15:53,,0.000318674,1.86E-09,15:53,4,180907,0,
2018-09-07 15:54,,0.000318674,1.86E-09,15:54,4,180907,0,
2018-09-07 15:55,,0.000318674,1.86E-09,15:55,4,180907,0,
2018-09-07 15:56,,0.000318674,1.86E-09,15:56,4,180907,0,
2018-09-07 15:57,,0.000318674,1.86E-09,15:57,4,180907,0,
2018-09-07 15:58,,0.000318674,1.86E-09,15:58,4,180907,0,
2018-09-07 15:59,,0.000318674,1.86E-09,15:59,4,180907,0,
2018-09-07 16:00,,0.000318674,1.86E-09,16:00,4,180907,0,
2018-09-07 16:01,,0.000318674,1.86E-09,16:01,4,180907,0,
2018-09-07 16:02,,0.000318674,1.86E-09,16:02,4,180907,0,
2018-09-07 16:03,,0.000318674,1.86E-09,16:03,4,180907,0,
2018-09-07 16:04,,0.000318674,1.86E-09,16:04,4,180907,0,
2018-09-07 16:05,,0.000318674,1.86E-09,16:05,4,180907,0,
2018-09-07 16:06,,0.000318674,1.86E-09,16:06,4,180907,0,
2018-09-07 16:07,,0.000318674,1.86E-09,16:07,4,180907,0,
2018-09-07 16:08,,0.000318674,1.86E-09,16:08,4,180907,0,
2018-09-07 16:09,,0.000318674,1.86E-09,16:09,4,180907,0,
2018-09-07 16:10,,0.000318674,1.86E-09,16:10,4,180907,0,
2018-09-07 16:11,,0.000318674,1.86E-09,16:11,4,180907,0,
2018-09-07 16:12,,0.000318674,1.86E-09,16:12,4,180907,0,
2018-09-07 16:13,,0.000318674,1.86E-09,16:13,4,180907,0,
2018-09-07 16:14,,0.000318674,1.86E-09,16:14,4,180907,0,
2018-09-07 16:15,,0.000318674,1.86E-09,16:15,4,180907,0,
2018-09-07 16:16,,0.000318674,1.86E-09,16:16,4,180907,0,
2018-09-07 16:17,,0.000318674,1.86E-09,16:17,4,180907,0,
2018-09-07 16:18,,0.000318674,1.86E-09,16:18,4,180907,0,
2018-09-07 16:19,,0.000318674,1.86E-09,16:19,4,180907,0,
2018-09-07 16:20,,0.000318674,1.86E-09,16:20,4,180907,0,
2018-09-07 16:21,,0.000318674,1.86E-09,16:21,4,180907,0,
2018-09-07 16:22,,0.000318674,1.86E-09,16:22,4,180907,0,
2018-09-07 16:23,,0.000318674,1.86E-09,16:23,4,180907,0,
2018-09-07 16:24,,0.000318674,1.86E-09,16:24,4,180907,0,
2018-09-07 16:25,,0.000318674,1.86E-09,16:25,4,180907,0,
2018-09-07 16:26,,0.000318674,1.86E-09,16:26,4,180907,0,
2018-09-07 16:27,,0.000318674,1.86E-09,16:27,4,180907,0,
2018-09-07 16:28,,0.000318674,1.86E-09,16:28,4,180907,0,
2018-09-07 16:29,,0.000318674,1.86E-09,16:29,4,180907,0,
2018-09-07 16:30,,0.000318674,1.86E-09,16:30,4,180907,0,
2018-09-07 16:31,,0.000318674,1.86E-09,16:31,4,180907,0,
2018-09-07 16:32,,0.000318674,1.86E-09,16:32,4,180907,0,
2018-09-07 16:33,,0.000318674,1.86E-09,16:33,4,180907,0,
2018-09-07 16:34,,0.000318674,1.86E-09,16:34,4,180907,0,
2018-09-07 16:35,,0.000318674,1.86E-09,16:35,4,180907,0,
2018-09-07 16:36,,0.000318674,1.86E-09,16:36,4,180907,0,
2018-09-07 16:37,,0.000318674,1.86E-09,16:37,4,180907,0,
2018-09-07 16:38,,0.000318674,1.86E-09,16:38,4,180907,0,
2018-09-07 16:39,,0.000318674,1.86E-09,16:39,4,180907,0,
2018-09-07 16:40,,0.000318674,1.86E-09,16:40,4,180907,0,
2018-09-07 16:41,,0.000318674,1.86E-09,16:41,4,180907,0,
2018-09-07 16:42,,0.000318674,1.86E-09,16:42,4,180907,0,
2018-09-07 16:43,,0.000318674,1.86E-09,16:43,4,180907,0,
2018-09-07 16:44,,0.000318674,1.86E-09,16:44,4,180907,0,
2018-09-07 16:45,,0.000318674,1.86E-09,16:45,4,180907,0,
2018-09-07 16:46,,0.000318674,1.86E-09,16:46,4,180907,0,
2018-09-07 16:47,,0.000318674,1.86E-09,16:47,4,180907,0,
2018-09-07 16:48,,0.000318674,1.86E-09,16:48,4,180907,0,
2018-09-07 16:49,,0.000318674,1.86E-09,16:49,4,180907,0,
2018-09-07 16:50,,0.000318674,1.86E-09,16:50,4,180907,0,
2018-09-07 16:51,,0.000318674,1.86E-09,16:51,4,180907,0,
2018-09-07 16:52,,0.000318674,1.86E-09,16:52,4,180907,0,
2018-09-07 16:53,,0.000318674,1.86E-09,16:53,4,180907,0,
2018-09-07 16:54,,0.000318674,1.86E-09,16:54,4,180907,0,
2018-09-07 16:55,,0.000318674,1.86E-09,16:55,4,180907,0,
2018-09-07 16:56,,0.000318674,1.86E-09,16:56,4,180907,0,
2018-09-07 16:57,,0.000318674,1.86E-09,16:57,4,180907,0,
2018-09-07 16:58,,0.000318674,1.86E-09,16:58,4,180907,0,
2018-09-07 16:59,,0.000318674,1.86E-09,16:59,4,180907,0,
2018-09-07 17:00,,0.000318674,1.86E-09,17:00,4,180907,0,
2018-09-07 17:01,,0.000318674,1.86E-09,17:01,4,180907,0,
2018-09-07 17:02,,0.000318674,1.86E-09,17:02,4,180907,0,
2018-09-07 17:03,,0.000318674,1.86E-09,17:03,4,180907,0,
2018-09-07 17:04,,0.000318674,1.86E-09,17:04,4,180907,0,
2018-09-07 17:05,,0.000318674,1.86E-09,17:05,4,180907,0,
2018-09-07 17:06,,0.000318674,1.86E-09,17:06,4,180907,0,
2018-09-07 17:07,,0.000318674,1.86E-09,17:07,4,180907,0,
2018-09-07 17:08,,0.000318674,1.86E-09,17:08,4,180907,0,
2018-09-07 17:09,,0.000318674,1.86E-09,17:09,4,180907,0,
2018-09-07 17:10,,0.000318674,1.86E-09,17:10,4,180907,0,
2018-09-07 17:11,,0.000318674,1.86E-09,17:11,4,180907,0,
2018-09-07 17:12,,0.000318674,1.86E-09,17:12,4,180907,0,
2018-09-07 17:13,,0.000318674,1.86E-09,17:13,4,180907,0,
2018-09-07 17:14,,0.000318674,1.86E-09,17:14,4,180907,0,
2018-09-07 17:15,,0.000318674,1.86E-09,17:15,4,180907,0,
2018-09-07 17:16,,0.000318674,1.86E-09,17:16,4,180907,0,
2018-09-07 17:17,,0.000318674,1.86E-09,17:17,4,180907,0,
2018-09-07 17:18,,0.000318674,1.86E-09,17:18,4,180907,0,
2018-09-07 17:19,,0.000318674,1.86E-09,17:19,4,180907,0,
2018-09-07 17:20,,0.000318674,1.86E-09,17:20,4,180907,0,
2018-09-07 17:21,,0.000318674,1.86E-09,17:21,4,180907,0,
2018-09-07 17:22,,0.000318674,1.86E-09,17:22,4,180907,0,
2018-09-07 17:23,,0.000318674,1.86E-09,17:23,4,180907,0,
2018-09-07 17:24,,0.000318674,1.86E-09,17:24,4,180907,0,
2018-09-07 17:25,,0.000318674,1.86E-09,17:25,4,180907,0,
2018-09-07 17:26,,0.000318674,1.86E-09,17:26,4,180907,0,
2018-09-07 17:27,,0.000318674,1.86E-09,17:27,4,180907,0,
2018-09-07 17:28,,0.000318674,1.86E-09,17:28,4,180907,0,
2018-09-07 17:29,,0.000318674,1.86E-09,17:29,4,180907,0,
2018-09-07 17:30,,0.000318674,1.86E-09,17:30,4,180907,0,
2018-09-07 17:31,,0.000318674,1.86E-09,17:31,4,180907,0,
2018-09-07 17:32,,0.000318674,1.86E-09,17:32,4,180907,0,
2018-09-07 17:33,,0.000318674,1.86E-09,17:33,4,180907,0,
2018-09-07 17:34,,0.000318674,1.86E-09,17:34,4,180907,0,
2018-09-07 17:35,,0.000318674,1.86E-09,17:35,4,180907,0,
2018-09-07 17:36,,0.000318674,1.86E-09,17:36,4,180907,0,
2018-09-07 17:37,,0.000318674,1.86E-09,17:37,4,180907,0,
2018-09-07 17:38,,0.000318674,1.86E-09,17:38,4,180907,0,
2018-09-07 17:39,,0.000318674,1.86E-09,17:39,4,180907,0,
2018-09-07 17:40,,0.000318674,1.86E-09,17:40,4,180907,0,
2018-09-07 17:41,,0.000318674,1.86E-09,17:41,4,180907,0,
2018-09-07 17:42,,0.000318674,1.86E-09,17:42,4,180907,0,
2018-09-07 17:43,,0.000318674,1.86E-09,17:43,4,180907,0,
2018-09-07 17:44,,0.000318674,1.86E-09,17:44,4,180907,0,
2018-09-07 17:45,,0.000318674,1.86E-09,17:45,4,180907,0,
2018-09-07 17:46,,0.000318674,1.86E-09,17:46,4,180907,0,
2018-09-07 17:47,,0.000318674,1.86E-09,17:47,4,180907,0,
2018-09-07 17:48,,0.000318674,1.86E-09,17:48,4,180907,0,
2018-09-07 17:49,,0.000318674,1.86E-09,17:49,4,180907,0,
2018-09-07 17:50,,0.000318674,1.86E-09,17:50,4,180907,0,
2018-09-07 17:51,,0.000318674,1.86E-09,17:51,4,180907,0,
2018-09-07 17:52,,0.000318674,1.86E-09,17:52,4,180907,0,
2018-09-07 17:53,,0.000318674,1.86E-09,17:53,4,180907,0,
2018-09-07 17:54,,0.000318674,1.86E-09,17:54,4,180907,0,
2018-09-07 17:55,,0.000318674,1.86E-09,17:55,4,180907,0,
2018-09-07 17:56,,0.000318674,1.86E-09,17:56,4,180907,0,
2018-09-07 17:57,,0.000318674,1.86E-09,17:57,4,180907,0,
2018-09-07 17:58,,0.000318674,1.86E-09,17:58,4,180907,0,
2018-09-07 17:59,,0.000318674,1.86E-09,17:59,4,180907,0,
2018-09-07 18:00,,0.000318674,1.86E-09,18:00,4,180907,0,
2018-09-07 18:01,,0.000318674,1.86E-09,18:01,4,180907,0,
2018-09-07 18:02,,0.000318674,1.86E-09,18:02,4,180907,0,
2018-09-07 18:03,,0.000318674,1.86E-09,18:03,4,180907,0,
2018-09-07 18:04,,0.000318674,1.86E-09,18:04,4,180907,0,
2018-09-07 18:05,,0.000318674,1.86E-09,18:05,4,180907,0,
2018-09-07 18:06,,0.000318674,1.86E-09,18:06,4,180907,0,
2018-09-07 18:07,,0.000318674,1.86E-09,18:07,4,180907,0,
2018-09-07 18:08,,0.000318674,1.86E-09,18:08,4,180907,0,
2018-09-07 18:09,,0.000318674,1.86E-09,18:09,4,180907,0,
2018-09-07 18:10,,0.000318674,1.86E-09,18:10,4,180907,0,
2018-09-07 18:11,,0.000318674,1.86E-09,18:11,4,180907,0,
2018-09-07 18:12,,0.000318674,1.86E-09,18:12,4,180907,0,
2018-09-07 18:13,,0.000318674,1.86E-09,18:13,4,180907,0,
2018-09-07 18:14,,0.000318674,1.86E-09,18:14,4,180907,0,
2018-09-07 18:15,,0.000318674,1.86E-09,18:15,4,180907,0,
2018-09-07 18:16,,0.000318674,1.86E-09,18:16,4,180907,0,
2018-09-07 18:17,,0.000318674,1.86E-09,18:17,4,180907,0,
2018-09-07 18:18,,0.000318674,1.86E-09,18:18,4,180907,0,
2018-09-07 18:19,,0.000318674,1.86E-09,18:19,4,180907,0,
2018-09-07 18:20,,0.000318674,1.86E-09,18:20,4,180907,0,
2018-09-07 18:21,,0.000318674,1.86E-09,18:21,4,180907,0,
2018-09-07 18:22,,0.000318674,1.86E-09,18:22,4,180907,0,
2018-09-07 18:23,,0.000318674,1.86E-09,18:23,4,180907,0,
2018-09-07 18:24,,0.000318674,1.86E-09,18:24,4,180907,0,
2018-09-07 18:25,,0.000318674,1.86E-09,18:25,4,180907,0,
2018-09-07 18:26,,0.000318674,1.86E-09,18:26,4,180907,0,
2018-09-07 18:27,,0.000318674,1.86E-09,18:27,4,180907,0,
2018-09-07 18:28,,0.000318674,1.86E-09,18:28,4,180907,0,
2018-09-07 18:29,,0.000318674,1.86E-09,18:29,4,180907,0,
2018-09-07 18:30,,0.000318674,1.86E-09,18:30,4,180907,0,
2018-09-07 18:31,,0.000318674,1.86E-09,18:31,4,180907,0,
2018-09-07 18:32,,0.000318674,1.86E-09,18:32,4,180907,0,
2018-09-07 18:33,,0.000318674,1.86E-09,18:33,4,180907,0,
2018-09-07 18:34,,0.000318674,1.86E-09,18:34,4,180907,0,
2018-09-07 18:35,,0.000318674,1.86E-09,18:35,4,180907,0,
2018-09-07 18:36,,0.000318674,1.86E-09,18:36,4,180907,0,
2018-09-07 18:37,,0.000318674,1.86E-09,18:37,4,180907,0,
2018-09-07 18:38,,0.000318674,1.86E-09,18:38,4,180907,0,
2018-09-07 18:39,,0.000318674,1.86E-09,18:39,4,180907,0,
2018-09-07 18:40,,0.000318674,1.86E-09,18:40,4,180907,0,
2018-09-07 18:41,,0.000318674,1.86E-09,18:41,4,180907,0,
2018-09-07 18:42,,0.000318674,1.86E-09,18:42,4,180907,0,
2018-09-07 18:43,,0.000318674,1.86E-09,18:43,4,180907,0,
2018-09-07 18:44,,0.000318674,1.86E-09,18:44,4,180907,0,
2018-09-07 18:45,,0.000318674,1.86E-09,18:45,4,180907,0,
2018-09-07 18:46,,0.000318674,1.86E-09,18:46,4,180907,0,
2018-09-07 18:47,,0.000318674,1.86E-09,18:47,4,180907,0,
2018-09-07 18:48,,0.000318674,1.86E-09,18:48,4,180907,0,
2018-09-07 18:49,,0.000318674,1.86E-09,18:49,4,180907,0,
2018-09-07 18:50,,0.000318674,1.86E-09,18:50,4,180907,0,
2018-09-07 18:51,,0.000318674,1.86E-09,18:51,4,180907,0,
2018-09-07 18:52,,0.000318674,1.86E-09,18:52,4,180907,0,
2018-09-07 18:53,,0.000318674,1.86E-09,18:53,4,180907,0,
2018-09-07 18:54,,0.000318674,1.86E-09,18:54,4,180907,0,
2018-09-07 18:55,,0.000318674,1.86E-09,18:55,4,180907,0,
2018-09-07 18:56,,0.000318674,1.86E-09,18:56,4,180907,0,
2018-09-07 18:57,,0.000318674,1.86E-09,18:57,4,180907,0,
2018-09-07 18:58,,0.000318674,1.86E-09,18:58,4,180907,0,
2018-09-07 18:59,,0.000318674,1.86E-09,18:59,4,180907,0,
2018-09-07 19:00,,0.000318674,1.86E-09,19:00,4,180907,0,
2018-09-07 19:01,,0.000318674,1.86E-09,19:01,4,180907,0,
2018-09-07 19:02,,0.000318674,1.86E-09,19:02,4,180907,0,
2018-09-07 19:03,,0.000318674,1.86E-09,19:03,4,180907,0,
2018-09-07 19:04,,0.000318674,1.86E-09,19:04,4,180907,0,
2018-09-07 19:05,,0.000318674,1.86E-09,19:05,4,180907,0,
2018-09-07 19:06,,0.000318674,1.86E-09,19:06,4,180907,0,
2018-09-07 19:07,,0.000318674,1.86E-09,19:07,4,180907,0,
2018-09-07 19:08,,0.000318674,1.86E-09,19:08,4,180907,0,
2018-09-07 19:09,,0.000318674,1.86E-09,19:09,4,180907,0,
2018-09-07 19:10,,0.000318674,1.86E-09,19:10,4,180907,0,
2018-09-07 19:11,,0.000318674,1.86E-09,19:11,4,180907,0,
2018-09-07 19:12,,0.000318674,1.86E-09,19:12,4,180907,0,
2018-09-07 19:13,,0.000318674,1.86E-09,19:13,4,180907,0,
2018-09-07 19:14,,0.000318674,1.86E-09,19:14,4,180907,0,
2018-09-07 19:15,,0.000318674,1.86E-09,19:15,4,180907,0,
2018-09-07 19:16,,0.000318674,1.86E-09,19:16,4,180907,0,
2018-09-07 19:17,,0.000318674,1.86E-09,19:17,4,180907,0,
2018-09-07 19:18,,0.000318674,1.86E-09,19:18,4,180907,0,
2018-09-07 19:19,,0.000318674,1.86E-09,19:19,4,180907,0,
2018-09-07 19:20,,0.000318674,1.86E-09,19:20,4,180907,0,
2018-09-07 19:21,,0.000318674,1.86E-09,19:21,4,180907,0,
2018-09-07 19:22,,0.000318674,1.86E-09,19:22,4,180907,0,
2018-09-07 19:23,,0.000318674,1.86E-09,19:23,4,180907,0,
2018-09-07 19:24,,0.000318674,1.86E-09,19:24,4,180907,0,
2018-09-07 19:25,,0.000318674,1.86E-09,19:25,4,180907,0,
2018-09-07 19:26,,0.000318674,1.86E-09,19:26,4,180907,0,
2018-09-07 19:27,,0.000318674,1.86E-09,19:27,4,180907,0,
2018-09-07 19:28,,0.000318674,1.86E-09,19:28,4,180907,0,
2018-09-07 19:29,,0.000318674,1.86E-09,19:29,4,180907,0,
2018-09-07 19:30,,0.000318674,1.86E-09,19:30,4,180907,0,
2018-09-07 19:31,,0.000318674,1.86E-09,19:31,4,180907,0,
2018-09-07 19:32,,0.000318674,1.86E-09,19:32,4,180907,0,
2018-09-07 19:33,,0.000318674,1.86E-09,19:33,4,180907,0,
2018-09-07 19:34,,0.000318674,1.86E-09,19:34,4,180907,0,
2018-09-07 19:35,,0.000318674,1.86E-09,19:35,4,180907,0,
2018-09-07 19:36,,0.000318674,1.86E-09,19:36,4,180907,0,
2018-09-07 19:37,,0.000318674,1.86E-09,19:37,4,180907,0,
2018-09-07 19:38,,0.000318674,1.86E-09,19:38,4,180907,0,
2018-09-07 19:39,,0.000318674,1.86E-09,19:39,4,180907,0,
2018-09-07 19:40,,0.000318674,1.86E-09,19:40,4,180907,0,
2018-09-07 19:41,,0.000318674,1.86E-09,19:41,4,180907,0,
2018-09-07 19:42,,0.000318674,1.86E-09,19:42,4,180907,0,
2018-09-07 19:43,,0.000318674,1.86E-09,19:43,4,180907,0,
2018-09-07 19:44,,0.000318674,1.86E-09,19:44,4,180907,0,
2018-09-07 19:45,,0.000318674,1.86E-09,19:45,4,180907,0,
2018-09-07 19:46,,0.000318674,1.86E-09,19:46,4,180907,0,
2018-09-07 19:47,,0.000318674,1.86E-09,19:47,4,180907,0,
2018-09-07 19:48,,0.000318674,1.86E-09,19:48,4,180907,0,
2018-09-07 19:49,,0.000318674,1.86E-09,19:49,4,180907,0,
2018-09-07 19:50,,0.000318674,1.86E-09,19:50,4,180907,0,
2018-09-07 19:51,,0.000318674,1.86E-09,19:51,4,180907,0,
2018-09-07 19:52,,0.000318674,1.86E-09,19:52,4,180907,0,
2018-09-07 19:53,,0.000318674,1.86E-09,19:53,4,180907,0,
2018-09-07 19:54,,0.000318674,1.86E-09,19:54,4,180907,0,
2018-09-07 19:55,,0.000318674,1.86E-09,19:55,4,180907,0,
2018-09-07 19:56,,0.000318674,1.86E-09,19:56,4,180907,0,
2018-09-07 19:57,,0.000318674,1.86E-09,19:57,4,180907,0,
2018-09-07 19:58,,0.000318674,1.86E-09,19:58,4,180907,0,
2018-09-07 19:59,,0.000318674,1.86E-09,19:59,4,180907,0,
2018-09-07 20:00,,0.000318674,1.86E-09,20:00,4,180907,0,
2018-09-07 20:01,,0.000318674,1.86E-09,20:01,4,180907,0,
2018-09-07 20:02,,0.000318674,1.86E-09,20:02,4,180907,0,
2018-09-07 20:03,,0.000318674,1.86E-09,20:03,4,180907,0,
2018-09-07 20:04,,0.000318674,1.86E-09,20:04,4,180907,0,
2018-09-07 20:05,,0.000318674,1.86E-09,20:05,4,180907,0,
2018-09-07 20:06,,0.000318674,1.86E-09,20:06,4,180907,0,
2018-09-07 20:07,,0.000318674,1.86E-09,20:07,4,180907,0,
2018-09-07 20:08,,0.000318674,1.86E-09,20:08,4,180907,0,
2018-09-07 20:09,,0.000318674,1.86E-09,20:09,4,180907,0,
2018-09-07 20:10,,0.000318674,1.86E-09,20:10,4,180907,0,
2018-09-07 20:11,,0.000318674,1.86E-09,20:11,4,180907,0,
2018-09-07 20:12,,0.000318674,1.86E-09,20:12,4,180907,0,
2018-09-07 20:13,,0.000318674,1.86E-09,20:13,4,180907,0,
2018-09-07 20:14,,0.000318674,1.86E-09,20:14,4,180907,0,
2018-09-07 20:15,,0.000318674,1.86E-09,20:15,4,180907,0,
2018-09-07 20:16,,0.000318674,1.86E-09,20:16,4,180907,0,
2018-09-07 20:17,,0.000318674,1.86E-09,20:17,4,180907,0,
2018-09-07 20:18,,0.000318674,1.86E-09,20:18,4,180907,0,
2018-09-07 20:19,,0.000318674,1.86E-09,20:19,4,180907,0,
2018-09-07 20:20,,0.000318674,1.86E-09,20:20,4,180907,0,
2018-09-07 20:21,,0.000318674,1.86E-09,20:21,4,180907,0,
2018-09-07 20:22,,0.000318674,1.86E-09,20:22,4,180907,0,
2018-09-07 20:23,,0.000318674,1.86E-09,20:23,4,180907,0,
2018-09-07 20:24,,0.000318674,1.86E-09,20:24,4,180907,0,
2018-09-07 20:25,,0.000318674,1.86E-09,20:25,4,180907,0,
2018-09-07 20:26,,0.000318674,1.86E-09,20:26,4,180907,0,
2018-09-07 20:27,,0.000318674,1.86E-09,20:27,4,180907,0,
2018-09-07 20:28,,0.000318674,1.86E-09,20:28,4,180907,0,
2018-09-07 20:29,,0.000318674,1.86E-09,20:29,4,180907,0,
2018-09-07 20:30,,0.000318674,1.86E-09,20:30,4,180907,0,
2018-09-07 20:31,,0.000318674,1.86E-09,20:31,4,180907,0,
2018-09-07 20:32,,0.000318674,1.86E-09,20:32,4,180907,0,
2018-09-07 20:33,,0.000318674,1.86E-09,20:33,4,180907,0,
2018-09-07 20:34,,0.000318674,1.86E-09,20:34,4,180907,0,
2018-09-07 20:35,,0.000318674,1.86E-09,20:35,4,180907,0,
2018-09-07 20:36,,0.000318674,1.86E-09,20:36,4,180907,0,
2018-09-07 20:37,,0.000318674,1.86E-09,20:37,4,180907,0,
2018-09-07 20:38,,0.000318674,1.86E-09,20:38,4,180907,0,
2018-09-07 20:39,,0.000318674,1.86E-09,20:39,4,180907,0,
2018-09-07 20:40,,0.000318674,1.86E-09,20:40,4,180907,0,
2018-09-07 20:41,,0.000318674,1.86E-09,20:41,4,180907,0,
2018-09-07 20:42,,0.000318674,1.86E-09,20:42,4,180907,0,
2018-09-07 20:43,,0.000318674,1.86E-09,20:43,4,180907,0,
2018-09-07 20:44,,0.000318674,1.86E-09,20:44,4,180907,0,
2018-09-07 20:45,,0.000318674,1.86E-09,20:45,4,180907,0,
2018-09-07 20:46,,0.000318674,1.86E-09,20:46,4,180907,0,
2018-09-07 20:47,,0.000318674,1.86E-09,20:47,4,180907,0,
2018-09-07 20:48,,0.000318674,1.86E-09,20:48,4,180907,0,
2018-09-07 20:49,,0.000318674,1.86E-09,20:49,4,180907,0,
2018-09-07 20:50,,0.000318674,1.86E-09,20:50,4,180907,0,
2018-09-07 20:51,,0.000318674,1.86E-09,20:51,4,180907,0,
2018-09-07 20:52,,0.000318674,1.86E-09,20:52,4,180907,0,
2018-09-07 20:53,,0.000318674,1.86E-09,20:53,4,180907,0,
2018-09-07 20:54,,0.000318674,1.86E-09,20:54,4,180907,0,
2018-09-07 20:55,,0.000318674,1.86E-09,20:55,4,180907,0,
2018-09-07 20:56,,0.000318674,1.86E-09,20:56,4,180907,0,
2018-09-07 20:57,,0.000318674,1.86E-09,20:57,4,180907,0,
2018-09-07 20:58,,0.000318674,1.86E-09,20:58,4,180907,0,
2018-09-07 20:59,,0.000318674,1.86E-09,20:59,4,180907,0,
2018-09-07 21:00,,0.000318674,1.86E-09,21:00,4,180907,0,
2018-09-07 21:01,,0.000318674,1.86E-09,21:01,4,180907,0,
2018-09-07 21:02,,0.000318674,1.86E-09,21:02,4,180907,0,
2018-09-07 21:03,,0.000318674,1.86E-09,21:03,4,180907,0,
2018-09-07 21:04,,0.000318674,1.86E-09,21:04,4,180907,0,
2018-09-07 21:05,,0.000318674,1.86E-09,21:05,4,180907,0,
2018-09-07 21:06,,0.000318674,1.86E-09,21:06,4,180907,0,
2018-09-07 21:07,,0.000318674,1.86E-09,21:07,4,180907,0,
2018-09-07 21:08,,0.000318674,1.86E-09,21:08,4,180907,0,
2018-09-07 21:09,,0.000318674,1.86E-09,21:09,4,180907,0,
2018-09-07 21:10,,0.000318674,1.86E-09,21:10,4,180907,0,
2018-09-07 21:11,,0.000318674,1.86E-09,21:11,4,180907,0,
2018-09-07 21:12,,0.000318674,1.86E-09,21:12,4,180907,0,
2018-09-07 21:13,,0.000318674,1.86E-09,21:13,4,180907,0,
2018-09-07 21:14,,0.000318674,1.86E-09,21:14,4,180907,0,
2018-09-07 21:15,,0.000318674,1.86E-09,21:15,4,180907,0,
2018-09-07 21:16,,0.000318674,1.86E-09,21:16,4,180907,0,
2018-09-07 21:17,,0.000318674,1.86E-09,21:17,4,180907,0,
2018-09-07 21:18,,0.000318674,1.86E-09,21:18,4,180907,0,
2018-09-07 21:19,,0.000318674,1.86E-09,21:19,4,180907,0,
2018-09-07 21:20,,0.000318674,1.86E-09,21:20,4,180907,0,
2018-09-07 21:21,,0.000318674,1.86E-09,21:21,4,180907,0,
2018-09-07 21:22,,0.000318674,1.86E-09,21:22,4,180907,0,
2018-09-07 21:23,,0.000318674,1.86E-09,21:23,4,180907,0,
2018-09-07 21:24,,0.000318674,1.86E-09,21:24,4,180907,0,
2018-09-07 21:25,,0.000318674,1.86E-09,21:25,4,180907,0,
2018-09-07 21:26,,0.000318674,1.86E-09,21:26,4,180907,0,
2018-09-07 21:27,,0.000318674,1.86E-09,21:27,4,180907,0,
2018-09-07 21:28,,0.000318674,1.86E-09,21:28,4,180907,0,
2018-09-07 21:29,,0.000318674,1.86E-09,21:29,4,180907,0,
2018-09-07 21:30,,0.000318674,1.86E-09,21:30,4,180907,0,
2018-09-07 21:31,,0.000318674,1.86E-09,21:31,4,180907,0,
2018-09-07 21:32,,0.000318674,1.86E-09,21:32,4,180907,0,
2018-09-07 21:33,,0.000318674,1.86E-09,21:33,4,180907,0,
2018-09-07 21:34,,0.000318674,1.86E-09,21:34,4,180907,0,
2018-09-07 21:35,,0.000318674,1.86E-09,21:35,4,180907,0,
2018-09-07 21:36,,0.000318674,1.86E-09,21:36,4,180907,0,
2018-09-07 21:37,,0.000318674,1.86E-09,21:37,4,180907,0,
2018-09-07 21:38,,0.000318674,1.86E-09,21:38,4,180907,0,
2018-09-07 21:39,,0.000318674,1.86E-09,21:39,4,180907,0,
2018-09-07 21:40,,0.000318674,1.86E-09,21:40,4,180907,0,
2018-09-07 21:41,,0.000318674,1.86E-09,21:41,4,180907,0,
2018-09-07 21:42,,0.000318674,1.86E-09,21:42,4,180907,0,
2018-09-07 21:43,,0.000318674,1.86E-09,21:43,4,180907,0,
2018-09-07 21:44,,0.000318674,1.86E-09,21:44,4,180907,0,
2018-09-07 21:45,,0.000318674,1.86E-09,21:45,4,180907,0,
2018-09-07 21:46,,0.000318674,1.86E-09,21:46,4,180907,0,
2018-09-07 21:47,,0.000318674,1.86E-09,21:47,4,180907,0,
2018-09-07 21:48,,0.000318674,1.86E-09,21:48,4,180907,0,
2018-09-07 21:49,,0.000318674,1.86E-09,21:49,4,180907,0,
2018-09-07 21:50,,0.000318674,1.86E-09,21:50,4,180907,0,
2018-09-07 21:51,,0.000318674,1.86E-09,21:51,4,180907,0,
2018-09-07 21:52,,0.000318674,1.86E-09,21:52,4,180907,0,
2018-09-07 21:53,,0.000318674,1.86E-09,21:53,4,180907,0,
2018-09-07 21:54,,0.000318674,1.86E-09,21:54,4,180907,0,
2018-09-07 21:55,,0.000318674,1.86E-09,21:55,4,180907,0,
2018-09-07 21:56,,0.000318674,1.86E-09,21:56,4,180907,0,
2018-09-07 21:57,,0.000318674,1.86E-09,21:57,4,180907,0,
2018-09-07 21:58,,0.000318674,1.86E-09,21:58,4,180907,0,
2018-09-07 21:59,,0.000318674,1.86E-09,21:59,4,180907,0,
2018-09-07 22:00,,0.000318674,1.86E-09,22:00,4,180907,0,
2018-09-07 22:01,,0.000318674,1.86E-09,22:01,4,180907,0,
2018-09-07 22:02,,0.000318674,1.86E-09,22:02,4,180907,0,
2018-09-07 22:03,,0.000318674,1.86E-09,22:03,4,180907,0,
2018-09-07 22:04,,0.000318674,1.86E-09,22:04,4,180907,0,
2018-09-07 22:05,,0.000318674,1.86E-09,22:05,4,180907,0,
2018-09-07 22:06,,0.000318674,1.86E-09,22:06,4,180907,0,
2018-09-07 22:07,,0.000318674,1.86E-09,22:07,4,180907,0,
2018-09-07 22:08,,0.000318674,1.86E-09,22:08,4,180907,0,
2018-09-07 22:09,,0.000318674,1.86E-09,22:09,4,180907,0,
2018-09-07 22:10,,0.000318674,1.86E-09,22:10,4,180907,0,
2018-09-07 22:11,,0.000318674,1.86E-09,22:11,4,180907,0,
2018-09-07 22:12,,0.000318674,1.86E-09,22:12,4,180907,0,
2018-09-07 22:13,,0.000318674,1.86E-09,22:13,4,180907,0,
2018-09-07 22:14,,0.000318674,1.86E-09,22:14,4,180907,0,
2018-09-07 22:15,,0.000318674,1.86E-09,22:15,4,180907,0,
2018-09-07 22:16,,0.000318674,1.86E-09,22:16,4,180907,0,
2018-09-07 22:17,,0.000318674,1.86E-09,22:17,4,180907,0,
2018-09-07 22:18,,0.000318674,1.86E-09,22:18,4,180907,0,
2018-09-07 22:19,,0.000318674,1.86E-09,22:19,4,180907,0,
2018-09-07 22:20,,0.000318674,1.86E-09,22:20,4,180907,0,
2018-09-07 22:21,,0.000318674,1.86E-09,22:21,4,180907,0,
2018-09-07 22:22,,0.000318674,1.86E-09,22:22,4,180907,0,
2018-09-07 22:23,,0.000318674,1.86E-09,22:23,4,180907,0,
2018-09-07 22:24,,0.000318674,1.86E-09,22:24,4,180907,0,
2018-09-07 22:25,,0.000318674,1.86E-09,22:25,4,180907,0,
2018-09-07 22:26,,0.000318674,1.86E-09,22:26,4,180907,0,
2018-09-07 22:27,,0.000318674,1.86E-09,22:27,4,180907,0,
2018-09-07 22:28,,0.000318674,1.86E-09,22:28,4,180907,0,
2018-09-07 22:29,,0.000318674,1.86E-09,22:29,4,180907,0,
2018-09-07 22:30,,0.000318674,1.86E-09,22:30,4,180907,0,
2018-09-07 22:31,,0.000318674,1.86E-09,22:31,4,180907,0,
2018-09-07 22:32,,0.000318674,1.86E-09,22:32,4,180907,0,
2018-09-07 22:33,,0.000318674,1.86E-09,22:33,4,180907,0,
2018-09-07 22:34,,0.000318674,1.86E-09,22:34,4,180907,0,
2018-09-07 22:35,,0.000318674,1.86E-09,22:35,4,180907,0,
2018-09-07 22:36,,0.000318674,1.86E-09,22:36,4,180907,0,
2018-09-07 22:37,,0.000318674,1.86E-09,22:37,4,180907,0,
2018-09-07 22:38,,0.000318674,1.86E-09,22:38,4,180907,0,
2018-09-07 22:39,,0.000318674,1.86E-09,22:39,4,180907,0,
2018-09-07 22:40,,0.000318674,1.86E-09,22:40,4,180907,0,
2018-09-07 22:41,,0.000318674,1.86E-09,22:41,4,180907,0,
2018-09-07 22:42,,0.000318674,1.86E-09,22:42,4,180907,0,
2018-09-07 22:43,,0.000318674,1.86E-09,22:43,4,180907,0,
2018-09-07 22:44,,0.000318674,1.86E-09,22:44,4,180907,0,
2018-09-07 22:45,,0.000318674,1.86E-09,22:45,4,180907,0,
2018-09-07 22:46,,0.000318674,1.86E-09,22:46,4,180907,0,
2018-09-07 22:47,,0.000318674,1.86E-09,22:47,4,180907,0,
2018-09-07 22:48,,0.000318674,1.86E-09,22:48,4,180907,0,
2018-09-07 22:49,,0.000318674,1.86E-09,22:49,4,180907,0,
2018-09-07 22:50,,0.000318674,1.86E-09,22:50,4,180907,0,
2018-09-07 22:51,,0.000318674,1.86E-09,22:51,4,180907,0,
2018-09-07 22:52,,0.000318674,1.86E-09,22:52,4,180907,0,
2018-09-07 22:53,,0.000318674,1.86E-09,22:53,4,180907,0,
2018-09-07 22:54,,0.000318674,1.86E-09,22:54,4,180907,0,
2018-09-07 22:55,,0.000318674,1.86E-09,22:55,4,180907,0,
2018-09-07 22:56,,0.000318674,1.86E-09,22:56,4,180907,0,
2018-09-07 22:57,,0.000318674,1.86E-09,22:57,4,180907,0,
2018-09-07 22:58,,0.000318674,1.86E-09,22:58,4,180907,0,
2018-09-07 22:59,,0.000318674,1.86E-09,22:59,4,180907,0,
2018-09-07 23:00,,0.000318674,1.86E-09,23:00,4,180907,0,
2018-09-07 23:01,,0.000318674,1.86E-09,23:01,4,180907,0,
2018-09-07 23:02,,0.000318674,1.86E-09,23:02,4,180907,0,
2018-09-07 23:03,,0.000318674,1.86E-09,23:03,4,180907,0,
2018-09-07 23:04,,0.000318674,1.86E-09,23:04,4,180907,0,
2018-09-07 23:05,,0.000318674,1.86E-09,23:05,4,180907,0,
2018-09-07 23:06,,0.000318674,1.86E-09,23:06,4,180907,0,
2018-09-07 23:07,,0.000318674,1.86E-09,23:07,4,180907,0,
2018-09-07 23:08,,0.000318674,1.86E-09,23:08,4,180907,0,
2018-09-07 23:09,,0.000318674,1.86E-09,23:09,4,180907,0,
2018-09-07 23:10,,0.000318674,1.86E-09,23:10,4,180907,0,
2018-09-07 23:11,,0.000318674,1.86E-09,23:11,4,180907,0,
2018-09-07 23:12,,0.000318674,1.86E-09,23:12,4,180907,0,
2018-09-07 23:13,,0.000318674,1.86E-09,23:13,4,180907,0,
2018-09-07 23:14,,0.000318674,1.86E-09,23:14,4,180907,0,
2018-09-07 23:15,,0.000318674,1.86E-09,23:15,4,180907,0,
2018-09-07 23:16,,0.000318674,1.86E-09,23:16,4,180907,0,
2018-09-07 23:17,,0.000318674,1.86E-09,23:17,4,180907,0,
2018-09-07 23:18,,0.000318674,1.86E-09,23:18,4,180907,0,
2018-09-07 23:19,,0.000318674,1.86E-09,23:19,4,180907,0,
2018-09-07 23:20,,0.000318674,1.86E-09,23:20,4,180907,0,
2018-09-07 23:21,,0.000318674,1.86E-09,23:21,4,180907,0,
2018-09-07 23:22,,0.000318674,1.86E-09,23:22,4,180907,0,
2018-09-07 23:23,,0.000318674,1.86E-09,23:23,4,180907,0,
2018-09-07 23:24,,0.000318674,1.86E-09,23:24,4,180907,0,
2018-09-07 23:25,,0.000318674,1.86E-09,23:25,4,180907,0,
2018-09-07 23:26,,0.000318674,1.86E-09,23:26,4,180907,0,
2018-09-07 23:27,,0.000318674,1.86E-09,23:27,4,180907,0,
2018-09-07 23:28,,0.000318674,1.86E-09,23:28,4,180907,0,
2018-09-07 23:29,,0.000318674,1.86E-09,23:29,4,180907,0,
2018-09-07 23:30,,0.000318674,1.86E-09,23:30,4,180907,0,
2018-09-07 23:31,,0.000318674,1.86E-09,23:31,4,180907,0,
2018-09-07 23:32,,0.000318674,1.86E-09,23:32,4,180907,0,
2018-09-07 23:33,,0.000318674,1.86E-09,23:33,4,180907,0,
2018-09-07 23:34,,0.000318674,1.86E-09,23:34,4,180907,0,
2018-09-07 23:35,,0.000318674,1.86E-09,23:35,4,180907,0,
2018-09-07 23:36,,0.000318674,1.86E-09,23:36,4,180907,0,
2018-09-07 23:37,,0.000318674,1.86E-09,23:37,4,180907,0,
2018-09-07 23:38,,0.000318674,1.86E-09,23:38,4,180907,0,
2018-09-07 23:39,,0.000318674,1.86E-09,23:39,4,180907,0,
2018-09-07 23:40,,0.000318674,1.86E-09,23:40,4,180907,0,
2018-09-07 23:41,,0.000318674,1.86E-09,23:41,4,180907,0,
2018-09-07 23:42,,0.000318674,1.86E-09,23:42,4,180907,0,
2018-09-07 23:43,,0.000318674,1.86E-09,23:43,4,180907,0,
2018-09-07 23:44,,0.000318674,1.86E-09,23:44,4,180907,0,
2018-09-07 23:45,,0.000318674,1.86E-09,23:45,4,180907,0,
2018-09-07 23:46,,0.000318674,1.86E-09,23:46,4,180907,0,
2018-09-07 23:47,,0.000318674,1.86E-09,23:47,4,180907,0,
2018-09-07 23:48,,0.000318674,1.86E-09,23:48,4,180907,0,
2018-09-07 23:49,,0.000318674,1.86E-09,23:49,4,180907,0,
2018-09-07 23:50,,0.000318674,1.86E-09,23:50,4,180907,0,
2018-09-07 23:51,,0.000318674,1.86E-09,23:51,4,180907,0,
2018-09-07 23:52,,0.000318674,1.86E-09,23:52,4,180907,0,
2018-09-07 23:53,,0.000318674,1.86E-09,23:53,4,180907,0,
2018-09-07 23:54,,0.000318674,1.86E-09,23:54,4,180907,0,
2018-09-07 23:55,,0.000318674,1.86E-09,23:55,4,180907,0,
2018-09-07 23:56,,0.000318674,1.86E-09,23:56,4,180907,0,
2018-09-07 23:57,,0.000318674,1.86E-09,23:57,4,180907,0,
2018-09-07 23:58,,0.000318674,1.86E-09,23:58,4,180907,0,
2018-09-07 23:59,,0.000318674,1.86E-09,23:59,4,180907,0,
2018-09-08 0:00,,0.000318674,1.86E-09,0:00,5,180908,0,
2018-09-08 0:01,,0.000318674,1.86E-09,0:01,5,180908,0,
2018-09-08 0:02,,0.000318674,1.86E-09,0:02,5,180908,0,
2018-09-08 0:03,,0.000318674,1.86E-09,0:03,5,180908,0,
2018-09-08 0:04,,0.000318674,1.86E-09,0:04,5,180908,0,
2018-09-08 0:05,,0.000318674,1.86E-09,0:05,5,180908,0,
2018-09-08 0:06,,0.000318674,1.86E-09,0:06,5,180908,0,
2018-09-08 0:07,,0.000318674,1.86E-09,0:07,5,180908,0,
2018-09-08 0:08,,0.000318674,1.86E-09,0:08,5,180908,0,
2018-09-08 0:09,,0.000318674,1.86E-09,0:09,5,180908,0,
2018-09-08 0:10,,0.000318674,1.86E-09,0:10,5,180908,0,
2018-09-08 0:11,,0.000318674,1.86E-09,0:11,5,180908,0,
2018-09-08 0:12,,0.000318674,1.86E-09,0:12,5,180908,0,
2018-09-08 0:13,,0.000318674,1.86E-09,0:13,5,180908,0,
2018-09-08 0:14,,0.000318674,1.86E-09,0:14,5,180908,0,
2018-09-08 0:15,,0.000318674,1.86E-09,0:15,5,180908,0,
2018-09-08 0:16,,0.000318674,1.86E-09,0:16,5,180908,0,
2018-09-08 0:17,,0.000318674,1.86E-09,0:17,5,180908,0,
2018-09-08 0:18,,0.000318674,1.86E-09,0:18,5,180908,0,
2018-09-08 0:19,,0.000318674,1.86E-09,0:19,5,180908,0,
2018-09-08 0:20,,0.000318674,1.86E-09,0:20,5,180908,0,
2018-09-08 0:21,,0.000318674,1.86E-09,0:21,5,180908,0,
2018-09-08 0:22,,0.000318674,1.86E-09,0:22,5,180908,0,
2018-09-08 0:23,,0.000318674,1.86E-09,0:23,5,180908,0,
2018-09-08 0:24,,0.000318674,1.86E-09,0:24,5,180908,0,
2018-09-08 0:25,,0.000318674,1.86E-09,0:25,5,180908,0,
2018-09-08 0:26,,0.000318674,1.86E-09,0:26,5,180908,0,
2018-09-08 0:27,,0.000318674,1.86E-09,0:27,5,180908,0,
2018-09-08 0:28,,0.000318674,1.86E-09,0:28,5,180908,0,
2018-09-08 0:29,,0.000318674,1.86E-09,0:29,5,180908,0,
2018-09-08 0:30,,0.000318674,1.86E-09,0:30,5,180908,0,
2018-09-08 0:31,,0.000318674,1.86E-09,0:31,5,180908,0,
2018-09-08 0:32,,0.000318674,1.86E-09,0:32,5,180908,0,
2018-09-08 0:33,,0.000318674,1.86E-09,0:33,5,180908,0,
2018-09-08 0:34,,0.000318674,1.86E-09,0:34,5,180908,0,
2018-09-08 0:35,,0.000318674,1.86E-09,0:35,5,180908,0,
2018-09-08 0:36,,0.000318674,1.86E-09,0:36,5,180908,0,
2018-09-08 0:37,,0.000318674,1.86E-09,0:37,5,180908,0,
2018-09-08 0:38,,0.000318674,1.86E-09,0:38,5,180908,0,
2018-09-08 0:39,,0.000318674,1.86E-09,0:39,5,180908,0,
2018-09-08 0:40,,0.000318674,1.86E-09,0:40,5,180908,0,
2018-09-08 0:41,,0.000318674,1.86E-09,0:41,5,180908,0,
2018-09-08 0:42,,0.000318674,1.86E-09,0:42,5,180908,0,
2018-09-08 0:43,,0.000318674,1.86E-09,0:43,5,180908,0,
2018-09-08 0:44,,0.000318674,1.86E-09,0:44,5,180908,0,
2018-09-08 0:45,,0.000318674,1.86E-09,0:45,5,180908,0,
2018-09-08 0:46,,0.000318674,1.86E-09,0:46,5,180908,0,
2018-09-08 0:47,,0.000318674,1.86E-09,0:47,5,180908,0,
2018-09-08 0:48,,0.000318674,1.86E-09,0:48,5,180908,0,
2018-09-08 0:49,,0.000318674,1.86E-09,0:49,5,180908,0,
2018-09-08 0:50,,0.000318674,1.86E-09,0:50,5,180908,0,
2018-09-08 0:51,,0.000318674,1.86E-09,0:51,5,180908,0,
2018-09-08 0:52,,0.000318674,1.86E-09,0:52,5,180908,0,
2018-09-08 0:53,,0.000318674,1.86E-09,0:53,5,180908,0,
2018-09-08 0:54,,0.000318674,1.86E-09,0:54,5,180908,0,
2018-09-08 0:55,,0.000318674,1.86E-09,0:55,5,180908,0,
2018-09-08 0:56,,0.000318674,1.86E-09,0:56,5,180908,0,
2018-09-08 0:57,,0.000318674,1.86E-09,0:57,5,180908,0,
2018-09-08 0:58,,0.000318674,1.86E-09,0:58,5,180908,0,
2018-09-08 0:59,,0.000318674,1.86E-09,0:59,5,180908,0,
2018-09-08 1:00,,0.000318674,1.86E-09,1:00,5,180908,0,
2018-09-08 1:01,,0.000318674,1.86E-09,1:01,5,180908,0,
2018-09-08 1:02,,0.000318674,1.86E-09,1:02,5,180908,0,
2018-09-08 1:03,,0.000318674,1.86E-09,1:03,5,180908,0,
2018-09-08 1:04,,0.000318674,1.86E-09,1:04,5,180908,0,
2018-09-08 1:05,,0.000318674,1.86E-09,1:05,5,180908,0,
2018-09-08 1:06,,0.000318674,1.86E-09,1:06,5,180908,0,
2018-09-08 1:07,,0.000318674,1.86E-09,1:07,5,180908,0,
2018-09-08 1:08,,0.000318674,1.86E-09,1:08,5,180908,0,
2018-09-08 1:09,,0.000318674,1.86E-09,1:09,5,180908,0,
2018-09-08 1:10,,0.000318674,1.86E-09,1:10,5,180908,0,
2018-09-08 1:11,,0.000318674,1.86E-09,1:11,5,180908,0,
2018-09-08 1:12,,0.000318674,1.86E-09,1:12,5,180908,0,
2018-09-08 1:13,,0.000318674,1.86E-09,1:13,5,180908,0,
2018-09-08 1:14,,0.000318674,1.86E-09,1:14,5,180908,0,
2018-09-08 1:15,,0.000318674,1.86E-09,1:15,5,180908,0,
2018-09-08 1:16,,0.000318674,1.86E-09,1:16,5,180908,0,
2018-09-08 1:17,,0.000318674,1.86E-09,1:17,5,180908,0,
2018-09-08 1:18,,0.000318674,1.86E-09,1:18,5,180908,0,
2018-09-08 1:19,,0.000318674,1.86E-09,1:19,5,180908,0,
2018-09-08 1:20,,0.000318674,1.86E-09,1:20,5,180908,0,
2018-09-08 1:21,,0.000318674,1.86E-09,1:21,5,180908,0,
2018-09-08 1:22,,0.000318674,1.86E-09,1:22,5,180908,0,
2018-09-08 1:23,,0.000318674,1.86E-09,1:23,5,180908,0,
2018-09-08 1:24,,0.000318674,1.86E-09,1:24,5,180908,0,
2018-09-08 1:25,,0.000318674,1.86E-09,1:25,5,180908,0,
2018-09-08 1:26,,0.000318674,1.86E-09,1:26,5,180908,0,
2018-09-08 1:27,,0.000318674,1.86E-09,1:27,5,180908,0,
2018-09-08 1:28,,0.000318674,1.86E-09,1:28,5,180908,0,
2018-09-08 1:29,,0.000318674,1.86E-09,1:29,5,180908,0,
2018-09-08 1:30,,0.000318674,1.86E-09,1:30,5,180908,0,
2018-09-08 1:31,,0.000318674,1.86E-09,1:31,5,180908,0,
2018-09-08 1:32,,0.000318674,1.86E-09,1:32,5,180908,0,
2018-09-08 1:33,,0.000318674,1.86E-09,1:33,5,180908,0,
2018-09-08 1:34,,0.000318674,1.86E-09,1:34,5,180908,0,
2018-09-08 1:35,,0.000318674,1.86E-09,1:35,5,180908,0,
2018-09-08 1:36,,0.000318674,1.86E-09,1:36,5,180908,0,
2018-09-08 1:37,,0.000318674,1.86E-09,1:37,5,180908,0,
2018-09-08 1:38,,0.000318674,1.86E-09,1:38,5,180908,0,
2018-09-08 1:39,,0.000318674,1.86E-09,1:39,5,180908,0,
2018-09-08 1:40,,0.000318674,1.86E-09,1:40,5,180908,0,
2018-09-08 1:41,,0.000318674,1.86E-09,1:41,5,180908,0,
2018-09-08 1:42,,0.000318674,1.86E-09,1:42,5,180908,0,
2018-09-08 1:43,,0.000318674,1.86E-09,1:43,5,180908,0,
2018-09-08 1:44,,0.000318674,1.86E-09,1:44,5,180908,0,
2018-09-08 1:45,,0.000318674,1.86E-09,1:45,5,180908,0,
2018-09-08 1:46,,0.000318674,1.86E-09,1:46,5,180908,0,
2018-09-08 1:47,,0.000318674,1.86E-09,1:47,5,180908,0,
2018-09-08 1:48,,0.000318674,1.86E-09,1:48,5,180908,0,
2018-09-08 1:49,,0.000318674,1.86E-09,1:49,5,180908,0,
2018-09-08 1:50,,0.000318674,1.86E-09,1:50,5,180908,0,
2018-09-08 1:51,,0.000318674,1.86E-09,1:51,5,180908,0,
2018-09-08 1:52,,0.000318674,1.86E-09,1:52,5,180908,0,
2018-09-08 1:53,,0.000318674,1.86E-09,1:53,5,180908,0,
2018-09-08 1:54,,0.000318674,1.86E-09,1:54,5,180908,0,
2018-09-08 1:55,,0.000318674,1.86E-09,1:55,5,180908,0,
2018-09-08 1:56,,0.000318674,1.86E-09,1:56,5,180908,0,
2018-09-08 1:57,,0.000318674,1.86E-09,1:57,5,180908,0,
2018-09-08 1:58,,0.000318674,1.86E-09,1:58,5,180908,0,
2018-09-08 1:59,,0.000318674,1.86E-09,1:59,5,180908,0,
2018-09-08 2:00,,0.000318674,1.86E-09,2:00,5,180908,0,
2018-09-08 2:01,,0.000318674,1.86E-09,2:01,5,180908,0,
2018-09-08 2:02,,0.000318674,1.86E-09,2:02,5,180908,0,
2018-09-08 2:03,,0.000318674,1.86E-09,2:03,5,180908,0,
2018-09-08 2:04,,0.000318674,1.86E-09,2:04,5,180908,0,
2018-09-08 2:05,,0.000318674,1.86E-09,2:05,5,180908,0,
2018-09-08 2:06,,0.000318674,1.86E-09,2:06,5,180908,0,
2018-09-08 2:07,,0.000318674,1.86E-09,2:07,5,180908,0,
2018-09-08 2:08,,0.000318674,1.86E-09,2:08,5,180908,0,
2018-09-08 2:09,,0.000318674,1.86E-09,2:09,5,180908,0,
2018-09-08 2:10,,0.000318674,1.86E-09,2:10,5,180908,0,
2018-09-08 2:11,,0.000318674,1.86E-09,2:11,5,180908,0,
2018-09-08 2:12,,0.000318674,1.86E-09,2:12,5,180908,0,
2018-09-08 2:13,,0.000318674,1.86E-09,2:13,5,180908,0,
2018-09-08 2:14,,0.000318674,1.86E-09,2:14,5,180908,0,
2018-09-08 2:15,,0.000318674,1.86E-09,2:15,5,180908,0,
2018-09-08 2:16,,0.000318674,1.86E-09,2:16,5,180908,0,
2018-09-08 2:17,,0.000318674,1.86E-09,2:17,5,180908,0,
2018-09-08 2:18,,0.000318674,1.86E-09,2:18,5,180908,0,
2018-09-08 2:19,,0.000318674,1.86E-09,2:19,5,180908,0,
2018-09-08 2:20,,0.000318674,1.86E-09,2:20,5,180908,0,
2018-09-08 2:21,,0.000318674,1.86E-09,2:21,5,180908,0,
2018-09-08 2:22,,0.000318674,1.86E-09,2:22,5,180908,0,
2018-09-08 2:23,,0.000318674,1.86E-09,2:23,5,180908,0,
2018-09-08 2:24,,0.000318674,1.86E-09,2:24,5,180908,0,
2018-09-08 2:25,,0.000318674,1.86E-09,2:25,5,180908,0,
2018-09-08 2:26,,0.000318674,1.86E-09,2:26,5,180908,0,
2018-09-08 2:27,,0.000318674,1.86E-09,2:27,5,180908,0,
2018-09-08 2:28,,0.000318674,1.86E-09,2:28,5,180908,0,
2018-09-08 2:29,,0.000318674,1.86E-09,2:29,5,180908,0,
2018-09-08 2:30,,0.000318674,1.86E-09,2:30,5,180908,0,
2018-09-08 2:31,,0.000318674,1.86E-09,2:31,5,180908,0,
2018-09-08 2:32,,0.000318674,1.86E-09,2:32,5,180908,0,
2018-09-08 2:33,,0.000318674,1.86E-09,2:33,5,180908,0,
2018-09-08 2:34,,0.000318674,1.86E-09,2:34,5,180908,0,
2018-09-08 2:35,,0.000318674,1.86E-09,2:35,5,180908,0,
2018-09-08 2:36,,0.000318674,1.86E-09,2:36,5,180908,0,
2018-09-08 2:37,,0.000318674,1.86E-09,2:37,5,180908,0,
2018-09-08 2:38,,0.000318674,1.86E-09,2:38,5,180908,0,
2018-09-08 2:39,,0.000318674,1.86E-09,2:39,5,180908,0,
2018-09-08 2:40,,0.000318674,1.86E-09,2:40,5,180908,0,
2018-09-08 2:41,,0.000318674,1.86E-09,2:41,5,180908,0,
2018-09-08 2:42,,0.000318674,1.86E-09,2:42,5,180908,0,
2018-09-08 2:43,,0.000318674,1.86E-09,2:43,5,180908,0,
2018-09-08 2:44,,0.000318674,1.86E-09,2:44,5,180908,0,
2018-09-08 2:45,,0.000318674,1.86E-09,2:45,5,180908,0,
2018-09-08 2:46,,0.000318674,1.86E-09,2:46,5,180908,0,
2018-09-08 2:47,,0.000318674,1.86E-09,2:47,5,180908,0,
2018-09-08 2:48,,0.000318674,1.86E-09,2:48,5,180908,0,
2018-09-08 2:49,,0.000318674,1.86E-09,2:49,5,180908,0,
2018-09-08 2:50,,0.000318674,1.86E-09,2:50,5,180908,0,
2018-09-08 2:51,,0.000318674,1.86E-09,2:51,5,180908,0,
2018-09-08 2:52,,0.000318674,1.86E-09,2:52,5,180908,0,
2018-09-08 2:53,,0.000318674,1.86E-09,2:53,5,180908,0,
2018-09-08 2:54,,0.000318674,1.86E-09,2:54,5,180908,0,
2018-09-08 2:55,,0.000318674,1.86E-09,2:55,5,180908,0,
2018-09-08 2:56,,0.000318674,1.86E-09,2:56,5,180908,0,
2018-09-08 2:57,,0.000318674,1.86E-09,2:57,5,180908,0,
2018-09-08 2:58,,0.000318674,1.86E-09,2:58,5,180908,0,
2018-09-08 2:59,,0.000318674,1.86E-09,2:59,5,180908,0,
2018-09-08 3:00,,0.000318674,1.86E-09,3:00,5,180908,0,
2018-09-08 3:01,,0.000318674,1.86E-09,3:01,5,180908,0,
2018-09-08 3:02,,0.000318674,1.86E-09,3:02,5,180908,0,
2018-09-08 3:03,,0.000318674,1.86E-09,3:03,5,180908,0,
2018-09-08 3:04,,0.000318674,1.86E-09,3:04,5,180908,0,
2018-09-08 3:05,,0.000318674,1.86E-09,3:05,5,180908,0,
2018-09-08 3:06,,0.000318674,1.86E-09,3:06,5,180908,0,
2018-09-08 3:07,,0.000318674,1.86E-09,3:07,5,180908,0,
2018-09-08 3:08,,0.000318674,1.86E-09,3:08,5,180908,0,
2018-09-08 3:09,,0.000318674,1.86E-09,3:09,5,180908,0,
2018-09-08 3:10,,0.000318674,1.86E-09,3:10,5,180908,0,
2018-09-08 3:11,,0.000318674,1.86E-09,3:11,5,180908,0,
2018-09-08 3:12,,0.000318674,1.86E-09,3:12,5,180908,0,
2018-09-08 3:13,,0.000318674,1.86E-09,3:13,5,180908,0,
2018-09-08 3:14,,0.000318674,1.86E-09,3:14,5,180908,0,
2018-09-08 3:15,,0.000318674,1.86E-09,3:15,5,180908,0,
2018-09-08 3:16,,0.000318674,1.86E-09,3:16,5,180908,0,
2018-09-08 3:17,,0.000318674,1.86E-09,3:17,5,180908,0,
2018-09-08 3:18,,0.000318674,1.86E-09,3:18,5,180908,0,
2018-09-08 3:19,,0.000318674,1.86E-09,3:19,5,180908,0,
2018-09-08 3:20,,0.000318674,1.86E-09,3:20,5,180908,0,
2018-09-08 3:21,,0.000318674,1.86E-09,3:21,5,180908,0,
2018-09-08 3:22,,0.000318674,1.86E-09,3:22,5,180908,0,
2018-09-08 3:23,,0.000318674,1.86E-09,3:23,5,180908,0,
2018-09-08 3:24,,0.000318674,1.86E-09,3:24,5,180908,0,
2018-09-08 3:25,,0.000318674,1.86E-09,3:25,5,180908,0,
2018-09-08 3:26,,0.000318674,1.86E-09,3:26,5,180908,0,
2018-09-08 3:27,,0.000318674,1.86E-09,3:27,5,180908,0,
2018-09-08 3:28,,0.000318674,1.86E-09,3:28,5,180908,0,
2018-09-08 3:29,,0.000318674,1.86E-09,3:29,5,180908,0,
2018-09-08 3:30,,0.000318674,1.86E-09,3:30,5,180908,0,
2018-09-08 3:31,,0.000318674,1.86E-09,3:31,5,180908,0,
2018-09-08 3:32,,0.000318674,1.86E-09,3:32,5,180908,0,
2018-09-08 3:33,,0.000318674,1.86E-09,3:33,5,180908,0,
2018-09-08 3:34,,0.000318674,1.86E-09,3:34,5,180908,0,
2018-09-08 3:35,,0.000318674,1.86E-09,3:35,5,180908,0,
2018-09-08 3:36,,0.000318674,1.86E-09,3:36,5,180908,0,
2018-09-08 3:37,,0.000318674,1.86E-09,3:37,5,180908,0,
2018-09-08 3:38,,0.000318674,1.86E-09,3:38,5,180908,0,
2018-09-08 3:39,,0.000318674,1.86E-09,3:39,5,180908,0,
2018-09-08 3:40,,0.000318674,1.86E-09,3:40,5,180908,0,
2018-09-08 3:41,,0.000318674,1.86E-09,3:41,5,180908,0,
2018-09-08 3:42,,0.000318674,1.86E-09,3:42,5,180908,0,
2018-09-08 3:43,,0.000318674,1.86E-09,3:43,5,180908,0,
2018-09-08 3:44,,0.000318674,1.86E-09,3:44,5,180908,0,
2018-09-08 3:45,,0.000318674,1.86E-09,3:45,5,180908,0,
2018-09-08 3:46,,0.000318674,1.86E-09,3:46,5,180908,0,
2018-09-08 3:47,,0.000318674,1.86E-09,3:47,5,180908,0,
2018-09-08 3:48,,0.000318674,1.86E-09,3:48,5,180908,0,
2018-09-08 3:49,,0.000318674,1.86E-09,3:49,5,180908,0,
2018-09-08 3:50,,0.000318674,1.86E-09,3:50,5,180908,0,
2018-09-08 3:51,,0.000318674,1.86E-09,3:51,5,180908,0,
2018-09-08 3:52,,0.000318674,1.86E-09,3:52,5,180908,0,
2018-09-08 3:53,,0.000318674,1.86E-09,3:53,5,180908,0,
2018-09-08 3:54,,0.000318674,1.86E-09,3:54,5,180908,0,
2018-09-08 3:55,,0.000318674,1.86E-09,3:55,5,180908,0,
2018-09-08 3:56,,0.000318674,1.86E-09,3:56,5,180908,0,
2018-09-08 3:57,,0.000318674,1.86E-09,3:57,5,180908,0,
2018-09-08 3:58,,0.000318674,1.86E-09,3:58,5,180908,0,
2018-09-08 3:59,,0.000318674,1.86E-09,3:59,5,180908,0,
2018-09-08 4:00,,0.000318674,1.86E-09,4:00,5,180908,0,
2018-09-08 4:01,,0.000318674,1.86E-09,4:01,5,180908,0,
2018-09-08 4:02,,0.000318674,1.86E-09,4:02,5,180908,0,
2018-09-08 4:03,,0.000318674,1.86E-09,4:03,5,180908,0,
2018-09-08 4:04,,0.000318674,1.86E-09,4:04,5,180908,0,
2018-09-08 4:05,,0.000318674,1.86E-09,4:05,5,180908,0,
2018-09-08 4:06,,0.000318674,1.86E-09,4:06,5,180908,0,
2018-09-08 4:07,,0.000318674,1.86E-09,4:07,5,180908,0,
2018-09-08 4:08,,0.000318674,1.86E-09,4:08,5,180908,0,
2018-09-08 4:09,,0.000318674,1.86E-09,4:09,5,180908,0,
2018-09-08 4:10,,0.000318674,1.86E-09,4:10,5,180908,0,
2018-09-08 4:11,,0.000318674,1.86E-09,4:11,5,180908,0,
2018-09-08 4:12,,0.000318674,1.86E-09,4:12,5,180908,0,
2018-09-08 4:13,,0.000318674,1.86E-09,4:13,5,180908,0,
2018-09-08 4:14,,0.000318674,1.86E-09,4:14,5,180908,0,
2018-09-08 4:15,,0.000318674,1.86E-09,4:15,5,180908,0,
2018-09-08 4:16,,0.000318674,1.86E-09,4:16,5,180908,0,
2018-09-08 4:17,,0.000318674,1.86E-09,4:17,5,180908,0,
2018-09-08 4:18,,0.000318674,1.86E-09,4:18,5,180908,0,
2018-09-08 4:19,,0.000318674,1.86E-09,4:19,5,180908,0,
2018-09-08 4:20,,0.000318674,1.86E-09,4:20,5,180908,0,
2018-09-08 4:21,,0.000318674,1.86E-09,4:21,5,180908,0,
2018-09-08 4:22,,0.000318674,1.86E-09,4:22,5,180908,0,
2018-09-08 4:23,,0.000318674,1.86E-09,4:23,5,180908,0,
2018-09-08 4:24,,0.000318674,1.86E-09,4:24,5,180908,0,
2018-09-08 4:25,,0.000318674,1.86E-09,4:25,5,180908,0,
2018-09-08 4:26,,0.000318674,1.86E-09,4:26,5,180908,0,
2018-09-08 4:27,,0.000318674,1.86E-09,4:27,5,180908,0,
2018-09-08 4:28,,0.000318674,1.86E-09,4:28,5,180908,0,
2018-09-08 4:29,,0.000318674,1.86E-09,4:29,5,180908,0,
2018-09-08 4:30,,0.000318674,1.86E-09,4:30,5,180908,0,
2018-09-08 4:31,,0.000318674,1.86E-09,4:31,5,180908,0,
2018-09-08 4:32,,0.000318674,1.86E-09,4:32,5,180908,0,
2018-09-08 4:33,,0.000318674,1.86E-09,4:33,5,180908,0,
2018-09-08 4:34,,0.000318674,1.86E-09,4:34,5,180908,0,
2018-09-08 4:35,,0.000318674,1.86E-09,4:35,5,180908,0,
2018-09-08 4:36,,0.000318674,1.86E-09,4:36,5,180908,0,
2018-09-08 4:37,,0.000318674,1.86E-09,4:37,5,180908,0,
2018-09-08 4:38,,0.000318674,1.86E-09,4:38,5,180908,0,
2018-09-08 4:39,,0.000318674,1.86E-09,4:39,5,180908,0,
2018-09-08 4:40,,0.000318674,1.86E-09,4:40,5,180908,0,
2018-09-08 4:41,,0.000318674,1.86E-09,4:41,5,180908,0,
2018-09-08 4:42,,0.000318674,1.86E-09,4:42,5,180908,0,
2018-09-08 4:43,,0.000318674,1.86E-09,4:43,5,180908,0,
2018-09-08 4:44,,0.000318674,1.86E-09,4:44,5,180908,0,
2018-09-08 4:45,,0.000318674,1.86E-09,4:45,5,180908,0,
2018-09-08 4:46,,0.000318674,1.86E-09,4:46,5,180908,0,
2018-09-08 4:47,,0.000318674,1.86E-09,4:47,5,180908,0,
2018-09-08 4:48,,0.000318674,1.86E-09,4:48,5,180908,0,
2018-09-08 4:49,,0.000318674,1.86E-09,4:49,5,180908,0,
2018-09-08 4:50,,0.000318674,1.86E-09,4:50,5,180908,0,
2018-09-08 4:51,,0.000318674,1.86E-09,4:51,5,180908,0,
2018-09-08 4:52,,0.000318674,1.86E-09,4:52,5,180908,0,
2018-09-08 4:53,,0.000318674,1.86E-09,4:53,5,180908,0,
2018-09-08 4:54,,0.000318674,1.86E-09,4:54,5,180908,0,
2018-09-08 4:55,,0.000318674,1.86E-09,4:55,5,180908,0,
2018-09-08 4:56,,0.000318674,1.86E-09,4:56,5,180908,0,
2018-09-08 4:57,,0.000318674,1.86E-09,4:57,5,180908,0,
2018-09-08 4:58,,0.000318674,1.86E-09,4:58,5,180908,0,
2018-09-08 4:59,,0.000318674,1.86E-09,4:59,5,180908,0,
2018-09-08 5:00,,0.000318674,1.86E-09,5:00,5,180908,0,
2018-09-08 5:01,,0.000318674,1.86E-09,5:01,5,180908,0,
2018-09-08 5:02,,0.000318674,1.86E-09,5:02,5,180908,0,
2018-09-08 5:03,,0.000318674,1.86E-09,5:03,5,180908,0,
2018-09-08 5:04,,0.000318674,1.86E-09,5:04,5,180908,0,
2018-09-08 5:05,,0.000318674,1.86E-09,5:05,5,180908,0,
2018-09-08 5:06,,0.000318674,1.86E-09,5:06,5,180908,0,
2018-09-08 5:07,,0.000318674,1.86E-09,5:07,5,180908,0,
2018-09-08 5:08,,0.000318674,1.86E-09,5:08,5,180908,0,
2018-09-08 5:09,,0.000318674,1.86E-09,5:09,5,180908,0,
2018-09-08 5:10,,0.000318674,1.86E-09,5:10,5,180908,0,
2018-09-08 5:11,,0.000318674,1.86E-09,5:11,5,180908,0,
2018-09-08 5:12,,0.000318674,1.86E-09,5:12,5,180908,0,
2018-09-08 5:13,,0.000318674,1.86E-09,5:13,5,180908,0,
2018-09-08 5:14,,0.000318674,1.86E-09,5:14,5,180908,0,
2018-09-08 5:15,,0.000318674,1.86E-09,5:15,5,180908,0,
2018-09-08 5:16,,0.000318674,1.86E-09,5:16,5,180908,0,
2018-09-08 5:17,,0.000318674,1.86E-09,5:17,5,180908,0,
2018-09-08 5:18,,0.000318674,1.86E-09,5:18,5,180908,0,
2018-09-08 5:19,,0.000318674,1.86E-09,5:19,5,180908,0,
2018-09-08 5:20,,0.000318674,1.86E-09,5:20,5,180908,0,
2018-09-08 5:21,,0.000318674,1.86E-09,5:21,5,180908,0,
2018-09-08 5:22,,0.000318674,1.86E-09,5:22,5,180908,0,
2018-09-08 5:23,,0.000318674,1.86E-09,5:23,5,180908,0,
2018-09-08 5:24,,0.000318674,1.86E-09,5:24,5,180908,0,
2018-09-08 5:25,,0.000318674,1.86E-09,5:25,5,180908,0,
2018-09-08 5:26,,0.000318674,1.86E-09,5:26,5,180908,0,
2018-09-08 5:27,,0.000318674,1.86E-09,5:27,5,180908,0,
2018-09-08 5:28,,0.000318674,1.86E-09,5:28,5,180908,0,
2018-09-08 5:29,,0.000318674,1.86E-09,5:29,5,180908,0,
2018-09-08 5:30,,0.000318674,1.86E-09,5:30,5,180908,0,
2018-09-08 5:31,,0.000318674,1.86E-09,5:31,5,180908,0,
2018-09-08 5:32,,0.000318674,1.86E-09,5:32,5,180908,0,
2018-09-08 5:33,,0.000318674,1.86E-09,5:33,5,180908,0,
2018-09-08 5:34,,0.000318674,1.86E-09,5:34,5,180908,0,
2018-09-08 5:35,,0.000318674,1.86E-09,5:35,5,180908,0,
2018-09-08 5:36,,0.000318674,1.86E-09,5:36,5,180908,0,
2018-09-08 5:37,,0.000318674,1.86E-09,5:37,5,180908,0,
2018-09-08 5:38,,0.000318674,1.86E-09,5:38,5,180908,0,
2018-09-08 5:39,,0.000318674,1.86E-09,5:39,5,180908,0,
2018-09-08 5:40,,0.000318674,1.86E-09,5:40,5,180908,0,
2018-09-08 5:41,,0.000318674,1.86E-09,5:41,5,180908,0,
2018-09-08 5:42,,0.000318674,1.86E-09,5:42,5,180908,0,
2018-09-08 5:43,,0.000318674,1.86E-09,5:43,5,180908,0,
2018-09-08 5:44,,0.000318674,1.86E-09,5:44,5,180908,0,
2018-09-08 5:45,,0.000318674,1.86E-09,5:45,5,180908,0,
2018-09-08 5:46,,0.000318674,1.86E-09,5:46,5,180908,0,
2018-09-08 5:47,,0.000318674,1.86E-09,5:47,5,180908,0,
2018-09-08 5:48,,0.000318674,1.86E-09,5:48,5,180908,0,
2018-09-08 5:49,,0.000318674,1.86E-09,5:49,5,180908,0,
2018-09-08 5:50,,0.000318674,1.86E-09,5:50,5,180908,0,
2018-09-08 5:51,,0.000318674,1.86E-09,5:51,5,180908,0,
2018-09-08 5:52,,0.000318674,1.86E-09,5:52,5,180908,0,
2018-09-08 5:53,,0.000318674,1.86E-09,5:53,5,180908,0,
2018-09-08 5:54,,0.000318674,1.86E-09,5:54,5,180908,0,
2018-09-08 5:55,,0.000318674,1.86E-09,5:55,5,180908,0,
2018-09-08 5:56,,0.000318674,1.86E-09,5:56,5,180908,0,
2018-09-08 5:57,,0.000318674,1.86E-09,5:57,5,180908,0,
2018-09-08 5:58,,0.000318674,1.86E-09,5:58,5,180908,0,
2018-09-08 5:59,,0.000318674,1.86E-09,5:59,5,180908,0,
2018-09-08 6:00,,0.000318674,1.86E-09,6:00,5,180908,0,
2018-09-08 6:01,,0.000318674,1.86E-09,6:01,5,180908,0,
2018-09-08 6:02,,0.000318674,1.86E-09,6:02,5,180908,0,
2018-09-08 6:03,,0.000318674,1.86E-09,6:03,5,180908,0,
2018-09-08 6:04,,0.000318674,1.86E-09,6:04,5,180908,0,
2018-09-08 6:05,,0.000318674,1.86E-09,6:05,5,180908,0,
2018-09-08 6:06,,0.000318674,1.86E-09,6:06,5,180908,0,
2018-09-08 6:07,,0.000318674,1.86E-09,6:07,5,180908,0,
2018-09-08 6:08,,0.000318674,1.86E-09,6:08,5,180908,0,
2018-09-08 6:09,,0.000318674,1.86E-09,6:09,5,180908,0,
2018-09-08 6:10,,0.000318674,1.86E-09,6:10,5,180908,0,
2018-09-08 6:11,,0.000318674,1.86E-09,6:11,5,180908,0,
2018-09-08 6:12,,0.000318674,1.86E-09,6:12,5,180908,0,
2018-09-08 6:13,,0.000318674,1.86E-09,6:13,5,180908,0,
2018-09-08 6:14,,0.000318674,1.86E-09,6:14,5,180908,0,
2018-09-08 6:15,,0.000318674,1.86E-09,6:15,5,180908,0,
2018-09-08 6:16,,0.000318674,1.86E-09,6:16,5,180908,0,
2018-09-08 6:17,,0.000318674,1.86E-09,6:17,5,180908,0,
2018-09-08 6:18,,0.000318674,1.86E-09,6:18,5,180908,0,
2018-09-08 6:19,,0.000318674,1.86E-09,6:19,5,180908,0,
2018-09-08 6:20,,0.000318674,1.86E-09,6:20,5,180908,0,
2018-09-08 6:21,,0.000318674,1.86E-09,6:21,5,180908,0,
2018-09-08 6:22,,0.000318674,1.86E-09,6:22,5,180908,0,
2018-09-08 6:23,,0.000318674,1.86E-09,6:23,5,180908,0,
2018-09-08 6:24,,0.000318674,1.86E-09,6:24,5,180908,0,
2018-09-08 6:25,,0.000318674,1.86E-09,6:25,5,180908,0,
2018-09-08 6:26,,0.000318674,1.86E-09,6:26,5,180908,0,
2018-09-08 6:27,,0.000318674,1.86E-09,6:27,5,180908,0,
2018-09-08 6:28,,0.000318674,1.86E-09,6:28,5,180908,0,
2018-09-08 6:29,,0.000318674,1.86E-09,6:29,5,180908,0,
2018-09-08 6:30,,0.000318674,1.86E-09,6:30,5,180908,0,
2018-09-08 6:31,,0.000318674,1.86E-09,6:31,5,180908,0,
2018-09-08 6:32,,0.000318674,1.86E-09,6:32,5,180908,0,
2018-09-08 6:33,,0.000318674,1.86E-09,6:33,5,180908,0,
2018-09-08 6:34,,0.000318674,1.86E-09,6:34,5,180908,0,
2018-09-08 6:35,,0.000318674,1.86E-09,6:35,5,180908,0,
2018-09-08 6:36,,0.000318674,1.86E-09,6:36,5,180908,0,
2018-09-08 6:37,,0.000318674,1.86E-09,6:37,5,180908,0,
2018-09-08 6:38,,0.000318674,1.86E-09,6:38,5,180908,0,
2018-09-08 6:39,,0.000318674,1.86E-09,6:39,5,180908,0,
2018-09-08 6:40,,0.000318674,1.86E-09,6:40,5,180908,0,
2018-09-08 6:41,,0.000318674,1.86E-09,6:41,5,180908,0,
2018-09-08 6:42,,0.000318674,1.86E-09,6:42,5,180908,0,
2018-09-08 6:43,,0.000318674,1.86E-09,6:43,5,180908,0,
2018-09-08 6:44,,0.000318674,1.86E-09,6:44,5,180908,0,
2018-09-08 6:45,,0.000318674,1.86E-09,6:45,5,180908,0,
2018-09-08 6:46,,0.000318674,1.86E-09,6:46,5,180908,0,
2018-09-08 6:47,,0.000318674,1.86E-09,6:47,5,180908,0,
2018-09-08 6:48,,0.000318674,1.86E-09,6:48,5,180908,0,
2018-09-08 6:49,,0.000318674,1.86E-09,6:49,5,180908,0,
2018-09-08 6:50,,0.000318674,1.86E-09,6:50,5,180908,0,
2018-09-08 6:51,,0.000318674,1.86E-09,6:51,5,180908,0,
2018-09-08 6:52,,0.000318674,1.86E-09,6:52,5,180908,0,
2018-09-08 6:53,,0.000318674,1.86E-09,6:53,5,180908,0,
2018-09-08 6:54,,0.000318674,1.86E-09,6:54,5,180908,0,
2018-09-08 6:55,,0.000318674,1.86E-09,6:55,5,180908,0,
2018-09-08 6:56,,0.000318674,1.86E-09,6:56,5,180908,0,
2018-09-08 6:57,,0.000318674,1.86E-09,6:57,5,180908,0,
2018-09-08 6:58,,0.000318674,1.86E-09,6:58,5,180908,0,
2018-09-08 6:59,,0.000318674,1.86E-09,6:59,5,180908,0,
2018-09-08 7:00,,0.000318674,1.86E-09,7:00,5,180908,0,
2018-09-08 7:01,,0.000318674,1.86E-09,7:01,5,180908,0,
2018-09-08 7:02,,0.000318674,1.86E-09,7:02,5,180908,0,
2018-09-08 7:03,,0.000318674,1.86E-09,7:03,5,180908,0,
2018-09-08 7:04,,0.000318674,1.86E-09,7:04,5,180908,0,
2018-09-08 7:05,,0.000318674,1.86E-09,7:05,5,180908,0,
2018-09-08 7:06,,0.000318674,1.86E-09,7:06,5,180908,0,
2018-09-08 7:07,,0.000318674,1.86E-09,7:07,5,180908,0,
2018-09-08 7:08,,0.000318674,1.86E-09,7:08,5,180908,0,
2018-09-08 7:09,,0.000318674,1.86E-09,7:09,5,180908,0,
2018-09-08 7:10,,0.000318674,1.86E-09,7:10,5,180908,0,
2018-09-08 7:11,,0.000318674,1.86E-09,7:11,5,180908,0,
2018-09-08 7:12,,0.000318674,1.86E-09,7:12,5,180908,0,
2018-09-08 7:13,,0.000318674,1.86E-09,7:13,5,180908,0,
2018-09-08 7:14,,0.000318674,1.86E-09,7:14,5,180908,0,
2018-09-08 7:15,,0.000318674,1.86E-09,7:15,5,180908,0,
2018-09-08 7:16,,0.000318674,1.86E-09,7:16,5,180908,0,
2018-09-08 7:17,,0.000318674,1.86E-09,7:17,5,180908,0,
2018-09-08 7:18,,0.000318674,1.86E-09,7:18,5,180908,0,
2018-09-08 7:19,,0.000318674,1.86E-09,7:19,5,180908,0,
2018-09-08 7:20,,0.000318674,1.86E-09,7:20,5,180908,0,
2018-09-08 7:21,,0.000318674,1.86E-09,7:21,5,180908,0,
2018-09-08 7:22,,0.000318674,1.86E-09,7:22,5,180908,0,
2018-09-08 7:23,,0.000318674,1.86E-09,7:23,5,180908,0,
2018-09-08 7:24,,0.000318674,1.86E-09,7:24,5,180908,0,
2018-09-08 7:25,,0.000318674,1.86E-09,7:25,5,180908,0,
2018-09-08 7:26,,0.000318674,1.86E-09,7:26,5,180908,0,
2018-09-08 7:27,,0.000318674,1.86E-09,7:27,5,180908,0,
2018-09-08 7:28,,0.000318674,1.86E-09,7:28,5,180908,0,
2018-09-08 7:29,,0.000318674,1.86E-09,7:29,5,180908,0,
2018-09-08 7:30,,0.000318674,1.86E-09,7:30,5,180908,0,
2018-09-08 7:31,,0.000318674,1.86E-09,7:31,5,180908,0,
2018-09-08 7:32,,0.000318674,1.86E-09,7:32,5,180908,0,
2018-09-08 7:33,,0.000318674,1.86E-09,7:33,5,180908,0,
2018-09-08 7:34,,0.000318674,1.86E-09,7:34,5,180908,0,
2018-09-08 7:35,,0.000318674,1.86E-09,7:35,5,180908,0,
2018-09-08 7:36,,0.000318674,1.86E-09,7:36,5,180908,0,
2018-09-08 7:37,,0.000318674,1.86E-09,7:37,5,180908,0,
2018-09-08 7:38,,0.000318674,1.86E-09,7:38,5,180908,0,
2018-09-08 7:39,,0.000318674,1.86E-09,7:39,5,180908,0,
2018-09-08 7:40,,0.000318674,1.86E-09,7:40,5,180908,0,
2018-09-08 7:41,,0.000318674,1.86E-09,7:41,5,180908,0,
2018-09-08 7:42,,0.000318674,1.86E-09,7:42,5,180908,0,
2018-09-08 7:43,,0.000318674,1.86E-09,7:43,5,180908,0,
2018-09-08 7:44,,0.000318674,1.86E-09,7:44,5,180908,0,
2018-09-08 7:45,,0.000318674,1.86E-09,7:45,5,180908,0,
2018-09-08 7:46,,0.000318674,1.86E-09,7:46,5,180908,0,
2018-09-08 7:47,,0.000318674,1.86E-09,7:47,5,180908,0,
2018-09-08 7:48,,0.000318674,1.86E-09,7:48,5,180908,0,
2018-09-08 7:49,,0.000318674,1.86E-09,7:49,5,180908,0,
2018-09-08 7:50,,0.000318674,1.86E-09,7:50,5,180908,0,
2018-09-08 7:51,,0.000318674,1.86E-09,7:51,5,180908,0,
2018-09-08 7:52,,0.000318674,1.86E-09,7:52,5,180908,0,
2018-09-08 7:53,,0.000318674,1.86E-09,7:53,5,180908,0,
2018-09-08 7:54,,0.000318674,1.86E-09,7:54,5,180908,0,
2018-09-08 7:55,,0.000318674,1.86E-09,7:55,5,180908,0,
2018-09-08 7:56,,0.000318674,1.86E-09,7:56,5,180908,0,
2018-09-08 7:57,,0.000318674,1.86E-09,7:57,5,180908,0,
2018-09-08 7:58,,0.000318674,1.86E-09,7:58,5,180908,0,
2018-09-08 7:59,,0.000318674,1.86E-09,7:59,5,180908,0,
2018-09-08 8:00,,0.000318674,1.86E-09,8:00,5,180908,0,
2018-09-08 8:01,,0.000318674,1.86E-09,8:01,5,180908,0,
2018-09-08 8:02,,0.000318674,1.86E-09,8:02,5,180908,0,
2018-09-08 8:03,,0.000318674,1.86E-09,8:03,5,180908,0,
2018-09-08 8:04,,0.000318674,1.86E-09,8:04,5,180908,0,
2018-09-08 8:05,,0.000318674,1.86E-09,8:05,5,180908,0,
2018-09-08 8:06,,0.000318674,1.86E-09,8:06,5,180908,0,
2018-09-08 8:07,,0.000318674,1.86E-09,8:07,5,180908,0,
2018-09-08 8:08,,0.000318674,1.86E-09,8:08,5,180908,0,
2018-09-08 8:09,,0.000318674,1.86E-09,8:09,5,180908,0,
2018-09-08 8:10,,0.000318674,1.86E-09,8:10,5,180908,0,
2018-09-08 8:11,,0.000318674,1.86E-09,8:11,5,180908,0,
2018-09-08 8:12,,0.000318674,1.86E-09,8:12,5,180908,0,
2018-09-08 8:13,,0.000318674,1.86E-09,8:13,5,180908,0,
2018-09-08 8:14,,0.000318674,1.86E-09,8:14,5,180908,0,
2018-09-08 8:15,,0.000318674,1.86E-09,8:15,5,180908,0,
2018-09-08 8:16,,0.000318674,1.86E-09,8:16,5,180908,0,
2018-09-08 8:17,,0.000318674,1.86E-09,8:17,5,180908,0,
2018-09-08 8:18,,0.000318674,1.86E-09,8:18,5,180908,0,
2018-09-08 8:19,,0.000318674,1.86E-09,8:19,5,180908,0,
2018-09-08 8:20,,0.000318674,1.86E-09,8:20,5,180908,0,
2018-09-08 8:21,,0.000318674,1.86E-09,8:21,5,180908,0,
2018-09-08 8:22,,0.000318674,1.86E-09,8:22,5,180908,0,
2018-09-08 8:23,,0.000318674,1.86E-09,8:23,5,180908,0,
2018-09-08 8:24,,0.000318674,1.86E-09,8:24,5,180908,0,
2018-09-08 8:25,,0.000318674,1.86E-09,8:25,5,180908,0,
2018-09-08 8:26,,0.000318674,1.86E-09,8:26,5,180908,0,
2018-09-08 8:27,,0.000318674,1.86E-09,8:27,5,180908,0,
2018-09-08 8:28,,0.000318674,1.86E-09,8:28,5,180908,0,
2018-09-08 8:29,,0.000318674,1.86E-09,8:29,5,180908,0,
2018-09-08 8:30,,0.000318674,1.86E-09,8:30,5,180908,0,
2018-09-08 8:31,,0.000318674,1.86E-09,8:31,5,180908,0,
2018-09-08 8:32,,0.000318674,1.86E-09,8:32,5,180908,0,
2018-09-08 8:33,,0.000318674,1.86E-09,8:33,5,180908,0,
2018-09-08 8:34,,0.000318674,1.86E-09,8:34,5,180908,0,
2018-09-08 8:35,,0.000318674,1.86E-09,8:35,5,180908,0,
2018-09-08 8:36,,0.000318674,1.86E-09,8:36,5,180908,0,
2018-09-08 8:37,,0.000318674,1.86E-09,8:37,5,180908,0,
2018-09-08 8:38,,0.000318674,1.86E-09,8:38,5,180908,0,
2018-09-08 8:39,,0.000318674,1.86E-09,8:39,5,180908,0,
2018-09-08 8:40,,0.000318674,1.86E-09,8:40,5,180908,0,
2018-09-08 8:41,,0.000318674,1.86E-09,8:41,5,180908,0,
2018-09-08 8:42,,0.000318674,1.86E-09,8:42,5,180908,0,
2018-09-08 8:43,,0.000318674,1.86E-09,8:43,5,180908,0,
2018-09-08 8:44,,0.000318674,1.86E-09,8:44,5,180908,0,
2018-09-08 8:45,,0.000318674,1.86E-09,8:45,5,180908,0,
2018-09-08 8:46,,0.000318674,1.86E-09,8:46,5,180908,0,
2018-09-08 8:47,,0.000318674,1.86E-09,8:47,5,180908,0,
2018-09-08 8:48,,0.000318674,1.86E-09,8:48,5,180908,0,
2018-09-08 8:49,,0.000318674,1.86E-09,8:49,5,180908,0,
2018-09-08 8:50,,0.000318674,1.86E-09,8:50,5,180908,0,
2018-09-08 8:51,,0.000318674,1.86E-09,8:51,5,180908,0,
2018-09-08 8:52,,0.000318674,1.86E-09,8:52,5,180908,0,
2018-09-08 8:53,,0.000318674,1.86E-09,8:53,5,180908,0,
2018-09-08 8:54,,0.000318674,1.86E-09,8:54,5,180908,0,
2018-09-08 8:55,,0.000318674,1.86E-09,8:55,5,180908,0,
2018-09-08 8:56,,0.000318674,1.86E-09,8:56,5,180908,0,
2018-09-08 8:57,,0.000318674,1.86E-09,8:57,5,180908,0,
2018-09-08 8:58,,0.000318674,1.86E-09,8:58,5,180908,0,
2018-09-08 8:59,,0.000318674,1.86E-09,8:59,5,180908,0,
2018-09-08 9:00,,0.000318674,1.86E-09,9:00,5,180908,0,
2018-09-08 9:01,,0.000318674,1.86E-09,9:01,5,180908,0,
2018-09-08 9:02,,0.000318674,1.86E-09,9:02,5,180908,0,
2018-09-08 9:03,,0.000318674,1.86E-09,9:03,5,180908,0,
2018-09-08 9:04,,0.000318674,1.86E-09,9:04,5,180908,0,
2018-09-08 9:05,,0.000318674,1.86E-09,9:05,5,180908,0,
2018-09-08 9:06,,0.000318674,1.86E-09,9:06,5,180908,0,
2018-09-08 9:07,,0.000318674,1.86E-09,9:07,5,180908,0,
2018-09-08 9:08,,0.000318674,1.86E-09,9:08,5,180908,0,
2018-09-08 9:09,,0.000318674,1.86E-09,9:09,5,180908,0,
2018-09-08 9:10,,0.000318674,1.86E-09,9:10,5,180908,0,
2018-09-08 9:11,,0.000318674,1.86E-09,9:11,5,180908,0,
2018-09-08 9:12,,0.000318674,1.86E-09,9:12,5,180908,0,
2018-09-08 9:13,,0.000318674,1.86E-09,9:13,5,180908,0,
2018-09-08 9:14,,0.000318674,1.86E-09,9:14,5,180908,0,
2018-09-08 9:15,,0.000318674,1.86E-09,9:15,5,180908,0,
2018-09-08 9:16,,0.000318674,1.86E-09,9:16,5,180908,0,
2018-09-08 9:17,,0.000318674,1.86E-09,9:17,5,180908,0,
2018-09-08 9:18,,0.000318674,1.86E-09,9:18,5,180908,0,
2018-09-08 9:19,,0.000318674,1.86E-09,9:19,5,180908,0,
2018-09-08 9:20,,0.000318674,1.86E-09,9:20,5,180908,0,
2018-09-08 9:21,,0.000318674,1.86E-09,9:21,5,180908,0,
2018-09-08 9:22,,0.000318674,1.86E-09,9:22,5,180908,0,
2018-09-08 9:23,,0.000318674,1.86E-09,9:23,5,180908,0,
2018-09-08 9:24,,0.000318674,1.86E-09,9:24,5,180908,0,
2018-09-08 9:25,,0.000318674,1.86E-09,9:25,5,180908,0,
2018-09-08 9:26,,0.000318674,1.86E-09,9:26,5,180908,0,
2018-09-08 9:27,,0.000318674,1.86E-09,9:27,5,180908,0,
2018-09-08 9:28,,0.000318674,1.86E-09,9:28,5,180908,0,
2018-09-08 9:29,,0.000318674,1.86E-09,9:29,5,180908,0,
2018-09-08 9:30,,0.000318674,1.86E-09,9:30,5,180908,0,
2018-09-08 9:31,,0.000318674,1.86E-09,9:31,5,180908,0,
2018-09-08 9:32,,0.000318674,1.86E-09,9:32,5,180908,0,
2018-09-08 9:33,,0.000318674,1.86E-09,9:33,5,180908,0,
2018-09-08 9:34,,0.000318674,1.86E-09,9:34,5,180908,0,
2018-09-08 9:35,,0.000318674,1.86E-09,9:35,5,180908,0,
2018-09-08 9:36,,0.000318674,1.86E-09,9:36,5,180908,0,
2018-09-08 9:37,,0.000318674,1.86E-09,9:37,5,180908,0,
2018-09-08 9:38,,0.000318674,1.86E-09,9:38,5,180908,0,
2018-09-08 9:39,,0.000318674,1.86E-09,9:39,5,180908,0,
2018-09-08 9:40,,0.000318674,1.86E-09,9:40,5,180908,0,
2018-09-08 9:41,,0.000318674,1.86E-09,9:41,5,180908,0,
2018-09-08 9:42,,0.000318674,1.86E-09,9:42,5,180908,0,
2018-09-08 9:43,,0.000318674,1.86E-09,9:43,5,180908,0,
2018-09-08 9:44,,0.000318674,1.86E-09,9:44,5,180908,0,
2018-09-08 9:45,,0.000318674,1.86E-09,9:45,5,180908,0,
2018-09-08 9:46,,0.000318674,1.86E-09,9:46,5,180908,0,
2018-09-08 9:47,,0.000318674,1.86E-09,9:47,5,180908,0,
2018-09-08 9:48,,0.000318674,1.86E-09,9:48,5,180908,0,
2018-09-08 9:49,,0.000318674,1.86E-09,9:49,5,180908,0,
2018-09-08 9:50,,0.000318674,1.86E-09,9:50,5,180908,0,
2018-09-08 9:51,,0.000318674,1.86E-09,9:51,5,180908,0,
2018-09-08 9:52,,0.000318674,1.86E-09,9:52,5,180908,0,
2018-09-08 9:53,,0.000318674,1.86E-09,9:53,5,180908,0,
2018-09-08 9:54,,0.000318674,1.86E-09,9:54,5,180908,0,
2018-09-08 9:55,,0.000318674,1.86E-09,9:55,5,180908,0,
2018-09-08 9:56,,0.000318674,1.86E-09,9:56,5,180908,0,
2018-09-08 9:57,,0.000318674,1.86E-09,9:57,5,180908,0,
2018-09-08 9:58,,0.000318674,1.86E-09,9:58,5,180908,0,
2018-09-08 9:59,,0.000318674,1.86E-09,9:59,5,180908,0,
2018-09-08 10:00,,0.000318674,1.86E-09,10:00,5,180908,0,
2018-09-08 10:01,,0.000318674,1.86E-09,10:01,5,180908,0,
2018-09-08 10:02,,0.000318674,1.86E-09,10:02,5,180908,0,
2018-09-08 10:03,,0.000318674,1.86E-09,10:03,5,180908,0,
2018-09-08 10:04,,0.000318674,1.86E-09,10:04,5,180908,0,
2018-09-08 10:05,,0.000318674,1.86E-09,10:05,5,180908,0,
2018-09-08 10:06,,0.000318674,1.86E-09,10:06,5,180908,0,
2018-09-08 10:07,,0.000318674,1.86E-09,10:07,5,180908,0,
2018-09-08 10:08,,0.000318674,1.86E-09,10:08,5,180908,0,
2018-09-08 10:09,,0.000318674,1.86E-09,10:09,5,180908,0,
2018-09-08 10:10,,0.000318674,1.86E-09,10:10,5,180908,0,
2018-09-08 10:11,,0.000318674,1.86E-09,10:11,5,180908,0,
2018-09-08 10:12,,0.000318674,1.86E-09,10:12,5,180908,0,
2018-09-08 10:13,,0.000318674,1.86E-09,10:13,5,180908,0,
2018-09-08 10:14,,0.000318674,1.86E-09,10:14,5,180908,0,
2018-09-08 10:15,,0.000318674,1.86E-09,10:15,5,180908,0,
2018-09-08 10:16,,0.000318674,1.86E-09,10:16,5,180908,0,
2018-09-08 10:17,,0.000318674,1.86E-09,10:17,5,180908,0,
2018-09-08 10:18,,0.000318674,1.86E-09,10:18,5,180908,0,
2018-09-08 10:19,,0.000318674,1.86E-09,10:19,5,180908,0,
2018-09-08 10:20,,0.000318674,1.86E-09,10:20,5,180908,0,
2018-09-08 10:21,,0.000318674,1.86E-09,10:21,5,180908,0,
2018-09-08 10:22,,0.000318674,1.86E-09,10:22,5,180908,0,
2018-09-08 10:23,,0.000318674,1.86E-09,10:23,5,180908,0,
2018-09-08 10:24,,0.000318674,1.86E-09,10:24,5,180908,0,
2018-09-08 10:25,,0.000318674,1.86E-09,10:25,5,180908,0,
2018-09-08 10:26,,0.000318674,1.86E-09,10:26,5,180908,0,
2018-09-08 10:27,,0.000318674,1.86E-09,10:27,5,180908,0,
2018-09-08 10:28,,0.000318674,1.86E-09,10:28,5,180908,0,
2018-09-08 10:29,,0.000318674,1.86E-09,10:29,5,180908,0,
2018-09-08 10:30,,0.000318674,1.86E-09,10:30,5,180908,0,
2018-09-08 10:31,,0.000318674,1.86E-09,10:31,5,180908,0,
2018-09-08 10:32,,0.000318674,1.86E-09,10:32,5,180908,0,
2018-09-08 10:33,,0.000318674,1.86E-09,10:33,5,180908,0,
2018-09-08 10:34,,0.000318674,1.86E-09,10:34,5,180908,0,
2018-09-08 10:35,,0.000318674,1.86E-09,10:35,5,180908,0,
2018-09-08 10:36,,0.000318674,1.86E-09,10:36,5,180908,0,
2018-09-08 10:37,,0.000318674,1.86E-09,10:37,5,180908,0,
2018-09-08 10:38,,0.000318674,1.86E-09,10:38,5,180908,0,
2018-09-08 10:39,,0.000318674,1.86E-09,10:39,5,180908,0,
2018-09-08 10:40,,0.000318674,1.86E-09,10:40,5,180908,0,
2018-09-08 10:41,,0.000318674,1.86E-09,10:41,5,180908,0,
2018-09-08 10:42,,0.000318674,1.86E-09,10:42,5,180908,0,
2018-09-08 10:43,,0.000318674,1.86E-09,10:43,5,180908,0,
2018-09-08 10:44,,0.000318674,1.86E-09,10:44,5,180908,0,
2018-09-08 10:45,,0.000318674,1.86E-09,10:45,5,180908,0,
2018-09-08 10:46,,0.000318674,1.86E-09,10:46,5,180908,0,
2018-09-08 10:47,,0.000318674,1.86E-09,10:47,5,180908,0,
2018-09-08 10:48,,0.000318674,1.86E-09,10:48,5,180908,0,
2018-09-08 10:49,,0.000318674,1.86E-09,10:49,5,180908,0,
2018-09-08 10:50,,0.000318674,1.86E-09,10:50,5,180908,0,
2018-09-08 10:51,,0.000318674,1.86E-09,10:51,5,180908,0,
2018-09-08 10:52,,0.000318674,1.86E-09,10:52,5,180908,0,
2018-09-08 10:53,,0.000318674,1.86E-09,10:53,5,180908,0,
2018-09-08 10:54,,0.000318674,1.86E-09,10:54,5,180908,0,
2018-09-08 10:55,,0.000318674,1.86E-09,10:55,5,180908,0,
2018-09-08 10:56,,0.000318674,1.86E-09,10:56,5,180908,0,
2018-09-08 10:57,,0.000318674,1.86E-09,10:57,5,180908,0,
2018-09-08 10:58,,0.000318674,1.86E-09,10:58,5,180908,0,
2018-09-08 10:59,,0.000318674,1.86E-09,10:59,5,180908,0,
2018-09-08 11:00,,0.000318674,1.86E-09,11:00,5,180908,0,
2018-09-08 11:01,,0.000318674,1.86E-09,11:01,5,180908,0,
2018-09-08 11:02,,0.000318674,1.86E-09,11:02,5,180908,0,
2018-09-08 11:03,,0.000318674,1.86E-09,11:03,5,180908,0,
2018-09-08 11:04,,0.000318674,1.86E-09,11:04,5,180908,0,
2018-09-08 11:05,,0.000318674,1.86E-09,11:05,5,180908,0,
2018-09-08 11:06,,0.000318674,1.86E-09,11:06,5,180908,0,
2018-09-08 11:07,,0.000318674,1.86E-09,11:07,5,180908,0,
2018-09-08 11:08,,0.000318674,1.86E-09,11:08,5,180908,0,
2018-09-08 11:09,,0.000318674,1.86E-09,11:09,5,180908,0,
2018-09-08 11:10,,0.000318674,1.86E-09,11:10,5,180908,0,
2018-09-08 11:11,,0.000318674,1.86E-09,11:11,5,180908,0,
2018-09-08 11:12,,0.000318674,1.86E-09,11:12,5,180908,0,
2018-09-08 11:13,,0.000318674,1.86E-09,11:13,5,180908,0,
2018-09-08 11:14,,0.000318674,1.86E-09,11:14,5,180908,0,
2018-09-08 11:15,,0.000318674,1.86E-09,11:15,5,180908,0,
2018-09-08 11:16,,0.000318674,1.86E-09,11:16,5,180908,0,
2018-09-08 11:17,,0.000318674,1.86E-09,11:17,5,180908,0,
2018-09-08 11:18,,0.000318674,1.86E-09,11:18,5,180908,0,
2018-09-08 11:19,,0.000318674,1.86E-09,11:19,5,180908,0,
2018-09-08 11:20,,0.000318674,1.86E-09,11:20,5,180908,0,
2018-09-08 11:21,,0.000318674,1.86E-09,11:21,5,180908,0,
2018-09-08 11:22,,0.000318674,1.86E-09,11:22,5,180908,0,
2018-09-08 11:23,,0.000318674,1.86E-09,11:23,5,180908,0,
2018-09-08 11:24,,0.000318674,1.86E-09,11:24,5,180908,0,
2018-09-08 11:25,,0.000318674,1.86E-09,11:25,5,180908,0,
2018-09-08 11:26,,0.000318674,1.86E-09,11:26,5,180908,0,
2018-09-08 11:27,,0.000318674,1.86E-09,11:27,5,180908,0,
2018-09-08 11:28,,0.000318674,1.86E-09,11:28,5,180908,0,
2018-09-08 11:29,,0.000318674,1.86E-09,11:29,5,180908,0,
2018-09-08 11:30,,0.000318674,1.86E-09,11:30,5,180908,0,
2018-09-08 11:31,,0.000318674,1.86E-09,11:31,5,180908,0,
2018-09-08 11:32,,0.000318674,1.86E-09,11:32,5,180908,0,
2018-09-08 11:33,,0.000318674,1.86E-09,11:33,5,180908,0,
2018-09-08 11:34,,0.000318674,1.86E-09,11:34,5,180908,0,
2018-09-08 11:35,,0.000318674,1.86E-09,11:35,5,180908,0,
2018-09-08 11:36,,0.000318674,1.86E-09,11:36,5,180908,0,
2018-09-08 11:37,,0.000318674,1.86E-09,11:37,5,180908,0,
2018-09-08 11:38,,0.000318674,1.86E-09,11:38,5,180908,0,
2018-09-08 11:39,,0.000318674,1.86E-09,11:39,5,180908,0,
2018-09-08 11:40,,0.000318674,1.86E-09,11:40,5,180908,0,
2018-09-08 11:41,,0.000318674,1.86E-09,11:41,5,180908,0,
2018-09-08 11:42,,0.000318674,1.86E-09,11:42,5,180908,0,
2018-09-08 11:43,,0.000318674,1.86E-09,11:43,5,180908,0,
2018-09-08 11:44,,0.000318674,1.86E-09,11:44,5,180908,0,
2018-09-08 11:45,,0.000318674,1.86E-09,11:45,5,180908,0,
2018-09-08 11:46,,0.000318674,1.86E-09,11:46,5,180908,0,
2018-09-08 11:47,,0.000318674,1.86E-09,11:47,5,180908,0,
2018-09-08 11:48,,0.000318674,1.86E-09,11:48,5,180908,0,
2018-09-08 11:49,,0.000318674,1.86E-09,11:49,5,180908,0,
2018-09-08 11:50,,0.000318674,1.86E-09,11:50,5,180908,0,
2018-09-08 11:51,,0.000318674,1.86E-09,11:51,5,180908,0,
2018-09-08 11:52,,0.000318674,1.86E-09,11:52,5,180908,0,
2018-09-08 11:53,,0.000318674,1.86E-09,11:53,5,180908,0,
2018-09-08 11:54,,0.000318674,1.86E-09,11:54,5,180908,0,
2018-09-08 11:55,,0.000318674,1.86E-09,11:55,5,180908,0,
2018-09-08 11:56,,0.000318674,1.86E-09,11:56,5,180908,0,
2018-09-08 11:57,,0.000318674,1.86E-09,11:57,5,180908,0,
2018-09-08 11:58,,0.000318674,1.86E-09,11:58,5,180908,0,
2018-09-08 11:59,,0.000318674,1.86E-09,11:59,5,180908,0,
2018-09-08 12:00,,0.000318674,1.86E-09,12:00,5,180908,0,
2018-09-08 12:01,,0.000318674,1.86E-09,12:01,5,180908,0,
2018-09-08 12:02,,0.000318674,1.86E-09,12:02,5,180908,0,
2018-09-08 12:03,,0.000318674,1.86E-09,12:03,5,180908,0,
2018-09-08 12:04,,0.000318674,1.86E-09,12:04,5,180908,0,
2018-09-08 12:05,,0.000318674,1.86E-09,12:05,5,180908,0,
2018-09-08 12:06,,0.000318674,1.86E-09,12:06,5,180908,0,
2018-09-08 12:07,,0.000318674,1.86E-09,12:07,5,180908,0,
2018-09-08 12:08,,0.000318674,1.86E-09,12:08,5,180908,0,
2018-09-08 12:09,,0.000318674,1.86E-09,12:09,5,180908,0,
2018-09-08 12:10,,0.000318674,1.86E-09,12:10,5,180908,0,
2018-09-08 12:11,,0.000318674,1.86E-09,12:11,5,180908,0,
2018-09-08 12:12,,0.000318674,1.86E-09,12:12,5,180908,0,
2018-09-08 12:13,,0.000318674,1.86E-09,12:13,5,180908,0,
2018-09-08 12:14,,0.000318674,1.86E-09,12:14,5,180908,0,
2018-09-08 12:15,,0.000318674,1.86E-09,12:15,5,180908,0,
2018-09-08 12:16,1,0.000318674,1.86E-09,12:16,5,180908,0,1
2018-09-08 12:17,3,5,3.535308569,12:17,5,180908,1,1
2018-09-08 12:18,7,5,0,12:18,5,180908,1,1
2018-09-08 12:19,7,8,2.121320344,12:19,5,180908,1,1
2018-09-08 12:20,9,8,0,12:20,5,180908,1,1
2018-09-08 12:21,10,8.5,0.353553391,12:21,5,180908,1,1
2018-09-08 12:22,7,8.5,0,12:22,5,180908,1,1
2018-09-08 12:23,1,1.333333333,5.067598599,12:23,5,180908,0,1
2018-09-08 12:24,1,1.333333333,0,12:24,5,180908,0,1
2018-09-08 12:25,2,1.333333333,0,12:25,5,180908,0,1
2018-09-08 12:26,2,4,1.885618083,12:26,5,180908,0,1
2018-09-08 12:27,6,4,8.43E-08,12:27,5,180908,0,1
2018-09-08 12:28,8,8.5,3.181980515,12:28,5,180908,1,1
2018-09-08 12:29,9,8.5,1.03E-07,12:29,5,180908,1,1
2018-09-08 12:30,11,11.33333333,2.003469213,12:30,5,180908,1,1
2018-09-08 12:31,11,11.33333333,1.03E-07,12:31,5,180908,1,1
2018-09-08 12:32,12,11.33333333,1.03E-07,12:32,5,180908,1,1
2018-09-08 12:33,12,12.5,0.824957911,12:33,5,180908,1,1
2018-09-08 12:34,13,12.5,4.83E-08,12:34,5,180908,1,1
2018-09-08 12:35,13,13.25,0.530330086,12:35,5,180908,1,1
2018-09-08 12:36,13,13.25,4.83E-08,12:36,5,180908,1,1
2018-09-08 12:37,13,13.25,4.83E-08,12:37,5,180908,1,1
2018-09-08 12:38,14,13.25,4.83E-08,12:38,5,180908,1,1
2018-09-08 12:39,15,7.5,4.065863992,12:39,5,180908,1,1
2018-09-08 12:40,,7.5,5.96E-08,12:40,5,180908,1,1
2018-09-08 12:41,29,22,10.25304833,12:41,5,180908,1,1
2018-09-08 12:42,15,22,0,12:42,5,180908,1,1
2018-09-08 12:43,14,13.83333333,5.77470538,12:43,5,180908,1,1
2018-09-08 12:44,14,13.83333333,2.38E-07,12:44,5,180908,1,1
2018-09-08 12:45,14,13.83333333,2.38E-07,12:45,5,180908,1,1
2018-09-08 12:46,14,13.83333333,2.38E-07,12:46,5,180908,1,1
2018-09-08 12:47,14,13.83333333,2.38E-07,12:47,5,180908,1,1
2018-09-08 12:48,13,13.83333333,2.38E-07,12:48,5,180908,1,1
2018-09-08 12:49,14,13,0.589255651,12:49,5,180908,1,1
2018-09-08 12:50,12,13,2.51E-07,12:50,5,180908,1,1
2018-09-08 12:51,13,12.66666667,0.23570226,12:51,5,180908,1,1
2018-09-08 12:52,13,12.66666667,2.51E-07,12:52,5,180908,1,1
2018-09-08 12:53,12,12.66666667,2.51E-07,12:53,5,180908,1,1
2018-09-08 12:54,11,11.5,0.824957911,12:54,5,180908,1,1
2018-09-08 12:55,12,11.5,2.33E-07,12:55,5,180908,1,1
2018-09-08 12:56,10,10.5,0.707106781,12:56,5,180908,1,1
2018-09-08 12:57,11,10.5,2.33E-07,12:57,5,180908,1,1
2018-09-08 12:58,10,10.33333333,0.11785113,12:58,5,180908,1,1
2018-09-08 12:59,10,10.33333333,2.33E-07,12:59,5,180908,1,1
2018-09-08 13:00,11,10.33333333,2.33E-07,13:00,5,180908,1,1
2018-09-08 13:01,10,10.33333333,2.33E-07,13:01,5,180908,1,1
2018-09-08 13:02,10,10.33333333,2.33E-07,13:02,5,180908,1,1
2018-09-08 13:03,11,10.33333333,2.33E-07,13:03,5,180908,1,1
2018-09-08 13:04,11,16,4.006938427,13:04,5,180908,1,1
2018-09-08 13:06,21,16,1.19E-07,13:06,5,180908,1,1
2018-09-08 13:07,11,10.66666667,3.771236166,13:07,5,180908,1,1
2018-09-08 13:08,11,10.66666667,1.19E-07,13:08,5,180908,1,1
2018-09-08 13:09,11,10.66666667,1.19E-07,13:09,5,180908,1,1
2018-09-08 13:10,11,10.66666667,1.19E-07,13:10,5,180908,1,1
2018-09-08 13:11,11,10.66666667,1.19E-07,13:11,5,180908,1,1
2018-09-08 13:12,11,10.66666667,1.19E-07,13:12,5,180908,1,1
2018-09-08 13:13,11,10.66666667,1.19E-07,13:13,5,180908,1,1
2018-09-08 13:14,11,10.66666667,1.19E-07,13:14,5,180908,1,1
2018-09-08 13:15,11,10.66666667,1.19E-07,13:15,5,180908,1,1
2018-09-08 13:16,11,10.66666667,1.19E-07,13:16,5,180908,1,1
2018-09-08 13:17,11,10.66666667,1.19E-07,13:17,5,180908,1,1
2018-09-08 13:18,11,10.66666667,1.19E-07,13:18,5,180908,1,1
2018-09-08 13:19,11,10.66666667,1.19E-07,13:19,5,180908,1,1
2018-09-08 13:20,11,10.66666667,1.19E-07,13:20,5,180908,1,1
2018-09-08 13:21,6,10.66666667,1.19E-07,13:21,5,180908,1,1
2018-09-08 13:22,2,1,6.835365551,13:22,5,180908,0,1
2018-09-08 13:23,,1,0,13:23,5,180908,0,1
2018-09-08 13:24,2,5.5,3.181980515,13:24,5,180908,1,1
2018-09-08 13:25,9,5.5,0,13:25,5,180908,1,1
2018-09-08 13:26,14,15,6.717514421,13:26,5,180908,1,1
2018-09-08 13:27,16,15,1.88E-07,13:27,5,180908,1,1
2018-09-08 13:28,17,10,3.535533906,13:28,5,180908,1,1
2018-09-08 13:29,3,10,0,13:29,5,180908,1,1
2018-09-08 13:30,2,2.6,5.232590181,13:30,5,180908,0,1
2018-09-08 13:31,2,2.6,0,13:31,5,180908,0,1
2018-09-08 13:32,2,2.6,0,13:32,5,180908,0,1
2018-09-08 13:33,2,2.6,0,13:33,5,180908,0,1
2018-09-08 13:34,5,2.6,0,13:34,5,180908,0,1
2018-09-08 13:35,7,7.2,3.252691193,13:35,5,180908,1,1
2018-09-08 13:36,7,7.2,0,13:36,5,180908,1,1
2018-09-08 13:37,7,7.2,0,13:37,5,180908,1,1
2018-09-08 13:38,7,7.2,0,13:38,5,180908,1,1
2018-09-08 13:39,8,7.2,0,13:39,5,180908,1,1
2018-09-08 13:40,7,7.142857143,0.040406102,13:40,5,180908,1,1
2018-09-08 13:41,7,7.142857143,0,13:41,5,180908,1,1
2018-09-08 13:42,7,7.142857143,0,13:42,5,180908,1,1
2018-09-08 13:43,7,7.142857143,0,13:43,5,180908,1,1
2018-09-08 13:44,7,7.142857143,0,13:44,5,180908,1,1
2018-09-08 13:45,7,7.142857143,0,13:45,5,180908,1,1
2018-09-08 13:46,8,7.142857143,0,13:46,5,180908,1,1
2018-09-08 13:47,7,7.142857143,0,13:47,5,180908,1,1
2018-09-08 13:48,7,7.142857143,0,13:48,5,180908,1,1
2018-09-08 13:49,7,7.142857143,0,13:49,5,180908,1,1
2018-09-08 13:50,7,7.142857143,0,13:50,5,180908,1,1
2018-09-08 13:51,7,7.142857143,0,13:51,5,180908,1,1
2018-09-08 13:52,7,7.142857143,0,13:52,5,180908,1,1
2018-09-08 13:53,8,7.142857143,0,13:53,5,180908,1,1
2018-09-08 13:54,7,7.166666667,0.016835876,13:54,5,180908,1,1
2018-09-08 13:55,7,7.166666667,0,13:55,5,180908,1,1
2018-09-08 13:56,7,7.166666667,0,13:56,5,180908,1,1
2018-09-08 13:57,7,7.166666667,0,13:57,5,180908,1,1
2018-09-08 13:58,7,7.166666667,0,13:58,5,180908,1,1
2018-09-08 13:59,8,7.166666667,0,13:59,5,180908,1,1
2018-09-08 14:00,7,7.166666667,0,14:00,5,180908,1,1
2018-09-08 14:01,7,7.166666667,0,14:01,5,180908,1,1
2018-09-08 14:02,7,7.166666667,0,14:02,5,180908,1,1
2018-09-08 14:03,7,7.166666667,0,14:03,5,180908,1,1
2018-09-08 14:04,7,7.166666667,0,14:04,5,180908,1,1
2018-09-08 14:05,8,7.166666667,0,14:05,5,180908,1,1
2018-09-08 14:06,7,7.2,0.023570226,14:06,5,180908,1,1
2018-09-08 14:07,7,7.2,0,14:07,5,180908,1,1
2018-09-08 14:08,7,7.2,0,14:08,5,180908,1,1
2018-09-08 14:09,7,7.2,0,14:09,5,180908,1,1
2018-09-08 14:10,8,7.2,0,14:10,5,180908,1,1
2018-09-08 14:11,7,7.166666667,0.023570226,14:11,5,180908,1,1
2018-09-08 14:12,7,7.166666667,0,14:12,5,180908,1,1
2018-09-08 14:13,7,7.166666667,0,14:13,5,180908,1,1
2018-09-08 14:14,7,7.166666667,0,14:14,5,180908,1,1
2018-09-08 14:15,7,7.166666667,0,14:15,5,180908,1,1
2018-09-08 14:16,8,7.166666667,0,14:16,5,180908,1,1
2018-09-08 14:17,7,7.166666667,0,14:17,5,180908,1,1
2018-09-08 14:18,7,7.166666667,0,14:18,5,180908,1,1
2018-09-08 14:19,7,7.166666667,0,14:19,5,180908,1,1
2018-09-08 14:20,7,7.166666667,0,14:20,5,180908,1,1
2018-09-08 14:21,7,7.166666667,0,14:21,5,180908,1,1
2018-09-08 14:22,8,7.166666667,0,14:22,5,180908,1,1
2018-09-08 14:23,7,7.25,0.058925565,14:23,5,180908,1,1
2018-09-08 14:24,7,7.25,0,14:24,5,180908,1,1
2018-09-08 14:25,7,7.25,0,14:25,5,180908,1,1
2018-09-08 14:26,8,7.25,0,14:26,5,180908,1,1
2018-09-08 14:27,8,7.5,0.176776695,14:27,5,180908,1,1
2018-09-08 14:28,7,7.5,0,14:28,5,180908,1,1
2018-09-08 14:29,8,7.5,0,14:29,5,180908,1,1
2018-09-08 14:30,7,7.5,0,14:30,5,180908,1,1
2018-09-08 14:31,7,5.6,1.343502884,14:31,5,180908,1,1
2018-09-08 14:32,7,5.6,0,14:32,5,180908,1,1
2018-09-08 14:33,7,5.6,0,14:33,5,180908,1,1
2018-09-08 14:34,7,5.6,0,14:34,5,180908,1,1
2018-09-08 14:35,,5.6,0,14:35,5,180908,1,
2018-09-08 14:36,,0.142857143,3.85878272,14:36,5,180908,0,
2018-09-08 14:37,,0.142857143,0,14:37,5,180908,0,
2018-09-08 14:38,,0.142857143,0,14:38,5,180908,0,
2018-09-08 14:39,,0.142857143,0,14:39,5,180908,0,
2018-09-08 14:40,,0.142857143,0,14:40,5,180908,0,
2018-09-08 14:41,,0.142857143,0,14:41,5,180908,0,
2018-09-08 14:42,1,0.142857143,0,14:42,5,180908,0,
2018-09-08 14:43,,0.000891266,0.100385035,14:43,5,180908,0,
2018-09-08 14:44,,0.000891266,0,14:44,5,180908,0,
2018-09-08 14:45,,0.000891266,0,14:45,5,180908,0,
2018-09-08 14:46,,0.000891266,0,14:46,5,180908,0,
2018-09-08 14:47,,0.000891266,0,14:47,5,180908,0,
2018-09-08 14:48,,0.000891266,0,14:48,5,180908,0,
2018-09-08 14:49,,0.000891266,0,14:49,5,180908,0,
2018-09-08 14:50,,0.000891266,0,14:50,5,180908,0,
2018-09-08 14:51,,0.000891266,0,14:51,5,180908,0,
2018-09-08 14:52,,0.000891266,0,14:52,5,180908,0,
2018-09-08 14:53,,0.000891266,0,14:53,5,180908,0,
2018-09-08 14:54,,0.000891266,0,14:54,5,180908,0,
2018-09-08 14:55,,0.000891266,0,14:55,5,180908,0,
2018-09-08 14:56,,0.000891266,0,14:56,5,180908,0,
2018-09-08 14:57,,0.000891266,0,14:57,5,180908,0,
2018-09-08 14:58,,0.000891266,0,14:58,5,180908,0,
2018-09-08 14:59,,0.000891266,0,14:59,5,180908,0,
2018-09-08 15:00,,0.000891266,0,15:00,5,180908,0,
2018-09-08 15:01,,0.000891266,0,15:01,5,180908,0,
2018-09-08 15:02,,0.000891266,0,15:02,5,180908,0,
2018-09-08 15:03,,0.000891266,0,15:03,5,180908,0,
2018-09-08 15:04,,0.000891266,0,15:04,5,180908,0,
2018-09-08 15:05,,0.000891266,0,15:05,5,180908,0,
2018-09-08 15:06,,0.000891266,0,15:06,5,180908,0,
2018-09-08 15:07,,0.000891266,0,15:07,5,180908,0,
2018-09-08 15:08,,0.000891266,0,15:08,5,180908,0,
2018-09-08 15:09,,0.000891266,0,15:09,5,180908,0,
2018-09-08 15:10,,0.000891266,0,15:10,5,180908,0,
2018-09-08 15:11,,0.000891266,0,15:11,5,180908,0,
2018-09-08 15:12,,0.000891266,0,15:12,5,180908,0,
2018-09-08 15:13,,0.000891266,0,15:13,5,180908,0,
2018-09-08 15:14,,0.000891266,0,15:14,5,180908,0,
2018-09-08 15:15,,0.000891266,0,15:15,5,180908,0,
2018-09-08 15:16,,0.000891266,0,15:16,5,180908,0,
2018-09-08 15:17,,0.000891266,0,15:17,5,180908,0,
2018-09-08 15:18,,0.000891266,0,15:18,5,180908,0,
2018-09-08 15:19,,0.000891266,0,15:19,5,180908,0,
2018-09-08 15:20,,0.000891266,0,15:20,5,180908,0,
2018-09-08 15:21,,0.000891266,0,15:21,5,180908,0,
2018-09-08 15:22,,0.000891266,0,15:22,5,180908,0,
2018-09-08 15:23,,0.000891266,0,15:23,5,180908,0,
2018-09-08 15:24,,0.000891266,0,15:24,5,180908,0,
2018-09-08 15:25,,0.000891266,0,15:25,5,180908,0,
2018-09-08 15:26,,0.000891266,0,15:26,5,180908,0,
2018-09-08 15:27,,0.000891266,0,15:27,5,180908,0,
2018-09-08 15:28,,0.000891266,0,15:28,5,180908,0,
2018-09-08 15:29,,0.000891266,0,15:29,5,180908,0,
2018-09-08 15:30,,0.000891266,0,15:30,5,180908,0,
2018-09-08 15:31,,0.000891266,0,15:31,5,180908,0,
2018-09-08 15:32,,0.000891266,0,15:32,5,180908,0,
2018-09-08 15:33,,0.000891266,0,15:33,5,180908,0,
2018-09-08 15:34,,0.000891266,0,15:34,5,180908,0,
2018-09-08 15:35,,0.000891266,0,15:35,5,180908,0,
2018-09-08 15:36,,0.000891266,0,15:36,5,180908,0,
2018-09-08 15:37,,0.000891266,0,15:37,5,180908,0,
2018-09-08 15:38,,0.000891266,0,15:38,5,180908,0,
2018-09-08 15:39,,0.000891266,0,15:39,5,180908,0,
2018-09-08 15:40,,0.000891266,0,15:40,5,180908,0,
2018-09-08 15:41,,0.000891266,0,15:41,5,180908,0,
2018-09-08 15:42,,0.000891266,0,15:42,5,180908,0,
2018-09-08 15:43,,0.000891266,0,15:43,5,180908,0,
2018-09-08 15:44,,0.000891266,0,15:44,5,180908,0,
2018-09-08 15:45,,0.000891266,0,15:45,5,180908,0,
2018-09-08 15:46,,0.000891266,0,15:46,5,180908,0,
2018-09-08 15:47,,0.000891266,0,15:47,5,180908,0,
2018-09-08 15:48,,0.000891266,0,15:48,5,180908,0,
2018-09-08 15:49,,0.000891266,0,15:49,5,180908,0,
2018-09-08 15:50,,0.000891266,0,15:50,5,180908,0,
2018-09-08 15:51,,0.000891266,0,15:51,5,180908,0,
2018-09-08 15:52,,0.000891266,0,15:52,5,180908,0,
2018-09-08 15:53,,0.000891266,0,15:53,5,180908,0,
2018-09-08 15:54,,0.000891266,0,15:54,5,180908,0,
2018-09-08 15:55,,0.000891266,0,15:55,5,180908,0,
2018-09-08 15:56,,0.000891266,0,15:56,5,180908,0,
2018-09-08 15:57,,0.000891266,0,15:57,5,180908,0,
2018-09-08 15:58,,0.000891266,0,15:58,5,180908,0,
2018-09-08 15:59,,0.000891266,0,15:59,5,180908,0,
2018-09-08 16:00,,0.000891266,0,16:00,5,180908,0,
2018-09-08 16:01,,0.000891266,0,16:01,5,180908,0,
2018-09-08 16:02,,0.000891266,0,16:02,5,180908,0,
2018-09-08 16:03,,0.000891266,0,16:03,5,180908,0,
2018-09-08 16:04,,0.000891266,0,16:04,5,180908,0,
2018-09-08 16:05,,0.000891266,0,16:05,5,180908,0,
2018-09-08 16:06,,0.000891266,0,16:06,5,180908,0,
2018-09-08 16:07,,0.000891266,0,16:07,5,180908,0,
2018-09-08 16:08,,0.000891266,0,16:08,5,180908,0,
2018-09-08 16:09,,0.000891266,0,16:09,5,180908,0,
2018-09-08 16:10,,0.000891266,0,16:10,5,180908,0,
2018-09-08 16:11,,0.000891266,0,16:11,5,180908,0,
2018-09-08 16:12,,0.000891266,0,16:12,5,180908,0,
2018-09-08 16:13,,0.000891266,0,16:13,5,180908,0,
2018-09-08 16:14,,0.000891266,0,16:14,5,180908,0,
2018-09-08 16:15,,0.000891266,0,16:15,5,180908,0,
2018-09-08 16:16,,0.000891266,0,16:16,5,180908,0,
2018-09-08 16:17,,0.000891266,0,16:17,5,180908,0,
2018-09-08 16:18,,0.000891266,0,16:18,5,180908,0,
2018-09-08 16:19,,0.000891266,0,16:19,5,180908,0,
2018-09-08 16:20,,0.000891266,0,16:20,5,180908,0,
2018-09-08 16:21,,0.000891266,0,16:21,5,180908,0,
2018-09-08 16:22,,0.000891266,0,16:22,5,180908,0,
2018-09-08 16:23,,0.000891266,0,16:23,5,180908,0,
2018-09-08 16:24,,0.000891266,0,16:24,5,180908,0,
2018-09-08 16:25,,0.000891266,0,16:25,5,180908,0,
2018-09-08 16:26,,0.000891266,0,16:26,5,180908,0,
2018-09-08 16:27,,0.000891266,0,16:27,5,180908,0,
2018-09-08 16:28,,0.000891266,0,16:28,5,180908,0,
2018-09-08 16:29,,0.000891266,0,16:29,5,180908,0,
2018-09-08 16:30,,0.000891266,0,16:30,5,180908,0,
2018-09-08 16:31,,0.000891266,0,16:31,5,180908,0,
2018-09-08 16:32,,0.000891266,0,16:32,5,180908,0,
2018-09-08 16:33,,0.000891266,0,16:33,5,180908,0,
2018-09-08 16:34,,0.000891266,0,16:34,5,180908,0,
2018-09-08 16:35,,0.000891266,0,16:35,5,180908,0,
2018-09-08 16:36,,0.000891266,0,16:36,5,180908,0,
2018-09-08 16:37,,0.000891266,0,16:37,5,180908,0,
2018-09-08 16:38,,0.000891266,0,16:38,5,180908,0,
2018-09-08 16:39,,0.000891266,0,16:39,5,180908,0,
2018-09-08 16:40,,0.000891266,0,16:40,5,180908,0,
2018-09-08 16:41,,0.000891266,0,16:41,5,180908,0,
2018-09-08 16:42,,0.000891266,0,16:42,5,180908,0,
2018-09-08 16:43,,0.000891266,0,16:43,5,180908,0,
2018-09-08 16:44,,0.000891266,0,16:44,5,180908,0,
2018-09-08 16:45,,0.000891266,0,16:45,5,180908,0,
2018-09-08 16:46,,0.000891266,0,16:46,5,180908,0,
2018-09-08 16:47,,0.000891266,0,16:47,5,180908,0,
2018-09-08 16:48,,0.000891266,0,16:48,5,180908,0,
2018-09-08 16:49,,0.000891266,0,16:49,5,180908,0,
2018-09-08 16:50,,0.000891266,0,16:50,5,180908,0,
2018-09-08 16:51,,0.000891266,0,16:51,5,180908,0,
2018-09-08 16:52,,0.000891266,0,16:52,5,180908,0,
2018-09-08 16:53,,0.000891266,0,16:53,5,180908,0,
2018-09-08 16:54,,0.000891266,0,16:54,5,180908,0,
2018-09-08 16:55,,0.000891266,0,16:55,5,180908,0,
2018-09-08 16:56,,0.000891266,0,16:56,5,180908,0,
2018-09-08 16:57,,0.000891266,0,16:57,5,180908,0,
2018-09-08 16:58,,0.000891266,0,16:58,5,180908,0,
2018-09-08 16:59,,0.000891266,0,16:59,5,180908,0,
2018-09-08 17:00,,0.000891266,0,17:00,5,180908,0,
2018-09-08 17:01,,0.000891266,0,17:01,5,180908,0,
2018-09-08 17:02,,0.000891266,0,17:02,5,180908,0,
2018-09-08 17:03,,0.000891266,0,17:03,5,180908,0,
2018-09-08 17:04,,0.000891266,0,17:04,5,180908,0,
2018-09-08 17:05,,0.000891266,0,17:05,5,180908,0,
2018-09-08 17:06,,0.000891266,0,17:06,5,180908,0,
2018-09-08 17:07,,0.000891266,0,17:07,5,180908,0,
2018-09-08 17:08,,0.000891266,0,17:08,5,180908,0,
2018-09-08 17:09,,0.000891266,0,17:09,5,180908,0,
2018-09-08 17:10,,0.000891266,0,17:10,5,180908,0,
2018-09-08 17:11,,0.000891266,0,17:11,5,180908,0,
2018-09-08 17:12,,0.000891266,0,17:12,5,180908,0,
2018-09-08 17:13,,0.000891266,0,17:13,5,180908,0,
2018-09-08 17:14,,0.000891266,0,17:14,5,180908,0,
2018-09-08 17:15,,0.000891266,0,17:15,5,180908,0,
2018-09-08 17:16,,0.000891266,0,17:16,5,180908,0,
2018-09-08 17:17,,0.000891266,0,17:17,5,180908,0,
2018-09-08 17:18,,0.000891266,0,17:18,5,180908,0,
2018-09-08 17:19,,0.000891266,0,17:19,5,180908,0,
2018-09-08 17:20,,0.000891266,0,17:20,5,180908,0,
2018-09-08 17:21,,0.000891266,0,17:21,5,180908,0,
2018-09-08 17:22,,0.000891266,0,17:22,5,180908,0,
2018-09-08 17:23,,0.000891266,0,17:23,5,180908,0,
2018-09-08 17:24,,0.000891266,0,17:24,5,180908,0,
2018-09-08 17:25,,0.000891266,0,17:25,5,180908,0,
2018-09-08 17:26,,0.000891266,0,17:26,5,180908,0,
2018-09-08 17:27,,0.000891266,0,17:27,5,180908,0,
2018-09-08 17:28,,0.000891266,0,17:28,5,180908,0,
2018-09-08 17:29,,0.000891266,0,17:29,5,180908,0,
2018-09-08 17:30,,0.000891266,0,17:30,5,180908,0,
2018-09-08 17:31,,0.000891266,0,17:31,5,180908,0,
2018-09-08 17:32,,0.000891266,0,17:32,5,180908,0,
2018-09-08 17:33,,0.000891266,0,17:33,5,180908,0,
2018-09-08 17:34,,0.000891266,0,17:34,5,180908,0,
2018-09-08 17:35,,0.000891266,0,17:35,5,180908,0,
2018-09-08 17:36,,0.000891266,0,17:36,5,180908,0,
2018-09-08 17:37,,0.000891266,0,17:37,5,180908,0,
2018-09-08 17:38,,0.000891266,0,17:38,5,180908,0,
2018-09-08 17:39,,0.000891266,0,17:39,5,180908,0,
2018-09-08 17:40,,0.000891266,0,17:40,5,180908,0,
2018-09-08 17:41,,0.000891266,0,17:41,5,180908,0,
2018-09-08 17:42,,0.000891266,0,17:42,5,180908,0,
2018-09-08 17:43,,0.000891266,0,17:43,5,180908,0,
2018-09-08 17:44,,0.000891266,0,17:44,5,180908,0,
2018-09-08 17:45,,0.000891266,0,17:45,5,180908,0,
2018-09-08 17:46,,0.000891266,0,17:46,5,180908,0,
2018-09-08 17:47,,0.000891266,0,17:47,5,180908,0,
2018-09-08 17:48,,0.000891266,0,17:48,5,180908,0,
2018-09-08 17:49,,0.000891266,0,17:49,5,180908,0,
2018-09-08 17:50,,0.000891266,0,17:50,5,180908,0,
2018-09-08 17:51,,0.000891266,0,17:51,5,180908,0,
2018-09-08 17:52,,0.000891266,0,17:52,5,180908,0,
2018-09-08 17:53,,0.000891266,0,17:53,5,180908,0,
2018-09-08 17:54,,0.000891266,0,17:54,5,180908,0,
2018-09-08 17:55,,0.000891266,0,17:55,5,180908,0,
2018-09-08 17:56,,0.000891266,0,17:56,5,180908,0,
2018-09-08 17:57,,0.000891266,0,17:57,5,180908,0,
2018-09-08 17:58,,0.000891266,0,17:58,5,180908,0,
2018-09-08 17:59,,0.000891266,0,17:59,5,180908,0,
2018-09-08 18:00,,0.000891266,0,18:00,5,180908,0,
2018-09-08 18:01,,0.000891266,0,18:01,5,180908,0,
2018-09-08 18:02,,0.000891266,0,18:02,5,180908,0,
2018-09-08 18:03,,0.000891266,0,18:03,5,180908,0,
2018-09-08 18:04,,0.000891266,0,18:04,5,180908,0,
2018-09-08 18:05,,0.000891266,0,18:05,5,180908,0,
2018-09-08 18:06,,0.000891266,0,18:06,5,180908,0,
2018-09-08 18:07,,0.000891266,0,18:07,5,180908,0,
2018-09-08 18:08,,0.000891266,0,18:08,5,180908,0,
2018-09-08 18:09,,0.000891266,0,18:09,5,180908,0,
2018-09-08 18:10,,0.000891266,0,18:10,5,180908,0,
2018-09-08 18:11,,0.000891266,0,18:11,5,180908,0,
2018-09-08 18:12,,0.000891266,0,18:12,5,180908,0,
2018-09-08 18:13,,0.000891266,0,18:13,5,180908,0,
2018-09-08 18:14,,0.000891266,0,18:14,5,180908,0,
2018-09-08 18:15,,0.000891266,0,18:15,5,180908,0,
2018-09-08 18:16,,0.000891266,0,18:16,5,180908,0,
2018-09-08 18:17,,0.000891266,0,18:17,5,180908,0,
2018-09-08 18:18,,0.000891266,0,18:18,5,180908,0,
2018-09-08 18:19,,0.000891266,0,18:19,5,180908,0,
2018-09-08 18:20,,0.000891266,0,18:20,5,180908,0,
2018-09-08 18:21,,0.000891266,0,18:21,5,180908,0,
2018-09-08 18:22,,0.000891266,0,18:22,5,180908,0,
2018-09-08 18:23,,0.000891266,0,18:23,5,180908,0,
2018-09-08 18:24,,0.000891266,0,18:24,5,180908,0,
2018-09-08 18:25,,0.000891266,0,18:25,5,180908,0,
2018-09-08 18:26,,0.000891266,0,18:26,5,180908,0,
2018-09-08 18:27,,0.000891266,0,18:27,5,180908,0,
2018-09-08 18:28,,0.000891266,0,18:28,5,180908,0,
2018-09-08 18:29,,0.000891266,0,18:29,5,180908,0,
2018-09-08 18:30,,0.000891266,0,18:30,5,180908,0,
2018-09-08 18:31,,0.000891266,0,18:31,5,180908,0,
2018-09-08 18:32,,0.000891266,0,18:32,5,180908,0,
2018-09-08 18:33,,0.000891266,0,18:33,5,180908,0,
2018-09-08 18:34,,0.000891266,0,18:34,5,180908,0,
2018-09-08 18:35,,0.000891266,0,18:35,5,180908,0,
2018-09-08 18:36,,0.000891266,0,18:36,5,180908,0,
2018-09-08 18:37,,0.000891266,0,18:37,5,180908,0,
2018-09-08 18:38,,0.000891266,0,18:38,5,180908,0,
2018-09-08 18:39,,0.000891266,0,18:39,5,180908,0,
2018-09-08 18:40,,0.000891266,0,18:40,5,180908,0,
2018-09-08 18:41,,0.000891266,0,18:41,5,180908,0,
2018-09-08 18:42,,0.000891266,0,18:42,5,180908,0,
2018-09-08 18:43,,0.000891266,0,18:43,5,180908,0,
2018-09-08 18:44,,0.000891266,0,18:44,5,180908,0,
2018-09-08 18:45,,0.000891266,0,18:45,5,180908,0,
2018-09-08 18:46,,0.000891266,0,18:46,5,180908,0,
2018-09-08 18:47,,0.000891266,0,18:47,5,180908,0,
2018-09-08 18:48,,0.000891266,0,18:48,5,180908,0,
2018-09-08 18:49,,0.000891266,0,18:49,5,180908,0,
2018-09-08 18:50,,0.000891266,0,18:50,5,180908,0,
2018-09-08 18:51,,0.000891266,0,18:51,5,180908,0,
2018-09-08 18:52,,0.000891266,0,18:52,5,180908,0,
2018-09-08 18:53,,0.000891266,0,18:53,5,180908,0,
2018-09-08 18:54,,0.000891266,0,18:54,5,180908,0,
2018-09-08 18:55,,0.000891266,0,18:55,5,180908,0,
2018-09-08 18:56,,0.000891266,0,18:56,5,180908,0,
2018-09-08 18:57,,0.000891266,0,18:57,5,180908,0,
2018-09-08 18:58,,0.000891266,0,18:58,5,180908,0,
2018-09-08 18:59,,0.000891266,0,18:59,5,180908,0,
2018-09-08 19:00,,0.000891266,0,19:00,5,180908,0,
2018-09-08 19:01,,0.000891266,0,19:01,5,180908,0,
2018-09-08 19:02,,0.000891266,0,19:02,5,180908,0,
2018-09-08 19:03,,0.000891266,0,19:03,5,180908,0,
2018-09-08 19:04,,0.000891266,0,19:04,5,180908,0,
2018-09-08 19:05,,0.000891266,0,19:05,5,180908,0,
2018-09-08 19:06,,0.000891266,0,19:06,5,180908,0,
2018-09-08 19:07,,0.000891266,0,19:07,5,180908,0,
2018-09-08 19:08,,0.000891266,0,19:08,5,180908,0,
2018-09-08 19:09,,0.000891266,0,19:09,5,180908,0,
2018-09-08 19:10,,0.000891266,0,19:10,5,180908,0,
2018-09-08 19:11,,0.000891266,0,19:11,5,180908,0,
2018-09-08 19:12,,0.000891266,0,19:12,5,180908,0,
2018-09-08 19:13,,0.000891266,0,19:13,5,180908,0,
2018-09-08 19:14,,0.000891266,0,19:14,5,180908,0,
2018-09-08 19:15,,0.000891266,0,19:15,5,180908,0,
2018-09-08 19:16,,0.000891266,0,19:16,5,180908,0,
2018-09-08 19:17,,0.000891266,0,19:17,5,180908,0,
2018-09-08 19:18,,0.000891266,0,19:18,5,180908,0,
2018-09-08 19:19,,0.000891266,0,19:19,5,180908,0,
2018-09-08 19:20,,0.000891266,0,19:20,5,180908,0,
2018-09-08 19:21,,0.000891266,0,19:21,5,180908,0,
2018-09-08 19:22,,0.000891266,0,19:22,5,180908,0,
2018-09-08 19:23,,0.000891266,0,19:23,5,180908,0,
2018-09-08 19:24,,0.000891266,0,19:24,5,180908,0,
2018-09-08 19:25,,0.000891266,0,19:25,5,180908,0,
2018-09-08 19:26,,0.000891266,0,19:26,5,180908,0,
2018-09-08 19:27,,0.000891266,0,19:27,5,180908,0,
2018-09-08 19:28,,0.000891266,0,19:28,5,180908,0,
2018-09-08 19:29,,0.000891266,0,19:29,5,180908,0,
2018-09-08 19:30,,0.000891266,0,19:30,5,180908,0,
2018-09-08 19:31,,0.000891266,0,19:31,5,180908,0,
2018-09-08 19:32,,0.000891266,0,19:32,5,180908,0,
2018-09-08 19:33,,0.000891266,0,19:33,5,180908,0,
2018-09-08 19:34,,0.000891266,0,19:34,5,180908,0,
2018-09-08 19:35,,0.000891266,0,19:35,5,180908,0,
2018-09-08 19:36,,0.000891266,0,19:36,5,180908,0,
2018-09-08 19:37,,0.000891266,0,19:37,5,180908,0,
2018-09-08 19:38,,0.000891266,0,19:38,5,180908,0,
2018-09-08 19:39,,0.000891266,0,19:39,5,180908,0,
2018-09-08 19:40,,0.000891266,0,19:40,5,180908,0,
2018-09-08 19:41,,0.000891266,0,19:41,5,180908,0,
2018-09-08 19:42,,0.000891266,0,19:42,5,180908,0,
2018-09-08 19:43,,0.000891266,0,19:43,5,180908,0,
2018-09-08 19:44,,0.000891266,0,19:44,5,180908,0,
2018-09-08 19:45,,0.000891266,0,19:45,5,180908,0,
2018-09-08 19:46,,0.000891266,0,19:46,5,180908,0,
2018-09-08 19:47,,0.000891266,0,19:47,5,180908,0,
2018-09-08 19:48,,0.000891266,0,19:48,5,180908,0,
2018-09-08 19:49,,0.000891266,0,19:49,5,180908,0,
2018-09-08 19:50,,0.000891266,0,19:50,5,180908,0,
2018-09-08 19:51,,0.000891266,0,19:51,5,180908,0,
2018-09-08 19:52,,0.000891266,0,19:52,5,180908,0,
2018-09-08 19:53,,0.000891266,0,19:53,5,180908,0,
2018-09-08 19:54,,0.000891266,0,19:54,5,180908,0,
2018-09-08 19:55,,0.000891266,0,19:55,5,180908,0,
2018-09-08 19:56,,0.000891266,0,19:56,5,180908,0,
2018-09-08 19:57,,0.000891266,0,19:57,5,180908,0,
2018-09-08 19:58,,0.000891266,0,19:58,5,180908,0,
2018-09-08 19:59,,0.000891266,0,19:59,5,180908,0,
2018-09-08 20:00,,0.000891266,0,20:00,5,180908,0,
2018-09-08 20:01,,0.000891266,0,20:01,5,180908,0,
2018-09-08 20:02,,0.000891266,0,20:02,5,180908,0,
2018-09-08 20:03,,0.000891266,0,20:03,5,180908,0,
2018-09-08 20:04,,0.000891266,0,20:04,5,180908,0,
2018-09-08 20:05,,0.000891266,0,20:05,5,180908,0,
2018-09-08 20:06,,0.000891266,0,20:06,5,180908,0,
2018-09-08 20:07,,0.000891266,0,20:07,5,180908,0,
2018-09-08 20:08,,0.000891266,0,20:08,5,180908,0,
2018-09-08 20:09,,0.000891266,0,20:09,5,180908,0,
2018-09-08 20:10,,0.000891266,0,20:10,5,180908,0,
2018-09-08 20:11,,0.000891266,0,20:11,5,180908,0,
2018-09-08 20:12,,0.000891266,0,20:12,5,180908,0,
2018-09-08 20:13,,0.000891266,0,20:13,5,180908,0,
2018-09-08 20:14,,0.000891266,0,20:14,5,180908,0,
2018-09-08 20:15,,0.000891266,0,20:15,5,180908,0,
2018-09-08 20:16,,0.000891266,0,20:16,5,180908,0,
2018-09-08 20:17,,0.000891266,0,20:17,5,180908,0,
2018-09-08 20:18,,0.000891266,0,20:18,5,180908,0,
2018-09-08 20:19,,0.000891266,0,20:19,5,180908,0,
2018-09-08 20:20,,0.000891266,0,20:20,5,180908,0,
2018-09-08 20:21,,0.000891266,0,20:21,5,180908,0,
2018-09-08 20:22,,0.000891266,0,20:22,5,180908,0,
2018-09-08 20:23,,0.000891266,0,20:23,5,180908,0,
2018-09-08 20:24,,0.000891266,0,20:24,5,180908,0,
2018-09-08 20:25,,0.000891266,0,20:25,5,180908,0,
2018-09-08 20:26,,0.000891266,0,20:26,5,180908,0,
2018-09-08 20:27,,0.000891266,0,20:27,5,180908,0,
2018-09-08 20:28,,0.000891266,0,20:28,5,180908,0,
2018-09-08 20:29,,0.000891266,0,20:29,5,180908,0,
2018-09-08 20:30,,0.000891266,0,20:30,5,180908,0,
2018-09-08 20:31,,0.000891266,0,20:31,5,180908,0,
2018-09-08 20:32,,0.000891266,0,20:32,5,180908,0,
2018-09-08 20:33,,0.000891266,0,20:33,5,180908,0,
2018-09-08 20:34,,0.000891266,0,20:34,5,180908,0,
2018-09-08 20:35,,0.000891266,0,20:35,5,180908,0,
2018-09-08 20:36,,0.000891266,0,20:36,5,180908,0,
2018-09-08 20:37,,0.000891266,0,20:37,5,180908,0,
2018-09-08 20:38,,0.000891266,0,20:38,5,180908,0,
2018-09-08 20:39,,0.000891266,0,20:39,5,180908,0,
2018-09-08 20:40,,0.000891266,0,20:40,5,180908,0,
2018-09-08 20:41,,0.000891266,0,20:41,5,180908,0,
2018-09-08 20:42,,0.000891266,0,20:42,5,180908,0,
2018-09-08 20:43,,0.000891266,0,20:43,5,180908,0,
2018-09-08 20:44,,0.000891266,0,20:44,5,180908,0,
2018-09-08 20:45,,0.000891266,0,20:45,5,180908,0,
2018-09-08 20:46,,0.000891266,0,20:46,5,180908,0,
2018-09-08 20:47,,0.000891266,0,20:47,5,180908,0,
2018-09-08 20:48,,0.000891266,0,20:48,5,180908,0,
2018-09-08 20:49,,0.000891266,0,20:49,5,180908,0,
2018-09-08 20:50,,0.000891266,0,20:50,5,180908,0,
2018-09-08 20:51,,0.000891266,0,20:51,5,180908,0,
2018-09-08 20:52,,0.000891266,0,20:52,5,180908,0,
2018-09-08 20:53,,0.000891266,0,20:53,5,180908,0,
2018-09-08 20:54,,0.000891266,0,20:54,5,180908,0,
2018-09-08 20:55,,0.000891266,0,20:55,5,180908,0,
2018-09-08 20:56,,0.000891266,0,20:56,5,180908,0,
2018-09-08 20:57,,0.000891266,0,20:57,5,180908,0,
2018-09-08 20:58,,0.000891266,0,20:58,5,180908,0,
2018-09-08 20:59,,0.000891266,0,20:59,5,180908,0,
2018-09-08 21:00,,0.000891266,0,21:00,5,180908,0,
2018-09-08 21:01,,0.000891266,0,21:01,5,180908,0,
2018-09-08 21:02,,0.000891266,0,21:02,5,180908,0,
2018-09-08 21:03,,0.000891266,0,21:03,5,180908,0,
2018-09-08 21:04,,0.000891266,0,21:04,5,180908,0,
2018-09-08 21:05,,0.000891266,0,21:05,5,180908,0,
2018-09-08 21:06,,0.000891266,0,21:06,5,180908,0,
2018-09-08 21:07,,0.000891266,0,21:07,5,180908,0,
2018-09-08 21:08,,0.000891266,0,21:08,5,180908,0,
2018-09-08 21:09,,0.000891266,0,21:09,5,180908,0,
2018-09-08 21:10,,0.000891266,0,21:10,5,180908,0,
2018-09-08 21:11,,0.000891266,0,21:11,5,180908,0,
2018-09-08 21:12,,0.000891266,0,21:12,5,180908,0,
2018-09-08 21:13,,0.000891266,0,21:13,5,180908,0,
2018-09-08 21:14,,0.000891266,0,21:14,5,180908,0,
2018-09-08 21:15,,0.000891266,0,21:15,5,180908,0,
2018-09-08 21:16,,0.000891266,0,21:16,5,180908,0,
2018-09-08 21:17,,0.000891266,0,21:17,5,180908,0,
2018-09-08 21:18,,0.000891266,0,21:18,5,180908,0,
2018-09-08 21:19,,0.000891266,0,21:19,5,180908,0,
2018-09-08 21:20,,0.000891266,0,21:20,5,180908,0,
2018-09-08 21:21,,0.000891266,0,21:21,5,180908,0,
2018-09-08 21:22,,0.000891266,0,21:22,5,180908,0,
2018-09-08 21:23,,0.000891266,0,21:23,5,180908,0,
2018-09-08 21:24,,0.000891266,0,21:24,5,180908,0,
2018-09-08 21:25,,0.000891266,0,21:25,5,180908,0,
2018-09-08 21:26,,0.000891266,0,21:26,5,180908,0,
2018-09-08 21:27,,0.000891266,0,21:27,5,180908,0,
2018-09-08 21:28,,0.000891266,0,21:28,5,180908,0,
2018-09-08 21:29,,0.000891266,0,21:29,5,180908,0,
2018-09-08 21:30,,0.000891266,0,21:30,5,180908,0,
2018-09-08 21:31,,0.000891266,0,21:31,5,180908,0,
2018-09-08 21:32,,0.000891266,0,21:32,5,180908,0,
2018-09-08 21:33,,0.000891266,0,21:33,5,180908,0,
2018-09-08 21:34,,0.000891266,0,21:34,5,180908,0,
2018-09-08 21:35,,0.000891266,0,21:35,5,180908,0,
2018-09-08 21:36,,0.000891266,0,21:36,5,180908,0,
2018-09-08 21:37,,0.000891266,0,21:37,5,180908,0,
2018-09-08 21:38,,0.000891266,0,21:38,5,180908,0,
2018-09-08 21:39,,0.000891266,0,21:39,5,180908,0,
2018-09-08 21:40,,0.000891266,0,21:40,5,180908,0,
2018-09-08 21:41,,0.000891266,0,21:41,5,180908,0,
2018-09-08 21:42,,0.000891266,0,21:42,5,180908,0,
2018-09-08 21:43,,0.000891266,0,21:43,5,180908,0,
2018-09-08 21:44,,0.000891266,0,21:44,5,180908,0,
2018-09-08 21:45,,0.000891266,0,21:45,5,180908,0,
2018-09-08 21:46,,0.000891266,0,21:46,5,180908,0,
2018-09-08 21:47,,0.000891266,0,21:47,5,180908,0,
2018-09-08 21:48,,0.000891266,0,21:48,5,180908,0,
2018-09-08 21:49,,0.000891266,0,21:49,5,180908,0,
2018-09-08 21:50,,0.000891266,0,21:50,5,180908,0,
2018-09-08 21:51,,0.000891266,0,21:51,5,180908,0,
2018-09-08 21:52,,0.000891266,0,21:52,5,180908,0,
2018-09-08 21:53,,0.000891266,0,21:53,5,180908,0,
2018-09-08 21:54,,0.000891266,0,21:54,5,180908,0,
2018-09-08 21:55,,0.000891266,0,21:55,5,180908,0,
2018-09-08 21:56,,0.000891266,0,21:56,5,180908,0,
2018-09-08 21:57,,0.000891266,0,21:57,5,180908,0,
2018-09-08 21:58,,0.000891266,0,21:58,5,180908,0,
2018-09-08 21:59,,0.000891266,0,21:59,5,180908,0,
2018-09-08 22:00,,0.000891266,0,22:00,5,180908,0,
2018-09-08 22:01,,0.000891266,0,22:01,5,180908,0,
2018-09-08 22:02,,0.000891266,0,22:02,5,180908,0,
2018-09-08 22:03,,0.000891266,0,22:03,5,180908,0,
2018-09-08 22:04,,0.000891266,0,22:04,5,180908,0,
2018-09-08 22:05,,0.000891266,0,22:05,5,180908,0,
2018-09-08 22:06,,0.000891266,0,22:06,5,180908,0,
2018-09-08 22:07,,0.000891266,0,22:07,5,180908,0,
2018-09-08 22:08,,0.000891266,0,22:08,5,180908,0,
2018-09-08 22:09,,0.000891266,0,22:09,5,180908,0,
2018-09-08 22:10,,0.000891266,0,22:10,5,180908,0,
2018-09-08 22:11,,0.000891266,0,22:11,5,180908,0,
2018-09-08 22:12,,0.000891266,0,22:12,5,180908,0,
2018-09-08 22:13,,0.000891266,0,22:13,5,180908,0,
2018-09-08 22:14,,0.000891266,0,22:14,5,180908,0,
2018-09-08 22:15,,0.000891266,0,22:15,5,180908,0,
2018-09-08 22:16,,0.000891266,0,22:16,5,180908,0,
2018-09-08 22:17,,0.000891266,0,22:17,5,180908,0,
2018-09-08 22:18,,0.000891266,0,22:18,5,180908,0,
2018-09-08 22:19,,0.000891266,0,22:19,5,180908,0,
2018-09-08 22:20,,0.000891266,0,22:20,5,180908,0,
2018-09-08 22:21,,0.000891266,0,22:21,5,180908,0,
2018-09-08 22:22,,0.000891266,0,22:22,5,180908,0,
2018-09-08 22:23,,0.000891266,0,22:23,5,180908,0,
2018-09-08 22:24,,0.000891266,0,22:24,5,180908,0,
2018-09-08 22:25,,0.000891266,0,22:25,5,180908,0,
2018-09-08 22:26,,0.000891266,0,22:26,5,180908,0,
2018-09-08 22:27,,0.000891266,0,22:27,5,180908,0,
2018-09-08 22:28,,0.000891266,0,22:28,5,180908,0,
2018-09-08 22:29,,0.000891266,0,22:29,5,180908,0,
2018-09-08 22:30,,0.000891266,0,22:30,5,180908,0,
2018-09-08 22:31,,0.000891266,0,22:31,5,180908,0,
2018-09-08 22:32,,0.000891266,0,22:32,5,180908,0,
2018-09-08 22:33,,0.000891266,0,22:33,5,180908,0,
2018-09-08 22:34,,0.000891266,0,22:34,5,180908,0,
2018-09-08 22:35,,0.000891266,0,22:35,5,180908,0,
2018-09-08 22:36,,0.000891266,0,22:36,5,180908,0,
2018-09-08 22:37,,0.000891266,0,22:37,5,180908,0,
2018-09-08 22:38,,0.000891266,0,22:38,5,180908,0,
2018-09-08 22:39,,0.000891266,0,22:39,5,180908,0,
2018-09-08 22:40,,0.000891266,0,22:40,5,180908,0,
2018-09-08 22:41,,0.000891266,0,22:41,5,180908,0,
2018-09-08 22:42,,0.000891266,0,22:42,5,180908,0,
2018-09-08 22:43,,0.000891266,0,22:43,5,180908,0,
2018-09-08 22:44,,0.000891266,0,22:44,5,180908,0,
2018-09-08 22:45,,0.000891266,0,22:45,5,180908,0,
2018-09-08 22:46,,0.000891266,0,22:46,5,180908,0,
2018-09-08 22:47,,0.000891266,0,22:47,5,180908,0,
2018-09-08 22:48,,0.000891266,0,22:48,5,180908,0,
2018-09-08 22:49,,0.000891266,0,22:49,5,180908,0,
2018-09-08 22:50,,0.000891266,0,22:50,5,180908,0,
2018-09-08 22:51,,0.000891266,0,22:51,5,180908,0,
2018-09-08 22:52,,0.000891266,0,22:52,5,180908,0,
2018-09-08 22:53,,0.000891266,0,22:53,5,180908,0,
2018-09-08 22:54,,0.000891266,0,22:54,5,180908,0,
2018-09-08 22:55,,0.000891266,0,22:55,5,180908,0,
2018-09-08 22:56,,0.000891266,0,22:56,5,180908,0,
2018-09-08 22:57,,0.000891266,0,22:57,5,180908,0,
2018-09-08 22:58,,0.000891266,0,22:58,5,180908,0,
2018-09-08 22:59,,0.000891266,0,22:59,5,180908,0,
2018-09-08 23:00,,0.000891266,0,23:00,5,180908,0,
2018-09-08 23:01,,0.000891266,0,23:01,5,180908,0,
2018-09-08 23:02,,0.000891266,0,23:02,5,180908,0,
2018-09-08 23:03,,0.000891266,0,23:03,5,180908,0,
2018-09-08 23:04,,0.000891266,0,23:04,5,180908,0,
2018-09-08 23:05,,0.000891266,0,23:05,5,180908,0,
2018-09-08 23:06,,0.000891266,0,23:06,5,180908,0,
2018-09-08 23:07,,0.000891266,0,23:07,5,180908,0,
2018-09-08 23:08,,0.000891266,0,23:08,5,180908,0,
2018-09-08 23:09,,0.000891266,0,23:09,5,180908,0,
2018-09-08 23:10,,0.000891266,0,23:10,5,180908,0,
2018-09-08 23:11,,0.000891266,0,23:11,5,180908,0,
2018-09-08 23:12,,0.000891266,0,23:12,5,180908,0,
2018-09-08 23:13,,0.000891266,0,23:13,5,180908,0,
2018-09-08 23:14,,0.000891266,0,23:14,5,180908,0,
2018-09-08 23:15,,0.000891266,0,23:15,5,180908,0,
2018-09-08 23:16,,0.000891266,0,23:16,5,180908,0,
2018-09-08 23:17,,0.000891266,0,23:17,5,180908,0,
2018-09-08 23:18,,0.000891266,0,23:18,5,180908,0,
2018-09-08 23:19,,0.000891266,0,23:19,5,180908,0,
2018-09-08 23:20,,0.000891266,0,23:20,5,180908,0,
2018-09-08 23:21,,0.000891266,0,23:21,5,180908,0,
2018-09-08 23:22,,0.000891266,0,23:22,5,180908,0,
2018-09-08 23:23,,0.000891266,0,23:23,5,180908,0,
2018-09-08 23:24,,0.000891266,0,23:24,5,180908,0,
2018-09-08 23:25,,0.000891266,0,23:25,5,180908,0,
2018-09-08 23:26,,0.000891266,0,23:26,5,180908,0,
2018-09-08 23:27,,0.000891266,0,23:27,5,180908,0,
2018-09-08 23:28,,0.000891266,0,23:28,5,180908,0,
2018-09-08 23:29,,0.000891266,0,23:29,5,180908,0,
2018-09-08 23:30,,0.000891266,0,23:30,5,180908,0,
2018-09-08 23:31,,0.000891266,0,23:31,5,180908,0,
2018-09-08 23:32,,0.000891266,0,23:32,5,180908,0,
2018-09-08 23:33,,0.000891266,0,23:33,5,180908,0,
2018-09-08 23:34,,0.000891266,0,23:34,5,180908,0,
2018-09-08 23:35,,0.000891266,0,23:35,5,180908,0,
2018-09-08 23:36,,0.000891266,0,23:36,5,180908,0,
2018-09-08 23:37,,0.000891266,0,23:37,5,180908,0,
2018-09-08 23:38,,0.000891266,0,23:38,5,180908,0,
2018-09-08 23:39,,0.000891266,0,23:39,5,180908,0,
2018-09-08 23:40,,0.000891266,0,23:40,5,180908,0,
2018-09-08 23:41,,0.000891266,0,23:41,5,180908,0,
2018-09-08 23:42,,0.000891266,0,23:42,5,180908,0,
2018-09-08 23:43,,0.000891266,0,23:43,5,180908,0,
2018-09-08 23:44,,0.000891266,0,23:44,5,180908,0,
2018-09-08 23:45,,0.000891266,0,23:45,5,180908,0,
2018-09-08 23:46,,0.000891266,0,23:46,5,180908,0,
2018-09-08 23:47,,0.000891266,0,23:47,5,180908,0,
2018-09-08 23:48,,0.000891266,0,23:48,5,180908,0,
2018-09-08 23:49,,0.000891266,0,23:49,5,180908,0,
2018-09-08 23:50,,0.000891266,0,23:50,5,180908,0,
2018-09-08 23:51,,0.000891266,0,23:51,5,180908,0,
2018-09-08 23:52,,0.000891266,0,23:52,5,180908,0,
2018-09-08 23:53,,0.000891266,0,23:53,5,180908,0,
2018-09-08 23:54,,0.000891266,0,23:54,5,180908,0,
2018-09-08 23:55,,0.000891266,0,23:55,5,180908,0,
2018-09-08 23:56,,0.000891266,0,23:56,5,180908,0,
2018-09-08 23:57,,0.000891266,0,23:57,5,180908,0,
2018-09-08 23:58,,0.000891266,0,23:58,5,180908,0,
2018-09-08 23:59,,0.000891266,0,23:59,5,180908,0,
2018-09-09 0:00,,0.000891266,0,0:00,6,180909,0,
2018-09-09 0:01,,0.000891266,0,0:01,6,180909,0,
2018-09-09 0:02,,0.000891266,0,0:02,6,180909,0,
2018-09-09 0:03,,0.000891266,0,0:03,6,180909,0,
2018-09-09 0:04,,0.000891266,0,0:04,6,180909,0,
2018-09-09 0:05,,0.000891266,0,0:05,6,180909,0,
2018-09-09 0:06,,0.000891266,0,0:06,6,180909,0,
2018-09-09 0:07,,0.000891266,0,0:07,6,180909,0,
2018-09-09 0:08,,0.000891266,0,0:08,6,180909,0,
2018-09-09 0:09,,0.000891266,0,0:09,6,180909,0,
2018-09-09 0:10,,0.000891266,0,0:10,6,180909,0,
2018-09-09 0:11,,0.000891266,0,0:11,6,180909,0,
2018-09-09 0:12,,0.000891266,0,0:12,6,180909,0,
2018-09-09 0:13,,0.000891266,0,0:13,6,180909,0,
2018-09-09 0:14,,0.000891266,0,0:14,6,180909,0,
2018-09-09 0:15,,0.000891266,0,0:15,6,180909,0,
2018-09-09 0:16,,0.000891266,0,0:16,6,180909,0,
2018-09-09 0:17,,0.000891266,0,0:17,6,180909,0,
2018-09-09 0:18,,0.000891266,0,0:18,6,180909,0,
2018-09-09 0:19,,0.000891266,0,0:19,6,180909,0,
2018-09-09 0:20,,0.000891266,0,0:20,6,180909,0,
2018-09-09 0:21,,0.000891266,0,0:21,6,180909,0,
2018-09-09 0:22,,0.000891266,0,0:22,6,180909,0,
2018-09-09 0:23,,0.000891266,0,0:23,6,180909,0,
2018-09-09 0:24,,0.000891266,0,0:24,6,180909,0,
2018-09-09 0:25,,0.000891266,0,0:25,6,180909,0,
2018-09-09 0:26,,0.000891266,0,0:26,6,180909,0,
2018-09-09 0:27,,0.000891266,0,0:27,6,180909,0,
2018-09-09 0:28,,0.000891266,0,0:28,6,180909,0,
2018-09-09 0:29,,0.000891266,0,0:29,6,180909,0,
2018-09-09 0:30,,0.000891266,0,0:30,6,180909,0,
2018-09-09 0:31,,0.000891266,0,0:31,6,180909,0,
2018-09-09 0:32,,0.000891266,0,0:32,6,180909,0,
2018-09-09 0:33,,0.000891266,0,0:33,6,180909,0,
2018-09-09 0:34,,0.000891266,0,0:34,6,180909,0,
2018-09-09 0:35,,0.000891266,0,0:35,6,180909,0,
2018-09-09 0:36,,0.000891266,0,0:36,6,180909,0,
2018-09-09 0:37,,0.000891266,0,0:37,6,180909,0,
2018-09-09 0:38,,0.000891266,0,0:38,6,180909,0,
2018-09-09 0:39,,0.000891266,0,0:39,6,180909,0,
2018-09-09 0:40,,0.000891266,0,0:40,6,180909,0,
2018-09-09 0:41,,0.000891266,0,0:41,6,180909,0,
2018-09-09 0:42,,0.000891266,0,0:42,6,180909,0,
2018-09-09 0:43,,0.000891266,0,0:43,6,180909,0,
2018-09-09 0:44,,0.000891266,0,0:44,6,180909,0,
2018-09-09 0:45,,0.000891266,0,0:45,6,180909,0,
2018-09-09 0:46,,0.000891266,0,0:46,6,180909,0,
2018-09-09 0:47,,0.000891266,0,0:47,6,180909,0,
2018-09-09 0:48,,0.000891266,0,0:48,6,180909,0,
2018-09-09 0:49,,0.000891266,0,0:49,6,180909,0,
2018-09-09 0:50,,0.000891266,0,0:50,6,180909,0,
2018-09-09 0:51,,0.000891266,0,0:51,6,180909,0,
2018-09-09 0:52,,0.000891266,0,0:52,6,180909,0,
2018-09-09 0:53,,0.000891266,0,0:53,6,180909,0,
2018-09-09 0:54,,0.000891266,0,0:54,6,180909,0,
2018-09-09 0:55,,0.000891266,0,0:55,6,180909,0,
2018-09-09 0:56,,0.000891266,0,0:56,6,180909,0,
2018-09-09 0:57,,0.000891266,0,0:57,6,180909,0,
2018-09-09 0:58,,0.000891266,0,0:58,6,180909,0,
2018-09-09 0:59,,0.000891266,0,0:59,6,180909,0,
2018-09-09 1:00,,0.000891266,0,1:00,6,180909,0,
2018-09-09 1:01,,0.000891266,0,1:01,6,180909,0,
2018-09-09 1:02,,0.000891266,0,1:02,6,180909,0,
2018-09-09 1:03,,0.000891266,0,1:03,6,180909,0,
2018-09-09 1:04,,0.000891266,0,1:04,6,180909,0,
2018-09-09 1:05,,0.000891266,0,1:05,6,180909,0,
2018-09-09 1:06,,0.000891266,0,1:06,6,180909,0,
2018-09-09 1:07,,0.000891266,0,1:07,6,180909,0,
2018-09-09 1:08,,0.000891266,0,1:08,6,180909,0,
2018-09-09 1:09,,0.000891266,0,1:09,6,180909,0,
2018-09-09 1:10,,0.000891266,0,1:10,6,180909,0,
2018-09-09 1:11,,0.000891266,0,1:11,6,180909,0,
2018-09-09 1:12,,0.000891266,0,1:12,6,180909,0,
2018-09-09 1:13,,0.000891266,0,1:13,6,180909,0,
2018-09-09 1:14,,0.000891266,0,1:14,6,180909,0,
2018-09-09 1:15,,0.000891266,0,1:15,6,180909,0,
2018-09-09 1:16,,0.000891266,0,1:16,6,180909,0,
2018-09-09 1:17,,0.000891266,0,1:17,6,180909,0,
2018-09-09 1:18,,0.000891266,0,1:18,6,180909,0,
2018-09-09 1:19,,0.000891266,0,1:19,6,180909,0,
2018-09-09 1:20,,0.000891266,0,1:20,6,180909,0,
2018-09-09 1:21,,0.000891266,0,1:21,6,180909,0,
2018-09-09 1:22,,0.000891266,0,1:22,6,180909,0,
2018-09-09 1:23,,0.000891266,0,1:23,6,180909,0,
2018-09-09 1:24,,0.000891266,0,1:24,6,180909,0,
2018-09-09 1:25,,0.000891266,0,1:25,6,180909,0,
2018-09-09 1:26,,0.000891266,0,1:26,6,180909,0,
2018-09-09 1:27,,0.000891266,0,1:27,6,180909,0,
2018-09-09 1:28,,0.000891266,0,1:28,6,180909,0,
2018-09-09 1:29,,0.000891266,0,1:29,6,180909,0,
2018-09-09 1:30,,0.000891266,0,1:30,6,180909,0,
2018-09-09 1:31,,0.000891266,0,1:31,6,180909,0,
2018-09-09 1:32,,0.000891266,0,1:32,6,180909,0,
2018-09-09 1:33,,0.000891266,0,1:33,6,180909,0,
2018-09-09 1:34,,0.000891266,0,1:34,6,180909,0,
2018-09-09 1:35,,0.000891266,0,1:35,6,180909,0,
2018-09-09 1:36,,0.000891266,0,1:36,6,180909,0,
2018-09-09 1:37,,0.000891266,0,1:37,6,180909,0,
2018-09-09 1:38,,0.000891266,0,1:38,6,180909,0,
2018-09-09 1:39,,0.000891266,0,1:39,6,180909,0,
2018-09-09 1:40,,0.000891266,0,1:40,6,180909,0,
2018-09-09 1:41,,0.000891266,0,1:41,6,180909,0,
2018-09-09 1:42,,0.000891266,0,1:42,6,180909,0,
2018-09-09 1:43,,0.000891266,0,1:43,6,180909,0,
2018-09-09 1:44,,0.000891266,0,1:44,6,180909,0,
2018-09-09 1:45,,0.000891266,0,1:45,6,180909,0,
2018-09-09 1:46,,0.000891266,0,1:46,6,180909,0,
2018-09-09 1:47,,0.000891266,0,1:47,6,180909,0,
2018-09-09 1:48,,0.000891266,0,1:48,6,180909,0,
2018-09-09 1:49,,0.000891266,0,1:49,6,180909,0,
2018-09-09 1:50,,0.000891266,0,1:50,6,180909,0,
2018-09-09 1:51,,0.000891266,0,1:51,6,180909,0,
2018-09-09 1:52,,0.000891266,0,1:52,6,180909,0,
2018-09-09 1:53,,0.000891266,0,1:53,6,180909,0,
2018-09-09 1:54,,0.000891266,0,1:54,6,180909,0,
2018-09-09 1:55,,0.000891266,0,1:55,6,180909,0,
2018-09-09 1:56,,0.000891266,0,1:56,6,180909,0,
2018-09-09 1:57,,0.000891266,0,1:57,6,180909,0,
2018-09-09 1:58,,0.000891266,0,1:58,6,180909,0,
2018-09-09 1:59,,0.000891266,0,1:59,6,180909,0,
2018-09-09 2:00,,0.000891266,0,2:00,6,180909,0,
2018-09-09 2:01,,0.000891266,0,2:01,6,180909,0,
2018-09-09 2:02,,0.000891266,0,2:02,6,180909,0,
2018-09-09 2:03,,0.000891266,0,2:03,6,180909,0,
2018-09-09 2:04,,0.000891266,0,2:04,6,180909,0,
2018-09-09 2:05,,0.000891266,0,2:05,6,180909,0,
2018-09-09 2:06,,0.000891266,0,2:06,6,180909,0,
2018-09-09 2:07,,0.000891266,0,2:07,6,180909,0,
2018-09-09 2:08,,0.000891266,0,2:08,6,180909,0,
2018-09-09 2:09,,0.000891266,0,2:09,6,180909,0,
2018-09-09 2:10,,0.000891266,0,2:10,6,180909,0,
2018-09-09 2:11,,0.000891266,0,2:11,6,180909,0,
2018-09-09 2:12,,0.000891266,0,2:12,6,180909,0,
2018-09-09 2:13,,0.000891266,0,2:13,6,180909,0,
2018-09-09 2:14,,0.000891266,0,2:14,6,180909,0,
2018-09-09 2:15,,0.000891266,0,2:15,6,180909,0,
2018-09-09 2:16,,0.000891266,0,2:16,6,180909,0,
2018-09-09 2:17,,0.000891266,0,2:17,6,180909,0,
2018-09-09 2:18,,0.000891266,0,2:18,6,180909,0,
2018-09-09 2:19,,0.000891266,0,2:19,6,180909,0,
2018-09-09 2:20,,0.000891266,0,2:20,6,180909,0,
2018-09-09 2:21,,0.000891266,0,2:21,6,180909,0,
2018-09-09 2:22,,0.000891266,0,2:22,6,180909,0,
2018-09-09 2:23,,0.000891266,0,2:23,6,180909,0,
2018-09-09 2:24,,0.000891266,0,2:24,6,180909,0,
2018-09-09 2:25,,0.000891266,0,2:25,6,180909,0,
2018-09-09 2:26,,0.000891266,0,2:26,6,180909,0,
2018-09-09 2:27,,0.000891266,0,2:27,6,180909,0,
2018-09-09 2:28,,0.000891266,0,2:28,6,180909,0,
2018-09-09 2:29,,0.000891266,0,2:29,6,180909,0,
2018-09-09 2:30,,0.000891266,0,2:30,6,180909,0,
2018-09-09 2:31,,0.000891266,0,2:31,6,180909,0,
2018-09-09 2:32,,0.000891266,0,2:32,6,180909,0,
2018-09-09 2:33,,0.000891266,0,2:33,6,180909,0,
2018-09-09 2:34,,0.000891266,0,2:34,6,180909,0,
2018-09-09 2:35,,0.000891266,0,2:35,6,180909,0,
2018-09-09 2:36,,0.000891266,0,2:36,6,180909,0,
2018-09-09 2:37,,0.000891266,0,2:37,6,180909,0,
2018-09-09 2:38,,0.000891266,0,2:38,6,180909,0,
2018-09-09 2:39,,0.000891266,0,2:39,6,180909,0,
2018-09-09 2:40,,0.000891266,0,2:40,6,180909,0,
2018-09-09 2:41,,0.000891266,0,2:41,6,180909,0,
2018-09-09 2:42,,0.000891266,0,2:42,6,180909,0,
2018-09-09 2:43,,0.000891266,0,2:43,6,180909,0,
2018-09-09 2:44,,0.000891266,0,2:44,6,180909,0,
2018-09-09 2:45,,0.000891266,0,2:45,6,180909,0,
2018-09-09 2:46,,0.000891266,0,2:46,6,180909,0,
2018-09-09 2:47,,0.000891266,0,2:47,6,180909,0,
2018-09-09 2:48,,0.000891266,0,2:48,6,180909,0,
2018-09-09 2:49,,0.000891266,0,2:49,6,180909,0,
2018-09-09 2:50,,0.000891266,0,2:50,6,180909,0,
2018-09-09 2:51,,0.000891266,0,2:51,6,180909,0,
2018-09-09 2:52,,0.000891266,0,2:52,6,180909,0,
2018-09-09 2:53,,0.000891266,0,2:53,6,180909,0,
2018-09-09 2:54,,0.000891266,0,2:54,6,180909,0,
2018-09-09 2:55,,0.000891266,0,2:55,6,180909,0,
2018-09-09 2:56,,0.000891266,0,2:56,6,180909,0,
2018-09-09 2:57,,0.000891266,0,2:57,6,180909,0,
2018-09-09 2:58,,0.000891266,0,2:58,6,180909,0,
2018-09-09 2:59,,0.000891266,0,2:59,6,180909,0,
2018-09-09 3:00,,0.000891266,0,3:00,6,180909,0,
2018-09-09 3:01,,0.000891266,0,3:01,6,180909,0,
2018-09-09 3:02,,0.000891266,0,3:02,6,180909,0,
2018-09-09 3:03,,0.000891266,0,3:03,6,180909,0,
2018-09-09 3:04,,0.000891266,0,3:04,6,180909,0,
2018-09-09 3:05,,0.000891266,0,3:05,6,180909,0,
2018-09-09 3:06,,0.000891266,0,3:06,6,180909,0,
2018-09-09 3:07,,0.000891266,0,3:07,6,180909,0,
2018-09-09 3:08,,0.000891266,0,3:08,6,180909,0,
2018-09-09 3:09,,0.000891266,0,3:09,6,180909,0,
2018-09-09 3:10,,0.000891266,0,3:10,6,180909,0,
2018-09-09 3:11,,0.000891266,0,3:11,6,180909,0,
2018-09-09 3:12,,0.000891266,0,3:12,6,180909,0,
2018-09-09 3:13,,0.000891266,0,3:13,6,180909,0,
2018-09-09 3:14,,0.000891266,0,3:14,6,180909,0,
2018-09-09 3:15,,0.000891266,0,3:15,6,180909,0,
2018-09-09 3:16,,0.000891266,0,3:16,6,180909,0,
2018-09-09 3:17,,0.000891266,0,3:17,6,180909,0,
2018-09-09 3:18,,0.000891266,0,3:18,6,180909,0,
2018-09-09 3:19,,0.000891266,0,3:19,6,180909,0,
2018-09-09 3:20,,0.000891266,0,3:20,6,180909,0,
2018-09-09 3:21,,0.000891266,0,3:21,6,180909,0,
2018-09-09 3:22,,0.000891266,0,3:22,6,180909,0,
2018-09-09 3:23,,0.000891266,0,3:23,6,180909,0,
2018-09-09 3:24,,0.000891266,0,3:24,6,180909,0,
2018-09-09 3:25,,0.000891266,0,3:25,6,180909,0,
2018-09-09 3:26,,0.000891266,0,3:26,6,180909,0,
2018-09-09 3:27,,0.000891266,0,3:27,6,180909,0,
2018-09-09 3:28,,0.000891266,0,3:28,6,180909,0,
2018-09-09 3:29,,0.000891266,0,3:29,6,180909,0,
2018-09-09 3:30,,0.000891266,0,3:30,6,180909,0,
2018-09-09 3:31,,0.000891266,0,3:31,6,180909,0,
2018-09-09 3:32,,0.000891266,0,3:32,6,180909,0,
2018-09-09 3:33,,0.000891266,0,3:33,6,180909,0,
2018-09-09 3:34,,0.000891266,0,3:34,6,180909,0,
2018-09-09 3:35,,0.000891266,0,3:35,6,180909,0,
2018-09-09 3:36,,0.000891266,0,3:36,6,180909,0,
2018-09-09 3:37,,0.000891266,0,3:37,6,180909,0,
2018-09-09 3:38,,0.000891266,0,3:38,6,180909,0,
2018-09-09 3:39,,0.000891266,0,3:39,6,180909,0,
2018-09-09 3:40,,0.000891266,0,3:40,6,180909,0,
2018-09-09 3:41,,0.000891266,0,3:41,6,180909,0,
2018-09-09 3:42,,0.000891266,0,3:42,6,180909,0,
2018-09-09 3:43,,0.000891266,0,3:43,6,180909,0,
2018-09-09 3:44,,0.000891266,0,3:44,6,180909,0,
2018-09-09 3:45,,0.000891266,0,3:45,6,180909,0,
2018-09-09 3:46,,0.000891266,0,3:46,6,180909,0,
2018-09-09 3:47,,0.000891266,0,3:47,6,180909,0,
2018-09-09 3:48,,0.000891266,0,3:48,6,180909,0,
2018-09-09 3:49,,0.000891266,0,3:49,6,180909,0,
2018-09-09 3:50,,0.000891266,0,3:50,6,180909,0,
2018-09-09 3:51,,0.000891266,0,3:51,6,180909,0,
2018-09-09 3:52,,0.000891266,0,3:52,6,180909,0,
2018-09-09 3:53,,0.000891266,0,3:53,6,180909,0,
2018-09-09 3:54,,0.000891266,0,3:54,6,180909,0,
2018-09-09 3:55,,0.000891266,0,3:55,6,180909,0,
2018-09-09 3:56,,0.000891266,0,3:56,6,180909,0,
2018-09-09 3:57,,0.000891266,0,3:57,6,180909,0,
2018-09-09 3:58,,0.000891266,0,3:58,6,180909,0,
2018-09-09 3:59,,0.000891266,0,3:59,6,180909,0,
2018-09-09 4:00,,0.000891266,0,4:00,6,180909,0,
2018-09-09 4:01,,0.000891266,0,4:01,6,180909,0,
2018-09-09 4:02,,0.000891266,0,4:02,6,180909,0,
2018-09-09 4:03,,0.000891266,0,4:03,6,180909,0,
2018-09-09 4:04,,0.000891266,0,4:04,6,180909,0,
2018-09-09 4:05,,0.000891266,0,4:05,6,180909,0,
2018-09-09 4:06,,0.000891266,0,4:06,6,180909,0,
2018-09-09 4:07,,0.000891266,0,4:07,6,180909,0,
2018-09-09 4:08,,0.000891266,0,4:08,6,180909,0,
2018-09-09 4:09,,0.000891266,0,4:09,6,180909,0,
2018-09-09 4:10,,0.000891266,0,4:10,6,180909,0,
2018-09-09 4:11,,0.000891266,0,4:11,6,180909,0,
2018-09-09 4:12,,0.000891266,0,4:12,6,180909,0,
2018-09-09 4:13,,0.000891266,0,4:13,6,180909,0,
2018-09-09 4:14,,0.000891266,0,4:14,6,180909,0,
2018-09-09 4:15,,0.000891266,0,4:15,6,180909,0,
2018-09-09 4:16,,0.000891266,0,4:16,6,180909,0,
2018-09-09 4:17,,0.000891266,0,4:17,6,180909,0,
2018-09-09 4:18,,0.000891266,0,4:18,6,180909,0,
2018-09-09 4:19,,0.000891266,0,4:19,6,180909,0,
2018-09-09 4:20,,0.000891266,0,4:20,6,180909,0,
2018-09-09 4:21,,0.000891266,0,4:21,6,180909,0,
2018-09-09 4:22,,0.000891266,0,4:22,6,180909,0,
2018-09-09 4:23,,0.000891266,0,4:23,6,180909,0,
2018-09-09 4:24,,0.000891266,0,4:24,6,180909,0,
2018-09-09 4:25,,0.000891266,0,4:25,6,180909,0,
2018-09-09 4:26,,0.000891266,0,4:26,6,180909,0,
2018-09-09 4:27,,0.000891266,0,4:27,6,180909,0,
2018-09-09 4:28,,0.000891266,0,4:28,6,180909,0,
2018-09-09 4:29,,0.000891266,0,4:29,6,180909,0,
2018-09-09 4:30,,0.000891266,0,4:30,6,180909,0,
2018-09-09 4:31,,0.000891266,0,4:31,6,180909,0,
2018-09-09 4:32,,0.000891266,0,4:32,6,180909,0,
2018-09-09 4:33,,0.000891266,0,4:33,6,180909,0,
2018-09-09 4:34,,0.000891266,0,4:34,6,180909,0,
2018-09-09 4:35,,0.000891266,0,4:35,6,180909,0,
2018-09-09 4:36,,0.000891266,0,4:36,6,180909,0,
2018-09-09 4:37,,0.000891266,0,4:37,6,180909,0,
2018-09-09 4:38,,0.000891266,0,4:38,6,180909,0,
2018-09-09 4:39,,0.000891266,0,4:39,6,180909,0,
2018-09-09 4:40,,0.000891266,0,4:40,6,180909,0,
2018-09-09 4:41,,0.000891266,0,4:41,6,180909,0,
2018-09-09 4:42,,0.000891266,0,4:42,6,180909,0,
2018-09-09 4:43,,0.000891266,0,4:43,6,180909,0,
2018-09-09 4:44,,0.000891266,0,4:44,6,180909,0,
2018-09-09 4:45,,0.000891266,0,4:45,6,180909,0,
2018-09-09 4:46,,0.000891266,0,4:46,6,180909,0,
2018-09-09 4:47,,0.000891266,0,4:47,6,180909,0,
2018-09-09 4:48,,0.000891266,0,4:48,6,180909,0,
2018-09-09 4:49,,0.000891266,0,4:49,6,180909,0,
2018-09-09 4:50,,0.000891266,0,4:50,6,180909,0,
2018-09-09 4:51,,0.000891266,0,4:51,6,180909,0,
2018-09-09 4:52,,0.000891266,0,4:52,6,180909,0,
2018-09-09 4:53,,0.000891266,0,4:53,6,180909,0,
2018-09-09 4:54,,0.000891266,0,4:54,6,180909,0,
2018-09-09 4:55,,0.000891266,0,4:55,6,180909,0,
2018-09-09 4:56,,0.000891266,0,4:56,6,180909,0,
2018-09-09 4:57,,0.000891266,0,4:57,6,180909,0,
2018-09-09 4:58,,0.000891266,0,4:58,6,180909,0,
2018-09-09 4:59,,0.000891266,0,4:59,6,180909,0,
2018-09-09 5:00,,0.000891266,0,5:00,6,180909,0,
2018-09-09 5:01,,0.000891266,0,5:01,6,180909,0,
2018-09-09 5:02,,0.000891266,0,5:02,6,180909,0,
2018-09-09 5:03,,0.000891266,0,5:03,6,180909,0,
2018-09-09 5:04,,0.000891266,0,5:04,6,180909,0,
2018-09-09 5:05,,0.000891266,0,5:05,6,180909,0,
2018-09-09 5:06,,0.000891266,0,5:06,6,180909,0,
2018-09-09 5:07,,0.000891266,0,5:07,6,180909,0,
2018-09-09 5:08,,0.000891266,0,5:08,6,180909,0,
2018-09-09 5:09,,0.000891266,0,5:09,6,180909,0,
2018-09-09 5:10,,0.000891266,0,5:10,6,180909,0,
2018-09-09 5:11,,0.000891266,0,5:11,6,180909,0,
2018-09-09 5:12,,0.000891266,0,5:12,6,180909,0,
2018-09-09 5:13,,0.000891266,0,5:13,6,180909,0,
2018-09-09 5:14,,0.000891266,0,5:14,6,180909,0,
2018-09-09 5:15,,0.000891266,0,5:15,6,180909,0,
2018-09-09 5:16,,0.000891266,0,5:16,6,180909,0,
2018-09-09 5:18,,0.000891266,0,5:18,6,180909,0,
2018-09-09 5:19,,0.000891266,0,5:19,6,180909,0,
2018-09-09 5:20,,0.000891266,0,5:20,6,180909,0,
2018-09-09 5:21,,0.000891266,0,5:21,6,180909,0,
2018-09-09 5:22,,0.000891266,0,5:22,6,180909,0,
2018-09-09 5:23,,0.000891266,0,5:23,6,180909,0,
2018-09-09 5:24,,0.000891266,0,5:24,6,180909,0,
2018-09-09 5:25,,0.000891266,0,5:25,6,180909,0,
2018-09-09 5:26,,0.000891266,0,5:26,6,180909,0,
2018-09-09 5:27,,0.000891266,0,5:27,6,180909,0,
2018-09-09 5:28,,0.000891266,0,5:28,6,180909,0,
2018-09-09 5:29,,0.000891266,0,5:29,6,180909,0,
2018-09-09 5:30,,0.000891266,0,5:30,6,180909,0,
2018-09-09 5:31,,0.000891266,0,5:31,6,180909,0,
2018-09-09 5:32,,0.000891266,0,5:32,6,180909,0,
2018-09-09 5:33,,0.000891266,0,5:33,6,180909,0,
2018-09-09 5:34,,0.000891266,0,5:34,6,180909,0,
2018-09-09 5:35,,0.000891266,0,5:35,6,180909,0,
2018-09-09 5:36,,0.000891266,0,5:36,6,180909,0,
2018-09-09 5:37,,0.000891266,0,5:37,6,180909,0,
2018-09-09 5:38,,0.000891266,0,5:38,6,180909,0,
2018-09-09 5:39,,0.000891266,0,5:39,6,180909,0,
2018-09-09 5:40,,0.000891266,0,5:40,6,180909,0,
2018-09-09 5:41,,0.000891266,0,5:41,6,180909,0,
2018-09-09 5:42,,0.000891266,0,5:42,6,180909,0,
2018-09-09 5:43,,0.000891266,0,5:43,6,180909,0,
2018-09-09 5:44,,0.000891266,0,5:44,6,180909,0,
2018-09-09 5:45,,0.000891266,0,5:45,6,180909,0,
2018-09-09 5:46,,0.000891266,0,5:46,6,180909,0,
2018-09-09 5:47,,0.000891266,0,5:47,6,180909,0,
2018-09-09 5:48,,0.000891266,0,5:48,6,180909,0,
2018-09-09 5:49,,0.000891266,0,5:49,6,180909,0,
2018-09-09 5:50,,0.000891266,0,5:50,6,180909,0,
2018-09-09 5:51,,0.000891266,0,5:51,6,180909,0,
2018-09-09 5:52,,0.000891266,0,5:52,6,180909,0,
2018-09-09 5:53,,0.000891266,0,5:53,6,180909,0,
2018-09-09 5:54,,0.000891266,0,5:54,6,180909,0,
2018-09-09 5:55,,0.000891266,0,5:55,6,180909,0,
2018-09-09 5:56,,0.000891266,0,5:56,6,180909,0,
2018-09-09 5:57,,0.000891266,0,5:57,6,180909,0,
2018-09-09 5:58,,0.000891266,0,5:58,6,180909,0,
2018-09-09 5:59,,0.000891266,0,5:59,6,180909,0,
2018-09-09 6:00,,0.000891266,0,6:00,6,180909,0,
2018-09-09 6:01,,0.000891266,0,6:01,6,180909,0,
2018-09-09 6:02,,0.000891266,0,6:02,6,180909,0,
2018-09-09 6:03,,0.000891266,0,6:03,6,180909,0,
2018-09-09 6:04,,0.000891266,0,6:04,6,180909,0,
2018-09-09 6:05,,0.000891266,0,6:05,6,180909,0,
2018-09-09 6:06,,0.000891266,0,6:06,6,180909,0,
2018-09-09 6:07,,0.000891266,0,6:07,6,180909,0,
2018-09-09 6:08,,0.000891266,0,6:08,6,180909,0,
2018-09-09 6:09,,0.000891266,0,6:09,6,180909,0,
2018-09-09 6:10,,0.000891266,0,6:10,6,180909,0,
2018-09-09 6:11,,0.000891266,0,6:11,6,180909,0,
2018-09-09 6:12,,0.000891266,0,6:12,6,180909,0,
2018-09-09 6:13,,0.000891266,0,6:13,6,180909,0,
2018-09-09 6:14,,0.000891266,0,6:14,6,180909,0,
2018-09-09 6:15,,0.000891266,0,6:15,6,180909,0,
2018-09-09 6:16,,0.000891266,0,6:16,6,180909,0,
2018-09-09 6:17,,0.000891266,0,6:17,6,180909,0,
2018-09-09 6:18,,0.000891266,0,6:18,6,180909,0,
2018-09-09 6:19,,0.000891266,0,6:19,6,180909,0,
2018-09-09 6:20,,0.000891266,0,6:20,6,180909,0,
2018-09-09 6:21,,0.000891266,0,6:21,6,180909,0,
2018-09-09 6:22,,0.000891266,0,6:22,6,180909,0,
2018-09-09 6:23,,0.000891266,0,6:23,6,180909,0,
2018-09-09 6:24,,0.000891266,0,6:24,6,180909,0,
2018-09-09 6:25,,0.000891266,0,6:25,6,180909,0,
2018-09-09 6:26,,0.000891266,0,6:26,6,180909,0,
2018-09-09 6:27,,0.000891266,0,6:27,6,180909,0,
2018-09-09 6:28,,0.000891266,0,6:28,6,180909,0,
2018-09-09 6:29,,0.000891266,0,6:29,6,180909,0,
2018-09-09 6:30,,0.000891266,0,6:30,6,180909,0,
2018-09-09 6:31,,0.000891266,0,6:31,6,180909,0,
2018-09-09 6:32,,0.000891266,0,6:32,6,180909,0,
2018-09-09 6:33,,0.000891266,0,6:33,6,180909,0,
2018-09-09 6:34,,0.000891266,0,6:34,6,180909,0,
2018-09-09 6:35,,0.000891266,0,6:35,6,180909,0,
2018-09-09 6:36,,0.000891266,0,6:36,6,180909,0,
2018-09-09 6:37,,0.000891266,0,6:37,6,180909,0,
2018-09-09 6:38,,0.000891266,0,6:38,6,180909,0,
2018-09-09 6:39,,0.000891266,0,6:39,6,180909,0,
2018-09-09 6:40,,0.000891266,0,6:40,6,180909,0,
2018-09-09 6:41,,0.000891266,0,6:41,6,180909,0,
2018-09-09 6:42,,0.000891266,0,6:42,6,180909,0,
2018-09-09 6:43,,0.000891266,0,6:43,6,180909,0,
2018-09-09 6:44,,0.000891266,0,6:44,6,180909,0,
2018-09-09 6:45,,0.000891266,0,6:45,6,180909,0,
2018-09-09 6:46,,0.000891266,0,6:46,6,180909,0,
2018-09-09 6:47,,0.000891266,0,6:47,6,180909,0,
2018-09-09 6:48,,0.000891266,0,6:48,6,180909,0,
2018-09-09 6:49,,0.000891266,0,6:49,6,180909,0,
2018-09-09 6:50,,0.000891266,0,6:50,6,180909,0,
2018-09-09 6:51,,0.000891266,0,6:51,6,180909,0,
2018-09-09 6:52,,0.000891266,0,6:52,6,180909,0,
2018-09-09 6:53,,0.000891266,0,6:53,6,180909,0,
2018-09-09 6:54,,0.000891266,0,6:54,6,180909,0,
2018-09-09 6:55,,0.000891266,0,6:55,6,180909,0,
2018-09-09 6:56,,0.000891266,0,6:56,6,180909,0,
2018-09-09 6:57,,0.000891266,0,6:57,6,180909,0,
2018-09-09 6:58,,0.000891266,0,6:58,6,180909,0,
2018-09-09 6:59,,0.000891266,0,6:59,6,180909,0,
2018-09-09 7:00,,0.000891266,0,7:00,6,180909,0,
2018-09-09 7:01,,0.000891266,0,7:01,6,180909,0,
2018-09-09 7:02,,0.000891266,0,7:02,6,180909,0,
2018-09-09 7:03,,0.000891266,0,7:03,6,180909,0,
2018-09-09 7:04,,0.000891266,0,7:04,6,180909,0,
2018-09-09 7:05,,0.000891266,0,7:05,6,180909,0,
2018-09-09 7:06,,0.000891266,0,7:06,6,180909,0,
2018-09-09 7:07,,0.000891266,0,7:07,6,180909,0,
2018-09-09 7:08,,0.000891266,0,7:08,6,180909,0,
2018-09-09 7:09,,0.000891266,0,7:09,6,180909,0,
2018-09-09 7:10,,0.000891266,0,7:10,6,180909,0,
2018-09-09 7:11,,0.000891266,0,7:11,6,180909,0,
2018-09-09 7:12,,0.000891266,0,7:12,6,180909,0,
2018-09-09 7:13,,0.000891266,0,7:13,6,180909,0,
2018-09-09 7:14,,0.000891266,0,7:14,6,180909,0,
2018-09-09 7:15,,0.000891266,0,7:15,6,180909,0,
2018-09-09 7:16,,0.000891266,0,7:16,6,180909,0,
2018-09-09 7:17,,0.000891266,0,7:17,6,180909,0,
2018-09-09 7:18,,0.000891266,0,7:18,6,180909,0,
2018-09-09 7:19,,0.000891266,0,7:19,6,180909,0,
2018-09-09 7:20,,0.000891266,0,7:20,6,180909,0,
2018-09-09 7:21,,0.000891266,0,7:21,6,180909,0,
2018-09-09 7:22,,0.000891266,0,7:22,6,180909,0,
2018-09-09 7:23,,0.000891266,0,7:23,6,180909,0,
2018-09-09 7:24,,0.000891266,0,7:24,6,180909,0,
2018-09-09 7:25,,0.000891266,0,7:25,6,180909,0,
2018-09-09 7:26,,0.000891266,0,7:26,6,180909,0,
2018-09-09 7:27,,0.000891266,0,7:27,6,180909,0,
2018-09-09 7:28,,0.000891266,0,7:28,6,180909,0,
2018-09-09 7:29,,0.000891266,0,7:29,6,180909,0,
2018-09-09 7:30,,0.000891266,0,7:30,6,180909,0,
2018-09-09 7:31,,0.000891266,0,7:31,6,180909,0,
2018-09-09 7:32,,0.000891266,0,7:32,6,180909,0,
2018-09-09 7:33,,0.000891266,0,7:33,6,180909,0,
2018-09-09 7:34,,0.000891266,0,7:34,6,180909,0,
2018-09-09 7:35,,0.000891266,0,7:35,6,180909,0,
2018-09-09 7:36,,0.000891266,0,7:36,6,180909,0,
2018-09-09 7:37,,0.000891266,0,7:37,6,180909,0,
2018-09-09 7:38,,0.000891266,0,7:38,6,180909,0,
2018-09-09 7:39,,0.000891266,0,7:39,6,180909,0,
2018-09-09 7:40,,0.000891266,0,7:40,6,180909,0,
2018-09-09 7:41,,0.000891266,0,7:41,6,180909,0,
2018-09-09 7:42,,0.000891266,0,7:42,6,180909,0,
2018-09-09 7:43,,0.000891266,0,7:43,6,180909,0,
2018-09-09 7:44,,0.000891266,0,7:44,6,180909,0,
2018-09-09 7:45,,0.000891266,0,7:45,6,180909,0,
2018-09-09 7:46,,0.000891266,0,7:46,6,180909,0,
2018-09-09 7:47,,0.000891266,0,7:47,6,180909,0,
2018-09-09 7:48,,0.000891266,0,7:48,6,180909,0,
2018-09-09 7:49,,0.000891266,0,7:49,6,180909,0,
2018-09-09 7:50,,0.000891266,0,7:50,6,180909,0,
2018-09-09 7:51,,0.000891266,0,7:51,6,180909,0,
2018-09-09 7:52,,0.000891266,0,7:52,6,180909,0,
2018-09-09 7:53,,0.000891266,0,7:53,6,180909,0,
2018-09-09 7:54,,0.000891266,0,7:54,6,180909,0,
2018-09-09 7:55,,0.000891266,0,7:55,6,180909,0,
2018-09-09 7:56,,0.000891266,0,7:56,6,180909,0,
2018-09-09 7:57,,0.000891266,0,7:57,6,180909,0,
2018-09-09 7:58,,0.000891266,0,7:58,6,180909,0,
2018-09-09 7:59,,0.000891266,0,7:59,6,180909,0,
2018-09-09 8:00,,0.000891266,0,8:00,6,180909,0,
2018-09-09 8:01,,0.000891266,0,8:01,6,180909,0,
2018-09-09 8:02,,0.000891266,0,8:02,6,180909,0,
2018-09-09 8:03,,0.000891266,0,8:03,6,180909,0,
2018-09-09 8:04,,0.000891266,0,8:04,6,180909,0,
2018-09-09 8:05,,0.000891266,0,8:05,6,180909,0,
2018-09-09 8:06,,0.000891266,0,8:06,6,180909,0,
2018-09-09 8:07,,0.000891266,0,8:07,6,180909,0,
2018-09-09 8:08,,0.000891266,0,8:08,6,180909,0,
2018-09-09 8:09,,0.000891266,0,8:09,6,180909,0,
2018-09-09 8:10,,0.000891266,0,8:10,6,180909,0,
2018-09-09 8:11,,0.000891266,0,8:11,6,180909,0,
2018-09-09 8:12,,0.000891266,0,8:12,6,180909,0,
2018-09-09 8:13,,0.000891266,0,8:13,6,180909,0,
2018-09-09 8:14,,0.000891266,0,8:14,6,180909,0,
2018-09-09 8:15,,0.000891266,0,8:15,6,180909,0,
2018-09-09 8:16,,0.000891266,0,8:16,6,180909,0,
2018-09-09 8:17,,0.000891266,0,8:17,6,180909,0,
2018-09-09 8:18,,0.000891266,0,8:18,6,180909,0,
2018-09-09 8:19,,0.000891266,0,8:19,6,180909,0,
2018-09-09 8:20,,0.000891266,0,8:20,6,180909,0,
2018-09-09 8:21,,0.000891266,0,8:21,6,180909,0,
2018-09-09 8:22,,0.000891266,0,8:22,6,180909,0,
2018-09-09 8:23,,0.000891266,0,8:23,6,180909,0,
2018-09-09 8:24,,0.000891266,0,8:24,6,180909,0,
2018-09-09 8:25,,0.000891266,0,8:25,6,180909,0,
2018-09-09 8:26,,0.000891266,0,8:26,6,180909,0,
2018-09-09 8:27,,0.000891266,0,8:27,6,180909,0,
2018-09-09 8:28,,0.000891266,0,8:28,6,180909,0,
2018-09-09 8:29,,0.000891266,0,8:29,6,180909,0,
2018-09-09 8:30,,0.000891266,0,8:30,6,180909,0,
2018-09-09 8:31,,0.000891266,0,8:31,6,180909,0,
2018-09-09 8:32,,0.000891266,0,8:32,6,180909,0,
2018-09-09 8:33,,0.000891266,0,8:33,6,180909,0,
2018-09-09 8:34,,0.000891266,0,8:34,6,180909,0,
2018-09-09 8:35,,0.000891266,0,8:35,6,180909,0,
2018-09-09 8:36,,0.000891266,0,8:36,6,180909,0,
2018-09-09 8:37,,0.000891266,0,8:37,6,180909,0,
2018-09-09 8:38,,0.000891266,0,8:38,6,180909,0,
2018-09-09 8:39,,0.000891266,0,8:39,6,180909,0,
2018-09-09 8:40,,0.000891266,0,8:40,6,180909,0,
2018-09-09 8:41,,0.000891266,0,8:41,6,180909,0,
2018-09-09 8:42,,0.000891266,0,8:42,6,180909,0,
2018-09-09 8:43,,0.000891266,0,8:43,6,180909,0,
2018-09-09 8:44,,0.000891266,0,8:44,6,180909,0,
2018-09-09 8:45,,0.000891266,0,8:45,6,180909,0,
2018-09-09 8:46,,0.000891266,0,8:46,6,180909,0,
2018-09-09 8:47,,0.000891266,0,8:47,6,180909,0,
2018-09-09 8:48,,0.000891266,0,8:48,6,180909,0,
2018-09-09 8:49,,0.000891266,0,8:49,6,180909,0,
2018-09-09 8:50,,0.000891266,0,8:50,6,180909,0,
2018-09-09 8:51,,0.000891266,0,8:51,6,180909,0,
2018-09-09 8:52,,0.000891266,0,8:52,6,180909,0,
2018-09-09 8:53,,0.000891266,0,8:53,6,180909,0,
2018-09-09 8:54,,0.000891266,0,8:54,6,180909,0,
2018-09-09 8:55,,0.000891266,0,8:55,6,180909,0,
2018-09-09 8:56,,0.000891266,0,8:56,6,180909,0,
2018-09-09 8:57,,0.000891266,0,8:57,6,180909,0,
2018-09-09 8:58,,0.000891266,0,8:58,6,180909,0,
2018-09-09 8:59,,0.000891266,0,8:59,6,180909,0,
2018-09-09 9:00,,0.000891266,0,9:00,6,180909,0,
2018-09-09 9:01,,0.000891266,0,9:01,6,180909,0,
2018-09-09 9:02,,0.000891266,0,9:02,6,180909,0,
2018-09-09 9:03,,0.000891266,0,9:03,6,180909,0,
2018-09-09 9:04,,0.000891266,0,9:04,6,180909,0,
2018-09-09 9:05,,0.000891266,0,9:05,6,180909,0,
2018-09-09 9:06,,0.000891266,0,9:06,6,180909,0,
2018-09-09 9:07,,0.000891266,0,9:07,6,180909,0,
2018-09-09 9:08,,0.000891266,0,9:08,6,180909,0,
2018-09-09 9:09,,0.000891266,0,9:09,6,180909,0,
2018-09-09 9:10,,0.000891266,0,9:10,6,180909,0,
2018-09-09 9:11,,0.000891266,0,9:11,6,180909,0,
2018-09-09 9:12,,0.000891266,0,9:12,6,180909,0,
2018-09-09 9:13,,0.000891266,0,9:13,6,180909,0,
2018-09-09 9:14,,0.000891266,0,9:14,6,180909,0,
2018-09-09 9:15,,0.000891266,0,9:15,6,180909,0,
2018-09-09 9:16,,0.000891266,0,9:16,6,180909,0,
2018-09-09 9:17,,0.000891266,0,9:17,6,180909,0,
2018-09-09 9:18,,0.000891266,0,9:18,6,180909,0,
2018-09-09 9:19,,0.000891266,0,9:19,6,180909,0,
2018-09-09 9:20,,0.000891266,0,9:20,6,180909,0,
2018-09-09 9:21,,0.000891266,0,9:21,6,180909,0,
2018-09-09 9:22,,0.000891266,0,9:22,6,180909,0,
2018-09-09 9:23,,0.000891266,0,9:23,6,180909,0,
2018-09-09 9:24,,0.000891266,0,9:24,6,180909,0,
2018-09-09 9:25,1,0.000891266,0,9:25,6,180909,0,
2018-09-09 9:26,,0.000616143,0.000194541,9:26,6,180909,0,
2018-09-09 9:27,,0.000616143,0,9:27,6,180909,0,
2018-09-09 9:28,,0.000616143,0,9:28,6,180909,0,
2018-09-09 9:29,,0.000616143,0,9:29,6,180909,0,
2018-09-09 9:30,,0.000616143,0,9:30,6,180909,0,
2018-09-09 9:31,,0.000616143,0,9:31,6,180909,0,
2018-09-09 9:32,,0.000616143,0,9:32,6,180909,0,
2018-09-09 9:33,,0.000616143,0,9:33,6,180909,0,
2018-09-09 9:34,,0.000616143,0,9:34,6,180909,0,
2018-09-09 9:35,,0.000616143,0,9:35,6,180909,0,
2018-09-09 9:36,,0.000616143,0,9:36,6,180909,0,
2018-09-09 9:37,,0.000616143,0,9:37,6,180909,0,
2018-09-09 9:38,,0.000616143,0,9:38,6,180909,0,
2018-09-09 9:39,,0.000616143,0,9:39,6,180909,0,
2018-09-09 9:40,,0.000616143,0,9:40,6,180909,0,
2018-09-09 9:41,,0.000616143,0,9:41,6,180909,0,
2018-09-09 9:42,,0.000616143,0,9:42,6,180909,0,
2018-09-09 9:43,,0.000616143,0,9:43,6,180909,0,
2018-09-09 9:44,,0.000616143,0,9:44,6,180909,0,
2018-09-09 9:45,,0.000616143,0,9:45,6,180909,0,
2018-09-09 9:46,,0.000616143,0,9:46,6,180909,0,
2018-09-09 9:47,,0.000616143,0,9:47,6,180909,0,
2018-09-09 9:48,,0.000616143,0,9:48,6,180909,0,
2018-09-09 9:49,,0.000616143,0,9:49,6,180909,0,
2018-09-09 9:50,,0.000616143,0,9:50,6,180909,0,
2018-09-09 9:51,,0.000616143,0,9:51,6,180909,0,
2018-09-09 9:52,,0.000616143,0,9:52,6,180909,0,
2018-09-09 9:53,,0.000616143,0,9:53,6,180909,0,
2018-09-09 9:54,,0.000616143,0,9:54,6,180909,0,
2018-09-09 9:55,,0.000616143,0,9:55,6,180909,0,
2018-09-09 9:56,,0.000616143,0,9:56,6,180909,0,
2018-09-09 9:57,,0.000616143,0,9:57,6,180909,0,
2018-09-09 9:58,,0.000616143,0,9:58,6,180909,0,
2018-09-09 9:59,,0.000616143,0,9:59,6,180909,0,
2018-09-09 10:00,,0.000616143,0,10:00,6,180909,0,
2018-09-09 10:01,,0.000616143,0,10:01,6,180909,0,
2018-09-09 10:02,,0.000616143,0,10:02,6,180909,0,
2018-09-09 10:03,,0.000616143,0,10:03,6,180909,0,
2018-09-09 10:04,,0.000616143,0,10:04,6,180909,0,
2018-09-09 10:05,,0.000616143,0,10:05,6,180909,0,
2018-09-09 10:06,,0.000616143,0,10:06,6,180909,0,
2018-09-09 10:07,,0.000616143,0,10:07,6,180909,0,
2018-09-09 10:08,,0.000616143,0,10:08,6,180909,0,
2018-09-09 10:09,,0.000616143,0,10:09,6,180909,0,
2018-09-09 10:10,,0.000616143,0,10:10,6,180909,0,
2018-09-09 10:11,,0.000616143,0,10:11,6,180909,0,
2018-09-09 10:12,,0.000616143,0,10:12,6,180909,0,
2018-09-09 10:13,,0.000616143,0,10:13,6,180909,0,
2018-09-09 10:14,,0.000616143,0,10:14,6,180909,0,
2018-09-09 10:15,,0.000616143,0,10:15,6,180909,0,
2018-09-09 10:16,,0.000616143,0,10:16,6,180909,0,
2018-09-09 10:17,,0.000616143,0,10:17,6,180909,0,
2018-09-09 10:18,,0.000616143,0,10:18,6,180909,0,
2018-09-09 10:19,,0.000616143,0,10:19,6,180909,0,
2018-09-09 10:20,,0.000616143,0,10:20,6,180909,0,
2018-09-09 10:21,,0.000616143,0,10:21,6,180909,0,
2018-09-09 10:22,,0.000616143,0,10:22,6,180909,0,
2018-09-09 10:23,,0.000616143,0,10:23,6,180909,0,
2018-09-09 10:24,,0.000616143,0,10:24,6,180909,0,
2018-09-09 10:25,,0.000616143,0,10:25,6,180909,0,
2018-09-09 10:26,,0.000616143,0,10:26,6,180909,0,
2018-09-09 10:27,,0.000616143,0,10:27,6,180909,0,
2018-09-09 10:28,,0.000616143,0,10:28,6,180909,0,
2018-09-09 10:29,,0.000616143,0,10:29,6,180909,0,
2018-09-09 10:30,,0.000616143,0,10:30,6,180909,0,
2018-09-09 10:31,,0.000616143,0,10:31,6,180909,0,
2018-09-09 10:32,,0.000616143,0,10:32,6,180909,0,
2018-09-09 10:33,,0.000616143,0,10:33,6,180909,0,
2018-09-09 10:34,,0.000616143,0,10:34,6,180909,0,
2018-09-09 10:35,,0.000616143,0,10:35,6,180909,0,
2018-09-09 10:36,,0.000616143,0,10:36,6,180909,0,
2018-09-09 10:37,,0.000616143,0,10:37,6,180909,0,
2018-09-09 10:38,,0.000616143,0,10:38,6,180909,0,
2018-09-09 10:39,,0.000616143,0,10:39,6,180909,0,
2018-09-09 10:40,,0.000616143,0,10:40,6,180909,0,
2018-09-09 10:41,,0.000616143,0,10:41,6,180909,0,
2018-09-09 10:42,,0.000616143,0,10:42,6,180909,0,
2018-09-09 10:43,,0.000616143,0,10:43,6,180909,0,
2018-09-09 10:44,,0.000616143,0,10:44,6,180909,0,
2018-09-09 10:45,,0.000616143,0,10:45,6,180909,0,
2018-09-09 10:46,,0.000616143,0,10:46,6,180909,0,
2018-09-09 10:47,,0.000616143,0,10:47,6,180909,0,
2018-09-09 10:48,,0.000616143,0,10:48,6,180909,0,
2018-09-09 10:49,,0.000616143,0,10:49,6,180909,0,
2018-09-09 10:50,,0.000616143,0,10:50,6,180909,0,
2018-09-09 10:51,,0.000616143,0,10:51,6,180909,0,
2018-09-09 10:52,,0.000616143,0,10:52,6,180909,0,
2018-09-09 10:53,,0.000616143,0,10:53,6,180909,0,
2018-09-09 10:54,,0.000616143,0,10:54,6,180909,0,
2018-09-09 10:55,,0.000616143,0,10:55,6,180909,0,
2018-09-09 10:56,,0.000616143,0,10:56,6,180909,0,
2018-09-09 10:57,,0.000616143,0,10:57,6,180909,0,
2018-09-09 10:58,,0.000616143,0,10:58,6,180909,0,
2018-09-09 10:59,,0.000616143,0,10:59,6,180909,0,
2018-09-09 11:00,,0.000616143,0,11:00,6,180909,0,
2018-09-09 11:01,,0.000616143,0,11:01,6,180909,0,
2018-09-09 11:02,,0.000616143,0,11:02,6,180909,0,
2018-09-09 11:03,,0.000616143,0,11:03,6,180909,0,
2018-09-09 11:04,,0.000616143,0,11:04,6,180909,0,
2018-09-09 11:05,,0.000616143,0,11:05,6,180909,0,
2018-09-09 11:06,,0.000616143,0,11:06,6,180909,0,
2018-09-09 11:07,,0.000616143,0,11:07,6,180909,0,
2018-09-09 11:08,,0.000616143,0,11:08,6,180909,0,
2018-09-09 11:09,,0.000616143,0,11:09,6,180909,0,
2018-09-09 11:10,,0.000616143,0,11:10,6,180909,0,
2018-09-09 11:11,,0.000616143,0,11:11,6,180909,0,
2018-09-09 11:12,,0.000616143,0,11:12,6,180909,0,
2018-09-09 11:13,,0.000616143,0,11:13,6,180909,0,
2018-09-09 11:14,,0.000616143,0,11:14,6,180909,0,
2018-09-09 11:15,,0.000616143,0,11:15,6,180909,0,
2018-09-09 11:16,,0.000616143,0,11:16,6,180909,0,
2018-09-09 11:17,,0.000616143,0,11:17,6,180909,0,
2018-09-09 11:18,,0.000616143,0,11:18,6,180909,0,
2018-09-09 11:19,,0.000616143,0,11:19,6,180909,0,
2018-09-09 11:20,,0.000616143,0,11:20,6,180909,0,
2018-09-09 11:21,,0.000616143,0,11:21,6,180909,0,
2018-09-09 11:22,,0.000616143,0,11:22,6,180909,0,
2018-09-09 11:23,,0.000616143,0,11:23,6,180909,0,
2018-09-09 11:24,,0.000616143,0,11:24,6,180909,0,
2018-09-09 11:25,,0.000616143,0,11:25,6,180909,0,
2018-09-09 11:26,,0.000616143,0,11:26,6,180909,0,
2018-09-09 11:27,,0.000616143,0,11:27,6,180909,0,
2018-09-09 11:28,,0.000616143,0,11:28,6,180909,0,
2018-09-09 11:29,,0.000616143,0,11:29,6,180909,0,
2018-09-09 11:30,,0.000616143,0,11:30,6,180909,0,
2018-09-09 11:31,,0.000616143,0,11:31,6,180909,0,
2018-09-09 11:32,,0.000616143,0,11:32,6,180909,0,
2018-09-09 11:33,,0.000616143,0,11:33,6,180909,0,
2018-09-09 11:34,,0.000616143,0,11:34,6,180909,0,
2018-09-09 11:35,,0.000616143,0,11:35,6,180909,0,
2018-09-09 11:36,,0.000616143,0,11:36,6,180909,0,
2018-09-09 11:37,,0.000616143,0,11:37,6,180909,0,
2018-09-09 11:38,,0.000616143,0,11:38,6,180909,0,
2018-09-09 11:39,,0.000616143,0,11:39,6,180909,0,
2018-09-09 11:40,,0.000616143,0,11:40,6,180909,0,
2018-09-09 11:41,,0.000616143,0,11:41,6,180909,0,
2018-09-09 11:42,,0.000616143,0,11:42,6,180909,0,
2018-09-09 11:43,,0.000616143,0,11:43,6,180909,0,
2018-09-09 11:44,,0.000616143,0,11:44,6,180909,0,
2018-09-09 11:45,,0.000616143,0,11:45,6,180909,0,
2018-09-09 11:46,,0.000616143,0,11:46,6,180909,0,
2018-09-09 11:47,,0.000616143,0,11:47,6,180909,0,
2018-09-09 11:48,,0.000616143,0,11:48,6,180909,0,
2018-09-09 11:49,,0.000616143,0,11:49,6,180909,0,
2018-09-09 11:50,,0.000616143,0,11:50,6,180909,0,
2018-09-09 11:51,,0.000616143,0,11:51,6,180909,0,
2018-09-09 11:52,,0.000616143,0,11:52,6,180909,0,
2018-09-09 11:53,,0.000616143,0,11:53,6,180909,0,
2018-09-09 11:54,,0.000616143,0,11:54,6,180909,0,
2018-09-09 11:55,,0.000616143,0,11:55,6,180909,0,
2018-09-09 11:56,,0.000616143,0,11:56,6,180909,0,
2018-09-09 11:57,,0.000616143,0,11:57,6,180909,0,
2018-09-09 11:58,,0.000616143,0,11:58,6,180909,0,
2018-09-09 11:59,,0.000616143,0,11:59,6,180909,0,
2018-09-09 12:00,,0.000616143,0,12:00,6,180909,0,
2018-09-09 12:01,,0.000616143,0,12:01,6,180909,0,
2018-09-09 12:02,,0.000616143,0,12:02,6,180909,0,
2018-09-09 12:03,,0.000616143,0,12:03,6,180909,0,
2018-09-09 12:04,,0.000616143,0,12:04,6,180909,0,
2018-09-09 12:05,,0.000616143,0,12:05,6,180909,0,
2018-09-09 12:06,,0.000616143,0,12:06,6,180909,0,
2018-09-09 12:07,,0.000616143,0,12:07,6,180909,0,
2018-09-09 12:08,,0.000616143,0,12:08,6,180909,0,
2018-09-09 12:09,,0.000616143,0,12:09,6,180909,0,
2018-09-09 12:10,,0.000616143,0,12:10,6,180909,0,
2018-09-09 12:11,,0.000616143,0,12:11,6,180909,0,
2018-09-09 12:12,,0.000616143,0,12:12,6,180909,0,
2018-09-09 12:13,,0.000616143,0,12:13,6,180909,0,
2018-09-09 12:14,,0.000616143,0,12:14,6,180909,0,
2018-09-09 12:15,,0.000616143,0,12:15,6,180909,0,
2018-09-09 12:16,,0.000616143,0,12:16,6,180909,0,
2018-09-09 12:17,,0.000616143,0,12:17,6,180909,0,
2018-09-09 12:18,,0.000616143,0,12:18,6,180909,0,
2018-09-09 12:19,,0.000616143,0,12:19,6,180909,0,
2018-09-09 12:20,,0.000616143,0,12:20,6,180909,0,
2018-09-09 12:21,,0.000616143,0,12:21,6,180909,0,
2018-09-09 12:22,,0.000616143,0,12:22,6,180909,0,
2018-09-09 12:23,,0.000616143,0,12:23,6,180909,0,
2018-09-09 12:24,,0.000616143,0,12:24,6,180909,0,
2018-09-09 12:25,,0.000616143,0,12:25,6,180909,0,
2018-09-09 12:26,,0.000616143,0,12:26,6,180909,0,
2018-09-09 12:27,,0.000616143,0,12:27,6,180909,0,
2018-09-09 12:28,,0.000616143,0,12:28,6,180909,0,
2018-09-09 12:29,,0.000616143,0,12:29,6,180909,0,
2018-09-09 12:30,,0.000616143,0,12:30,6,180909,0,
2018-09-09 12:31,,0.000616143,0,12:31,6,180909,0,
2018-09-09 12:32,,0.000616143,0,12:32,6,180909,0,
2018-09-09 12:33,,0.000616143,0,12:33,6,180909,0,
2018-09-09 12:34,,0.000616143,0,12:34,6,180909,0,
2018-09-09 12:35,,0.000616143,0,12:35,6,180909,0,
2018-09-09 12:36,,0.000616143,0,12:36,6,180909,0,
2018-09-09 12:37,,0.000616143,0,12:37,6,180909,0,
2018-09-09 12:38,,0.000616143,0,12:38,6,180909,0,
2018-09-09 12:39,,0.000616143,0,12:39,6,180909,0,
2018-09-09 12:40,,0.000616143,0,12:40,6,180909,0,
2018-09-09 12:41,,0.000616143,0,12:41,6,180909,0,
2018-09-09 12:42,,0.000616143,0,12:42,6,180909,0,
2018-09-09 12:43,,0.000616143,0,12:43,6,180909,0,
2018-09-09 12:44,,0.000616143,0,12:44,6,180909,0,
2018-09-09 12:45,,0.000616143,0,12:45,6,180909,0,
2018-09-09 12:46,,0.000616143,0,12:46,6,180909,0,
2018-09-09 12:47,,0.000616143,0,12:47,6,180909,0,
2018-09-09 12:48,,0.000616143,0,12:48,6,180909,0,
2018-09-09 12:49,,0.000616143,0,12:49,6,180909,0,
2018-09-09 12:50,,0.000616143,0,12:50,6,180909,0,
2018-09-09 12:51,,0.000616143,0,12:51,6,180909,0,
2018-09-09 12:52,,0.000616143,0,12:52,6,180909,0,
2018-09-09 12:53,,0.000616143,0,12:53,6,180909,0,
2018-09-09 12:54,,0.000616143,0,12:54,6,180909,0,
2018-09-09 12:55,,0.000616143,0,12:55,6,180909,0,
2018-09-09 12:56,,0.000616143,0,12:56,6,180909,0,
2018-09-09 12:57,,0.000616143,0,12:57,6,180909,0,
2018-09-09 12:58,,0.000616143,0,12:58,6,180909,0,
2018-09-09 12:59,,0.000616143,0,12:59,6,180909,0,
2018-09-09 13:00,,0.000616143,0,13:00,6,180909,0,
2018-09-09 13:01,,0.000616143,0,13:01,6,180909,0,
2018-09-09 13:02,,0.000616143,0,13:02,6,180909,0,
2018-09-09 13:03,,0.000616143,0,13:03,6,180909,0,
2018-09-09 13:04,,0.000616143,0,13:04,6,180909,0,
2018-09-09 13:05,,0.000616143,0,13:05,6,180909,0,
2018-09-09 13:06,,0.000616143,0,13:06,6,180909,0,
2018-09-09 13:07,,0.000616143,0,13:07,6,180909,0,
2018-09-09 13:08,,0.000616143,0,13:08,6,180909,0,
2018-09-09 13:09,,0.000616143,0,13:09,6,180909,0,
2018-09-09 13:10,,0.000616143,0,13:10,6,180909,0,
2018-09-09 13:11,,0.000616143,0,13:11,6,180909,0,
2018-09-09 13:12,,0.000616143,0,13:12,6,180909,0,
2018-09-09 13:13,,0.000616143,0,13:13,6,180909,0,
2018-09-09 13:14,,0.000616143,0,13:14,6,180909,0,
2018-09-09 13:15,,0.000616143,0,13:15,6,180909,0,
2018-09-09 13:16,,0.000616143,0,13:16,6,180909,0,
2018-09-09 13:17,,0.000616143,0,13:17,6,180909,0,
2018-09-09 13:18,,0.000616143,0,13:18,6,180909,0,
2018-09-09 13:19,,0.000616143,0,13:19,6,180909,0,
2018-09-09 13:20,,0.000616143,0,13:20,6,180909,0,
2018-09-09 13:21,,0.000616143,0,13:21,6,180909,0,
2018-09-09 13:22,,0.000616143,0,13:22,6,180909,0,
2018-09-09 13:23,,0.000616143,0,13:23,6,180909,0,
2018-09-09 13:24,,0.000616143,0,13:24,6,180909,0,
2018-09-09 13:25,,0.000616143,0,13:25,6,180909,0,
2018-09-09 13:26,,0.000616143,0,13:26,6,180909,0,
2018-09-09 13:27,,0.000616143,0,13:27,6,180909,0,
2018-09-09 13:28,,0.000616143,0,13:28,6,180909,0,
2018-09-09 13:29,,0.000616143,0,13:29,6,180909,0,
2018-09-09 13:30,,0.000616143,0,13:30,6,180909,0,
2018-09-09 13:31,,0.000616143,0,13:31,6,180909,0,
2018-09-09 13:32,,0.000616143,0,13:32,6,180909,0,
2018-09-09 13:33,,0.000616143,0,13:33,6,180909,0,
2018-09-09 13:34,,0.000616143,0,13:34,6,180909,0,
2018-09-09 13:35,,0.000616143,0,13:35,6,180909,0,
2018-09-09 13:36,,0.000616143,0,13:36,6,180909,0,
2018-09-09 13:37,,0.000616143,0,13:37,6,180909,0,
2018-09-09 13:38,,0.000616143,0,13:38,6,180909,0,
2018-09-09 13:39,,0.000616143,0,13:39,6,180909,0,
2018-09-09 13:40,,0.000616143,0,13:40,6,180909,0,
2018-09-09 13:41,,0.000616143,0,13:41,6,180909,0,
2018-09-09 13:42,,0.000616143,0,13:42,6,180909,0,
2018-09-09 13:43,,0.000616143,0,13:43,6,180909,0,
2018-09-09 13:44,,0.000616143,0,13:44,6,180909,0,
2018-09-09 13:45,,0.000616143,0,13:45,6,180909,0,
2018-09-09 13:46,,0.000616143,0,13:46,6,180909,0,
2018-09-09 13:47,,0.000616143,0,13:47,6,180909,0,
2018-09-09 13:48,,0.000616143,0,13:48,6,180909,0,
2018-09-09 13:49,,0.000616143,0,13:49,6,180909,0,
2018-09-09 13:50,,0.000616143,0,13:50,6,180909,0,
2018-09-09 13:51,,0.000616143,0,13:51,6,180909,0,
2018-09-09 13:52,,0.000616143,0,13:52,6,180909,0,
2018-09-09 13:53,,0.000616143,0,13:53,6,180909,0,
2018-09-09 13:54,,0.000616143,0,13:54,6,180909,0,
2018-09-09 13:55,,0.000616143,0,13:55,6,180909,0,
2018-09-09 13:56,,0.000616143,0,13:56,6,180909,0,
2018-09-09 13:57,,0.000616143,0,13:57,6,180909,0,
2018-09-09 13:58,,0.000616143,0,13:58,6,180909,0,
2018-09-09 13:59,,0.000616143,0,13:59,6,180909,0,
2018-09-09 14:00,,0.000616143,0,14:00,6,180909,0,
2018-09-09 14:01,,0.000616143,0,14:01,6,180909,0,
2018-09-09 14:02,,0.000616143,0,14:02,6,180909,0,
2018-09-09 14:03,,0.000616143,0,14:03,6,180909,0,
2018-09-09 14:04,,0.000616143,0,14:04,6,180909,0,
2018-09-09 14:05,,0.000616143,0,14:05,6,180909,0,
2018-09-09 14:06,,0.000616143,0,14:06,6,180909,0,
2018-09-09 14:07,,0.000616143,0,14:07,6,180909,0,
2018-09-09 14:08,,0.000616143,0,14:08,6,180909,0,
2018-09-09 14:09,,0.000616143,0,14:09,6,180909,0,
2018-09-09 14:10,,0.000616143,0,14:10,6,180909,0,
2018-09-09 14:11,,0.000616143,0,14:11,6,180909,0,
2018-09-09 14:12,,0.000616143,0,14:12,6,180909,0,
2018-09-09 14:13,,0.000616143,0,14:13,6,180909,0,
2018-09-09 14:14,,0.000616143,0,14:14,6,180909,0,
2018-09-09 14:15,,0.000616143,0,14:15,6,180909,0,
2018-09-09 14:16,,0.000616143,0,14:16,6,180909,0,
2018-09-09 14:17,,0.000616143,0,14:17,6,180909,0,
2018-09-09 14:18,,0.000616143,0,14:18,6,180909,0,
2018-09-09 14:19,,0.000616143,0,14:19,6,180909,0,
2018-09-09 14:20,,0.000616143,0,14:20,6,180909,0,
2018-09-09 14:21,,0.000616143,0,14:21,6,180909,0,
2018-09-09 14:22,,0.000616143,0,14:22,6,180909,0,
2018-09-09 14:23,,0.000616143,0,14:23,6,180909,0,
2018-09-09 14:24,,0.000616143,0,14:24,6,180909,0,
2018-09-09 14:25,,0.000616143,0,14:25,6,180909,0,
2018-09-09 14:26,,0.000616143,0,14:26,6,180909,0,
2018-09-09 14:27,,0.000616143,0,14:27,6,180909,0,
2018-09-09 14:28,,0.000616143,0,14:28,6,180909,0,
2018-09-09 14:29,,0.000616143,0,14:29,6,180909,0,
2018-09-09 14:30,,0.000616143,0,14:30,6,180909,0,
2018-09-09 14:31,,0.000616143,0,14:31,6,180909,0,
2018-09-09 14:32,,0.000616143,0,14:32,6,180909,0,
2018-09-09 14:33,,0.000616143,0,14:33,6,180909,0,
2018-09-09 14:34,,0.000616143,0,14:34,6,180909,0,
2018-09-09 14:35,,0.000616143,0,14:35,6,180909,0,
2018-09-09 14:36,,0.000616143,0,14:36,6,180909,0,
2018-09-09 14:37,,0.000616143,0,14:37,6,180909,0,
2018-09-09 14:38,,0.000616143,0,14:38,6,180909,0,
2018-09-09 14:39,,0.000616143,0,14:39,6,180909,0,
2018-09-09 14:40,,0.000616143,0,14:40,6,180909,0,
2018-09-09 14:41,,0.000616143,0,14:41,6,180909,0,
2018-09-09 14:42,,0.000616143,0,14:42,6,180909,0,
2018-09-09 14:43,,0.000616143,0,14:43,6,180909,0,
2018-09-09 14:44,,0.000616143,0,14:44,6,180909,0,
2018-09-09 14:45,,0.000616143,0,14:45,6,180909,0,
2018-09-09 14:46,,0.000616143,0,14:46,6,180909,0,
2018-09-09 14:47,,0.000616143,0,14:47,6,180909,0,
2018-09-09 14:48,,0.000616143,0,14:48,6,180909,0,
2018-09-09 14:49,,0.000616143,0,14:49,6,180909,0,
2018-09-09 14:50,,0.000616143,0,14:50,6,180909,0,
2018-09-09 14:51,,0.000616143,0,14:51,6,180909,0,
2018-09-09 14:52,,0.000616143,0,14:52,6,180909,0,
2018-09-09 14:53,,0.000616143,0,14:53,6,180909,0,
2018-09-09 14:54,,0.000616143,0,14:54,6,180909,0,
2018-09-09 14:55,,0.000616143,0,14:55,6,180909,0,
2018-09-09 14:56,,0.000616143,0,14:56,6,180909,0,
2018-09-09 14:57,,0.000616143,0,14:57,6,180909,0,
2018-09-09 14:58,,0.000616143,0,14:58,6,180909,0,
2018-09-09 14:59,,0.000616143,0,14:59,6,180909,0,
2018-09-09 15:00,,0.000616143,0,15:00,6,180909,0,
2018-09-09 15:01,,0.000616143,0,15:01,6,180909,0,
2018-09-09 15:02,,0.000616143,0,15:02,6,180909,0,
2018-09-09 15:03,,0.000616143,0,15:03,6,180909,0,
2018-09-09 15:04,,0.000616143,0,15:04,6,180909,0,
2018-09-09 15:05,,0.000616143,0,15:05,6,180909,0,
2018-09-09 15:06,,0.000616143,0,15:06,6,180909,0,
2018-09-09 15:07,,0.000616143,0,15:07,6,180909,0,
2018-09-09 15:08,,0.000616143,0,15:08,6,180909,0,
2018-09-09 15:09,,0.000616143,0,15:09,6,180909,0,
2018-09-09 15:10,,0.000616143,0,15:10,6,180909,0,
2018-09-09 15:11,,0.000616143,0,15:11,6,180909,0,
2018-09-09 15:12,,0.000616143,0,15:12,6,180909,0,
2018-09-09 15:13,,0.000616143,0,15:13,6,180909,0,
2018-09-09 15:14,,0.000616143,0,15:14,6,180909,0,
2018-09-09 15:15,,0.000616143,0,15:15,6,180909,0,
2018-09-09 15:16,,0.000616143,0,15:16,6,180909,0,
2018-09-09 15:17,,0.000616143,0,15:17,6,180909,0,
2018-09-09 15:18,,0.000616143,0,15:18,6,180909,0,
2018-09-09 15:19,,0.000616143,0,15:19,6,180909,0,
2018-09-09 15:20,,0.000616143,0,15:20,6,180909,0,
2018-09-09 15:21,,0.000616143,0,15:21,6,180909,0,
2018-09-09 15:22,,0.000616143,0,15:22,6,180909,0,
2018-09-09 15:23,,0.000616143,0,15:23,6,180909,0,
2018-09-09 15:24,,0.000616143,0,15:24,6,180909,0,
2018-09-09 15:25,,0.000616143,0,15:25,6,180909,0,
2018-09-09 15:26,,0.000616143,0,15:26,6,180909,0,
2018-09-09 15:27,,0.000616143,0,15:27,6,180909,0,
2018-09-09 15:28,,0.000616143,0,15:28,6,180909,0,
2018-09-09 15:29,,0.000616143,0,15:29,6,180909,0,
2018-09-09 15:30,,0.000616143,0,15:30,6,180909,0,
2018-09-09 15:31,,0.000616143,0,15:31,6,180909,0,
2018-09-09 15:32,,0.000616143,0,15:32,6,180909,0,
2018-09-09 15:33,,0.000616143,0,15:33,6,180909,0,
2018-09-09 15:34,,0.000616143,0,15:34,6,180909,0,
2018-09-09 15:35,,0.000616143,0,15:35,6,180909,0,
2018-09-09 15:36,,0.000616143,0,15:36,6,180909,0,
2018-09-09 15:37,,0.000616143,0,15:37,6,180909,0,
2018-09-09 15:38,,0.000616143,0,15:38,6,180909,0,
2018-09-09 15:39,,0.000616143,0,15:39,6,180909,0,
2018-09-09 15:40,,0.000616143,0,15:40,6,180909,0,
2018-09-09 15:41,,0.000616143,0,15:41,6,180909,0,
2018-09-09 15:42,,0.000616143,0,15:42,6,180909,0,
2018-09-09 15:43,,0.000616143,0,15:43,6,180909,0,
2018-09-09 15:44,,0.000616143,0,15:44,6,180909,0,
2018-09-09 15:45,,0.000616143,0,15:45,6,180909,0,
2018-09-09 15:46,,0.000616143,0,15:46,6,180909,0,
2018-09-09 15:47,,0.000616143,0,15:47,6,180909,0,
2018-09-09 15:48,,0.000616143,0,15:48,6,180909,0,
2018-09-09 15:49,,0.000616143,0,15:49,6,180909,0,
2018-09-09 15:50,,0.000616143,0,15:50,6,180909,0,
2018-09-09 15:51,,0.000616143,0,15:51,6,180909,0,
2018-09-09 15:52,,0.000616143,0,15:52,6,180909,0,
2018-09-09 15:53,,0.000616143,0,15:53,6,180909,0,
2018-09-09 15:54,,0.000616143,0,15:54,6,180909,0,
2018-09-09 15:55,,0.000616143,0,15:55,6,180909,0,
2018-09-09 15:56,,0.000616143,0,15:56,6,180909,0,
2018-09-09 15:57,,0.000616143,0,15:57,6,180909,0,
2018-09-09 15:58,,0.000616143,0,15:58,6,180909,0,
2018-09-09 15:59,,0.000616143,0,15:59,6,180909,0,
2018-09-09 16:00,,0.000616143,0,16:00,6,180909,0,
2018-09-09 16:01,,0.000616143,0,16:01,6,180909,0,
2018-09-09 16:02,,0.000616143,0,16:02,6,180909,0,
2018-09-09 16:03,,0.000616143,0,16:03,6,180909,0,
2018-09-09 16:04,,0.000616143,0,16:04,6,180909,0,
2018-09-09 16:05,,0.000616143,0,16:05,6,180909,0,
2018-09-09 16:06,,0.000616143,0,16:06,6,180909,0,
2018-09-09 16:07,,0.000616143,0,16:07,6,180909,0,
2018-09-09 16:08,,0.000616143,0,16:08,6,180909,0,
2018-09-09 16:09,,0.000616143,0,16:09,6,180909,0,
2018-09-09 16:10,,0.000616143,0,16:10,6,180909,0,
2018-09-09 16:11,,0.000616143,0,16:11,6,180909,0,
2018-09-09 16:12,,0.000616143,0,16:12,6,180909,0,
2018-09-09 16:13,,0.000616143,0,16:13,6,180909,0,
2018-09-09 16:14,,0.000616143,0,16:14,6,180909,0,
2018-09-09 16:15,,0.000616143,0,16:15,6,180909,0,
2018-09-09 16:16,,0.000616143,0,16:16,6,180909,0,
2018-09-09 16:17,,0.000616143,0,16:17,6,180909,0,
2018-09-09 16:18,,0.000616143,0,16:18,6,180909,0,
2018-09-09 16:19,,0.000616143,0,16:19,6,180909,0,
2018-09-09 16:20,,0.000616143,0,16:20,6,180909,0,
2018-09-09 16:21,,0.000616143,0,16:21,6,180909,0,
2018-09-09 16:22,,0.000616143,0,16:22,6,180909,0,
2018-09-09 16:23,,0.000616143,0,16:23,6,180909,0,
2018-09-09 16:24,,0.000616143,0,16:24,6,180909,0,
2018-09-09 16:25,,0.000616143,0,16:25,6,180909,0,
2018-09-09 16:26,,0.000616143,0,16:26,6,180909,0,
2018-09-09 16:27,,0.000616143,0,16:27,6,180909,0,
2018-09-09 16:28,,0.000616143,0,16:28,6,180909,0,
2018-09-09 16:29,,0.000616143,0,16:29,6,180909,0,
2018-09-09 16:30,,0.000616143,0,16:30,6,180909,0,
2018-09-09 16:31,,0.000616143,0,16:31,6,180909,0,
2018-09-09 16:32,,0.000616143,0,16:32,6,180909,0,
2018-09-09 16:33,,0.000616143,0,16:33,6,180909,0,
2018-09-09 16:34,,0.000616143,0,16:34,6,180909,0,
2018-09-09 16:35,,0.000616143,0,16:35,6,180909,0,
2018-09-09 16:36,,0.000616143,0,16:36,6,180909,0,
2018-09-09 16:37,,0.000616143,0,16:37,6,180909,0,
2018-09-09 16:38,,0.000616143,0,16:38,6,180909,0,
2018-09-09 16:39,,0.000616143,0,16:39,6,180909,0,
2018-09-09 16:40,,0.000616143,0,16:40,6,180909,0,
2018-09-09 16:41,,0.000616143,0,16:41,6,180909,0,
2018-09-09 16:42,,0.000616143,0,16:42,6,180909,0,
2018-09-09 16:43,,0.000616143,0,16:43,6,180909,0,
2018-09-09 16:44,,0.000616143,0,16:44,6,180909,0,
2018-09-09 16:45,,0.000616143,0,16:45,6,180909,0,
2018-09-09 16:46,,0.000616143,0,16:46,6,180909,0,
2018-09-09 16:47,,0.000616143,0,16:47,6,180909,0,
2018-09-09 16:48,,0.000616143,0,16:48,6,180909,0,
2018-09-09 16:49,,0.000616143,0,16:49,6,180909,0,
2018-09-09 16:50,,0.000616143,0,16:50,6,180909,0,
2018-09-09 16:51,,0.000616143,0,16:51,6,180909,0,
2018-09-09 16:52,,0.000616143,0,16:52,6,180909,0,
2018-09-09 16:53,,0.000616143,0,16:53,6,180909,0,
2018-09-09 16:54,,0.000616143,0,16:54,6,180909,0,
2018-09-09 16:55,,0.000616143,0,16:55,6,180909,0,
2018-09-09 16:56,,0.000616143,0,16:56,6,180909,0,
2018-09-09 16:57,,0.000616143,0,16:57,6,180909,0,
2018-09-09 16:58,,0.000616143,0,16:58,6,180909,0,
2018-09-09 16:59,,0.000616143,0,16:59,6,180909,0,
2018-09-09 17:00,,0.000616143,0,17:00,6,180909,0,
2018-09-09 17:01,,0.000616143,0,17:01,6,180909,0,
2018-09-09 17:02,,0.000616143,0,17:02,6,180909,0,
2018-09-09 17:03,,0.000616143,0,17:03,6,180909,0,
2018-09-09 17:04,,0.000616143,0,17:04,6,180909,0,
2018-09-09 17:05,,0.000616143,0,17:05,6,180909,0,
2018-09-09 17:06,,0.000616143,0,17:06,6,180909,0,
2018-09-09 17:07,,0.000616143,0,17:07,6,180909,0,
2018-09-09 17:08,,0.000616143,0,17:08,6,180909,0,
2018-09-09 17:09,,0.000616143,0,17:09,6,180909,0,
2018-09-09 17:10,,0.000616143,0,17:10,6,180909,0,
2018-09-09 17:11,,0.000616143,0,17:11,6,180909,0,
2018-09-09 17:12,,0.000616143,0,17:12,6,180909,0,
2018-09-09 17:13,,0.000616143,0,17:13,6,180909,0,
2018-09-09 17:14,,0.000616143,0,17:14,6,180909,0,
2018-09-09 17:15,,0.000616143,0,17:15,6,180909,0,
2018-09-09 17:16,,0.000616143,0,17:16,6,180909,0,
2018-09-09 17:17,,0.000616143,0,17:17,6,180909,0,
2018-09-09 17:18,,0.000616143,0,17:18,6,180909,0,
2018-09-09 17:19,,0.000616143,0,17:19,6,180909,0,
2018-09-09 17:20,,0.000616143,0,17:20,6,180909,0,
2018-09-09 17:21,,0.000616143,0,17:21,6,180909,0,
2018-09-09 17:22,,0.000616143,0,17:22,6,180909,0,
2018-09-09 17:23,,0.000616143,0,17:23,6,180909,0,
2018-09-09 17:24,,0.000616143,0,17:24,6,180909,0,
2018-09-09 17:25,,0.000616143,0,17:25,6,180909,0,
2018-09-09 17:26,,0.000616143,0,17:26,6,180909,0,
2018-09-09 17:27,,0.000616143,0,17:27,6,180909,0,
2018-09-09 17:28,,0.000616143,0,17:28,6,180909,0,
2018-09-09 17:29,,0.000616143,0,17:29,6,180909,0,
2018-09-09 17:30,,0.000616143,0,17:30,6,180909,0,
2018-09-09 17:31,,0.000616143,0,17:31,6,180909,0,
2018-09-09 17:32,,0.000616143,0,17:32,6,180909,0,
2018-09-09 17:33,,0.000616143,0,17:33,6,180909,0,
2018-09-09 17:34,,0.000616143,0,17:34,6,180909,0,
2018-09-09 17:35,,0.000616143,0,17:35,6,180909,0,
2018-09-09 17:36,,0.000616143,0,17:36,6,180909,0,
2018-09-09 17:37,,0.000616143,0,17:37,6,180909,0,
2018-09-09 17:38,,0.000616143,0,17:38,6,180909,0,
2018-09-09 17:39,,0.000616143,0,17:39,6,180909,0,
2018-09-09 17:40,,0.000616143,0,17:40,6,180909,0,
2018-09-09 17:41,,0.000616143,0,17:41,6,180909,0,
2018-09-09 17:42,,0.000616143,0,17:42,6,180909,0,
2018-09-09 17:43,,0.000616143,0,17:43,6,180909,0,
2018-09-09 17:44,,0.000616143,0,17:44,6,180909,0,
2018-09-09 17:45,,0.000616143,0,17:45,6,180909,0,
2018-09-09 17:46,,0.000616143,0,17:46,6,180909,0,
2018-09-09 17:47,,0.000616143,0,17:47,6,180909,0,
2018-09-09 17:48,,0.000616143,0,17:48,6,180909,0,
2018-09-09 17:49,,0.000616143,0,17:49,6,180909,0,
2018-09-09 17:50,,0.000616143,0,17:50,6,180909,0,
2018-09-09 17:51,,0.000616143,0,17:51,6,180909,0,
2018-09-09 17:52,,0.000616143,0,17:52,6,180909,0,
2018-09-09 17:53,,0.000616143,0,17:53,6,180909,0,
2018-09-09 17:54,,0.000616143,0,17:54,6,180909,0,
2018-09-09 17:55,,0.000616143,0,17:55,6,180909,0,
2018-09-09 17:56,,0.000616143,0,17:56,6,180909,0,
2018-09-09 17:57,,0.000616143,0,17:57,6,180909,0,
2018-09-09 17:58,,0.000616143,0,17:58,6,180909,0,
2018-09-09 17:59,,0.000616143,0,17:59,6,180909,0,
2018-09-09 18:00,,0.000616143,0,18:00,6,180909,0,
2018-09-09 18:01,,0.000616143,0,18:01,6,180909,0,
2018-09-09 18:02,,0.000616143,0,18:02,6,180909,0,
2018-09-09 18:03,,0.000616143,0,18:03,6,180909,0,
2018-09-09 18:04,,0.000616143,0,18:04,6,180909,0,
2018-09-09 18:05,,0.000616143,0,18:05,6,180909,0,
2018-09-09 18:06,,0.000616143,0,18:06,6,180909,0,
2018-09-09 18:07,,0.000616143,0,18:07,6,180909,0,
2018-09-09 18:08,,0.000616143,0,18:08,6,180909,0,
2018-09-09 18:09,,0.000616143,0,18:09,6,180909,0,
2018-09-09 18:10,,0.000616143,0,18:10,6,180909,0,
2018-09-09 18:11,,0.000616143,0,18:11,6,180909,0,
2018-09-09 18:12,,0.000616143,0,18:12,6,180909,0,
2018-09-09 18:13,,0.000616143,0,18:13,6,180909,0,
2018-09-09 18:14,,0.000616143,0,18:14,6,180909,0,
2018-09-09 18:15,,0.000616143,0,18:15,6,180909,0,
2018-09-09 18:16,,0.000616143,0,18:16,6,180909,0,
2018-09-09 18:17,,0.000616143,0,18:17,6,180909,0,
2018-09-09 18:18,,0.000616143,0,18:18,6,180909,0,
2018-09-09 18:19,,0.000616143,0,18:19,6,180909,0,
2018-09-09 18:20,,0.000616143,0,18:20,6,180909,0,
2018-09-09 18:21,,0.000616143,0,18:21,6,180909,0,
2018-09-09 18:22,,0.000616143,0,18:22,6,180909,0,
2018-09-09 18:23,,0.000616143,0,18:23,6,180909,0,
2018-09-09 18:24,,0.000616143,0,18:24,6,180909,0,
2018-09-09 18:25,,0.000616143,0,18:25,6,180909,0,
2018-09-09 18:26,,0.000616143,0,18:26,6,180909,0,
2018-09-09 18:27,,0.000616143,0,18:27,6,180909,0,
2018-09-09 18:28,,0.000616143,0,18:28,6,180909,0,
2018-09-09 18:29,,0.000616143,0,18:29,6,180909,0,
2018-09-09 18:30,,0.000616143,0,18:30,6,180909,0,
2018-09-09 18:31,,0.000616143,0,18:31,6,180909,0,
2018-09-09 18:32,,0.000616143,0,18:32,6,180909,0,
2018-09-09 18:33,,0.000616143,0,18:33,6,180909,0,
2018-09-09 18:34,,0.000616143,0,18:34,6,180909,0,
2018-09-09 18:35,,0.000616143,0,18:35,6,180909,0,
2018-09-09 18:36,,0.000616143,0,18:36,6,180909,0,
2018-09-09 18:37,,0.000616143,0,18:37,6,180909,0,
2018-09-09 18:38,,0.000616143,0,18:38,6,180909,0,
2018-09-09 18:39,,0.000616143,0,18:39,6,180909,0,
2018-09-09 18:40,,0.000616143,0,18:40,6,180909,0,
2018-09-09 18:41,,0.000616143,0,18:41,6,180909,0,
2018-09-09 18:42,,0.000616143,0,18:42,6,180909,0,
2018-09-09 18:43,,0.000616143,0,18:43,6,180909,0,
2018-09-09 18:44,,0.000616143,0,18:44,6,180909,0,
2018-09-09 18:45,,0.000616143,0,18:45,6,180909,0,
2018-09-09 18:46,,0.000616143,0,18:46,6,180909,0,
2018-09-09 18:47,,0.000616143,0,18:47,6,180909,0,
2018-09-09 18:48,,0.000616143,0,18:48,6,180909,0,
2018-09-09 18:49,,0.000616143,0,18:49,6,180909,0,
2018-09-09 18:50,,0.000616143,0,18:50,6,180909,0,
2018-09-09 18:51,,0.000616143,0,18:51,6,180909,0,
2018-09-09 18:52,,0.000616143,0,18:52,6,180909,0,
2018-09-09 18:53,,0.000616143,0,18:53,6,180909,0,
2018-09-09 18:54,,0.000616143,0,18:54,6,180909,0,
2018-09-09 18:55,,0.000616143,0,18:55,6,180909,0,
2018-09-09 18:56,,0.000616143,0,18:56,6,180909,0,
2018-09-09 18:57,,0.000616143,0,18:57,6,180909,0,
2018-09-09 18:58,,0.000616143,0,18:58,6,180909,0,
2018-09-09 18:59,,0.000616143,0,18:59,6,180909,0,
2018-09-09 19:00,,0.000616143,0,19:00,6,180909,0,
2018-09-09 19:01,,0.000616143,0,19:01,6,180909,0,
2018-09-09 19:02,,0.000616143,0,19:02,6,180909,0,
2018-09-09 19:03,,0.000616143,0,19:03,6,180909,0,
2018-09-09 19:04,,0.000616143,0,19:04,6,180909,0,
2018-09-09 19:05,,0.000616143,0,19:05,6,180909,0,
2018-09-09 19:06,,0.000616143,0,19:06,6,180909,0,
2018-09-09 19:07,,0.000616143,0,19:07,6,180909,0,
2018-09-09 19:08,,0.000616143,0,19:08,6,180909,0,
2018-09-09 19:09,,0.000616143,0,19:09,6,180909,0,
2018-09-09 19:10,,0.000616143,0,19:10,6,180909,0,
2018-09-09 19:11,,0.000616143,0,19:11,6,180909,0,
2018-09-09 19:12,,0.000616143,0,19:12,6,180909,0,
2018-09-09 19:13,,0.000616143,0,19:13,6,180909,0,
2018-09-09 19:14,,0.000616143,0,19:14,6,180909,0,
2018-09-09 19:15,,0.000616143,0,19:15,6,180909,0,
2018-09-09 19:16,,0.000616143,0,19:16,6,180909,0,
2018-09-09 19:17,,0.000616143,0,19:17,6,180909,0,
2018-09-09 19:18,,0.000616143,0,19:18,6,180909,0,
2018-09-09 19:19,,0.000616143,0,19:19,6,180909,0,
2018-09-09 19:20,,0.000616143,0,19:20,6,180909,0,
2018-09-09 19:21,,0.000616143,0,19:21,6,180909,0,
2018-09-09 19:22,,0.000616143,0,19:22,6,180909,0,
2018-09-09 19:23,,0.000616143,0,19:23,6,180909,0,
2018-09-09 19:24,,0.000616143,0,19:24,6,180909,0,
2018-09-09 19:25,,0.000616143,0,19:25,6,180909,0,
2018-09-09 19:26,,0.000616143,0,19:26,6,180909,0,
2018-09-09 19:27,,0.000616143,0,19:27,6,180909,0,
2018-09-09 19:28,,0.000616143,0,19:28,6,180909,0,
2018-09-09 19:29,,0.000616143,0,19:29,6,180909,0,
2018-09-09 19:30,,0.000616143,0,19:30,6,180909,0,
2018-09-09 19:31,,0.000616143,0,19:31,6,180909,0,
2018-09-09 19:32,,0.000616143,0,19:32,6,180909,0,
2018-09-09 19:33,,0.000616143,0,19:33,6,180909,0,
2018-09-09 19:34,,0.000616143,0,19:34,6,180909,0,
2018-09-09 19:35,,0.000616143,0,19:35,6,180909,0,
2018-09-09 19:36,,0.000616143,0,19:36,6,180909,0,
2018-09-09 19:37,,0.000616143,0,19:37,6,180909,0,
2018-09-09 19:38,,0.000616143,0,19:38,6,180909,0,
2018-09-09 19:39,,0.000616143,0,19:39,6,180909,0,
2018-09-09 19:40,,0.000616143,0,19:40,6,180909,0,
2018-09-09 19:41,,0.000616143,0,19:41,6,180909,0,
2018-09-09 19:42,,0.000616143,0,19:42,6,180909,0,
2018-09-09 19:43,,0.000616143,0,19:43,6,180909,0,
2018-09-09 19:44,,0.000616143,0,19:44,6,180909,0,
2018-09-09 19:45,,0.000616143,0,19:45,6,180909,0,
2018-09-09 19:46,,0.000616143,0,19:46,6,180909,0,
2018-09-09 19:47,,0.000616143,0,19:47,6,180909,0,
2018-09-09 19:48,,0.000616143,0,19:48,6,180909,0,
2018-09-09 19:49,,0.000616143,0,19:49,6,180909,0,
2018-09-09 19:50,,0.000616143,0,19:50,6,180909,0,
2018-09-09 19:51,,0.000616143,0,19:51,6,180909,0,
2018-09-09 19:52,,0.000616143,0,19:52,6,180909,0,
2018-09-09 19:53,,0.000616143,0,19:53,6,180909,0,
2018-09-09 19:54,,0.000616143,0,19:54,6,180909,0,
2018-09-09 19:55,,0.000616143,0,19:55,6,180909,0,
2018-09-09 19:56,,0.000616143,0,19:56,6,180909,0,
2018-09-09 19:57,,0.000616143,0,19:57,6,180909,0,
2018-09-09 19:58,,0.000616143,0,19:58,6,180909,0,
2018-09-09 19:59,,0.000616143,0,19:59,6,180909,0,
2018-09-09 20:00,,0.000616143,0,20:00,6,180909,0,
2018-09-09 20:01,,0.000616143,0,20:01,6,180909,0,
2018-09-09 20:02,,0.000616143,0,20:02,6,180909,0,
2018-09-09 20:03,,0.000616143,0,20:03,6,180909,0,
2018-09-09 20:04,,0.000616143,0,20:04,6,180909,0,
2018-09-09 20:05,,0.000616143,0,20:05,6,180909,0,
2018-09-09 20:06,,0.000616143,0,20:06,6,180909,0,
2018-09-09 20:07,,0.000616143,0,20:07,6,180909,0,
2018-09-09 20:08,,0.000616143,0,20:08,6,180909,0,
2018-09-09 20:09,,0.000616143,0,20:09,6,180909,0,
2018-09-09 20:10,,0.000616143,0,20:10,6,180909,0,
2018-09-09 20:11,,0.000616143,0,20:11,6,180909,0,
2018-09-09 20:12,,0.000616143,0,20:12,6,180909,0,
2018-09-09 20:13,,0.000616143,0,20:13,6,180909,0,
2018-09-09 20:14,,0.000616143,0,20:14,6,180909,0,
2018-09-09 20:15,,0.000616143,0,20:15,6,180909,0,
2018-09-09 20:16,,0.000616143,0,20:16,6,180909,0,
2018-09-09 20:17,,0.000616143,0,20:17,6,180909,0,
2018-09-09 20:18,,0.000616143,0,20:18,6,180909,0,
2018-09-09 20:19,,0.000616143,0,20:19,6,180909,0,
2018-09-09 20:20,,0.000616143,0,20:20,6,180909,0,
2018-09-09 20:21,,0.000616143,0,20:21,6,180909,0,
2018-09-09 20:22,,0.000616143,0,20:22,6,180909,0,
2018-09-09 20:23,,0.000616143,0,20:23,6,180909,0,
2018-09-09 20:24,,0.000616143,0,20:24,6,180909,0,
2018-09-09 20:25,,0.000616143,0,20:25,6,180909,0,
2018-09-09 20:26,,0.000616143,0,20:26,6,180909,0,
2018-09-09 20:27,,0.000616143,0,20:27,6,180909,0,
2018-09-09 20:28,,0.000616143,0,20:28,6,180909,0,
2018-09-09 20:29,,0.000616143,0,20:29,6,180909,0,
2018-09-09 20:30,,0.000616143,0,20:30,6,180909,0,
2018-09-09 20:31,,0.000616143,0,20:31,6,180909,0,
2018-09-09 20:32,,0.000616143,0,20:32,6,180909,0,
2018-09-09 20:33,,0.000616143,0,20:33,6,180909,0,
2018-09-09 20:34,,0.000616143,0,20:34,6,180909,0,
2018-09-09 20:35,,0.000616143,0,20:35,6,180909,0,
2018-09-09 20:36,,0.000616143,0,20:36,6,180909,0,
2018-09-09 20:37,,0.000616143,0,20:37,6,180909,0,
2018-09-09 20:38,,0.000616143,0,20:38,6,180909,0,
2018-09-09 20:39,,0.000616143,0,20:39,6,180909,0,
2018-09-09 20:40,,0.000616143,0,20:40,6,180909,0,
2018-09-09 20:41,,0.000616143,0,20:41,6,180909,0,
2018-09-09 20:42,,0.000616143,0,20:42,6,180909,0,
2018-09-09 20:43,,0.000616143,0,20:43,6,180909,0,
2018-09-09 20:44,,0.000616143,0,20:44,6,180909,0,
2018-09-09 20:45,,0.000616143,0,20:45,6,180909,0,
2018-09-09 20:46,,0.000616143,0,20:46,6,180909,0,
2018-09-09 20:47,,0.000616143,0,20:47,6,180909,0,
2018-09-09 20:48,,0.000616143,0,20:48,6,180909,0,
2018-09-09 20:49,,0.000616143,0,20:49,6,180909,0,
2018-09-09 20:50,,0.000616143,0,20:50,6,180909,0,
2018-09-09 20:51,,0.000616143,0,20:51,6,180909,0,
2018-09-09 20:52,,0.000616143,0,20:52,6,180909,0,
2018-09-09 20:53,,0.000616143,0,20:53,6,180909,0,
2018-09-09 20:54,,0.000616143,0,20:54,6,180909,0,
2018-09-09 20:55,,0.000616143,0,20:55,6,180909,0,
2018-09-09 20:56,,0.000616143,0,20:56,6,180909,0,
2018-09-09 20:57,,0.000616143,0,20:57,6,180909,0,
2018-09-09 20:58,,0.000616143,0,20:58,6,180909,0,
2018-09-09 20:59,,0.000616143,0,20:59,6,180909,0,
2018-09-09 21:00,,0.000616143,0,21:00,6,180909,0,
2018-09-09 21:01,,0.000616143,0,21:01,6,180909,0,
2018-09-09 21:02,,0.000616143,0,21:02,6,180909,0,
2018-09-09 21:03,,0.000616143,0,21:03,6,180909,0,
2018-09-09 21:04,,0.000616143,0,21:04,6,180909,0,
2018-09-09 21:05,,0.000616143,0,21:05,6,180909,0,
2018-09-09 21:06,,0.000616143,0,21:06,6,180909,0,
2018-09-09 21:07,,0.000616143,0,21:07,6,180909,0,
2018-09-09 21:08,,0.000616143,0,21:08,6,180909,0,
2018-09-09 21:09,,0.000616143,0,21:09,6,180909,0,
2018-09-09 21:10,,0.000616143,0,21:10,6,180909,0,
2018-09-09 21:11,,0.000616143,0,21:11,6,180909,0,
2018-09-09 21:12,,0.000616143,0,21:12,6,180909,0,
2018-09-09 21:13,,0.000616143,0,21:13,6,180909,0,
2018-09-09 21:14,,0.000616143,0,21:14,6,180909,0,
2018-09-09 21:15,,0.000616143,0,21:15,6,180909,0,
2018-09-09 21:16,,0.000616143,0,21:16,6,180909,0,
2018-09-09 21:17,,0.000616143,0,21:17,6,180909,0,
2018-09-09 21:18,,0.000616143,0,21:18,6,180909,0,
2018-09-09 21:19,,0.000616143,0,21:19,6,180909,0,
2018-09-09 21:20,,0.000616143,0,21:20,6,180909,0,
2018-09-09 21:21,,0.000616143,0,21:21,6,180909,0,
2018-09-09 21:22,,0.000616143,0,21:22,6,180909,0,
2018-09-09 21:23,,0.000616143,0,21:23,6,180909,0,
2018-09-09 21:24,,0.000616143,0,21:24,6,180909,0,
2018-09-09 21:25,,0.000616143,0,21:25,6,180909,0,
2018-09-09 21:26,,0.000616143,0,21:26,6,180909,0,
2018-09-09 21:27,,0.000616143,0,21:27,6,180909,0,
2018-09-09 21:28,,0.000616143,0,21:28,6,180909,0,
2018-09-09 21:29,,0.000616143,0,21:29,6,180909,0,
2018-09-09 21:30,,0.000616143,0,21:30,6,180909,0,
2018-09-09 21:31,,0.000616143,0,21:31,6,180909,0,
2018-09-09 21:32,,0.000616143,0,21:32,6,180909,0,
2018-09-09 21:33,,0.000616143,0,21:33,6,180909,0,
2018-09-09 21:34,,0.000616143,0,21:34,6,180909,0,
2018-09-09 21:35,,0.000616143,0,21:35,6,180909,0,
2018-09-09 21:36,,0.000616143,0,21:36,6,180909,0,
2018-09-09 21:37,,0.000616143,0,21:37,6,180909,0,
2018-09-09 21:38,,0.000616143,0,21:38,6,180909,0,
2018-09-09 21:39,,0.000616143,0,21:39,6,180909,0,
2018-09-09 21:40,,0.000616143,0,21:40,6,180909,0,
2018-09-09 21:41,,0.000616143,0,21:41,6,180909,0,
2018-09-09 21:42,,0.000616143,0,21:42,6,180909,0,
2018-09-09 21:43,,0.000616143,0,21:43,6,180909,0,
2018-09-09 21:44,,0.000616143,0,21:44,6,180909,0,
2018-09-09 21:45,,0.000616143,0,21:45,6,180909,0,
2018-09-09 21:46,,0.000616143,0,21:46,6,180909,0,
2018-09-09 21:47,,0.000616143,0,21:47,6,180909,0,
2018-09-09 21:48,,0.000616143,0,21:48,6,180909,0,
2018-09-09 21:49,,0.000616143,0,21:49,6,180909,0,
2018-09-09 21:50,,0.000616143,0,21:50,6,180909,0,
2018-09-09 21:51,,0.000616143,0,21:51,6,180909,0,
2018-09-09 21:52,,0.000616143,0,21:52,6,180909,0,
2018-09-09 21:53,,0.000616143,0,21:53,6,180909,0,
2018-09-09 21:54,,0.000616143,0,21:54,6,180909,0,
2018-09-09 21:55,,0.000616143,0,21:55,6,180909,0,
2018-09-09 21:56,,0.000616143,0,21:56,6,180909,0,
2018-09-09 21:57,,0.000616143,0,21:57,6,180909,0,
2018-09-09 21:58,,0.000616143,0,21:58,6,180909,0,
2018-09-09 21:59,,0.000616143,0,21:59,6,180909,0,
2018-09-09 22:00,,0.000616143,0,22:00,6,180909,0,
2018-09-09 22:01,,0.000616143,0,22:01,6,180909,0,
2018-09-09 22:02,,0.000616143,0,22:02,6,180909,0,
2018-09-09 22:03,,0.000616143,0,22:03,6,180909,0,
2018-09-09 22:04,,0.000616143,0,22:04,6,180909,0,
2018-09-09 22:05,,0.000616143,0,22:05,6,180909,0,
2018-09-09 22:06,,0.000616143,0,22:06,6,180909,0,
2018-09-09 22:07,,0.000616143,0,22:07,6,180909,0,
2018-09-09 22:08,,0.000616143,0,22:08,6,180909,0,
2018-09-09 22:09,,0.000616143,0,22:09,6,180909,0,
2018-09-09 22:10,,0.000616143,0,22:10,6,180909,0,
2018-09-09 22:11,,0.000616143,0,22:11,6,180909,0,
2018-09-09 22:12,,0.000616143,0,22:12,6,180909,0,
2018-09-09 22:13,,0.000616143,0,22:13,6,180909,0,
2018-09-09 22:14,,0.000616143,0,22:14,6,180909,0,
2018-09-09 22:15,,0.000616143,0,22:15,6,180909,0,
2018-09-09 22:16,,0.000616143,0,22:16,6,180909,0,
2018-09-09 22:17,,0.000616143,0,22:17,6,180909,0,
2018-09-09 22:18,,0.000616143,0,22:18,6,180909,0,
2018-09-09 22:19,,0.000616143,0,22:19,6,180909,0,
2018-09-09 22:20,,0.000616143,0,22:20,6,180909,0,
2018-09-09 22:21,,0.000616143,0,22:21,6,180909,0,
2018-09-09 22:22,,0.000616143,0,22:22,6,180909,0,
2018-09-09 22:23,,0.000616143,0,22:23,6,180909,0,
2018-09-09 22:24,,0.000616143,0,22:24,6,180909,0,
2018-09-09 22:25,,0.000616143,0,22:25,6,180909,0,
2018-09-09 22:26,,0.000616143,0,22:26,6,180909,0,
2018-09-09 22:27,,0.000616143,0,22:27,6,180909,0,
2018-09-09 22:28,,0.000616143,0,22:28,6,180909,0,
2018-09-09 22:29,,0.000616143,0,22:29,6,180909,0,
2018-09-09 22:30,,0.000616143,0,22:30,6,180909,0,
2018-09-09 22:31,,0.000616143,0,22:31,6,180909,0,
2018-09-09 22:32,,0.000616143,0,22:32,6,180909,0,
2018-09-09 22:33,,0.000616143,0,22:33,6,180909,0,
2018-09-09 22:34,,0.000616143,0,22:34,6,180909,0,
2018-09-09 22:35,,0.000616143,0,22:35,6,180909,0,
2018-09-09 22:36,,0.000616143,0,22:36,6,180909,0,
2018-09-09 22:37,,0.000616143,0,22:37,6,180909,0,
2018-09-09 22:38,,0.000616143,0,22:38,6,180909,0,
2018-09-09 22:39,,0.000616143,0,22:39,6,180909,0,
2018-09-09 22:40,,0.000616143,0,22:40,6,180909,0,
2018-09-09 22:41,,0.000616143,0,22:41,6,180909,0,
2018-09-09 22:42,,0.000616143,0,22:42,6,180909,0,
2018-09-09 22:43,,0.000616143,0,22:43,6,180909,0,
2018-09-09 22:44,,0.000616143,0,22:44,6,180909,0,
2018-09-09 22:45,,0.000616143,0,22:45,6,180909,0,
2018-09-09 22:46,,0.000616143,0,22:46,6,180909,0,
2018-09-09 22:47,,0.000616143,0,22:47,6,180909,0,
2018-09-09 22:48,,0.000616143,0,22:48,6,180909,0,
2018-09-09 22:49,,0.000616143,0,22:49,6,180909,0,
2018-09-09 22:50,,0.000616143,0,22:50,6,180909,0,
2018-09-09 22:51,,0.000616143,0,22:51,6,180909,0,
2018-09-09 22:52,,0.000616143,0,22:52,6,180909,0,
2018-09-09 22:53,,0.000616143,0,22:53,6,180909,0,
2018-09-09 22:54,,0.000616143,0,22:54,6,180909,0,
2018-09-09 22:55,,0.000616143,0,22:55,6,180909,0,
2018-09-09 22:56,,0.000616143,0,22:56,6,180909,0,
2018-09-09 22:57,,0.000616143,0,22:57,6,180909,0,
2018-09-09 22:58,,0.000616143,0,22:58,6,180909,0,
2018-09-09 22:59,,0.000616143,0,22:59,6,180909,0,
2018-09-09 23:00,,0.000616143,0,23:00,6,180909,0,
2018-09-09 23:01,,0.000616143,0,23:01,6,180909,0,
2018-09-09 23:02,,0.000616143,0,23:02,6,180909,0,
2018-09-09 23:03,,0.000616143,0,23:03,6,180909,0,
2018-09-09 23:04,,0.000616143,0,23:04,6,180909,0,
2018-09-09 23:05,,0.000616143,0,23:05,6,180909,0,
2018-09-09 23:06,,0.000616143,0,23:06,6,180909,0,
2018-09-09 23:07,,0.000616143,0,23:07,6,180909,0,
2018-09-09 23:08,,0.000616143,0,23:08,6,180909,0,
2018-09-09 23:09,,0.000616143,0,23:09,6,180909,0,
2018-09-09 23:10,,0.000616143,0,23:10,6,180909,0,
2018-09-09 23:11,,0.000616143,0,23:11,6,180909,0,
2018-09-09 23:12,,0.000616143,0,23:12,6,180909,0,
2018-09-09 23:13,,0.000616143,0,23:13,6,180909,0,
2018-09-09 23:14,,0.000616143,0,23:14,6,180909,0,
2018-09-09 23:15,,0.000616143,0,23:15,6,180909,0,
2018-09-09 23:16,,0.000616143,0,23:16,6,180909,0,
2018-09-09 23:17,,0.000616143,0,23:17,6,180909,0,
2018-09-09 23:18,,0.000616143,0,23:18,6,180909,0,
2018-09-09 23:19,,0.000616143,0,23:19,6,180909,0,
2018-09-09 23:20,,0.000616143,0,23:20,6,180909,0,
2018-09-09 23:21,,0.000616143,0,23:21,6,180909,0,
2018-09-09 23:22,,0.000616143,0,23:22,6,180909,0,
2018-09-09 23:23,,0.000616143,0,23:23,6,180909,0,
2018-09-09 23:24,,0.000616143,0,23:24,6,180909,0,
2018-09-09 23:25,,0.000616143,0,23:25,6,180909,0,
2018-09-09 23:26,,0.000616143,0,23:26,6,180909,0,
2018-09-09 23:27,,0.000616143,0,23:27,6,180909,0,
2018-09-09 23:28,,0.000616143,0,23:28,6,180909,0,
2018-09-09 23:29,,0.000616143,0,23:29,6,180909,0,
2018-09-09 23:30,,0.000616143,0,23:30,6,180909,0,
2018-09-09 23:31,,0.000616143,0,23:31,6,180909,0,
2018-09-09 23:32,,0.000616143,0,23:32,6,180909,0,
2018-09-09 23:33,,0.000616143,0,23:33,6,180909,0,
2018-09-09 23:34,,0.000616143,0,23:34,6,180909,0,
2018-09-09 23:35,,0.000616143,0,23:35,6,180909,0,
2018-09-09 23:36,,0.000616143,0,23:36,6,180909,0,
2018-09-09 23:37,,0.000616143,0,23:37,6,180909,0,
2018-09-09 23:38,,0.000616143,0,23:38,6,180909,0,
2018-09-09 23:39,,0.000616143,0,23:39,6,180909,0,
2018-09-09 23:40,,0.000616143,0,23:40,6,180909,0,
2018-09-09 23:41,,0.000616143,0,23:41,6,180909,0,
2018-09-09 23:42,,0.000616143,0,23:42,6,180909,0,
2018-09-09 23:43,,0.000616143,0,23:43,6,180909,0,
2018-09-09 23:44,,0.000616143,0,23:44,6,180909,0,
2018-09-09 23:45,,0.000616143,0,23:45,6,180909,0,
2018-09-09 23:46,,0.000616143,0,23:46,6,180909,0,
2018-09-09 23:47,,0.000616143,0,23:47,6,180909,0,
2018-09-09 23:48,,0.000616143,0,23:48,6,180909,0,
2018-09-09 23:49,,0.000616143,0,23:49,6,180909,0,
2018-09-09 23:50,,0.000616143,0,23:50,6,180909,0,
2018-09-09 23:51,,0.000616143,0,23:51,6,180909,0,
2018-09-09 23:52,,0.000616143,0,23:52,6,180909,0,
2018-09-09 23:53,,0.000616143,0,23:53,6,180909,0,
2018-09-09 23:54,,0.000616143,0,23:54,6,180909,0,
2018-09-09 23:55,,0.000616143,0,23:55,6,180909,0,
2018-09-09 23:56,,0.000616143,0,23:56,6,180909,0,
2018-09-09 23:57,,0.000616143,0,23:57,6,180909,0,
2018-09-09 23:58,,0.000616143,0,23:58,6,180909,0,
2018-09-09 23:59,,0.000616143,0,23:59,6,180909,0,
2018-09-10 0:00,,0.000616143,0,0:00,0,180910,0,
2018-09-10 0:01,,0.000616143,0,0:01,0,180910,0,
2018-09-10 0:02,,0.000616143,0,0:02,0,180910,0,
2018-09-10 0:03,,0.000616143,0,0:03,0,180910,0,
2018-09-10 0:04,,0.000616143,0,0:04,0,180910,0,
2018-09-10 0:05,,0.000616143,0,0:05,0,180910,0,
2018-09-10 0:06,,0.000616143,0,0:06,0,180910,0,
2018-09-10 0:07,,0.000616143,0,0:07,0,180910,0,
2018-09-10 0:08,,0.000616143,0,0:08,0,180910,0,
2018-09-10 0:09,,0.000616143,0,0:09,0,180910,0,
2018-09-10 0:10,,0.000616143,0,0:10,0,180910,0,
2018-09-10 0:11,,0.000616143,0,0:11,0,180910,0,
2018-09-10 0:12,,0.000616143,0,0:12,0,180910,0,
2018-09-10 0:13,,0.000616143,0,0:13,0,180910,0,
2018-09-10 0:14,,0.000616143,0,0:14,0,180910,0,
2018-09-10 0:15,,0.000616143,0,0:15,0,180910,0,
2018-09-10 0:16,,0.000616143,0,0:16,0,180910,0,
2018-09-10 0:17,,0.000616143,0,0:17,0,180910,0,
2018-09-10 0:18,,0.000616143,0,0:18,0,180910,0,
2018-09-10 0:19,,0.000616143,0,0:19,0,180910,0,
2018-09-10 0:20,,0.000616143,0,0:20,0,180910,0,
2018-09-10 0:21,,0.000616143,0,0:21,0,180910,0,
2018-09-10 0:22,,0.000616143,0,0:22,0,180910,0,
2018-09-10 0:23,,0.000616143,0,0:23,0,180910,0,
2018-09-10 0:24,,0.000616143,0,0:24,0,180910,0,
2018-09-10 0:25,,0.000616143,0,0:25,0,180910,0,
2018-09-10 0:26,,0.000616143,0,0:26,0,180910,0,
2018-09-10 0:27,,0.000616143,0,0:27,0,180910,0,
2018-09-10 0:28,,0.000616143,0,0:28,0,180910,0,
2018-09-10 0:29,,0.000616143,0,0:29,0,180910,0,
2018-09-10 0:30,,0.000616143,0,0:30,0,180910,0,
2018-09-10 0:31,,0.000616143,0,0:31,0,180910,0,
2018-09-10 0:32,,0.000616143,0,0:32,0,180910,0,
2018-09-10 0:33,,0.000616143,0,0:33,0,180910,0,
2018-09-10 0:34,,0.000616143,0,0:34,0,180910,0,
2018-09-10 0:35,,0.000616143,0,0:35,0,180910,0,
2018-09-10 0:36,,0.000616143,0,0:36,0,180910,0,
2018-09-10 0:37,,0.000616143,0,0:37,0,180910,0,
2018-09-10 0:38,,0.000616143,0,0:38,0,180910,0,
2018-09-10 0:39,,0.000616143,0,0:39,0,180910,0,
2018-09-10 0:40,,0.000616143,0,0:40,0,180910,0,
2018-09-10 0:41,,0.000616143,0,0:41,0,180910,0,
2018-09-10 0:42,,0.000616143,0,0:42,0,180910,0,
2018-09-10 0:43,,0.000616143,0,0:43,0,180910,0,
2018-09-10 0:44,,0.000616143,0,0:44,0,180910,0,
2018-09-10 0:45,,0.000616143,0,0:45,0,180910,0,
2018-09-10 0:46,,0.000616143,0,0:46,0,180910,0,
2018-09-10 0:47,,0.000616143,0,0:47,0,180910,0,
2018-09-10 0:48,,0.000616143,0,0:48,0,180910,0,
2018-09-10 0:49,,0.000616143,0,0:49,0,180910,0,
2018-09-10 0:50,,0.000616143,0,0:50,0,180910,0,
2018-09-10 0:51,,0.000616143,0,0:51,0,180910,0,
2018-09-10 0:52,,0.000616143,0,0:52,0,180910,0,
2018-09-10 0:53,,0.000616143,0,0:53,0,180910,0,
2018-09-10 0:54,,0.000616143,0,0:54,0,180910,0,
2018-09-10 0:55,,0.000616143,0,0:55,0,180910,0,
2018-09-10 0:56,,0.000616143,0,0:56,0,180910,0,
2018-09-10 0:57,,0.000616143,0,0:57,0,180910,0,
2018-09-10 0:58,,0.000616143,0,0:58,0,180910,0,
2018-09-10 0:59,,0.000616143,0,0:59,0,180910,0,
2018-09-10 1:00,,0.000616143,0,1:00,0,180910,0,
2018-09-10 1:01,,0.000616143,0,1:01,0,180910,0,
2018-09-10 1:02,,0.000616143,0,1:02,0,180910,0,
2018-09-10 1:03,,0.000616143,0,1:03,0,180910,0,
2018-09-10 1:04,,0.000616143,0,1:04,0,180910,0,
2018-09-10 1:05,,0.000616143,0,1:05,0,180910,0,
2018-09-10 1:06,,0.000616143,0,1:06,0,180910,0,
2018-09-10 1:07,,0.000616143,0,1:07,0,180910,0,
2018-09-10 1:08,,0.000616143,0,1:08,0,180910,0,
2018-09-10 1:09,,0.000616143,0,1:09,0,180910,0,
2018-09-10 1:10,,0.000616143,0,1:10,0,180910,0,
2018-09-10 1:11,,0.000616143,0,1:11,0,180910,0,
2018-09-10 1:12,,0.000616143,0,1:12,0,180910,0,
2018-09-10 1:13,,0.000616143,0,1:13,0,180910,0,
2018-09-10 1:14,,0.000616143,0,1:14,0,180910,0,
2018-09-10 1:15,,0.000616143,0,1:15,0,180910,0,
2018-09-10 1:16,,0.000616143,0,1:16,0,180910,0,
2018-09-10 1:17,,0.000616143,0,1:17,0,180910,0,
2018-09-10 1:18,,0.000616143,0,1:18,0,180910,0,
2018-09-10 1:19,,0.000616143,0,1:19,0,180910,0,
2018-09-10 1:20,,0.000616143,0,1:20,0,180910,0,
2018-09-10 1:21,,0.000616143,0,1:21,0,180910,0,
2018-09-10 1:22,,0.000616143,0,1:22,0,180910,0,
2018-09-10 1:23,,0.000616143,0,1:23,0,180910,0,
2018-09-10 1:24,,0.000616143,0,1:24,0,180910,0,
2018-09-10 1:25,,0.000616143,0,1:25,0,180910,0,
2018-09-10 1:26,,0.000616143,0,1:26,0,180910,0,
2018-09-10 1:27,,0.000616143,0,1:27,0,180910,0,
2018-09-10 1:28,,0.000616143,0,1:28,0,180910,0,
2018-09-10 1:29,,0.000616143,0,1:29,0,180910,0,
2018-09-10 1:30,,0.000616143,0,1:30,0,180910,0,
2018-09-10 1:31,,0.000616143,0,1:31,0,180910,0,
2018-09-10 1:32,,0.000616143,0,1:32,0,180910,0,
2018-09-10 1:33,,0.000616143,0,1:33,0,180910,0,
2018-09-10 1:34,,0.000616143,0,1:34,0,180910,0,
2018-09-10 1:35,,0.000616143,0,1:35,0,180910,0,
2018-09-10 1:36,,0.000616143,0,1:36,0,180910,0,
2018-09-10 1:37,,0.000616143,0,1:37,0,180910,0,
2018-09-10 1:38,,0.000616143,0,1:38,0,180910,0,
2018-09-10 1:39,,0.000616143,0,1:39,0,180910,0,
2018-09-10 1:40,,0.000616143,0,1:40,0,180910,0,
2018-09-10 1:41,,0.000616143,0,1:41,0,180910,0,
2018-09-10 1:42,,0.000616143,0,1:42,0,180910,0,
2018-09-10 1:43,,0.000616143,0,1:43,0,180910,0,
2018-09-10 1:44,,0.000616143,0,1:44,0,180910,0,
2018-09-10 1:45,,0.000616143,0,1:45,0,180910,0,
2018-09-10 1:46,,0.000616143,0,1:46,0,180910,0,
2018-09-10 1:47,,0.000616143,0,1:47,0,180910,0,
2018-09-10 1:48,,0.000616143,0,1:48,0,180910,0,
2018-09-10 1:49,,0.000616143,0,1:49,0,180910,0,
2018-09-10 1:50,,0.000616143,0,1:50,0,180910,0,
2018-09-10 1:51,,0.000616143,0,1:51,0,180910,0,
2018-09-10 1:52,,0.000616143,0,1:52,0,180910,0,
2018-09-10 1:53,,0.000616143,0,1:53,0,180910,0,
2018-09-10 1:54,,0.000616143,0,1:54,0,180910,0,
2018-09-10 1:55,,0.000616143,0,1:55,0,180910,0,
2018-09-10 1:56,,0.000616143,0,1:56,0,180910,0,
2018-09-10 1:57,,0.000616143,0,1:57,0,180910,0,
2018-09-10 1:58,,0.000616143,0,1:58,0,180910,0,
2018-09-10 1:59,,0.000616143,0,1:59,0,180910,0,
2018-09-10 2:00,,0.000616143,0,2:00,0,180910,0,
2018-09-10 2:01,,0.000616143,0,2:01,0,180910,0,
2018-09-10 2:02,,0.000616143,0,2:02,0,180910,0,
2018-09-10 2:03,,0.000616143,0,2:03,0,180910,0,
2018-09-10 2:04,,0.000616143,0,2:04,0,180910,0,
2018-09-10 2:05,,0.000616143,0,2:05,0,180910,0,
2018-09-10 2:06,,0.000616143,0,2:06,0,180910,0,
2018-09-10 2:07,,0.000616143,0,2:07,0,180910,0,
2018-09-10 2:08,,0.000616143,0,2:08,0,180910,0,
2018-09-10 2:09,,0.000616143,0,2:09,0,180910,0,
2018-09-10 2:10,,0.000616143,0,2:10,0,180910,0,
2018-09-10 2:11,,0.000616143,0,2:11,0,180910,0,
2018-09-10 2:12,,0.000616143,0,2:12,0,180910,0,
2018-09-10 2:13,,0.000616143,0,2:13,0,180910,0,
2018-09-10 2:14,,0.000616143,0,2:14,0,180910,0,
2018-09-10 2:15,,0.000616143,0,2:15,0,180910,0,
2018-09-10 2:16,,0.000616143,0,2:16,0,180910,0,
2018-09-10 2:17,,0.000616143,0,2:17,0,180910,0,
2018-09-10 2:18,,0.000616143,0,2:18,0,180910,0,
2018-09-10 2:19,,0.000616143,0,2:19,0,180910,0,
2018-09-10 2:20,,0.000616143,0,2:20,0,180910,0,
2018-09-10 2:21,,0.000616143,0,2:21,0,180910,0,
2018-09-10 2:22,,0.000616143,0,2:22,0,180910,0,
2018-09-10 2:23,,0.000616143,0,2:23,0,180910,0,
2018-09-10 2:24,,0.000616143,0,2:24,0,180910,0,
2018-09-10 2:25,,0.000616143,0,2:25,0,180910,0,
2018-09-10 2:26,,0.000616143,0,2:26,0,180910,0,
2018-09-10 2:27,,0.000616143,0,2:27,0,180910,0,
2018-09-10 2:28,,0.000616143,0,2:28,0,180910,0,
2018-09-10 2:29,,0.000616143,0,2:29,0,180910,0,
2018-09-10 2:30,,0.000616143,0,2:30,0,180910,0,
2018-09-10 2:31,,0.000616143,0,2:31,0,180910,0,
2018-09-10 2:32,,0.000616143,0,2:32,0,180910,0,
2018-09-10 2:33,,0.000616143,0,2:33,0,180910,0,
2018-09-10 2:34,,0.000616143,0,2:34,0,180910,0,
2018-09-10 2:35,,0.000616143,0,2:35,0,180910,0,
2018-09-10 2:36,,0.000616143,0,2:36,0,180910,0,
2018-09-10 2:37,,0.000616143,0,2:37,0,180910,0,
2018-09-10 2:38,,0.000616143,0,2:38,0,180910,0,
2018-09-10 2:39,,0.000616143,0,2:39,0,180910,0,
2018-09-10 2:40,,0.000616143,0,2:40,0,180910,0,
2018-09-10 2:41,,0.000616143,0,2:41,0,180910,0,
2018-09-10 2:42,,0.000616143,0,2:42,0,180910,0,
2018-09-10 2:43,,0.000616143,0,2:43,0,180910,0,
2018-09-10 2:44,,0.000616143,0,2:44,0,180910,0,
2018-09-10 2:45,,0.000616143,0,2:45,0,180910,0,
2018-09-10 2:46,,0.000616143,0,2:46,0,180910,0,
2018-09-10 2:47,,0.000616143,0,2:47,0,180910,0,
2018-09-10 2:48,,0.000616143,0,2:48,0,180910,0,
2018-09-10 2:49,,0.000616143,0,2:49,0,180910,0,
2018-09-10 2:50,,0.000616143,0,2:50,0,180910,0,
2018-09-10 2:51,,0.000616143,0,2:51,0,180910,0,
2018-09-10 2:52,,0.000616143,0,2:52,0,180910,0,
2018-09-10 2:53,,0.000616143,0,2:53,0,180910,0,
2018-09-10 2:54,,0.000616143,0,2:54,0,180910,0,
2018-09-10 2:55,,0.000616143,0,2:55,0,180910,0,
2018-09-10 2:56,,0.000616143,0,2:56,0,180910,0,
2018-09-10 2:57,,0.000616143,0,2:57,0,180910,0,
2018-09-10 2:58,,0.000616143,0,2:58,0,180910,0,
2018-09-10 2:59,,0.000616143,0,2:59,0,180910,0,
2018-09-10 3:00,,0.000616143,0,3:00,0,180910,0,
2018-09-10 3:01,,0.000616143,0,3:01,0,180910,0,
2018-09-10 3:02,,0.000616143,0,3:02,0,180910,0,
2018-09-10 3:03,,0.000616143,0,3:03,0,180910,0,
2018-09-10 3:04,,0.000616143,0,3:04,0,180910,0,
2018-09-10 3:05,,0.000616143,0,3:05,0,180910,0,
2018-09-10 3:06,,0.000616143,0,3:06,0,180910,0,
2018-09-10 3:07,,0.000616143,0,3:07,0,180910,0,
2018-09-10 3:08,,0.000616143,0,3:08,0,180910,0,
2018-09-10 3:09,,0.000616143,0,3:09,0,180910,0,
2018-09-10 3:10,,0.000616143,0,3:10,0,180910,0,
2018-09-10 3:11,,0.000616143,0,3:11,0,180910,0,
2018-09-10 3:12,,0.000616143,0,3:12,0,180910,0,
2018-09-10 3:13,,0.000616143,0,3:13,0,180910,0,
2018-09-10 3:14,,0.000616143,0,3:14,0,180910,0,
2018-09-10 3:15,,0.000616143,0,3:15,0,180910,0,
2018-09-10 3:16,,0.000616143,0,3:16,0,180910,0,
2018-09-10 3:17,,0.000616143,0,3:17,0,180910,0,
2018-09-10 3:18,,0.000616143,0,3:18,0,180910,0,
2018-09-10 3:19,,0.000616143,0,3:19,0,180910,0,
2018-09-10 3:20,,0.000616143,0,3:20,0,180910,0,
2018-09-10 3:21,,0.000616143,0,3:21,0,180910,0,
2018-09-10 3:22,,0.000616143,0,3:22,0,180910,0,
2018-09-10 3:23,,0.000616143,0,3:23,0,180910,0,
2018-09-10 3:24,,0.000616143,0,3:24,0,180910,0,
2018-09-10 3:25,,0.000616143,0,3:25,0,180910,0,
2018-09-10 3:26,,0.000616143,0,3:26,0,180910,0,
2018-09-10 3:27,,0.000616143,0,3:27,0,180910,0,
2018-09-10 3:28,,0.000616143,0,3:28,0,180910,0,
2018-09-10 3:29,,0.000616143,0,3:29,0,180910,0,
2018-09-10 3:30,,0.000616143,0,3:30,0,180910,0,
2018-09-10 3:31,,0.000616143,0,3:31,0,180910,0,
2018-09-10 3:32,,0.000616143,0,3:32,0,180910,0,
2018-09-10 3:33,,0.000616143,0,3:33,0,180910,0,
2018-09-10 3:34,,0.000616143,0,3:34,0,180910,0,
2018-09-10 3:35,,0.000616143,0,3:35,0,180910,0,
2018-09-10 3:36,,0.000616143,0,3:36,0,180910,0,
2018-09-10 3:37,,0.000616143,0,3:37,0,180910,0,
2018-09-10 3:38,,0.000616143,0,3:38,0,180910,0,
2018-09-10 3:39,,0.000616143,0,3:39,0,180910,0,
2018-09-10 3:40,,0.000616143,0,3:40,0,180910,0,
2018-09-10 3:41,,0.000616143,0,3:41,0,180910,0,
2018-09-10 3:42,,0.000616143,0,3:42,0,180910,0,
2018-09-10 3:43,,0.000616143,0,3:43,0,180910,0,
2018-09-10 3:44,,0.000616143,0,3:44,0,180910,0,
2018-09-10 3:45,,0.000616143,0,3:45,0,180910,0,
2018-09-10 3:46,,0.000616143,0,3:46,0,180910,0,
2018-09-10 3:47,,0.000616143,0,3:47,0,180910,0,
2018-09-10 3:48,,0.000616143,0,3:48,0,180910,0,
2018-09-10 3:49,,0.000616143,0,3:49,0,180910,0,
2018-09-10 3:50,,0.000616143,0,3:50,0,180910,0,
2018-09-10 3:51,,0.000616143,0,3:51,0,180910,0,
2018-09-10 3:52,,0.000616143,0,3:52,0,180910,0,
2018-09-10 3:53,,0.000616143,0,3:53,0,180910,0,
2018-09-10 3:54,,0.000616143,0,3:54,0,180910,0,
2018-09-10 3:55,,0.000616143,0,3:55,0,180910,0,
2018-09-10 3:56,,0.000616143,0,3:56,0,180910,0,
2018-09-10 3:57,,0.000616143,0,3:57,0,180910,0,
2018-09-10 3:58,,0.000616143,0,3:58,0,180910,0,
2018-09-10 3:59,,0.000616143,0,3:59,0,180910,0,
2018-09-10 4:00,,0.000616143,0,4:00,0,180910,0,
2018-09-10 4:01,,0.000616143,0,4:01,0,180910,0,
2018-09-10 4:02,,0.000616143,0,4:02,0,180910,0,
2018-09-10 4:03,,0.000616143,0,4:03,0,180910,0,
2018-09-10 4:04,,0.000616143,0,4:04,0,180910,0,
2018-09-10 4:05,,0.000616143,0,4:05,0,180910,0,
2018-09-10 4:06,,0.000616143,0,4:06,0,180910,0,
2018-09-10 4:07,,0.000616143,0,4:07,0,180910,0,
2018-09-10 4:08,,0.000616143,0,4:08,0,180910,0,
2018-09-10 4:09,,0.000616143,0,4:09,0,180910,0,
2018-09-10 4:10,,0.000616143,0,4:10,0,180910,0,
2018-09-10 4:11,,0.000616143,0,4:11,0,180910,0,
2018-09-10 4:12,,0.000616143,0,4:12,0,180910,0,
2018-09-10 4:13,,0.000616143,0,4:13,0,180910,0,
2018-09-10 4:14,,0.000616143,0,4:14,0,180910,0,
2018-09-10 4:15,,0.000616143,0,4:15,0,180910,0,
2018-09-10 4:16,,0.000616143,0,4:16,0,180910,0,
2018-09-10 4:17,,0.000616143,0,4:17,0,180910,0,
2018-09-10 4:18,,0.000616143,0,4:18,0,180910,0,
2018-09-10 4:19,,0.000616143,0,4:19,0,180910,0,
2018-09-10 4:20,,0.000616143,0,4:20,0,180910,0,
2018-09-10 4:21,,0.000616143,0,4:21,0,180910,0,
2018-09-10 4:22,,0.000616143,0,4:22,0,180910,0,
2018-09-10 4:23,,0.000616143,0,4:23,0,180910,0,
2018-09-10 4:24,,0.000616143,0,4:24,0,180910,0,
2018-09-10 4:25,,0.000616143,0,4:25,0,180910,0,
2018-09-10 4:26,,0.000616143,0,4:26,0,180910,0,
2018-09-10 4:27,,0.000616143,0,4:27,0,180910,0,
2018-09-10 4:28,,0.000616143,0,4:28,0,180910,0,
2018-09-10 4:29,,0.000616143,0,4:29,0,180910,0,
2018-09-10 4:30,,0.000616143,0,4:30,0,180910,0,
2018-09-10 4:31,,0.000616143,0,4:31,0,180910,0,
2018-09-10 4:32,,0.000616143,0,4:32,0,180910,0,
2018-09-10 4:33,,0.000616143,0,4:33,0,180910,0,
2018-09-10 4:34,,0.000616143,0,4:34,0,180910,0,
2018-09-10 4:35,,0.000616143,0,4:35,0,180910,0,
2018-09-10 4:36,,0.000616143,0,4:36,0,180910,0,
2018-09-10 4:37,,0.000616143,0,4:37,0,180910,0,
2018-09-10 4:38,,0.000616143,0,4:38,0,180910,0,
2018-09-10 4:39,,0.000616143,0,4:39,0,180910,0,
2018-09-10 4:40,,0.000616143,0,4:40,0,180910,0,
2018-09-10 4:41,,0.000616143,0,4:41,0,180910,0,
2018-09-10 4:42,,0.000616143,0,4:42,0,180910,0,
2018-09-10 4:43,,0.000616143,0,4:43,0,180910,0,
2018-09-10 4:44,,0.000616143,0,4:44,0,180910,0,
2018-09-10 4:45,,0.000616143,0,4:45,0,180910,0,
2018-09-10 4:46,,0.000616143,0,4:46,0,180910,0,
2018-09-10 4:47,,0.000616143,0,4:47,0,180910,0,
2018-09-10 4:48,,0.000616143,0,4:48,0,180910,0,
2018-09-10 4:49,,0.000616143,0,4:49,0,180910,0,
2018-09-10 4:50,,0.000616143,0,4:50,0,180910,0,
2018-09-10 4:51,,0.000616143,0,4:51,0,180910,0,
2018-09-10 4:52,,0.000616143,0,4:52,0,180910,0,
2018-09-10 4:53,,0.000616143,0,4:53,0,180910,0,
2018-09-10 4:54,,0.000616143,0,4:54,0,180910,0,
2018-09-10 4:55,,0.000616143,0,4:55,0,180910,0,
2018-09-10 4:56,,0.000616143,0,4:56,0,180910,0,
2018-09-10 4:57,,0.000616143,0,4:57,0,180910,0,
2018-09-10 4:58,,0.000616143,0,4:58,0,180910,0,
2018-09-10 4:59,,0.000616143,0,4:59,0,180910,0,
2018-09-10 5:00,,0.000616143,0,5:00,0,180910,0,
2018-09-10 5:01,,0.000616143,0,5:01,0,180910,0,
2018-09-10 5:02,,0.000616143,0,5:02,0,180910,0,
2018-09-10 5:03,,0.000616143,0,5:03,0,180910,0,
2018-09-10 5:04,,0.000616143,0,5:04,0,180910,0,
2018-09-10 5:05,,0.000616143,0,5:05,0,180910,0,
2018-09-10 5:06,,0.000616143,0,5:06,0,180910,0,
2018-09-10 5:07,,0.000616143,0,5:07,0,180910,0,
2018-09-10 5:08,,0.000616143,0,5:08,0,180910,0,
2018-09-10 5:09,,0.000616143,0,5:09,0,180910,0,
2018-09-10 5:10,,0.000616143,0,5:10,0,180910,0,
2018-09-10 5:11,,0.000616143,0,5:11,0,180910,0,
2018-09-10 5:12,,0.000616143,0,5:12,0,180910,0,
2018-09-10 5:13,,0.000616143,0,5:13,0,180910,0,
2018-09-10 5:14,,0.000616143,0,5:14,0,180910,0,
2018-09-10 5:15,,0.000616143,0,5:15,0,180910,0,
2018-09-10 5:16,,0.000616143,0,5:16,0,180910,0,
2018-09-10 5:17,,0.000616143,0,5:17,0,180910,0,
2018-09-10 5:18,,0.000616143,0,5:18,0,180910,0,
2018-09-10 5:19,,0.000616143,0,5:19,0,180910,0,
2018-09-10 5:20,,0.000616143,0,5:20,0,180910,0,
2018-09-10 5:21,,0.000616143,0,5:21,0,180910,0,
2018-09-10 5:22,,0.000616143,0,5:22,0,180910,0,
2018-09-10 5:23,,0.000616143,0,5:23,0,180910,0,
2018-09-10 5:24,,0.000616143,0,5:24,0,180910,0,
2018-09-10 5:25,,0.000616143,0,5:25,0,180910,0,
2018-09-10 5:26,,0.000616143,0,5:26,0,180910,0,
2018-09-10 5:27,,0.000616143,0,5:27,0,180910,0,
2018-09-10 5:28,,0.000616143,0,5:28,0,180910,0,
2018-09-10 5:29,,0.000616143,0,5:29,0,180910,0,
2018-09-10 5:30,,0.000616143,0,5:30,0,180910,0,
2018-09-10 5:31,,0.000616143,0,5:31,0,180910,0,
2018-09-10 5:32,,0.000616143,0,5:32,0,180910,0,
2018-09-10 5:33,,0.000616143,0,5:33,0,180910,0,
2018-09-10 5:34,,0.000616143,0,5:34,0,180910,0,
2018-09-10 5:35,,0.000616143,0,5:35,0,180910,0,
2018-09-10 5:36,,0.000616143,0,5:36,0,180910,0,
2018-09-10 5:37,,0.000616143,0,5:37,0,180910,0,
2018-09-10 5:38,,0.000616143,0,5:38,0,180910,0,
2018-09-10 5:39,,0.000616143,0,5:39,0,180910,0,
2018-09-10 5:40,,0.000616143,0,5:40,0,180910,0,
2018-09-10 5:41,,0.000616143,0,5:41,0,180910,0,
2018-09-10 5:42,,0.000616143,0,5:42,0,180910,0,
2018-09-10 5:43,,0.000616143,0,5:43,0,180910,0,
2018-09-10 5:44,,0.000616143,0,5:44,0,180910,0,
2018-09-10 5:45,,0.000616143,0,5:45,0,180910,0,
2018-09-10 5:46,,0.000616143,0,5:46,0,180910,0,
2018-09-10 5:47,,0.000616143,0,5:47,0,180910,0,
2018-09-10 5:48,,0.000616143,0,5:48,0,180910,0,
2018-09-10 5:49,,0.000616143,0,5:49,0,180910,0,
2018-09-10 5:50,,0.000616143,0,5:50,0,180910,0,
2018-09-10 5:51,,0.000616143,0,5:51,0,180910,0,
2018-09-10 5:52,,0.000616143,0,5:52,0,180910,0,
2018-09-10 5:53,,0.000616143,0,5:53,0,180910,0,
2018-09-10 5:54,,0.000616143,0,5:54,0,180910,0,
2018-09-10 5:55,,0.000616143,0,5:55,0,180910,0,
2018-09-10 5:56,,0.000616143,0,5:56,0,180910,0,
2018-09-10 5:57,,0.000616143,0,5:57,0,180910,0,
2018-09-10 5:58,,0.000616143,0,5:58,0,180910,0,
2018-09-10 5:59,,0.000616143,0,5:59,0,180910,0,
2018-09-10 6:00,,0.000616143,0,6:00,0,180910,0,
2018-09-10 6:01,,0.000616143,0,6:01,0,180910,0,
2018-09-10 6:02,,0.000616143,0,6:02,0,180910,0,
2018-09-10 6:03,,0.000616143,0,6:03,0,180910,0,
2018-09-10 6:04,,0.000616143,0,6:04,0,180910,0,
2018-09-10 6:05,,0.000616143,0,6:05,0,180910,0,
2018-09-10 6:06,,0.000616143,0,6:06,0,180910,0,
2018-09-10 6:07,,0.000616143,0,6:07,0,180910,0,
2018-09-10 6:08,,0.000616143,0,6:08,0,180910,0,
2018-09-10 6:09,,0.000616143,0,6:09,0,180910,0,
2018-09-10 6:10,,0.000616143,0,6:10,0,180910,0,
2018-09-10 6:11,,0.000616143,0,6:11,0,180910,0,
2018-09-10 6:12,,0.000616143,0,6:12,0,180910,0,
2018-09-10 6:13,,0.000616143,0,6:13,0,180910,0,
2018-09-10 6:14,,0.000616143,0,6:14,0,180910,0,
2018-09-10 6:15,,0.000616143,0,6:15,0,180910,0,
2018-09-10 6:16,,0.000616143,0,6:16,0,180910,0,
2018-09-10 6:17,,0.000616143,0,6:17,0,180910,0,
2018-09-10 6:18,,0.000616143,0,6:18,0,180910,0,
2018-09-10 6:19,,0.000616143,0,6:19,0,180910,0,
2018-09-10 6:20,,0.000616143,0,6:20,0,180910,0,
2018-09-10 6:21,,0.000616143,0,6:21,0,180910,0,
2018-09-10 6:22,,0.000616143,0,6:22,0,180910,0,
2018-09-10 6:23,,0.000616143,0,6:23,0,180910,0,
2018-09-10 6:24,,0.000616143,0,6:24,0,180910,0,
2018-09-10 6:25,,0.000616143,0,6:25,0,180910,0,
2018-09-10 6:26,,0.000616143,0,6:26,0,180910,0,
2018-09-10 6:27,,0.000616143,0,6:27,0,180910,0,
2018-09-10 6:28,,0.000616143,0,6:28,0,180910,0,
2018-09-10 6:29,,0.000616143,0,6:29,0,180910,0,
2018-09-10 6:30,,0.000616143,0,6:30,0,180910,0,
2018-09-10 6:31,,0.000616143,0,6:31,0,180910,0,
2018-09-10 6:32,,0.000616143,0,6:32,0,180910,0,
2018-09-10 6:33,,0.000616143,0,6:33,0,180910,0,
2018-09-10 6:34,,0.000616143,0,6:34,0,180910,0,
2018-09-10 6:35,,0.000616143,0,6:35,0,180910,0,
2018-09-10 6:36,,0.000616143,0,6:36,0,180910,0,
2018-09-10 6:37,,0.000616143,0,6:37,0,180910,0,
2018-09-10 6:38,,0.000616143,0,6:38,0,180910,0,
2018-09-10 6:39,,0.000616143,0,6:39,0,180910,0,
2018-09-10 6:40,,0.000616143,0,6:40,0,180910,0,
2018-09-10 6:41,,0.000616143,0,6:41,0,180910,0,
2018-09-10 6:42,,0.000616143,0,6:42,0,180910,0,
2018-09-10 6:43,,0.000616143,0,6:43,0,180910,0,
2018-09-10 6:44,,0.000616143,0,6:44,0,180910,0,
2018-09-10 6:45,,0.000616143,0,6:45,0,180910,0,
2018-09-10 6:46,,0.000616143,0,6:46,0,180910,0,
2018-09-10 6:47,,0.000616143,0,6:47,0,180910,0,
2018-09-10 6:48,,0.000616143,0,6:48,0,180910,0,
2018-09-10 6:49,,0.000616143,0,6:49,0,180910,0,
2018-09-10 6:50,,0.000616143,0,6:50,0,180910,0,
2018-09-10 6:51,,0.000616143,0,6:51,0,180910,0,
2018-09-10 6:52,,0.000616143,0,6:52,0,180910,0,
2018-09-10 6:53,,0.000616143,0,6:53,0,180910,0,
2018-09-10 6:54,,0.000616143,0,6:54,0,180910,0,
2018-09-10 6:55,,0.000616143,0,6:55,0,180910,0,
2018-09-10 6:56,,0.000616143,0,6:56,0,180910,0,
2018-09-10 6:57,,0.000616143,0,6:57,0,180910,0,
2018-09-10 6:58,,0.000616143,0,6:58,0,180910,0,
2018-09-10 6:59,,0.000616143,0,6:59,0,180910,0,
2018-09-10 7:00,,0.000616143,0,7:00,0,180910,0,
2018-09-10 7:01,,0.000616143,0,7:01,0,180910,0,
2018-09-10 7:02,,0.000616143,0,7:02,0,180910,0,
2018-09-10 7:03,,0.000616143,0,7:03,0,180910,0,
2018-09-10 7:04,,0.000616143,0,7:04,0,180910,0,
2018-09-10 7:05,,0.000616143,0,7:05,0,180910,0,
2018-09-10 7:06,,0.000616143,0,7:06,0,180910,0,
2018-09-10 7:07,,0.000616143,0,7:07,0,180910,0,
2018-09-10 7:08,,0.000616143,0,7:08,0,180910,0,
2018-09-10 7:09,,0.000616143,0,7:09,0,180910,0,
2018-09-10 7:10,,0.000616143,0,7:10,0,180910,0,
2018-09-10 7:11,,0.000616143,0,7:11,0,180910,0,
2018-09-10 7:12,,0.000616143,0,7:12,0,180910,0,
2018-09-10 7:13,,0.000616143,0,7:13,0,180910,0,
2018-09-10 7:14,,0.000616143,0,7:14,0,180910,0,
2018-09-10 7:15,,0.000616143,0,7:15,0,180910,0,
2018-09-10 7:16,,0.000616143,0,7:16,0,180910,0,
2018-09-10 7:17,,0.000616143,0,7:17,0,180910,0,
2018-09-10 7:18,,0.000616143,0,7:18,0,180910,0,
2018-09-10 7:19,,0.000616143,0,7:19,0,180910,0,
2018-09-10 7:20,,0.000616143,0,7:20,0,180910,0,
2018-09-10 7:21,,0.000616143,0,7:21,0,180910,0,
2018-09-10 7:22,,0.000616143,0,7:22,0,180910,0,
2018-09-10 7:23,,0.000616143,0,7:23,0,180910,0,
2018-09-10 7:24,,0.000616143,0,7:24,0,180910,0,
2018-09-10 7:25,,0.000616143,0,7:25,0,180910,0,
2018-09-10 7:26,,0.000616143,0,7:26,0,180910,0,
2018-09-10 7:27,,0.000616143,0,7:27,0,180910,0,
2018-09-10 7:28,,0.000616143,0,7:28,0,180910,0,
2018-09-10 7:29,,0.000616143,0,7:29,0,180910,0,
2018-09-10 7:30,,0.000616143,0,7:30,0,180910,0,
2018-09-10 7:31,,0.000616143,0,7:31,0,180910,0,
2018-09-10 7:32,,0.000616143,0,7:32,0,180910,0,
2018-09-10 7:33,,0.000616143,0,7:33,0,180910,0,
2018-09-10 7:34,,0.000616143,0,7:34,0,180910,0,
2018-09-10 7:35,,0.000616143,0,7:35,0,180910,0,
2018-09-10 7:36,,0.000616143,0,7:36,0,180910,0,
2018-09-10 7:37,,0.000616143,0,7:37,0,180910,0,
2018-09-10 7:38,,0.000616143,0,7:38,0,180910,0,
2018-09-10 7:39,,0.000616143,0,7:39,0,180910,0,
2018-09-10 7:40,,0.000616143,0,7:40,0,180910,0,
2018-09-10 7:41,,0.000616143,0,7:41,0,180910,0,
2018-09-10 7:42,,0.000616143,0,7:42,0,180910,0,
2018-09-10 7:43,,0.000616143,0,7:43,0,180910,0,
2018-09-10 7:44,,0.000616143,0,7:44,0,180910,0,
2018-09-10 7:45,,0.000616143,0,7:45,0,180910,0,
2018-09-10 7:46,,0.000616143,0,7:46,0,180910,0,
2018-09-10 7:47,,0.000616143,0,7:47,0,180910,0,
2018-09-10 7:48,,0.000616143,0,7:48,0,180910,0,
2018-09-10 7:49,,0.000616143,0,7:49,0,180910,0,
2018-09-10 7:50,,0.000616143,0,7:50,0,180910,0,
2018-09-10 7:51,,0.000616143,0,7:51,0,180910,0,
2018-09-10 7:52,,0.000616143,0,7:52,0,180910,0,
2018-09-10 7:53,,0.000616143,0,7:53,0,180910,0,
2018-09-10 7:54,,0.000616143,0,7:54,0,180910,0,
2018-09-10 7:55,,0.000616143,0,7:55,0,180910,0,
2018-09-10 7:56,,0.000616143,0,7:56,0,180910,0,
2018-09-10 7:57,,0.000616143,0,7:57,0,180910,0,
2018-09-10 7:58,,0.000616143,0,7:58,0,180910,0,
2018-09-10 7:59,,0.000616143,0,7:59,0,180910,0,
2018-09-10 8:00,,0.000616143,0,8:00,0,180910,0,
2018-09-10 8:01,,0.000616143,0,8:01,0,180910,0,
2018-09-10 8:02,,0.000616143,0,8:02,0,180910,0,
2018-09-10 8:03,,0.000616143,0,8:03,0,180910,0,
2018-09-10 8:04,,0.000616143,0,8:04,0,180910,0,
2018-09-10 8:05,,0.000616143,0,8:05,0,180910,0,
2018-09-10 8:06,,0.000616143,0,8:06,0,180910,0,
2018-09-10 8:07,,0.000616143,0,8:07,0,180910,0,
2018-09-10 8:08,,0.000616143,0,8:08,0,180910,0,
2018-09-10 8:09,,0.000616143,0,8:09,0,180910,0,
2018-09-10 8:10,,0.000616143,0,8:10,0,180910,0,
2018-09-10 8:11,,0.000616143,0,8:11,0,180910,0,
2018-09-10 8:12,,0.000616143,0,8:12,0,180910,0,
2018-09-10 8:13,,0.000616143,0,8:13,0,180910,0,
2018-09-10 8:14,,0.000616143,0,8:14,0,180910,0,
2018-09-10 8:15,,0.000616143,0,8:15,0,180910,0,
2018-09-10 8:16,,0.000616143,0,8:16,0,180910,0,
2018-09-10 8:17,,0.000616143,0,8:17,0,180910,0,
2018-09-10 8:18,,0.000616143,0,8:18,0,180910,0,
2018-09-10 8:19,,0.000616143,0,8:19,0,180910,0,
2018-09-10 8:20,,0.000616143,0,8:20,0,180910,0,
2018-09-10 8:21,,0.000616143,0,8:21,0,180910,0,
2018-09-10 8:22,,0.000616143,0,8:22,0,180910,0,
2018-09-10 8:23,,0.000616143,0,8:23,0,180910,0,
2018-09-10 8:24,,0.000616143,0,8:24,0,180910,0,
2018-09-10 8:25,,0.000616143,0,8:25,0,180910,0,
2018-09-10 8:26,,0.000616143,0,8:26,0,180910,0,
2018-09-10 8:27,,0.000616143,0,8:27,0,180910,0,
2018-09-10 8:28,,0.000616143,0,8:28,0,180910,0,
2018-09-10 8:29,,0.000616143,0,8:29,0,180910,0,
2018-09-10 8:30,,0.000616143,0,8:30,0,180910,0,
2018-09-10 8:31,,0.000616143,0,8:31,0,180910,0,
2018-09-10 8:32,,0.000616143,0,8:32,0,180910,0,
2018-09-10 8:33,,0.000616143,0,8:33,0,180910,0,
2018-09-10 8:34,,0.000616143,0,8:34,0,180910,0,
2018-09-10 8:35,,0.000616143,0,8:35,0,180910,0,
2018-09-10 8:36,,0.000616143,0,8:36,0,180910,0,
2018-09-10 8:37,,0.000616143,0,8:37,0,180910,0,
2018-09-10 8:38,,0.000616143,0,8:38,0,180910,0,
2018-09-10 8:39,,0.000616143,0,8:39,0,180910,0,
2018-09-10 8:40,,0.000616143,0,8:40,0,180910,0,
2018-09-10 8:41,,0.000616143,0,8:41,0,180910,0,
2018-09-10 8:42,,0.000616143,0,8:42,0,180910,0,
2018-09-10 8:43,,0.000616143,0,8:43,0,180910,0,
2018-09-10 8:44,,0.000616143,0,8:44,0,180910,0,
2018-09-10 8:45,,0.000616143,0,8:45,0,180910,0,
2018-09-10 8:46,,0.000616143,0,8:46,0,180910,0,
2018-09-10 8:47,,0.000616143,0,8:47,0,180910,0,
2018-09-10 8:48,,0.000616143,0,8:48,0,180910,0,
2018-09-10 8:49,,0.000616143,0,8:49,0,180910,0,
2018-09-10 8:50,,0.000616143,0,8:50,0,180910,0,
2018-09-10 8:51,,0.000616143,0,8:51,0,180910,0,
2018-09-10 8:52,,0.000616143,0,8:52,0,180910,0,
2018-09-10 8:53,,0.000616143,0,8:53,0,180910,0,
2018-09-10 8:54,,0.000616143,0,8:54,0,180910,0,
2018-09-10 8:55,,0.000616143,0,8:55,0,180910,0,
2018-09-10 8:56,,0.000616143,0,8:56,0,180910,0,
2018-09-10 8:57,,0.000616143,0,8:57,0,180910,0,
2018-09-10 8:58,,0.000616143,0,8:58,0,180910,0,
2018-09-10 8:59,,0.000616143,0,8:59,0,180910,0,
2018-09-10 9:00,,0.000616143,0,9:00,0,180910,0,
2018-09-10 9:01,,0.000616143,0,9:01,0,180910,0,
2018-09-10 9:02,,0.000616143,0,9:02,0,180910,0,
2018-09-10 9:03,,0.000616143,0,9:03,0,180910,0,
2018-09-10 9:04,,0.000616143,0,9:04,0,180910,0,
2018-09-10 9:05,,0.000616143,0,9:05,0,180910,0,
2018-09-10 9:06,,0.000616143,0,9:06,0,180910,0,
2018-09-10 9:07,,0.000616143,0,9:07,0,180910,0,
2018-09-10 9:08,,0.000616143,0,9:08,0,180910,0,
2018-09-10 9:09,,0.000616143,0,9:09,0,180910,0,
2018-09-10 9:10,,0.000616143,0,9:10,0,180910,0,
2018-09-10 9:11,,0.000616143,0,9:11,0,180910,0,
2018-09-10 9:12,,0.000616143,0,9:12,0,180910,0,
2018-09-10 9:13,,0.000616143,0,9:13,0,180910,0,
2018-09-10 9:14,,0.000616143,0,9:14,0,180910,0,
2018-09-10 9:15,,0.000616143,0,9:15,0,180910,0,
2018-09-10 9:16,,0.000616143,0,9:16,0,180910,0,
2018-09-10 9:17,,0.000616143,0,9:17,0,180910,0,
2018-09-10 9:18,,0.000616143,0,9:18,0,180910,0,
2018-09-10 9:19,,0.000616143,0,9:19,0,180910,0,
2018-09-10 9:20,,0.000616143,0,9:20,0,180910,0,
2018-09-10 9:21,,0.000616143,0,9:21,0,180910,0,
2018-09-10 9:22,,0.000616143,0,9:22,0,180910,0,
2018-09-10 9:23,,0.000616143,0,9:23,0,180910,0,
2018-09-10 9:24,,0.000616143,0,9:24,0,180910,0,
2018-09-10 9:25,,0.000616143,0,9:25,0,180910,0,
2018-09-10 9:26,,0.000616143,0,9:26,0,180910,0,
2018-09-10 9:27,,0.000616143,0,9:27,0,180910,0,
2018-09-10 9:28,,0.000616143,0,9:28,0,180910,0,
2018-09-10 9:29,,0.000616143,0,9:29,0,180910,0,
2018-09-10 9:30,,0.000616143,0,9:30,0,180910,0,
2018-09-10 9:31,,0.000616143,0,9:31,0,180910,0,
2018-09-10 9:32,,0.000616143,0,9:32,0,180910,0,
2018-09-10 9:33,,0.000616143,0,9:33,0,180910,0,
2018-09-10 9:34,,0.000616143,0,9:34,0,180910,0,
2018-09-10 9:35,,0.000616143,0,9:35,0,180910,0,
2018-09-10 9:36,,0.000616143,0,9:36,0,180910,0,
2018-09-10 9:37,,0.000616143,0,9:37,0,180910,0,
2018-09-10 9:38,,0.000616143,0,9:38,0,180910,0,
2018-09-10 9:39,,0.000616143,0,9:39,0,180910,0,
2018-09-10 9:40,,0.000616143,0,9:40,0,180910,0,
2018-09-10 9:41,,0.000616143,0,9:41,0,180910,0,
2018-09-10 9:42,,0.000616143,0,9:42,0,180910,0,
2018-09-10 9:43,,0.000616143,0,9:43,0,180910,0,
2018-09-10 9:44,,0.000616143,0,9:44,0,180910,0,
2018-09-10 9:45,,0.000616143,0,9:45,0,180910,0,
2018-09-10 9:46,,0.000616143,0,9:46,0,180910,0,
2018-09-10 9:47,,0.000616143,0,9:47,0,180910,0,
2018-09-10 9:48,,0.000616143,0,9:48,0,180910,0,
2018-09-10 9:49,,0.000616143,0,9:49,0,180910,0,
2018-09-10 9:50,,0.000616143,0,9:50,0,180910,0,
2018-09-10 9:51,,0.000616143,0,9:51,0,180910,0,
2018-09-10 9:52,,0.000616143,0,9:52,0,180910,0,
2018-09-10 9:53,,0.000616143,0,9:53,0,180910,0,
2018-09-10 9:54,,0.000616143,0,9:54,0,180910,0,
2018-09-10 9:55,,0.000616143,0,9:55,0,180910,0,
2018-09-10 9:56,,0.000616143,0,9:56,0,180910,0,
2018-09-10 9:57,,0.000616143,0,9:57,0,180910,0,
2018-09-10 9:58,,0.000616143,0,9:58,0,180910,0,
2018-09-10 9:59,,0.000616143,0,9:59,0,180910,0,
2018-09-10 10:00,,0.000616143,0,10:00,0,180910,0,
2018-09-10 10:01,,0.000616143,0,10:01,0,180910,0,
2018-09-10 10:02,,0.000616143,0,10:02,0,180910,0,
2018-09-10 10:03,,0.000616143,0,10:03,0,180910,0,
2018-09-10 10:04,,0.000616143,0,10:04,0,180910,0,
2018-09-10 10:05,,0.000616143,0,10:05,0,180910,0,
2018-09-10 10:06,,0.000616143,0,10:06,0,180910,0,
2018-09-10 10:07,,0.000616143,0,10:07,0,180910,0,
2018-09-10 10:08,,0.000616143,0,10:08,0,180910,0,
2018-09-10 10:09,,0.000616143,0,10:09,0,180910,0,
2018-09-10 10:10,,0.000616143,0,10:10,0,180910,0,
2018-09-10 10:11,,0.000616143,0,10:11,0,180910,0,
2018-09-10 10:12,,0.000616143,0,10:12,0,180910,0,
2018-09-10 10:13,,0.000616143,0,10:13,0,180910,0,
2018-09-10 10:14,,0.000616143,0,10:14,0,180910,0,
2018-09-10 10:15,,0.000616143,0,10:15,0,180910,0,
2018-09-10 10:16,,0.000616143,0,10:16,0,180910,0,
2018-09-10 10:17,,0.000616143,0,10:17,0,180910,0,
2018-09-10 10:18,,0.000616143,0,10:18,0,180910,0,
2018-09-10 10:19,,0.000616143,0,10:19,0,180910,0,
2018-09-10 10:20,,0.000616143,0,10:20,0,180910,0,
2018-09-10 10:21,,0.000616143,0,10:21,0,180910,0,
2018-09-10 10:22,,0.000616143,0,10:22,0,180910,0,
2018-09-10 10:23,,0.000616143,0,10:23,0,180910,0,
2018-09-10 10:24,,0.000616143,0,10:24,0,180910,0,
2018-09-10 10:25,,0.000616143,0,10:25,0,180910,0,
2018-09-10 10:26,,0.000616143,0,10:26,0,180910,0,
2018-09-10 10:27,,0.000616143,0,10:27,0,180910,0,
2018-09-10 10:28,,0.000616143,0,10:28,0,180910,0,
2018-09-10 10:29,,0.000616143,0,10:29,0,180910,0,
2018-09-10 10:30,,0.000616143,0,10:30,0,180910,0,
2018-09-10 10:31,,0.000616143,0,10:31,0,180910,0,
2018-09-10 10:32,,0.000616143,0,10:32,0,180910,0,
2018-09-10 10:33,,0.000616143,0,10:33,0,180910,0,
2018-09-10 10:34,,0.000616143,0,10:34,0,180910,0,
2018-09-10 10:35,,0.000616143,0,10:35,0,180910,0,
2018-09-10 10:36,,0.000616143,0,10:36,0,180910,0,
2018-09-10 10:37,,0.000616143,0,10:37,0,180910,0,
2018-09-10 10:38,,0.000616143,0,10:38,0,180910,0,
2018-09-10 10:39,,0.000616143,0,10:39,0,180910,0,
2018-09-10 10:40,,0.000616143,0,10:40,0,180910,0,
2018-09-10 10:41,,0.000616143,0,10:41,0,180910,0,
2018-09-10 10:42,,0.000616143,0,10:42,0,180910,0,
2018-09-10 10:43,,0.000616143,0,10:43,0,180910,0,
2018-09-10 10:44,,0.000616143,0,10:44,0,180910,0,
2018-09-10 10:45,,0.000616143,0,10:45,0,180910,0,
2018-09-10 10:46,,0.000616143,0,10:46,0,180910,0,
2018-09-10 10:47,,0.000616143,0,10:47,0,180910,0,
2018-09-10 10:48,,0.000616143,0,10:48,0,180910,0,
2018-09-10 10:49,,0.000616143,0,10:49,0,180910,0,
2018-09-10 10:50,,0.000616143,0,10:50,0,180910,0,
2018-09-10 10:51,,0.000616143,0,10:51,0,180910,0,
2018-09-10 10:52,,0.000616143,0,10:52,0,180910,0,
2018-09-10 10:53,,0.000616143,0,10:53,0,180910,0,
2018-09-10 10:54,,0.000616143,0,10:54,0,180910,0,
2018-09-10 10:55,,0.000616143,0,10:55,0,180910,0,
2018-09-10 10:56,,0.000616143,0,10:56,0,180910,0,
2018-09-10 10:57,,0.000616143,0,10:57,0,180910,0,
2018-09-10 10:58,,0.000616143,0,10:58,0,180910,0,
2018-09-10 10:59,,0.000616143,0,10:59,0,180910,0,
2018-09-10 11:00,,0.000616143,0,11:00,0,180910,0,
2018-09-10 11:01,,0.000616143,0,11:01,0,180910,0,
2018-09-10 11:02,,0.000616143,0,11:02,0,180910,0,
2018-09-10 11:03,,0.000616143,0,11:03,0,180910,0,
2018-09-10 11:04,,0.000616143,0,11:04,0,180910,0,
2018-09-10 11:05,,0.000616143,0,11:05,0,180910,0,
2018-09-10 11:06,,0.000616143,0,11:06,0,180910,0,
2018-09-10 11:07,,0.000616143,0,11:07,0,180910,0,
2018-09-10 11:08,,0.000616143,0,11:08,0,180910,0,
2018-09-10 11:09,,0.000616143,0,11:09,0,180910,0,
2018-09-10 11:10,,0.000616143,0,11:10,0,180910,0,
2018-09-10 11:11,,0.000616143,0,11:11,0,180910,0,
2018-09-10 11:12,,0.000616143,0,11:12,0,180910,0,
2018-09-10 11:13,,0.000616143,0,11:13,0,180910,0,
2018-09-10 11:14,,0.000616143,0,11:14,0,180910,0,
2018-09-10 11:15,,0.000616143,0,11:15,0,180910,0,
2018-09-10 11:16,,0.000616143,0,11:16,0,180910,0,
2018-09-10 11:17,,0.000616143,0,11:17,0,180910,0,
2018-09-10 11:18,,0.000616143,0,11:18,0,180910,0,
2018-09-10 11:19,,0.000616143,0,11:19,0,180910,0,
2018-09-10 11:20,,0.000616143,0,11:20,0,180910,0,
2018-09-10 11:21,,0.000616143,0,11:21,0,180910,0,
2018-09-10 11:22,,0.000616143,0,11:22,0,180910,0,
2018-09-10 11:23,,0.000616143,0,11:23,0,180910,0,
2018-09-10 11:24,,0.000616143,0,11:24,0,180910,0,
2018-09-10 11:25,,0.000616143,0,11:25,0,180910,0,
2018-09-10 11:26,,0.000616143,0,11:26,0,180910,0,
2018-09-10 11:27,,0.000616143,0,11:27,0,180910,0,
2018-09-10 11:28,,0.000616143,0,11:28,0,180910,0,
2018-09-10 11:29,,0.000616143,0,11:29,0,180910,0,
2018-09-10 11:30,,0.000616143,0,11:30,0,180910,0,
2018-09-10 11:31,,0.000616143,0,11:31,0,180910,0,
2018-09-10 11:32,,0.000616143,0,11:32,0,180910,0,
2018-09-10 11:33,,0.000616143,0,11:33,0,180910,0,
2018-09-10 11:34,,0.000616143,0,11:34,0,180910,0,
2018-09-10 11:35,,0.000616143,0,11:35,0,180910,0,
2018-09-10 11:36,,0.000616143,0,11:36,0,180910,0,
2018-09-10 11:37,,0.000616143,0,11:37,0,180910,0,
2018-09-10 11:38,,0.000616143,0,11:38,0,180910,0,
2018-09-10 11:39,,0.000616143,0,11:39,0,180910,0,
2018-09-10 11:40,,0.000616143,0,11:40,0,180910,0,
2018-09-10 11:41,,0.000616143,0,11:41,0,180910,0,
2018-09-10 11:42,,0.000616143,0,11:42,0,180910,0,
2018-09-10 11:43,,0.000616143,0,11:43,0,180910,0,
2018-09-10 11:44,,0.000616143,0,11:44,0,180910,0,
2018-09-10 11:45,,0.000616143,0,11:45,0,180910,0,
2018-09-10 11:46,,0.000616143,0,11:46,0,180910,0,
2018-09-10 11:47,,0.000616143,0,11:47,0,180910,0,
2018-09-10 11:48,,0.000616143,0,11:48,0,180910,0,
2018-09-10 11:49,,0.000616143,0,11:49,0,180910,0,
2018-09-10 11:50,,0.000616143,0,11:50,0,180910,0,
2018-09-10 11:51,,0.000616143,0,11:51,0,180910,0,
2018-09-10 11:52,,0.000616143,0,11:52,0,180910,0,
2018-09-10 11:53,,0.000616143,0,11:53,0,180910,0,
2018-09-10 11:54,,0.000616143,0,11:54,0,180910,0,
2018-09-10 11:55,,0.000616143,0,11:55,0,180910,0,
2018-09-10 11:56,,0.000616143,0,11:56,0,180910,0,
2018-09-10 11:57,,0.000616143,0,11:57,0,180910,0,
2018-09-10 11:58,,0.000616143,0,11:58,0,180910,0,
2018-09-10 11:59,,0.000616143,0,11:59,0,180910,0,
2018-09-10 12:00,,0.000616143,0,12:00,0,180910,0,
2018-09-10 12:01,,0.000616143,0,12:01,0,180910,0,
2018-09-10 12:02,,0.000616143,0,12:02,0,180910,0,
2018-09-10 12:03,,0.000616143,0,12:03,0,180910,0,
2018-09-10 12:04,,0.000616143,0,12:04,0,180910,0,
2018-09-10 12:05,,0.000616143,0,12:05,0,180910,0,
2018-09-10 12:06,,0.000616143,0,12:06,0,180910,0,
2018-09-10 12:07,,0.000616143,0,12:07,0,180910,0,
2018-09-10 12:08,,0.000616143,0,12:08,0,180910,0,
2018-09-10 12:09,,0.000616143,0,12:09,0,180910,0,
2018-09-10 12:10,,0.000616143,0,12:10,0,180910,0,
2018-09-10 12:11,,0.000616143,0,12:11,0,180910,0,
2018-09-10 12:12,,0.000616143,0,12:12,0,180910,0,
2018-09-10 12:13,,0.000616143,0,12:13,0,180910,0,
2018-09-10 12:14,,0.000616143,0,12:14,0,180910,0,
2018-09-10 12:15,,0.000616143,0,12:15,0,180910,0,
2018-09-10 12:16,,0.000616143,0,12:16,0,180910,0,
2018-09-10 12:17,,0.000616143,0,12:17,0,180910,0,
2018-09-10 12:18,,0.000616143,0,12:18,0,180910,0,
2018-09-10 12:19,,0.000616143,0,12:19,0,180910,0,
2018-09-10 12:20,,0.000616143,0,12:20,0,180910,0,
2018-09-10 12:21,,0.000616143,0,12:21,0,180910,0,
2018-09-10 12:22,,0.000616143,0,12:22,0,180910,0,
2018-09-10 12:23,,0.000616143,0,12:23,0,180910,0,
2018-09-10 12:24,,0.000616143,0,12:24,0,180910,0,
2018-09-10 12:25,,0.000616143,0,12:25,0,180910,0,
2018-09-10 12:26,,0.000616143,0,12:26,0,180910,0,
2018-09-10 12:27,,0.000616143,0,12:27,0,180910,0,
2018-09-10 12:28,1,0.000616143,0,12:28,0,180910,0,1
2018-09-10 12:29,6,6.666666667,4.713609529,12:29,0,180910,1,1
2018-09-10 12:30,6,6.666666667,0,12:30,0,180910,1,1
2018-09-10 12:31,8,6.666666667,0,12:31,0,180910,1,1
2018-09-10 12:32,9,9.5,2.003469213,12:32,0,180910,1,1
2018-09-10 12:33,10,9.5,4.21E-08,12:33,0,180910,1,1
2018-09-10 12:34,9,10,0.353553391,12:34,0,180910,1,1
2018-09-10 12:35,11,10,9.42E-08,12:35,0,180910,1,1
2018-09-10 12:36,10,10.5,0.353553391,12:36,0,180910,1,1
2018-09-10 12:37,11,10.5,1.26E-07,12:37,0,180910,1,1
2018-09-10 12:38,11,11.5,0.707106781,12:38,0,180910,1,1
2018-09-10 12:39,12,11.5,1.74E-07,12:39,0,180910,1,1
2018-09-10 12:40,12,12.25,0.530330086,12:40,0,180910,1,1
2018-09-10 12:41,12,12.25,2.02E-07,12:41,0,180910,1,1
2018-09-10 12:42,12,12.25,2.02E-07,12:42,0,180910,1,1
2018-09-10 12:43,13,12.25,2.02E-07,12:43,0,180910,1,1
2018-09-10 12:44,14,13.5,0.883883476,12:44,0,180910,1,1
2018-09-10 12:45,13,13.5,2.42E-07,12:45,0,180910,1,1
2018-09-10 12:46,14,14.5,0.707106781,12:46,0,180910,1,1
2018-09-10 12:47,15,14.5,2.70E-07,12:47,0,180910,1,1
2018-09-10 12:48,14,13.66666667,0.589255651,12:48,0,180910,1,1
2018-09-10 12:49,14,13.66666667,2.47E-07,12:49,0,180910,1,1
2018-09-10 12:50,13,13.66666667,2.47E-07,12:50,0,180910,1,1
2018-09-10 12:51,14,13.66666667,2.47E-07,12:51,0,180910,1,1
2018-09-10 12:52,14,13.66666667,2.47E-07,12:52,0,180910,1,1
2018-09-10 12:53,13,13.66666667,2.47E-07,12:53,0,180910,1,1
2018-09-10 12:54,13,12.75,0.648181216,12:54,0,180910,1,1
2018-09-10 12:55,13,12.75,2.04E-07,12:55,0,180910,1,1
2018-09-10 12:56,13,12.75,2.04E-07,12:56,0,180910,1,1
2018-09-10 12:57,12,12.75,2.04E-07,12:57,0,180910,1,1
2018-09-10 12:58,12,11.66666667,0.766032346,12:58,0,180910,1,1
2018-09-10 12:59,12,11.66666667,1.61E-07,12:59,0,180910,1,1
2018-09-10 13:00,11,11.66666667,1.61E-07,13:00,0,180910,1,1
2018-09-10 13:01,11,10.5,0.824957911,13:01,0,180910,1,1
2018-09-10 13:02,10,10.5,3.33E-08,13:02,0,180910,1,1
2018-09-10 13:03,10,10.1,0.282842712,13:03,0,180910,1,1
2018-09-10 13:04,10,10.1,0,13:04,0,180910,1,1
2018-09-10 13:05,10,10.1,0,13:05,0,180910,1,1
2018-09-10 13:06,10,10.1,0,13:06,0,180910,1,1
2018-09-10 13:07,10,10.1,0,13:07,0,180910,1,1
2018-09-10 13:08,10,10.1,0,13:08,0,180910,1,1
2018-09-10 13:09,10,10.1,0,13:09,0,180910,1,1
2018-09-10 13:10,10,10.1,0,13:10,0,180910,1,1
2018-09-10 13:11,10,10.1,0,13:11,0,180910,1,1
2018-09-10 13:12,11,10.1,0,13:12,0,180910,1,1
2018-09-10 13:13,10,10.33333333,0.164991582,13:13,0,180910,1,1
2018-09-10 13:14,10,10.33333333,0,13:14,0,180910,1,1
2018-09-10 13:15,11,10.33333333,0,13:15,0,180910,1,1
2018-09-10 13:16,10,10.5,0.11785113,13:16,0,180910,1,1
2018-09-10 13:17,11,10.5,0,13:17,0,180910,1,1
2018-09-10 13:18,10,10.33333333,0.11785113,13:18,0,180910,1,1
2018-09-10 13:19,10,10.33333333,0,13:19,0,180910,1,1
2018-09-10 13:20,11,10.33333333,0,13:20,0,180910,1,1
2018-09-10 13:21,10,10.25,0.058925565,13:21,0,180910,1,1
2018-09-10 13:22,10,10.25,0,13:22,0,180910,1,1
2018-09-10 13:23,10,10.25,0,13:23,0,180910,1,1
2018-09-10 13:24,11,10.25,0,13:24,0,180910,1,1
2018-09-10 13:25,10,10.125,0.088388348,13:25,0,180910,1,1
2018-09-10 13:26,10,10.125,0,13:26,0,180910,1,1
2018-09-10 13:27,10,10.125,0,13:27,0,180910,1,1
2018-09-10 13:28,10,10.125,0,13:28,0,180910,1,1
2018-09-10 13:29,10,10.125,0,13:29,0,180910,1,1
2018-09-10 13:30,10,10.125,0,13:30,0,180910,1,1
2018-09-10 13:31,10,10.125,0,13:31,0,180910,1,1
2018-09-10 13:32,11,10.125,0,13:32,0,180910,1,1
2018-09-10 13:33,10,9.833333333,0.206239478,13:33,0,180910,1,1
2018-09-10 13:34,10,9.833333333,0,13:34,0,180910,1,1
2018-09-10 13:35,10,9.833333333,0,13:35,0,180910,1,1
2018-09-10 13:36,10,9.833333333,0,13:36,0,180910,1,1
2018-09-10 13:37,10,9.833333333,0,13:37,0,180910,1,1
2018-09-10 13:38,9,9.833333333,0,13:38,0,180910,1,1
2018-09-10 13:39,10,9.857142857,0.016835876,13:39,0,180910,1,1
2018-09-10 13:40,10,9.857142857,0,13:40,0,180910,1,1
2018-09-10 13:41,10,9.857142857,0,13:41,0,180910,1,1
2018-09-10 13:42,10,9.857142857,0,13:42,0,180910,1,1
2018-09-10 13:43,10,9.857142857,0,13:43,0,180910,1,1
2018-09-10 13:44,10,9.857142857,0,13:44,0,180910,1,1
2018-09-10 13:45,9,9.857142857,0,13:45,0,180910,1,1
2018-09-10 13:46,10,9.666666667,0.134687006,13:46,0,180910,1,1
2018-09-10 13:47,10,9.666666667,0,13:47,0,180910,1,1
2018-09-10 13:48,9,9.666666667,0,13:48,0,180910,1,1
2018-09-10 13:49,10,9.666666667,0,13:49,0,180910,1,1
2018-09-10 13:50,10,9.666666667,0,13:50,0,180910,1,1
2018-09-10 13:51,9,9.666666667,0,13:51,0,180910,1,1
2018-09-10 13:52,10,9.5,0.11785113,13:52,0,180910,1,1
2018-09-10 13:53,9,9.5,0,13:53,0,180910,1,1
2018-09-10 13:54,10,9.5,0,13:54,0,180910,1,1
2018-09-10 13:55,9,9.5,0,13:55,0,180910,1,1
2018-09-10 13:56,10,9.5,0,13:56,0,180910,1,1
2018-09-10 13:57,9,9.5,0,13:57,0,180910,1,1
2018-09-10 13:58,9,4.5,3.535533906,13:58,0,180910,0,1
2018-09-10 13:59,,4.5,2.49E-07,13:59,0,180910,0,1
2018-09-10 14:00,19,14,6.717514421,14:00,0,180910,1,1
2018-09-10 14:01,9,14,0,14:01,0,180910,1,1
2018-09-10 14:02,10,9.666666667,3.064129385,14:02,0,180910,1,1
2018-09-10 14:03,10,9.666666667,0,14:03,0,180910,1,1
2018-09-10 14:04,9,9.666666667,0,14:04,0,180910,1,1
2018-09-10 14:05,9,9.5,0.11785113,14:05,0,180910,1,1
2018-09-10 14:06,10,9.5,0,14:06,0,180910,1,1
2018-09-10 14:07,9,9.5,0,14:07,0,180910,1,1
2018-09-10 14:08,10,9.5,0,14:08,0,180910,1,1
2018-09-10 14:09,9,9.5,0,14:09,0,180910,1,1
2018-09-10 14:10,10,9.5,0,14:10,0,180910,1,1
2018-09-10 14:11,9,9.5,0,14:11,0,180910,1,1
2018-09-10 14:12,10,9.5,0,14:12,0,180910,1,1
2018-09-10 14:13,10,9.5,0,14:13,0,180910,1,1
2018-09-10 14:14,9,9.5,0,14:14,0,180910,1,1
2018-09-10 14:15,10,9.666666667,0.11785113,14:15,0,180910,1,1
2018-09-10 14:16,10,9.666666667,0,14:16,0,180910,1,1
2018-09-10 14:17,9,9.666666667,0,14:17,0,180910,1,1
2018-09-10 14:18,10,9.5,0.11785113,14:18,0,180910,1,1
2018-09-10 14:19,9,9.5,0,14:19,0,180910,1,1
2018-09-10 14:20,10,5.5,2.828427125,14:20,0,180910,1,1
2018-09-10 14:21,1,5.5,2.02E-07,14:21,0,180910,1,1
2018-09-10 14:22,1,0.5,3.535533906,14:22,0,180910,0,1
2018-09-10 14:23,,0.5,3.35E-07,14:23,0,180910,0,
2018-09-10 14:24,,0.000542005,0.353170135,14:24,0,180910,0,
2018-09-10 14:25,,0.000542005,3.45E-07,14:25,0,180910,0,
2018-09-10 14:26,,0.000542005,3.45E-07,14:26,0,180910,0,
2018-09-10 14:27,,0.000542005,3.45E-07,14:27,0,180910,0,
2018-09-10 14:28,,0.000542005,3.45E-07,14:28,0,180910,0,
2018-09-10 14:29,,0.000542005,3.45E-07,14:29,0,180910,0,
2018-09-10 14:30,,0.000542005,3.45E-07,14:30,0,180910,0,
2018-09-10 14:31,,0.000542005,3.45E-07,14:31,0,180910,0,
2018-09-10 14:32,,0.000542005,3.45E-07,14:32,0,180910,0,
2018-09-10 14:33,,0.000542005,3.45E-07,14:33,0,180910,0,
2018-09-10 14:34,,0.000542005,3.45E-07,14:34,0,180910,0,
2018-09-10 14:35,,0.000542005,3.45E-07,14:35,0,180910,0,
2018-09-10 14:36,,0.000542005,3.45E-07,14:36,0,180910,0,
2018-09-10 14:37,,0.000542005,3.45E-07,14:37,0,180910,0,
2018-09-10 14:38,,0.000542005,3.45E-07,14:38,0,180910,0,
2018-09-10 14:39,,0.000542005,3.45E-07,14:39,0,180910,0,
2018-09-10 14:40,,0.000542005,3.45E-07,14:40,0,180910,0,
2018-09-10 14:41,,0.000542005,3.45E-07,14:41,0,180910,0,
2018-09-10 14:42,,0.000542005,3.45E-07,14:42,0,180910,0,
2018-09-10 14:43,,0.000542005,3.45E-07,14:43,0,180910,0,
2018-09-10 14:44,,0.000542005,3.45E-07,14:44,0,180910,0,
2018-09-10 14:45,,0.000542005,3.45E-07,14:45,0,180910,0,
2018-09-10 14:46,,0.000542005,3.45E-07,14:46,0,180910,0,
2018-09-10 14:47,,0.000542005,3.45E-07,14:47,0,180910,0,
2018-09-10 14:48,,0.000542005,3.45E-07,14:48,0,180910,0,
2018-09-10 14:49,,0.000542005,3.45E-07,14:49,0,180910,0,
2018-09-10 14:50,,0.000542005,3.45E-07,14:50,0,180910,0,
2018-09-10 14:51,,0.000542005,3.45E-07,14:51,0,180910,0,
2018-09-10 14:52,,0.000542005,3.45E-07,14:52,0,180910,0,
2018-09-10 14:53,,0.000542005,3.45E-07,14:53,0,180910,0,
2018-09-10 14:54,,0.000542005,3.45E-07,14:54,0,180910,0,
2018-09-10 14:55,,0.000542005,3.45E-07,14:55,0,180910,0,
2018-09-10 14:56,,0.000542005,3.45E-07,14:56,0,180910,0,
2018-09-10 14:57,,0.000542005,3.45E-07,14:57,0,180910,0,
2018-09-10 14:58,,0.000542005,3.45E-07,14:58,0,180910,0,
2018-09-10 14:59,,0.000542005,3.45E-07,14:59,0,180910,0,
2018-09-10 15:00,,0.000542005,3.45E-07,15:00,0,180910,0,
2018-09-10 15:01,,0.000542005,3.45E-07,15:01,0,180910,0,
2018-09-10 15:02,,0.000542005,3.45E-07,15:02,0,180910,0,
2018-09-10 15:03,,0.000542005,3.45E-07,15:03,0,180910,0,
2018-09-10 15:04,,0.000542005,3.45E-07,15:04,0,180910,0,
2018-09-10 15:05,,0.000542005,3.45E-07,15:05,0,180910,0,
2018-09-10 15:06,,0.000542005,3.45E-07,15:06,0,180910,0,
2018-09-10 15:07,,0.000542005,3.45E-07,15:07,0,180910,0,
2018-09-10 15:08,,0.000542005,3.45E-07,15:08,0,180910,0,
2018-09-10 15:09,,0.000542005,3.45E-07,15:09,0,180910,0,
2018-09-10 15:10,,0.000542005,3.45E-07,15:10,0,180910,0,
2018-09-10 15:11,,0.000542005,3.45E-07,15:11,0,180910,0,
2018-09-10 15:12,,0.000542005,3.45E-07,15:12,0,180910,0,
2018-09-10 15:13,,0.000542005,3.45E-07,15:13,0,180910,0,
2018-09-10 15:14,,0.000542005,3.45E-07,15:14,0,180910,0,
2018-09-10 15:15,,0.000542005,3.45E-07,15:15,0,180910,0,
2018-09-10 15:16,,0.000542005,3.45E-07,15:16,0,180910,0,
2018-09-10 15:17,,0.000542005,3.45E-07,15:17,0,180910,0,
2018-09-10 15:18,,0.000542005,3.45E-07,15:18,0,180910,0,
2018-09-10 15:19,,0.000542005,3.45E-07,15:19,0,180910,0,
2018-09-10 15:20,,0.000542005,3.45E-07,15:20,0,180910,0,
2018-09-10 15:21,,0.000542005,3.45E-07,15:21,0,180910,0,
2018-09-10 15:22,,0.000542005,3.45E-07,15:22,0,180910,0,
2018-09-10 15:23,,0.000542005,3.45E-07,15:23,0,180910,0,
2018-09-10 15:24,,0.000542005,3.45E-07,15:24,0,180910,0,
2018-09-10 15:25,,0.000542005,3.45E-07,15:25,0,180910,0,
2018-09-10 15:26,,0.000542005,3.45E-07,15:26,0,180910,0,
2018-09-10 15:27,,0.000542005,3.45E-07,15:27,0,180910,0,
2018-09-10 15:28,,0.000542005,3.45E-07,15:28,0,180910,0,
2018-09-10 15:29,,0.000542005,3.45E-07,15:29,0,180910,0,
2018-09-10 15:30,,0.000542005,3.45E-07,15:30,0,180910,0,
2018-09-10 15:31,,0.000542005,3.45E-07,15:31,0,180910,0,
2018-09-10 15:32,,0.000542005,3.45E-07,15:32,0,180910,0,
2018-09-10 15:33,,0.000542005,3.45E-07,15:33,0,180910,0,
2018-09-10 15:34,,0.000542005,3.45E-07,15:34,0,180910,0,
2018-09-10 15:35,,0.000542005,3.45E-07,15:35,0,180910,0,
2018-09-10 15:36,,0.000542005,3.45E-07,15:36,0,180910,0,
2018-09-10 15:37,,0.000542005,3.45E-07,15:37,0,180910,0,
2018-09-10 15:38,,0.000542005,3.45E-07,15:38,0,180910,0,
2018-09-10 15:39,,0.000542005,3.45E-07,15:39,0,180910,0,
2018-09-10 15:40,,0.000542005,3.45E-07,15:40,0,180910,0,
2018-09-10 15:41,,0.000542005,3.45E-07,15:41,0,180910,0,
2018-09-10 15:42,,0.000542005,3.45E-07,15:42,0,180910,0,
2018-09-10 15:43,,0.000542005,3.45E-07,15:43,0,180910,0,
2018-09-10 15:44,,0.000542005,3.45E-07,15:44,0,180910,0,
2018-09-10 15:45,,0.000542005,3.45E-07,15:45,0,180910,0,
2018-09-10 15:46,,0.000542005,3.45E-07,15:46,0,180910,0,
2018-09-10 15:47,,0.000542005,3.45E-07,15:47,0,180910,0,
2018-09-10 15:48,,0.000542005,3.45E-07,15:48,0,180910,0,
2018-09-10 15:49,,0.000542005,3.45E-07,15:49,0,180910,0,
2018-09-10 15:50,,0.000542005,3.45E-07,15:50,0,180910,0,
2018-09-10 15:51,,0.000542005,3.45E-07,15:51,0,180910,0,
2018-09-10 15:52,,0.000542005,3.45E-07,15:52,0,180910,0,
2018-09-10 15:53,,0.000542005,3.45E-07,15:53,0,180910,0,
2018-09-10 15:54,,0.000542005,3.45E-07,15:54,0,180910,0,
2018-09-10 15:55,,0.000542005,3.45E-07,15:55,0,180910,0,
2018-09-10 15:56,,0.000542005,3.45E-07,15:56,0,180910,0,
2018-09-10 15:57,,0.000542005,3.45E-07,15:57,0,180910,0,
2018-09-10 15:58,,0.000542005,3.45E-07,15:58,0,180910,0,
2018-09-10 15:59,,0.000542005,3.45E-07,15:59,0,180910,0,
2018-09-10 16:00,,0.000542005,3.45E-07,16:00,0,180910,0,
2018-09-10 16:01,,0.000542005,3.45E-07,16:01,0,180910,0,
2018-09-10 16:02,,0.000542005,3.45E-07,16:02,0,180910,0,
2018-09-10 16:03,,0.000542005,3.45E-07,16:03,0,180910,0,
2018-09-10 16:04,,0.000542005,3.45E-07,16:04,0,180910,0,
2018-09-10 16:05,,0.000542005,3.45E-07,16:05,0,180910,0,
2018-09-10 16:06,,0.000542005,3.45E-07,16:06,0,180910,0,
2018-09-10 16:07,,0.000542005,3.45E-07,16:07,0,180910,0,
2018-09-10 16:08,,0.000542005,3.45E-07,16:08,0,180910,0,
2018-09-10 16:09,,0.000542005,3.45E-07,16:09,0,180910,0,
2018-09-10 16:10,,0.000542005,3.45E-07,16:10,0,180910,0,
2018-09-10 16:11,,0.000542005,3.45E-07,16:11,0,180910,0,
2018-09-10 16:12,,0.000542005,3.45E-07,16:12,0,180910,0,
2018-09-10 16:13,,0.000542005,3.45E-07,16:13,0,180910,0,
2018-09-10 16:14,,0.000542005,3.45E-07,16:14,0,180910,0,
2018-09-10 16:15,,0.000542005,3.45E-07,16:15,0,180910,0,
2018-09-10 16:16,,0.000542005,3.45E-07,16:16,0,180910,0,
2018-09-10 16:17,,0.000542005,3.45E-07,16:17,0,180910,0,
2018-09-10 16:18,,0.000542005,3.45E-07,16:18,0,180910,0,
2018-09-10 16:19,,0.000542005,3.45E-07,16:19,0,180910,0,
2018-09-10 16:20,,0.000542005,3.45E-07,16:20,0,180910,0,
2018-09-10 16:21,,0.000542005,3.45E-07,16:21,0,180910,0,
2018-09-10 16:22,,0.000542005,3.45E-07,16:22,0,180910,0,
2018-09-10 16:23,,0.000542005,3.45E-07,16:23,0,180910,0,
2018-09-10 16:24,,0.000542005,3.45E-07,16:24,0,180910,0,
2018-09-10 16:25,,0.000542005,3.45E-07,16:25,0,180910,0,
2018-09-10 16:26,,0.000542005,3.45E-07,16:26,0,180910,0,
2018-09-10 16:27,,0.000542005,3.45E-07,16:27,0,180910,0,
2018-09-10 16:28,,0.000542005,3.45E-07,16:28,0,180910,0,
2018-09-10 16:29,,0.000542005,3.45E-07,16:29,0,180910,0,
2018-09-10 16:30,,0.000542005,3.45E-07,16:30,0,180910,0,
2018-09-10 16:31,,0.000542005,3.45E-07,16:31,0,180910,0,
2018-09-10 16:32,,0.000542005,3.45E-07,16:32,0,180910,0,
2018-09-10 16:33,,0.000542005,3.45E-07,16:33,0,180910,0,
2018-09-10 16:34,,0.000542005,3.45E-07,16:34,0,180910,0,
2018-09-10 16:35,,0.000542005,3.45E-07,16:35,0,180910,0,
2018-09-10 16:36,,0.000542005,3.45E-07,16:36,0,180910,0,
2018-09-10 16:37,,0.000542005,3.45E-07,16:37,0,180910,0,
2018-09-10 16:38,,0.000542005,3.45E-07,16:38,0,180910,0,
2018-09-10 16:39,,0.000542005,3.45E-07,16:39,0,180910,0,
2018-09-10 16:40,,0.000542005,3.45E-07,16:40,0,180910,0,
2018-09-10 16:41,,0.000542005,3.45E-07,16:41,0,180910,0,
2018-09-10 16:42,,0.000542005,3.45E-07,16:42,0,180910,0,
2018-09-10 16:43,,0.000542005,3.45E-07,16:43,0,180910,0,
2018-09-10 16:44,,0.000542005,3.45E-07,16:44,0,180910,0,
2018-09-10 16:45,,0.000542005,3.45E-07,16:45,0,180910,0,
2018-09-10 16:46,,0.000542005,3.45E-07,16:46,0,180910,0,
2018-09-10 16:47,,0.000542005,3.45E-07,16:47,0,180910,0,
2018-09-10 16:48,,0.000542005,3.45E-07,16:48,0,180910,0,
2018-09-10 16:49,,0.000542005,3.45E-07,16:49,0,180910,0,
2018-09-10 16:50,,0.000542005,3.45E-07,16:50,0,180910,0,
2018-09-10 16:51,,0.000542005,3.45E-07,16:51,0,180910,0,
2018-09-10 16:52,,0.000542005,3.45E-07,16:52,0,180910,0,
2018-09-10 16:53,,0.000542005,3.45E-07,16:53,0,180910,0,
2018-09-10 16:54,,0.000542005,3.45E-07,16:54,0,180910,0,
2018-09-10 16:55,,0.000542005,3.45E-07,16:55,0,180910,0,
2018-09-10 16:56,,0.000542005,3.45E-07,16:56,0,180910,0,
2018-09-10 16:57,,0.000542005,3.45E-07,16:57,0,180910,0,
2018-09-10 16:58,,0.000542005,3.45E-07,16:58,0,180910,0,
2018-09-10 16:59,,0.000542005,3.45E-07,16:59,0,180910,0,
2018-09-10 17:00,,0.000542005,3.45E-07,17:00,0,180910,0,
2018-09-10 17:02,,0.000542005,3.45E-07,17:02,0,180910,0,
2018-09-10 17:03,,0.000542005,3.45E-07,17:03,0,180910,0,
2018-09-10 17:05,,0.000542005,3.45E-07,17:05,0,180910,0,
2018-09-10 17:06,,0.000542005,3.45E-07,17:06,0,180910,0,
2018-09-10 17:07,,0.000542005,3.45E-07,17:07,0,180910,0,
2018-09-10 17:08,,0.000542005,3.45E-07,17:08,0,180910,0,
2018-09-10 17:09,,0.000542005,3.45E-07,17:09,0,180910,0,
2018-09-10 17:10,,0.000542005,3.45E-07,17:10,0,180910,0,
2018-09-10 17:11,,0.000542005,3.45E-07,17:11,0,180910,0,
2018-09-10 17:16,,0.000542005,3.45E-07,17:16,0,180910,0,
2018-09-10 17:17,,0.000542005,3.45E-07,17:17,0,180910,0,
2018-09-10 17:18,,0.000542005,3.45E-07,17:18,0,180910,0,
2018-09-10 17:19,,0.000542005,3.45E-07,17:19,0,180910,0,
2018-09-10 17:25,,0.000542005,3.45E-07,17:25,0,180910,0,
2018-09-10 17:26,,0.000542005,3.45E-07,17:26,0,180910,0,
2018-09-10 17:27,,0.000542005,3.45E-07,17:27,0,180910,0,
2018-09-10 17:28,,0.000542005,3.45E-07,17:28,0,180910,0,
2018-09-10 17:29,,0.000542005,3.45E-07,17:29,0,180910,0,
2018-09-10 17:30,,0.000542005,3.45E-07,17:30,0,180910,0,
2018-09-10 17:31,,0.000542005,3.45E-07,17:31,0,180910,0,
2018-09-10 17:32,,0.000542005,3.45E-07,17:32,0,180910,0,
2018-09-10 17:33,,0.000542005,3.45E-07,17:33,0,180910,0,
2018-09-10 17:34,,0.000542005,3.45E-07,17:34,0,180910,0,
2018-09-10 17:35,,0.000542005,3.45E-07,17:35,0,180910,0,
2018-09-10 17:36,,0.000542005,3.45E-07,17:36,0,180910,0,
2018-09-10 17:37,,0.000542005,3.45E-07,17:37,0,180910,0,
2018-09-10 17:38,,0.000542005,3.45E-07,17:38,0,180910,0,
2018-09-10 17:39,,0.000542005,3.45E-07,17:39,0,180910,0,
2018-09-10 17:40,,0.000542005,3.45E-07,17:40,0,180910,0,
2018-09-10 17:41,,0.000542005,3.45E-07,17:41,0,180910,0,
2018-09-10 17:42,,0.000542005,3.45E-07,17:42,0,180910,0,
2018-09-10 17:43,,0.000542005,3.45E-07,17:43,0,180910,0,
2018-09-10 17:44,,0.000542005,3.45E-07,17:44,0,180910,0,
2018-09-10 17:45,,0.000542005,3.45E-07,17:45,0,180910,0,
2018-09-10 17:46,,0.000542005,3.45E-07,17:46,0,180910,0,
2018-09-10 17:47,,0.000542005,3.45E-07,17:47,0,180910,0,
2018-09-10 17:48,,0.000542005,3.45E-07,17:48,0,180910,0,
2018-09-10 17:49,,0.000542005,3.45E-07,17:49,0,180910,0,
2018-09-10 17:50,,0.000542005,3.45E-07,17:50,0,180910,0,
2018-09-10 17:51,,0.000542005,3.45E-07,17:51,0,180910,0,
2018-09-10 17:52,,0.000542005,3.45E-07,17:52,0,180910,0,
2018-09-10 17:53,,0.000542005,3.45E-07,17:53,0,180910,0,
2018-09-10 17:54,,0.000542005,3.45E-07,17:54,0,180910,0,
2018-09-10 17:55,,0.000542005,3.45E-07,17:55,0,180910,0,
2018-09-10 17:56,,0.000542005,3.45E-07,17:56,0,180910,0,
2018-09-10 17:57,,0.000542005,3.45E-07,17:57,0,180910,0,
2018-09-10 17:58,,0.000542005,3.45E-07,17:58,0,180910,0,
2018-09-10 17:59,,0.000542005,3.45E-07,17:59,0,180910,0,
2018-09-10 18:00,,0.000542005,3.45E-07,18:00,0,180910,0,
2018-09-10 18:01,,0.000542005,3.45E-07,18:01,0,180910,0,
2018-09-10 18:02,,0.000542005,3.45E-07,18:02,0,180910,0,
2018-09-10 18:03,,0.000542005,3.45E-07,18:03,0,180910,0,
2018-09-10 18:04,,0.000542005,3.45E-07,18:04,0,180910,0,
2018-09-10 18:05,,0.000542005,3.45E-07,18:05,0,180910,0,
2018-09-10 18:06,,0.000542005,3.45E-07,18:06,0,180910,0,
2018-09-10 18:07,,0.000542005,3.45E-07,18:07,0,180910,0,
2018-09-10 18:08,,0.000542005,3.45E-07,18:08,0,180910,0,
2018-09-10 18:09,,0.000542005,3.45E-07,18:09,0,180910,0,
2018-09-10 18:10,,0.000542005,3.45E-07,18:10,0,180910,0,
2018-09-10 18:11,,0.000542005,3.45E-07,18:11,0,180910,0,
2018-09-10 18:12,,0.000542005,3.45E-07,18:12,0,180910,0,
2018-09-10 18:13,,0.000542005,3.45E-07,18:13,0,180910,0,
2018-09-10 18:14,,0.000542005,3.45E-07,18:14,0,180910,0,
2018-09-10 18:15,,0.000542005,3.45E-07,18:15,0,180910,0,
2018-09-10 18:16,,0.000542005,3.45E-07,18:16,0,180910,0,
2018-09-10 18:17,,0.000542005,3.45E-07,18:17,0,180910,0,
2018-09-10 18:18,,0.000542005,3.45E-07,18:18,0,180910,0,
2018-09-10 18:19,,0.000542005,3.45E-07,18:19,0,180910,0,
2018-09-10 18:20,,0.000542005,3.45E-07,18:20,0,180910,0,
2018-09-10 18:21,,0.000542005,3.45E-07,18:21,0,180910,0,
2018-09-10 18:22,,0.000542005,3.45E-07,18:22,0,180910,0,
2018-09-10 18:24,,0.000542005,3.45E-07,18:24,0,180910,0,
2018-09-10 18:25,,0.000542005,3.45E-07,18:25,0,180910,0,
2018-09-10 18:26,,0.000542005,3.45E-07,18:26,0,180910,0,
2018-09-10 18:27,,0.000542005,3.45E-07,18:27,0,180910,0,
2018-09-10 18:28,,0.000542005,3.45E-07,18:28,0,180910,0,
2018-09-10 18:29,,0.000542005,3.45E-07,18:29,0,180910,0,
2018-09-10 18:30,,0.000542005,3.45E-07,18:30,0,180910,0,
2018-09-10 18:31,,0.000542005,3.45E-07,18:31,0,180910,0,
2018-09-10 18:32,,0.000542005,3.45E-07,18:32,0,180910,0,
2018-09-10 18:33,,0.000542005,3.45E-07,18:33,0,180910,0,
2018-09-10 18:34,,0.000542005,3.45E-07,18:34,0,180910,0,
2018-09-10 18:35,,0.000542005,3.45E-07,18:35,0,180910,0,
2018-09-10 18:36,,0.000542005,3.45E-07,18:36,0,180910,0,
2018-09-10 18:37,,0.000542005,3.45E-07,18:37,0,180910,0,
2018-09-10 18:38,,0.000542005,3.45E-07,18:38,0,180910,0,
2018-09-10 18:39,,0.000542005,3.45E-07,18:39,0,180910,0,
2018-09-10 18:40,,0.000542005,3.45E-07,18:40,0,180910,0,
2018-09-10 18:41,,0.000542005,3.45E-07,18:41,0,180910,0,
2018-09-10 18:42,,0.000542005,3.45E-07,18:42,0,180910,0,
2018-09-10 18:43,,0.000542005,3.45E-07,18:43,0,180910,0,
2018-09-10 18:44,,0.000542005,3.45E-07,18:44,0,180910,0,
2018-09-10 18:45,,0.000542005,3.45E-07,18:45,0,180910,0,
2018-09-10 18:46,,0.000542005,3.45E-07,18:46,0,180910,0,
2018-09-10 18:47,,0.000542005,3.45E-07,18:47,0,180910,0,
2018-09-10 18:48,,0.000542005,3.45E-07,18:48,0,180910,0,
2018-09-10 18:49,,0.000542005,3.45E-07,18:49,0,180910,0,
2018-09-10 18:50,,0.000542005,3.45E-07,18:50,0,180910,0,
2018-09-10 18:51,,0.000542005,3.45E-07,18:51,0,180910,0,
2018-09-10 18:52,,0.000542005,3.45E-07,18:52,0,180910,0,
2018-09-10 18:53,,0.000542005,3.45E-07,18:53,0,180910,0,
2018-09-10 18:54,,0.000542005,3.45E-07,18:54,0,180910,0,
2018-09-10 18:55,,0.000542005,3.45E-07,18:55,0,180910,0,
2018-09-10 18:56,,0.000542005,3.45E-07,18:56,0,180910,0,
2018-09-10 18:57,,0.000542005,3.45E-07,18:57,0,180910,0,
2018-09-10 18:58,,0.000542005,3.45E-07,18:58,0,180910,0,
2018-09-10 18:59,,0.000542005,3.45E-07,18:59,0,180910,0,
2018-09-10 19:00,,0.000542005,3.45E-07,19:00,0,180910,0,
2018-09-10 19:01,,0.000542005,3.45E-07,19:01,0,180910,0,
2018-09-10 19:02,,0.000542005,3.45E-07,19:02,0,180910,0,
2018-09-10 19:03,,0.000542005,3.45E-07,19:03,0,180910,0,
2018-09-10 19:04,,0.000542005,3.45E-07,19:04,0,180910,0,
2018-09-10 19:05,,0.000542005,3.45E-07,19:05,0,180910,0,
2018-09-10 19:06,,0.000542005,3.45E-07,19:06,0,180910,0,
2018-09-10 19:07,,0.000542005,3.45E-07,19:07,0,180910,0,
2018-09-10 19:08,,0.000542005,3.45E-07,19:08,0,180910,0,
2018-09-10 19:09,,0.000542005,3.45E-07,19:09,0,180910,0,
2018-09-10 19:10,,0.000542005,3.45E-07,19:10,0,180910,0,
2018-09-10 19:11,,0.000542005,3.45E-07,19:11,0,180910,0,
2018-09-10 19:12,,0.000542005,3.45E-07,19:12,0,180910,0,
2018-09-10 19:13,,0.000542005,3.45E-07,19:13,0,180910,0,
2018-09-10 19:14,,0.000542005,3.45E-07,19:14,0,180910,0,
2018-09-10 19:15,,0.000542005,3.45E-07,19:15,0,180910,0,
2018-09-10 19:16,,0.000542005,3.45E-07,19:16,0,180910,0,
2018-09-10 19:17,,0.000542005,3.45E-07,19:17,0,180910,0,
2018-09-10 19:18,,0.000542005,3.45E-07,19:18,0,180910,0,
2018-09-10 19:19,,0.000542005,3.45E-07,19:19,0,180910,0,
2018-09-10 19:20,,0.000542005,3.45E-07,19:20,0,180910,0,
2018-09-10 19:21,,0.000542005,3.45E-07,19:21,0,180910,0,
2018-09-10 19:22,,0.000542005,3.45E-07,19:22,0,180910,0,
2018-09-10 19:23,,0.000542005,3.45E-07,19:23,0,180910,0,
2018-09-10 19:24,,0.000542005,3.45E-07,19:24,0,180910,0,
2018-09-10 19:25,,0.000542005,3.45E-07,19:25,0,180910,0,
2018-09-10 19:26,,0.000542005,3.45E-07,19:26,0,180910,0,
2018-09-10 19:27,,0.000542005,3.45E-07,19:27,0,180910,0,
2018-09-10 19:28,,0.000542005,3.45E-07,19:28,0,180910,0,
2018-09-10 19:29,,0.000542005,3.45E-07,19:29,0,180910,0,
2018-09-10 19:30,,0.000542005,3.45E-07,19:30,0,180910,0,
2018-09-10 19:31,,0.000542005,3.45E-07,19:31,0,180910,0,
2018-09-10 19:32,,0.000542005,3.45E-07,19:32,0,180910,0,
2018-09-10 19:33,,0.000542005,3.45E-07,19:33,0,180910,0,
2018-09-10 19:34,,0.000542005,3.45E-07,19:34,0,180910,0,
2018-09-10 19:35,,0.000542005,3.45E-07,19:35,0,180910,0,
2018-09-10 19:36,,0.000542005,3.45E-07,19:36,0,180910,0,
2018-09-10 19:37,,0.000542005,3.45E-07,19:37,0,180910,0,
2018-09-10 19:38,,0.000542005,3.45E-07,19:38,0,180910,0,
2018-09-10 19:39,,0.000542005,3.45E-07,19:39,0,180910,0,
2018-09-10 19:40,,0.000542005,3.45E-07,19:40,0,180910,0,
2018-09-10 19:41,,0.000542005,3.45E-07,19:41,0,180910,0,
2018-09-10 19:42,,0.000542005,3.45E-07,19:42,0,180910,0,
2018-09-10 19:43,,0.000542005,3.45E-07,19:43,0,180910,0,
2018-09-10 19:44,,0.000542005,3.45E-07,19:44,0,180910,0,
2018-09-10 19:45,,0.000542005,3.45E-07,19:45,0,180910,0,
2018-09-10 19:46,,0.000542005,3.45E-07,19:46,0,180910,0,
2018-09-10 19:47,,0.000542005,3.45E-07,19:47,0,180910,0,
2018-09-10 19:48,,0.000542005,3.45E-07,19:48,0,180910,0,
2018-09-10 19:49,,0.000542005,3.45E-07,19:49,0,180910,0,
2018-09-10 19:50,,0.000542005,3.45E-07,19:50,0,180910,0,
2018-09-10 19:51,,0.000542005,3.45E-07,19:51,0,180910,0,
2018-09-10 19:52,,0.000542005,3.45E-07,19:52,0,180910,0,
2018-09-10 19:53,,0.000542005,3.45E-07,19:53,0,180910,0,
2018-09-10 19:54,,0.000542005,3.45E-07,19:54,0,180910,0,
2018-09-10 19:55,,0.000542005,3.45E-07,19:55,0,180910,0,
2018-09-10 19:56,,0.000542005,3.45E-07,19:56,0,180910,0,
2018-09-10 19:57,,0.000542005,3.45E-07,19:57,0,180910,0,
2018-09-10 19:58,,0.000542005,3.45E-07,19:58,0,180910,0,
2018-09-10 19:59,,0.000542005,3.45E-07,19:59,0,180910,0,
2018-09-10 20:00,,0.000542005,3.45E-07,20:00,0,180910,0,
2018-09-10 20:01,,0.000542005,3.45E-07,20:01,0,180910,0,
2018-09-10 20:02,,0.000542005,3.45E-07,20:02,0,180910,0,
2018-09-10 20:03,,0.000542005,3.45E-07,20:03,0,180910,0,
2018-09-10 20:04,,0.000542005,3.45E-07,20:04,0,180910,0,
2018-09-10 20:05,,0.000542005,3.45E-07,20:05,0,180910,0,
2018-09-10 20:06,,0.000542005,3.45E-07,20:06,0,180910,0,
2018-09-10 20:07,,0.000542005,3.45E-07,20:07,0,180910,0,
2018-09-10 20:08,,0.000542005,3.45E-07,20:08,0,180910,0,
2018-09-10 20:09,,0.000542005,3.45E-07,20:09,0,180910,0,
2018-09-10 20:10,,0.000542005,3.45E-07,20:10,0,180910,0,
2018-09-10 20:11,,0.000542005,3.45E-07,20:11,0,180910,0,
2018-09-10 20:12,,0.000542005,3.45E-07,20:12,0,180910,0,
2018-09-10 20:13,,0.000542005,3.45E-07,20:13,0,180910,0,
2018-09-10 20:14,,0.000542005,3.45E-07,20:14,0,180910,0,
2018-09-10 20:15,,0.000542005,3.45E-07,20:15,0,180910,0,
2018-09-10 20:16,,0.000542005,3.45E-07,20:16,0,180910,0,
2018-09-10 20:17,,0.000542005,3.45E-07,20:17,0,180910,0,
2018-09-10 20:18,,0.000542005,3.45E-07,20:18,0,180910,0,
2018-09-10 20:19,,0.000542005,3.45E-07,20:19,0,180910,0,
2018-09-10 20:20,,0.000542005,3.45E-07,20:20,0,180910,0,
2018-09-10 20:21,,0.000542005,3.45E-07,20:21,0,180910,0,
2018-09-10 20:22,,0.000542005,3.45E-07,20:22,0,180910,0,
2018-09-10 20:23,,0.000542005,3.45E-07,20:23,0,180910,0,
2018-09-10 20:24,,0.000542005,3.45E-07,20:24,0,180910,0,
2018-09-10 20:25,,0.000542005,3.45E-07,20:25,0,180910,0,
2018-09-10 20:26,,0.000542005,3.45E-07,20:26,0,180910,0,
2018-09-10 20:27,,0.000542005,3.45E-07,20:27,0,180910,0,
2018-09-10 20:28,,0.000542005,3.45E-07,20:28,0,180910,0,
2018-09-10 20:29,,0.000542005,3.45E-07,20:29,0,180910,0,
2018-09-10 20:30,,0.000542005,3.45E-07,20:30,0,180910,0,
2018-09-10 20:31,,0.000542005,3.45E-07,20:31,0,180910,0,
2018-09-10 20:32,,0.000542005,3.45E-07,20:32,0,180910,0,
2018-09-10 20:33,,0.000542005,3.45E-07,20:33,0,180910,0,
2018-09-10 20:34,,0.000542005,3.45E-07,20:34,0,180910,0,
2018-09-10 20:35,,0.000542005,3.45E-07,20:35,0,180910,0,
2018-09-10 20:36,,0.000542005,3.45E-07,20:36,0,180910,0,
2018-09-10 20:37,,0.000542005,3.45E-07,20:37,0,180910,0,
2018-09-10 20:38,,0.000542005,3.45E-07,20:38,0,180910,0,
2018-09-10 20:39,,0.000542005,3.45E-07,20:39,0,180910,0,
2018-09-10 20:40,,0.000542005,3.45E-07,20:40,0,180910,0,
2018-09-10 20:41,,0.000542005,3.45E-07,20:41,0,180910,0,
2018-09-10 20:42,,0.000542005,3.45E-07,20:42,0,180910,0,
2018-09-10 20:43,,0.000542005,3.45E-07,20:43,0,180910,0,
2018-09-10 20:44,,0.000542005,3.45E-07,20:44,0,180910,0,
2018-09-10 20:45,,0.000542005,3.45E-07,20:45,0,180910,0,
2018-09-10 20:46,,0.000542005,3.45E-07,20:46,0,180910,0,
2018-09-10 20:47,,0.000542005,3.45E-07,20:47,0,180910,0,
2018-09-10 20:48,,0.000542005,3.45E-07,20:48,0,180910,0,
2018-09-10 20:49,,0.000542005,3.45E-07,20:49,0,180910,0,
2018-09-10 20:50,,0.000542005,3.45E-07,20:50,0,180910,0,
2018-09-10 20:51,,0.000542005,3.45E-07,20:51,0,180910,0,
2018-09-10 20:52,,0.000542005,3.45E-07,20:52,0,180910,0,
2018-09-10 20:53,,0.000542005,3.45E-07,20:53,0,180910,0,
2018-09-10 20:54,,0.000542005,3.45E-07,20:54,0,180910,0,
2018-09-10 20:55,,0.000542005,3.45E-07,20:55,0,180910,0,
2018-09-10 20:56,,0.000542005,3.45E-07,20:56,0,180910,0,
2018-09-10 20:57,,0.000542005,3.45E-07,20:57,0,180910,0,
2018-09-10 20:58,,0.000542005,3.45E-07,20:58,0,180910,0,
2018-09-10 20:59,,0.000542005,3.45E-07,20:59,0,180910,0,
2018-09-10 21:00,,0.000542005,3.45E-07,21:00,0,180910,0,
2018-09-10 21:01,,0.000542005,3.45E-07,21:01,0,180910,0,
2018-09-10 21:02,,0.000542005,3.45E-07,21:02,0,180910,0,
2018-09-10 21:03,,0.000542005,3.45E-07,21:03,0,180910,0,
2018-09-10 21:04,,0.000542005,3.45E-07,21:04,0,180910,0,
2018-09-10 21:05,,0.000542005,3.45E-07,21:05,0,180910,0,
2018-09-10 21:06,,0.000542005,3.45E-07,21:06,0,180910,0,
2018-09-10 21:07,,0.000542005,3.45E-07,21:07,0,180910,0,
2018-09-10 21:08,,0.000542005,3.45E-07,21:08,0,180910,0,
2018-09-10 21:09,,0.000542005,3.45E-07,21:09,0,180910,0,
2018-09-10 21:10,,0.000542005,3.45E-07,21:10,0,180910,0,
2018-09-10 21:11,,0.000542005,3.45E-07,21:11,0,180910,0,
2018-09-10 21:12,,0.000542005,3.45E-07,21:12,0,180910,0,
2018-09-10 21:13,,0.000542005,3.45E-07,21:13,0,180910,0,
2018-09-10 21:14,,0.000542005,3.45E-07,21:14,0,180910,0,
2018-09-10 21:15,,0.000542005,3.45E-07,21:15,0,180910,0,
2018-09-10 21:16,,0.000542005,3.45E-07,21:16,0,180910,0,
2018-09-10 21:17,,0.000542005,3.45E-07,21:17,0,180910,0,
2018-09-10 21:18,,0.000542005,3.45E-07,21:18,0,180910,0,
2018-09-10 21:19,,0.000542005,3.45E-07,21:19,0,180910,0,
2018-09-10 21:20,,0.000542005,3.45E-07,21:20,0,180910,0,
2018-09-10 21:21,,0.000542005,3.45E-07,21:21,0,180910,0,
2018-09-10 21:22,,0.000542005,3.45E-07,21:22,0,180910,0,
2018-09-10 21:23,,0.000542005,3.45E-07,21:23,0,180910,0,
2018-09-10 21:24,,0.000542005,3.45E-07,21:24,0,180910,0,
2018-09-10 21:25,,0.000542005,3.45E-07,21:25,0,180910,0,
2018-09-10 21:26,,0.000542005,3.45E-07,21:26,0,180910,0,
2018-09-10 21:27,,0.000542005,3.45E-07,21:27,0,180910,0,
2018-09-10 21:28,,0.000542005,3.45E-07,21:28,0,180910,0,
2018-09-10 21:29,,0.000542005,3.45E-07,21:29,0,180910,0,
2018-09-10 21:30,,0.000542005,3.45E-07,21:30,0,180910,0,
2018-09-10 21:31,,0.000542005,3.45E-07,21:31,0,180910,0,
2018-09-10 21:32,,0.000542005,3.45E-07,21:32,0,180910,0,
2018-09-10 21:33,,0.000542005,3.45E-07,21:33,0,180910,0,
2018-09-10 21:34,,0.000542005,3.45E-07,21:34,0,180910,0,
2018-09-10 21:35,,0.000542005,3.45E-07,21:35,0,180910,0,
2018-09-10 21:36,,0.000542005,3.45E-07,21:36,0,180910,0,
2018-09-10 21:37,,0.000542005,3.45E-07,21:37,0,180910,0,
2018-09-10 21:38,,0.000542005,3.45E-07,21:38,0,180910,0,
2018-09-10 21:39,,0.000542005,3.45E-07,21:39,0,180910,0,
2018-09-10 21:40,,0.000542005,3.45E-07,21:40,0,180910,0,
2018-09-10 21:41,,0.000542005,3.45E-07,21:41,0,180910,0,
2018-09-10 21:42,,0.000542005,3.45E-07,21:42,0,180910,0,
2018-09-10 21:43,,0.000542005,3.45E-07,21:43,0,180910,0,
2018-09-10 21:44,,0.000542005,3.45E-07,21:44,0,180910,0,
2018-09-10 21:45,,0.000542005,3.45E-07,21:45,0,180910,0,
2018-09-10 21:46,,0.000542005,3.45E-07,21:46,0,180910,0,
2018-09-10 21:47,,0.000542005,3.45E-07,21:47,0,180910,0,
2018-09-10 21:48,,0.000542005,3.45E-07,21:48,0,180910,0,
2018-09-10 21:49,,0.000542005,3.45E-07,21:49,0,180910,0,
2018-09-10 21:50,,0.000542005,3.45E-07,21:50,0,180910,0,
2018-09-10 21:51,,0.000542005,3.45E-07,21:51,0,180910,0,
2018-09-10 21:52,,0.000542005,3.45E-07,21:52,0,180910,0,
2018-09-10 21:53,,0.000542005,3.45E-07,21:53,0,180910,0,
2018-09-10 21:54,,0.000542005,3.45E-07,21:54,0,180910,0,
2018-09-10 21:55,,0.000542005,3.45E-07,21:55,0,180910,0,
2018-09-10 21:56,,0.000542005,3.45E-07,21:56,0,180910,0,
2018-09-10 21:57,,0.000542005,3.45E-07,21:57,0,180910,0,
2018-09-10 21:58,,0.000542005,3.45E-07,21:58,0,180910,0,
2018-09-10 21:59,,0.000542005,3.45E-07,21:59,0,180910,0,
2018-09-10 22:00,,0.000542005,3.45E-07,22:00,0,180910,0,
2018-09-10 22:01,,0.000542005,3.45E-07,22:01,0,180910,0,
2018-09-10 22:02,,0.000542005,3.45E-07,22:02,0,180910,0,
2018-09-10 22:03,,0.000542005,3.45E-07,22:03,0,180910,0,
2018-09-10 22:04,,0.000542005,3.45E-07,22:04,0,180910,0,
2018-09-10 22:05,,0.000542005,3.45E-07,22:05,0,180910,0,
2018-09-10 22:06,,0.000542005,3.45E-07,22:06,0,180910,0,
2018-09-10 22:07,,0.000542005,3.45E-07,22:07,0,180910,0,
2018-09-10 22:08,,0.000542005,3.45E-07,22:08,0,180910,0,
2018-09-10 22:09,,0.000542005,3.45E-07,22:09,0,180910,0,
2018-09-10 22:10,,0.000542005,3.45E-07,22:10,0,180910,0,
2018-09-10 22:11,,0.000542005,3.45E-07,22:11,0,180910,0,
2018-09-10 22:12,,0.000542005,3.45E-07,22:12,0,180910,0,
2018-09-10 22:13,,0.000542005,3.45E-07,22:13,0,180910,0,
2018-09-10 22:14,,0.000542005,3.45E-07,22:14,0,180910,0,
2018-09-10 22:15,,0.000542005,3.45E-07,22:15,0,180910,0,
2018-09-10 22:16,,0.000542005,3.45E-07,22:16,0,180910,0,
2018-09-10 22:17,,0.000542005,3.45E-07,22:17,0,180910,0,
2018-09-10 22:18,,0.000542005,3.45E-07,22:18,0,180910,0,
2018-09-10 22:19,,0.000542005,3.45E-07,22:19,0,180910,0,
2018-09-10 22:20,,0.000542005,3.45E-07,22:20,0,180910,0,
2018-09-10 22:21,,0.000542005,3.45E-07,22:21,0,180910,0,
2018-09-10 22:22,,0.000542005,3.45E-07,22:22,0,180910,0,
2018-09-10 22:23,,0.000542005,3.45E-07,22:23,0,180910,0,
2018-09-10 22:24,,0.000542005,3.45E-07,22:24,0,180910,0,
2018-09-10 22:25,,0.000542005,3.45E-07,22:25,0,180910,0,
2018-09-10 22:26,,0.000542005,3.45E-07,22:26,0,180910,0,
2018-09-10 22:27,,0.000542005,3.45E-07,22:27,0,180910,0,
2018-09-10 22:28,,0.000542005,3.45E-07,22:28,0,180910,0,
2018-09-10 22:29,,0.000542005,3.45E-07,22:29,0,180910,0,
2018-09-10 22:30,,0.000542005,3.45E-07,22:30,0,180910,0,
2018-09-10 22:31,,0.000542005,3.45E-07,22:31,0,180910,0,
2018-09-10 22:32,,0.000542005,3.45E-07,22:32,0,180910,0,
2018-09-10 22:33,,0.000542005,3.45E-07,22:33,0,180910,0,
2018-09-10 22:34,,0.000542005,3.45E-07,22:34,0,180910,0,
2018-09-10 22:35,,0.000542005,3.45E-07,22:35,0,180910,0,
2018-09-10 22:36,,0.000542005,3.45E-07,22:36,0,180910,0,
2018-09-10 22:37,,0.000542005,3.45E-07,22:37,0,180910,0,
2018-09-10 22:38,,0.000542005,3.45E-07,22:38,0,180910,0,
2018-09-10 22:39,,0.000542005,3.45E-07,22:39,0,180910,0,
2018-09-10 22:40,,0.000542005,3.45E-07,22:40,0,180910,0,
2018-09-10 22:41,,0.000542005,3.45E-07,22:41,0,180910,0,
2018-09-10 22:42,,0.000542005,3.45E-07,22:42,0,180910,0,
2018-09-10 22:43,,0.000542005,3.45E-07,22:43,0,180910,0,
2018-09-10 22:44,,0.000542005,3.45E-07,22:44,0,180910,0,
2018-09-10 22:45,,0.000542005,3.45E-07,22:45,0,180910,0,
2018-09-10 22:46,,0.000542005,3.45E-07,22:46,0,180910,0,
2018-09-10 22:47,,0.000542005,3.45E-07,22:47,0,180910,0,
2018-09-10 22:48,,0.000542005,3.45E-07,22:48,0,180910,0,
2018-09-10 22:49,,0.000542005,3.45E-07,22:49,0,180910,0,
2018-09-10 22:50,,0.000542005,3.45E-07,22:50,0,180910,0,
2018-09-10 22:51,,0.000542005,3.45E-07,22:51,0,180910,0,
2018-09-10 22:52,,0.000542005,3.45E-07,22:52,0,180910,0,
2018-09-10 22:53,,0.000542005,3.45E-07,22:53,0,180910,0,
2018-09-10 22:54,,0.000542005,3.45E-07,22:54,0,180910,0,
2018-09-10 22:55,,0.000542005,3.45E-07,22:55,0,180910,0,
2018-09-10 22:56,,0.000542005,3.45E-07,22:56,0,180910,0,
2018-09-10 22:57,,0.000542005,3.45E-07,22:57,0,180910,0,
2018-09-10 22:58,,0.000542005,3.45E-07,22:58,0,180910,0,
2018-09-10 22:59,,0.000542005,3.45E-07,22:59,0,180910,0,
2018-09-10 23:00,,0.000542005,3.45E-07,23:00,0,180910,0,
2018-09-10 23:01,,0.000542005,3.45E-07,23:01,0,180910,0,
2018-09-10 23:02,,0.000542005,3.45E-07,23:02,0,180910,0,
2018-09-10 23:03,,0.000542005,3.45E-07,23:03,0,180910,0,
2018-09-10 23:04,,0.000542005,3.45E-07,23:04,0,180910,0,
2018-09-10 23:05,,0.000542005,3.45E-07,23:05,0,180910,0,
2018-09-10 23:06,,0.000542005,3.45E-07,23:06,0,180910,0,
2018-09-10 23:07,,0.000542005,3.45E-07,23:07,0,180910,0,
2018-09-10 23:08,,0.000542005,3.45E-07,23:08,0,180910,0,
2018-09-10 23:09,,0.000542005,3.45E-07,23:09,0,180910,0,
2018-09-10 23:10,,0.000542005,3.45E-07,23:10,0,180910,0,
2018-09-10 23:11,,0.000542005,3.45E-07,23:11,0,180910,0,
2018-09-10 23:12,,0.000542005,3.45E-07,23:12,0,180910,0,
2018-09-10 23:13,,0.000542005,3.45E-07,23:13,0,180910,0,
2018-09-10 23:14,,0.000542005,3.45E-07,23:14,0,180910,0,
2018-09-10 23:15,,0.000542005,3.45E-07,23:15,0,180910,0,
2018-09-10 23:16,,0.000542005,3.45E-07,23:16,0,180910,0,
2018-09-10 23:17,,0.000542005,3.45E-07,23:17,0,180910,0,
2018-09-10 23:18,,0.000542005,3.45E-07,23:18,0,180910,0,
2018-09-10 23:19,,0.000542005,3.45E-07,23:19,0,180910,0,
2018-09-10 23:20,,0.000542005,3.45E-07,23:20,0,180910,0,
2018-09-10 23:21,,0.000542005,3.45E-07,23:21,0,180910,0,
2018-09-10 23:22,,0.000542005,3.45E-07,23:22,0,180910,0,
2018-09-10 23:23,,0.000542005,3.45E-07,23:23,0,180910,0,
2018-09-10 23:24,,0.000542005,3.45E-07,23:24,0,180910,0,
2018-09-10 23:25,,0.000542005,3.45E-07,23:25,0,180910,0,
2018-09-10 23:26,,0.000542005,3.45E-07,23:26,0,180910,0,
2018-09-10 23:27,,0.000542005,3.45E-07,23:27,0,180910,0,
2018-09-10 23:28,,0.000542005,3.45E-07,23:28,0,180910,0,
2018-09-10 23:29,,0.000542005,3.45E-07,23:29,0,180910,0,
2018-09-10 23:30,,0.000542005,3.45E-07,23:30,0,180910,0,
2018-09-10 23:31,,0.000542005,3.45E-07,23:31,0,180910,0,
2018-09-10 23:32,,0.000542005,3.45E-07,23:32,0,180910,0,
2018-09-10 23:33,,0.000542005,3.45E-07,23:33,0,180910,0,
2018-09-10 23:34,,0.000542005,3.45E-07,23:34,0,180910,0,
2018-09-10 23:35,,0.000542005,3.45E-07,23:35,0,180910,0,
2018-09-10 23:36,,0.000542005,3.45E-07,23:36,0,180910,0,
2018-09-10 23:37,,0.000542005,3.45E-07,23:37,0,180910,0,
2018-09-10 23:38,,0.000542005,3.45E-07,23:38,0,180910,0,
2018-09-10 23:39,,0.000542005,3.45E-07,23:39,0,180910,0,
2018-09-10 23:40,,0.000542005,3.45E-07,23:40,0,180910,0,
2018-09-10 23:41,,0.000542005,3.45E-07,23:41,0,180910,0,
2018-09-10 23:42,,0.000542005,3.45E-07,23:42,0,180910,0,
2018-09-10 23:43,,0.000542005,3.45E-07,23:43,0,180910,0,
2018-09-10 23:44,,0.000542005,3.45E-07,23:44,0,180910,0,
2018-09-10 23:45,,0.000542005,3.45E-07,23:45,0,180910,0,
2018-09-10 23:46,,0.000542005,3.45E-07,23:46,0,180910,0,
2018-09-10 23:47,,0.000542005,3.45E-07,23:47,0,180910,0,
2018-09-10 23:48,,0.000542005,3.45E-07,23:48,0,180910,0,
2018-09-10 23:49,,0.000542005,3.45E-07,23:49,0,180910,0,
2018-09-10 23:50,,0.000542005,3.45E-07,23:50,0,180910,0,
2018-09-10 23:51,,0.000542005,3.45E-07,23:51,0,180910,0,
2018-09-10 23:52,,0.000542005,3.45E-07,23:52,0,180910,0,
2018-09-10 23:53,,0.000542005,3.45E-07,23:53,0,180910,0,
2018-09-10 23:54,,0.000542005,3.45E-07,23:54,0,180910,0,
2018-09-10 23:55,,0.000542005,3.45E-07,23:55,0,180910,0,
2018-09-10 23:56,,0.000542005,3.45E-07,23:56,0,180910,0,
2018-09-10 23:57,,0.000542005,3.45E-07,23:57,0,180910,0,
2018-09-10 23:58,,0.000542005,3.45E-07,23:58,0,180910,0,
2018-09-10 23:59,,0.000542005,3.45E-07,23:59,0,180910,0,
2018-09-11 0:00,,0.000542005,3.45E-07,0:00,1,180911,0,
2018-09-11 0:01,,0.000542005,3.45E-07,0:01,1,180911,0,
2018-09-11 0:02,,0.000542005,3.45E-07,0:02,1,180911,0,
2018-09-11 0:03,,0.000542005,3.45E-07,0:03,1,180911,0,
2018-09-11 0:04,,0.000542005,3.45E-07,0:04,1,180911,0,
2018-09-11 0:05,,0.000542005,3.45E-07,0:05,1,180911,0,
2018-09-11 0:06,,0.000542005,3.45E-07,0:06,1,180911,0,
2018-09-11 0:07,,0.000542005,3.45E-07,0:07,1,180911,0,
2018-09-11 0:08,,0.000542005,3.45E-07,0:08,1,180911,0,
2018-09-11 0:09,,0.000542005,3.45E-07,0:09,1,180911,0,
2018-09-11 0:10,,0.000542005,3.45E-07,0:10,1,180911,0,
2018-09-11 0:11,,0.000542005,3.45E-07,0:11,1,180911,0,
2018-09-11 0:12,,0.000542005,3.45E-07,0:12,1,180911,0,
2018-09-11 0:13,,0.000542005,3.45E-07,0:13,1,180911,0,
2018-09-11 0:14,,0.000542005,3.45E-07,0:14,1,180911,0,
2018-09-11 0:15,,0.000542005,3.45E-07,0:15,1,180911,0,
2018-09-11 0:16,,0.000542005,3.45E-07,0:16,1,180911,0,
2018-09-11 0:17,,0.000542005,3.45E-07,0:17,1,180911,0,
2018-09-11 0:18,,0.000542005,3.45E-07,0:18,1,180911,0,
2018-09-11 0:19,,0.000542005,3.45E-07,0:19,1,180911,0,
2018-09-11 0:20,,0.000542005,3.45E-07,0:20,1,180911,0,
2018-09-11 0:21,,0.000542005,3.45E-07,0:21,1,180911,0,
2018-09-11 0:22,,0.000542005,3.45E-07,0:22,1,180911,0,
2018-09-11 0:23,,0.000542005,3.45E-07,0:23,1,180911,0,
2018-09-11 0:24,,0.000542005,3.45E-07,0:24,1,180911,0,
2018-09-11 0:25,,0.000542005,3.45E-07,0:25,1,180911,0,
2018-09-11 0:26,,0.000542005,3.45E-07,0:26,1,180911,0,
2018-09-11 0:27,,0.000542005,3.45E-07,0:27,1,180911,0,
2018-09-11 0:28,,0.000542005,3.45E-07,0:28,1,180911,0,
2018-09-11 0:29,,0.000542005,3.45E-07,0:29,1,180911,0,
2018-09-11 0:30,,0.000542005,3.45E-07,0:30,1,180911,0,
2018-09-11 0:31,,0.000542005,3.45E-07,0:31,1,180911,0,
2018-09-11 0:32,,0.000542005,3.45E-07,0:32,1,180911,0,
2018-09-11 0:33,,0.000542005,3.45E-07,0:33,1,180911,0,
2018-09-11 0:34,,0.000542005,3.45E-07,0:34,1,180911,0,
2018-09-11 0:35,,0.000542005,3.45E-07,0:35,1,180911,0,
2018-09-11 0:36,,0.000542005,3.45E-07,0:36,1,180911,0,
2018-09-11 0:37,,0.000542005,3.45E-07,0:37,1,180911,0,
2018-09-11 0:38,,0.000542005,3.45E-07,0:38,1,180911,0,
2018-09-11 0:39,,0.000542005,3.45E-07,0:39,1,180911,0,
2018-09-11 0:40,,0.000542005,3.45E-07,0:40,1,180911,0,
2018-09-11 0:41,,0.000542005,3.45E-07,0:41,1,180911,0,
2018-09-11 0:42,,0.000542005,3.45E-07,0:42,1,180911,0,
2018-09-11 0:43,,0.000542005,3.45E-07,0:43,1,180911,0,
2018-09-11 0:44,,0.000542005,3.45E-07,0:44,1,180911,0,
2018-09-11 0:45,,0.000542005,3.45E-07,0:45,1,180911,0,
2018-09-11 0:46,,0.000542005,3.45E-07,0:46,1,180911,0,
2018-09-11 0:47,,0.000542005,3.45E-07,0:47,1,180911,0,
2018-09-11 0:48,,0.000542005,3.45E-07,0:48,1,180911,0,
2018-09-11 0:49,,0.000542005,3.45E-07,0:49,1,180911,0,
2018-09-11 0:50,,0.000542005,3.45E-07,0:50,1,180911,0,
2018-09-11 0:51,,0.000542005,3.45E-07,0:51,1,180911,0,
2018-09-11 0:52,,0.000542005,3.45E-07,0:52,1,180911,0,
2018-09-11 0:53,,0.000542005,3.45E-07,0:53,1,180911,0,
2018-09-11 0:54,,0.000542005,3.45E-07,0:54,1,180911,0,
2018-09-11 0:55,,0.000542005,3.45E-07,0:55,1,180911,0,
2018-09-11 0:56,,0.000542005,3.45E-07,0:56,1,180911,0,
2018-09-11 0:57,,0.000542005,3.45E-07,0:57,1,180911,0,
2018-09-11 0:58,,0.000542005,3.45E-07,0:58,1,180911,0,
2018-09-11 0:59,,0.000542005,3.45E-07,0:59,1,180911,0,
2018-09-11 1:00,,0.000542005,3.45E-07,1:00,1,180911,0,
2018-09-11 1:01,,0.000542005,3.45E-07,1:01,1,180911,0,
2018-09-11 1:02,,0.000542005,3.45E-07,1:02,1,180911,0,
2018-09-11 1:03,,0.000542005,3.45E-07,1:03,1,180911,0,
2018-09-11 1:04,,0.000542005,3.45E-07,1:04,1,180911,0,
2018-09-11 1:05,,0.000542005,3.45E-07,1:05,1,180911,0,
2018-09-11 1:06,,0.000542005,3.45E-07,1:06,1,180911,0,
2018-09-11 1:07,,0.000542005,3.45E-07,1:07,1,180911,0,
2018-09-11 1:08,,0.000542005,3.45E-07,1:08,1,180911,0,
2018-09-11 1:09,,0.000542005,3.45E-07,1:09,1,180911,0,
2018-09-11 1:10,,0.000542005,3.45E-07,1:10,1,180911,0,
2018-09-11 1:11,,0.000542005,3.45E-07,1:11,1,180911,0,
2018-09-11 1:12,,0.000542005,3.45E-07,1:12,1,180911,0,
2018-09-11 1:13,,0.000542005,3.45E-07,1:13,1,180911,0,
2018-09-11 1:14,,0.000542005,3.45E-07,1:14,1,180911,0,
2018-09-11 1:15,,0.000542005,3.45E-07,1:15,1,180911,0,
2018-09-11 1:16,,0.000542005,3.45E-07,1:16,1,180911,0,
2018-09-11 1:17,,0.000542005,3.45E-07,1:17,1,180911,0,
2018-09-11 1:18,,0.000542005,3.45E-07,1:18,1,180911,0,
2018-09-11 1:19,,0.000542005,3.45E-07,1:19,1,180911,0,
2018-09-11 1:20,,0.000542005,3.45E-07,1:20,1,180911,0,
2018-09-11 1:21,,0.000542005,3.45E-07,1:21,1,180911,0,
2018-09-11 1:22,,0.000542005,3.45E-07,1:22,1,180911,0,
2018-09-11 1:23,,0.000542005,3.45E-07,1:23,1,180911,0,
2018-09-11 1:24,,0.000542005,3.45E-07,1:24,1,180911,0,
2018-09-11 1:25,,0.000542005,3.45E-07,1:25,1,180911,0,
2018-09-11 1:26,,0.000542005,3.45E-07,1:26,1,180911,0,
2018-09-11 1:27,,0.000542005,3.45E-07,1:27,1,180911,0,
2018-09-11 1:28,,0.000542005,3.45E-07,1:28,1,180911,0,
2018-09-11 1:29,,0.000542005,3.45E-07,1:29,1,180911,0,
2018-09-11 1:30,,0.000542005,3.45E-07,1:30,1,180911,0,
2018-09-11 1:31,,0.000542005,3.45E-07,1:31,1,180911,0,
2018-09-11 1:32,,0.000542005,3.45E-07,1:32,1,180911,0,
2018-09-11 1:33,,0.000542005,3.45E-07,1:33,1,180911,0,
2018-09-11 1:34,,0.000542005,3.45E-07,1:34,1,180911,0,
2018-09-11 1:35,,0.000542005,3.45E-07,1:35,1,180911,0,
2018-09-11 1:36,,0.000542005,3.45E-07,1:36,1,180911,0,
2018-09-11 1:37,,0.000542005,3.45E-07,1:37,1,180911,0,
2018-09-11 1:38,,0.000542005,3.45E-07,1:38,1,180911,0,
2018-09-11 1:39,,0.000542005,3.45E-07,1:39,1,180911,0,
2018-09-11 1:40,,0.000542005,3.45E-07,1:40,1,180911,0,
2018-09-11 1:41,,0.000542005,3.45E-07,1:41,1,180911,0,
2018-09-11 1:42,,0.000542005,3.45E-07,1:42,1,180911,0,
2018-09-11 1:43,,0.000542005,3.45E-07,1:43,1,180911,0,
2018-09-11 1:44,,0.000542005,3.45E-07,1:44,1,180911,0,
2018-09-11 1:45,,0.000542005,3.45E-07,1:45,1,180911,0,
2018-09-11 1:46,,0.000542005,3.45E-07,1:46,1,180911,0,
2018-09-11 1:47,,0.000542005,3.45E-07,1:47,1,180911,0,
2018-09-11 1:48,,0.000542005,3.45E-07,1:48,1,180911,0,
2018-09-11 1:49,,0.000542005,3.45E-07,1:49,1,180911,0,
2018-09-11 1:50,,0.000542005,3.45E-07,1:50,1,180911,0,
2018-09-11 1:51,,0.000542005,3.45E-07,1:51,1,180911,0,
2018-09-11 1:52,,0.000542005,3.45E-07,1:52,1,180911,0,
2018-09-11 1:53,,0.000542005,3.45E-07,1:53,1,180911,0,
2018-09-11 1:54,,0.000542005,3.45E-07,1:54,1,180911,0,
2018-09-11 1:55,,0.000542005,3.45E-07,1:55,1,180911,0,
2018-09-11 1:56,,0.000542005,3.45E-07,1:56,1,180911,0,
2018-09-11 1:57,,0.000542005,3.45E-07,1:57,1,180911,0,
2018-09-11 1:58,,0.000542005,3.45E-07,1:58,1,180911,0,
2018-09-11 1:59,,0.000542005,3.45E-07,1:59,1,180911,0,
2018-09-11 2:00,,0.000542005,3.45E-07,2:00,1,180911,0,
2018-09-11 2:01,,0.000542005,3.45E-07,2:01,1,180911,0,
2018-09-11 2:02,,0.000542005,3.45E-07,2:02,1,180911,0,
2018-09-11 2:03,,0.000542005,3.45E-07,2:03,1,180911,0,
2018-09-11 2:04,,0.000542005,3.45E-07,2:04,1,180911,0,
2018-09-11 2:05,,0.000542005,3.45E-07,2:05,1,180911,0,
2018-09-11 2:06,,0.000542005,3.45E-07,2:06,1,180911,0,
2018-09-11 2:07,,0.000542005,3.45E-07,2:07,1,180911,0,
2018-09-11 2:08,,0.000542005,3.45E-07,2:08,1,180911,0,
2018-09-11 2:09,,0.000542005,3.45E-07,2:09,1,180911,0,
2018-09-11 2:10,,0.000542005,3.45E-07,2:10,1,180911,0,
2018-09-11 2:11,,0.000542005,3.45E-07,2:11,1,180911,0,
2018-09-11 2:12,,0.000542005,3.45E-07,2:12,1,180911,0,
2018-09-11 2:13,,0.000542005,3.45E-07,2:13,1,180911,0,
2018-09-11 2:14,,0.000542005,3.45E-07,2:14,1,180911,0,
2018-09-11 2:15,,0.000542005,3.45E-07,2:15,1,180911,0,
2018-09-11 2:16,,0.000542005,3.45E-07,2:16,1,180911,0,
2018-09-11 2:17,,0.000542005,3.45E-07,2:17,1,180911,0,
2018-09-11 2:18,,0.000542005,3.45E-07,2:18,1,180911,0,
2018-09-11 2:19,,0.000542005,3.45E-07,2:19,1,180911,0,
2018-09-11 2:20,,0.000542005,3.45E-07,2:20,1,180911,0,
2018-09-11 2:21,,0.000542005,3.45E-07,2:21,1,180911,0,
2018-09-11 2:22,,0.000542005,3.45E-07,2:22,1,180911,0,
2018-09-11 2:23,,0.000542005,3.45E-07,2:23,1,180911,0,
2018-09-11 2:24,,0.000542005,3.45E-07,2:24,1,180911,0,
2018-09-11 2:25,,0.000542005,3.45E-07,2:25,1,180911,0,
2018-09-11 2:26,,0.000542005,3.45E-07,2:26,1,180911,0,
2018-09-11 2:27,,0.000542005,3.45E-07,2:27,1,180911,0,
2018-09-11 2:28,,0.000542005,3.45E-07,2:28,1,180911,0,
2018-09-11 2:29,,0.000542005,3.45E-07,2:29,1,180911,0,
2018-09-11 2:30,,0.000542005,3.45E-07,2:30,1,180911,0,
2018-09-11 2:31,,0.000542005,3.45E-07,2:31,1,180911,0,
2018-09-11 2:32,,0.000542005,3.45E-07,2:32,1,180911,0,
2018-09-11 2:33,,0.000542005,3.45E-07,2:33,1,180911,0,
2018-09-11 2:34,,0.000542005,3.45E-07,2:34,1,180911,0,
2018-09-11 2:35,,0.000542005,3.45E-07,2:35,1,180911,0,
2018-09-11 2:36,,0.000542005,3.45E-07,2:36,1,180911,0,
2018-09-11 2:37,,0.000542005,3.45E-07,2:37,1,180911,0,
2018-09-11 2:38,,0.000542005,3.45E-07,2:38,1,180911,0,
2018-09-11 2:39,,0.000542005,3.45E-07,2:39,1,180911,0,
2018-09-11 2:40,,0.000542005,3.45E-07,2:40,1,180911,0,
2018-09-11 2:41,,0.000542005,3.45E-07,2:41,1,180911,0,
2018-09-11 2:42,,0.000542005,3.45E-07,2:42,1,180911,0,
2018-09-11 2:43,,0.000542005,3.45E-07,2:43,1,180911,0,
2018-09-11 2:44,,0.000542005,3.45E-07,2:44,1,180911,0,
2018-09-11 2:45,,0.000542005,3.45E-07,2:45,1,180911,0,
2018-09-11 2:46,,0.000542005,3.45E-07,2:46,1,180911,0,
2018-09-11 2:47,,0.000542005,3.45E-07,2:47,1,180911,0,
2018-09-11 2:48,,0.000542005,3.45E-07,2:48,1,180911,0,
2018-09-11 2:49,,0.000542005,3.45E-07,2:49,1,180911,0,
2018-09-11 2:50,,0.000542005,3.45E-07,2:50,1,180911,0,
2018-09-11 2:51,,0.000542005,3.45E-07,2:51,1,180911,0,
2018-09-11 2:52,,0.000542005,3.45E-07,2:52,1,180911,0,
2018-09-11 2:53,,0.000542005,3.45E-07,2:53,1,180911,0,
2018-09-11 2:54,,0.000542005,3.45E-07,2:54,1,180911,0,
2018-09-11 2:55,,0.000542005,3.45E-07,2:55,1,180911,0,
2018-09-11 2:56,,0.000542005,3.45E-07,2:56,1,180911,0,
2018-09-11 2:57,,0.000542005,3.45E-07,2:57,1,180911,0,
2018-09-11 2:58,,0.000542005,3.45E-07,2:58,1,180911,0,
2018-09-11 2:59,,0.000542005,3.45E-07,2:59,1,180911,0,
2018-09-11 3:00,,0.000542005,3.45E-07,3:00,1,180911,0,
2018-09-11 3:01,,0.000542005,3.45E-07,3:01,1,180911,0,
2018-09-11 3:02,,0.000542005,3.45E-07,3:02,1,180911,0,
2018-09-11 3:03,,0.000542005,3.45E-07,3:03,1,180911,0,
2018-09-11 3:04,,0.000542005,3.45E-07,3:04,1,180911,0,
2018-09-11 3:05,,0.000542005,3.45E-07,3:05,1,180911,0,
2018-09-11 3:06,,0.000542005,3.45E-07,3:06,1,180911,0,
2018-09-11 3:07,,0.000542005,3.45E-07,3:07,1,180911,0,
2018-09-11 3:08,,0.000542005,3.45E-07,3:08,1,180911,0,
2018-09-11 3:09,,0.000542005,3.45E-07,3:09,1,180911,0,
2018-09-11 3:10,,0.000542005,3.45E-07,3:10,1,180911,0,
2018-09-11 3:11,,0.000542005,3.45E-07,3:11,1,180911,0,
2018-09-11 3:12,,0.000542005,3.45E-07,3:12,1,180911,0,
2018-09-11 3:13,,0.000542005,3.45E-07,3:13,1,180911,0,
2018-09-11 3:14,,0.000542005,3.45E-07,3:14,1,180911,0,
2018-09-11 3:15,,0.000542005,3.45E-07,3:15,1,180911,0,
2018-09-11 3:16,,0.000542005,3.45E-07,3:16,1,180911,0,
2018-09-11 3:17,,0.000542005,3.45E-07,3:17,1,180911,0,
2018-09-11 3:18,,0.000542005,3.45E-07,3:18,1,180911,0,
2018-09-11 3:19,,0.000542005,3.45E-07,3:19,1,180911,0,
2018-09-11 3:20,,0.000542005,3.45E-07,3:20,1,180911,0,
2018-09-11 3:21,,0.000542005,3.45E-07,3:21,1,180911,0,
2018-09-11 3:22,,0.000542005,3.45E-07,3:22,1,180911,0,
2018-09-11 3:23,,0.000542005,3.45E-07,3:23,1,180911,0,
2018-09-11 3:24,,0.000542005,3.45E-07,3:24,1,180911,0,
2018-09-11 3:25,,0.000542005,3.45E-07,3:25,1,180911,0,
2018-09-11 3:26,,0.000542005,3.45E-07,3:26,1,180911,0,
2018-09-11 3:27,,0.000542005,3.45E-07,3:27,1,180911,0,
2018-09-11 3:28,,0.000542005,3.45E-07,3:28,1,180911,0,
2018-09-11 3:29,,0.000542005,3.45E-07,3:29,1,180911,0,
2018-09-11 3:30,,0.000542005,3.45E-07,3:30,1,180911,0,
2018-09-11 3:31,,0.000542005,3.45E-07,3:31,1,180911,0,
2018-09-11 3:32,,0.000542005,3.45E-07,3:32,1,180911,0,
2018-09-11 3:33,,0.000542005,3.45E-07,3:33,1,180911,0,
2018-09-11 3:34,,0.000542005,3.45E-07,3:34,1,180911,0,
2018-09-11 3:35,,0.000542005,3.45E-07,3:35,1,180911,0,
2018-09-11 3:36,,0.000542005,3.45E-07,3:36,1,180911,0,
2018-09-11 3:37,,0.000542005,3.45E-07,3:37,1,180911,0,
2018-09-11 3:38,,0.000542005,3.45E-07,3:38,1,180911,0,
2018-09-11 3:39,,0.000542005,3.45E-07,3:39,1,180911,0,
2018-09-11 3:40,,0.000542005,3.45E-07,3:40,1,180911,0,
2018-09-11 3:41,,0.000542005,3.45E-07,3:41,1,180911,0,
2018-09-11 3:42,,0.000542005,3.45E-07,3:42,1,180911,0,
2018-09-11 3:43,,0.000542005,3.45E-07,3:43,1,180911,0,
2018-09-11 3:44,,0.000542005,3.45E-07,3:44,1,180911,0,
2018-09-11 3:45,,0.000542005,3.45E-07,3:45,1,180911,0,
2018-09-11 3:46,,0.000542005,3.45E-07,3:46,1,180911,0,
2018-09-11 3:47,,0.000542005,3.45E-07,3:47,1,180911,0,
2018-09-11 3:48,,0.000542005,3.45E-07,3:48,1,180911,0,
2018-09-11 3:49,,0.000542005,3.45E-07,3:49,1,180911,0,
2018-09-11 3:50,,0.000542005,3.45E-07,3:50,1,180911,0,
2018-09-11 3:51,,0.000542005,3.45E-07,3:51,1,180911,0,
2018-09-11 3:52,,0.000542005,3.45E-07,3:52,1,180911,0,
2018-09-11 3:53,,0.000542005,3.45E-07,3:53,1,180911,0,
2018-09-11 3:54,,0.000542005,3.45E-07,3:54,1,180911,0,
2018-09-11 3:55,,0.000542005,3.45E-07,3:55,1,180911,0,
2018-09-11 3:56,,0.000542005,3.45E-07,3:56,1,180911,0,
2018-09-11 3:57,,0.000542005,3.45E-07,3:57,1,180911,0,
2018-09-11 3:58,,0.000542005,3.45E-07,3:58,1,180911,0,
2018-09-11 3:59,,0.000542005,3.45E-07,3:59,1,180911,0,
2018-09-11 4:00,,0.000542005,3.45E-07,4:00,1,180911,0,
2018-09-11 4:01,,0.000542005,3.45E-07,4:01,1,180911,0,
2018-09-11 4:02,,0.000542005,3.45E-07,4:02,1,180911,0,
2018-09-11 4:03,,0.000542005,3.45E-07,4:03,1,180911,0,
2018-09-11 4:04,,0.000542005,3.45E-07,4:04,1,180911,0,
2018-09-11 4:05,,0.000542005,3.45E-07,4:05,1,180911,0,
2018-09-11 4:06,,0.000542005,3.45E-07,4:06,1,180911,0,
2018-09-11 4:07,,0.000542005,3.45E-07,4:07,1,180911,0,
2018-09-11 4:08,,0.000542005,3.45E-07,4:08,1,180911,0,
2018-09-11 4:09,,0.000542005,3.45E-07,4:09,1,180911,0,
2018-09-11 4:10,,0.000542005,3.45E-07,4:10,1,180911,0,
2018-09-11 4:11,,0.000542005,3.45E-07,4:11,1,180911,0,
2018-09-11 4:12,,0.000542005,3.45E-07,4:12,1,180911,0,
2018-09-11 4:13,,0.000542005,3.45E-07,4:13,1,180911,0,
2018-09-11 4:14,,0.000542005,3.45E-07,4:14,1,180911,0,
2018-09-11 4:15,,0.000542005,3.45E-07,4:15,1,180911,0,
2018-09-11 4:16,,0.000542005,3.45E-07,4:16,1,180911,0,
2018-09-11 4:17,,0.000542005,3.45E-07,4:17,1,180911,0,
2018-09-11 4:18,,0.000542005,3.45E-07,4:18,1,180911,0,
2018-09-11 4:19,,0.000542005,3.45E-07,4:19,1,180911,0,
2018-09-11 4:20,,0.000542005,3.45E-07,4:20,1,180911,0,
2018-09-11 4:21,,0.000542005,3.45E-07,4:21,1,180911,0,
2018-09-11 4:22,,0.000542005,3.45E-07,4:22,1,180911,0,
2018-09-11 4:23,,0.000542005,3.45E-07,4:23,1,180911,0,
2018-09-11 4:24,,0.000542005,3.45E-07,4:24,1,180911,0,
2018-09-11 4:25,,0.000542005,3.45E-07,4:25,1,180911,0,
2018-09-11 4:26,,0.000542005,3.45E-07,4:26,1,180911,0,
2018-09-11 4:27,,0.000542005,3.45E-07,4:27,1,180911,0,
2018-09-11 4:28,,0.000542005,3.45E-07,4:28,1,180911,0,
2018-09-11 4:29,,0.000542005,3.45E-07,4:29,1,180911,0,
2018-09-11 4:30,,0.000542005,3.45E-07,4:30,1,180911,0,
2018-09-11 4:31,,0.000542005,3.45E-07,4:31,1,180911,0,
2018-09-11 4:32,,0.000542005,3.45E-07,4:32,1,180911,0,
2018-09-11 4:33,,0.000542005,3.45E-07,4:33,1,180911,0,
2018-09-11 4:34,,0.000542005,3.45E-07,4:34,1,180911,0,
2018-09-11 4:35,,0.000542005,3.45E-07,4:35,1,180911,0,
2018-09-11 4:36,,0.000542005,3.45E-07,4:36,1,180911,0,
2018-09-11 4:37,,0.000542005,3.45E-07,4:37,1,180911,0,
2018-09-11 4:38,,0.000542005,3.45E-07,4:38,1,180911,0,
2018-09-11 4:39,,0.000542005,3.45E-07,4:39,1,180911,0,
2018-09-11 4:40,,0.000542005,3.45E-07,4:40,1,180911,0,
2018-09-11 4:41,,0.000542005,3.45E-07,4:41,1,180911,0,
2018-09-11 4:42,,0.000542005,3.45E-07,4:42,1,180911,0,
2018-09-11 4:43,,0.000542005,3.45E-07,4:43,1,180911,0,
2018-09-11 4:44,,0.000542005,3.45E-07,4:44,1,180911,0,
2018-09-11 4:45,,0.000542005,3.45E-07,4:45,1,180911,0,
2018-09-11 4:46,,0.000542005,3.45E-07,4:46,1,180911,0,
2018-09-11 4:47,,0.000542005,3.45E-07,4:47,1,180911,0,
2018-09-11 4:48,,0.000542005,3.45E-07,4:48,1,180911,0,
2018-09-11 4:49,,0.000542005,3.45E-07,4:49,1,180911,0,
2018-09-11 4:50,,0.000542005,3.45E-07,4:50,1,180911,0,
2018-09-11 4:51,,0.000542005,3.45E-07,4:51,1,180911,0,
2018-09-11 4:52,,0.000542005,3.45E-07,4:52,1,180911,0,
2018-09-11 4:53,,0.000542005,3.45E-07,4:53,1,180911,0,
2018-09-11 4:54,,0.000542005,3.45E-07,4:54,1,180911,0,
2018-09-11 4:55,,0.000542005,3.45E-07,4:55,1,180911,0,
2018-09-11 4:56,,0.000542005,3.45E-07,4:56,1,180911,0,
2018-09-11 4:57,,0.000542005,3.45E-07,4:57,1,180911,0,
2018-09-11 4:58,,0.000542005,3.45E-07,4:58,1,180911,0,
2018-09-11 4:59,,0.000542005,3.45E-07,4:59,1,180911,0,
2018-09-11 5:00,,0.000542005,3.45E-07,5:00,1,180911,0,
2018-09-11 5:01,,0.000542005,3.45E-07,5:01,1,180911,0,
2018-09-11 5:02,,0.000542005,3.45E-07,5:02,1,180911,0,
2018-09-11 5:03,,0.000542005,3.45E-07,5:03,1,180911,0,
2018-09-11 5:04,,0.000542005,3.45E-07,5:04,1,180911,0,
2018-09-11 5:05,,0.000542005,3.45E-07,5:05,1,180911,0,
2018-09-11 5:06,,0.000542005,3.45E-07,5:06,1,180911,0,
2018-09-11 5:07,,0.000542005,3.45E-07,5:07,1,180911,0,
2018-09-11 5:08,,0.000542005,3.45E-07,5:08,1,180911,0,
2018-09-11 5:09,,0.000542005,3.45E-07,5:09,1,180911,0,
2018-09-11 5:10,,0.000542005,3.45E-07,5:10,1,180911,0,
2018-09-11 5:11,,0.000542005,3.45E-07,5:11,1,180911,0,
2018-09-11 5:12,,0.000542005,3.45E-07,5:12,1,180911,0,
2018-09-11 5:13,,0.000542005,3.45E-07,5:13,1,180911,0,
2018-09-11 5:14,,0.000542005,3.45E-07,5:14,1,180911,0,
2018-09-11 5:15,,0.000542005,3.45E-07,5:15,1,180911,0,
2018-09-11 5:16,,0.000542005,3.45E-07,5:16,1,180911,0,
2018-09-11 5:17,,0.000542005,3.45E-07,5:17,1,180911,0,
2018-09-11 5:18,,0.000542005,3.45E-07,5:18,1,180911,0,
2018-09-11 5:19,,0.000542005,3.45E-07,5:19,1,180911,0,
2018-09-11 5:20,,0.000542005,3.45E-07,5:20,1,180911,0,
2018-09-11 5:21,,0.000542005,3.45E-07,5:21,1,180911,0,
2018-09-11 5:22,,0.000542005,3.45E-07,5:22,1,180911,0,
2018-09-11 5:23,,0.000542005,3.45E-07,5:23,1,180911,0,
2018-09-11 5:24,,0.000542005,3.45E-07,5:24,1,180911,0,
2018-09-11 5:25,,0.000542005,3.45E-07,5:25,1,180911,0,
2018-09-11 5:26,,0.000542005,3.45E-07,5:26,1,180911,0,
2018-09-11 5:27,,0.000542005,3.45E-07,5:27,1,180911,0,
2018-09-11 5:28,,0.000542005,3.45E-07,5:28,1,180911,0,
2018-09-11 5:29,,0.000542005,3.45E-07,5:29,1,180911,0,
2018-09-11 5:30,,0.000542005,3.45E-07,5:30,1,180911,0,
2018-09-11 5:31,,0.000542005,3.45E-07,5:31,1,180911,0,
2018-09-11 5:32,,0.000542005,3.45E-07,5:32,1,180911,0,
2018-09-11 5:33,,0.000542005,3.45E-07,5:33,1,180911,0,
2018-09-11 5:34,,0.000542005,3.45E-07,5:34,1,180911,0,
2018-09-11 5:35,,0.000542005,3.45E-07,5:35,1,180911,0,
2018-09-11 5:36,,0.000542005,3.45E-07,5:36,1,180911,0,
2018-09-11 5:37,,0.000542005,3.45E-07,5:37,1,180911,0,
2018-09-11 5:38,,0.000542005,3.45E-07,5:38,1,180911,0,
2018-09-11 5:39,,0.000542005,3.45E-07,5:39,1,180911,0,
2018-09-11 5:40,,0.000542005,3.45E-07,5:40,1,180911,0,
2018-09-11 5:41,,0.000542005,3.45E-07,5:41,1,180911,0,
2018-09-11 5:42,,0.000542005,3.45E-07,5:42,1,180911,0,
2018-09-11 5:43,,0.000542005,3.45E-07,5:43,1,180911,0,
2018-09-11 5:44,,0.000542005,3.45E-07,5:44,1,180911,0,
2018-09-11 5:45,,0.000542005,3.45E-07,5:45,1,180911,0,
2018-09-11 5:46,,0.000542005,3.45E-07,5:46,1,180911,0,
2018-09-11 5:47,,0.000542005,3.45E-07,5:47,1,180911,0,
2018-09-11 5:48,,0.000542005,3.45E-07,5:48,1,180911,0,
2018-09-11 5:49,,0.000542005,3.45E-07,5:49,1,180911,0,
2018-09-11 5:50,,0.000542005,3.45E-07,5:50,1,180911,0,
2018-09-11 5:51,,0.000542005,3.45E-07,5:51,1,180911,0,
2018-09-11 5:52,,0.000542005,3.45E-07,5:52,1,180911,0,
2018-09-11 5:53,,0.000542005,3.45E-07,5:53,1,180911,0,
2018-09-11 5:54,,0.000542005,3.45E-07,5:54,1,180911,0,
2018-09-11 5:55,,0.000542005,3.45E-07,5:55,1,180911,0,
2018-09-11 5:56,,0.000542005,3.45E-07,5:56,1,180911,0,
2018-09-11 5:57,,0.000542005,3.45E-07,5:57,1,180911,0,
2018-09-11 5:58,,0.000542005,3.45E-07,5:58,1,180911,0,
2018-09-11 5:59,,0.000542005,3.45E-07,5:59,1,180911,0,
2018-09-11 6:00,,0.000542005,3.45E-07,6:00,1,180911,0,
2018-09-11 6:01,,0.000542005,3.45E-07,6:01,1,180911,0,
2018-09-11 6:02,,0.000542005,3.45E-07,6:02,1,180911,0,
2018-09-11 6:03,,0.000542005,3.45E-07,6:03,1,180911,0,
2018-09-11 6:04,,0.000542005,3.45E-07,6:04,1,180911,0,
2018-09-11 6:05,,0.000542005,3.45E-07,6:05,1,180911,0,
2018-09-11 6:06,,0.000542005,3.45E-07,6:06,1,180911,0,
2018-09-11 6:07,,0.000542005,3.45E-07,6:07,1,180911,0,
2018-09-11 6:08,,0.000542005,3.45E-07,6:08,1,180911,0,
2018-09-11 6:09,,0.000542005,3.45E-07,6:09,1,180911,0,
2018-09-11 6:10,,0.000542005,3.45E-07,6:10,1,180911,0,
2018-09-11 6:11,,0.000542005,3.45E-07,6:11,1,180911,0,
2018-09-11 6:12,,0.000542005,3.45E-07,6:12,1,180911,0,
2018-09-11 6:13,,0.000542005,3.45E-07,6:13,1,180911,0,
2018-09-11 6:14,,0.000542005,3.45E-07,6:14,1,180911,0,
2018-09-11 6:15,,0.000542005,3.45E-07,6:15,1,180911,0,
2018-09-11 6:16,,0.000542005,3.45E-07,6:16,1,180911,0,
2018-09-11 6:17,,0.000542005,3.45E-07,6:17,1,180911,0,
2018-09-11 6:18,,0.000542005,3.45E-07,6:18,1,180911,0,
2018-09-11 6:19,,0.000542005,3.45E-07,6:19,1,180911,0,
2018-09-11 6:20,,0.000542005,3.45E-07,6:20,1,180911,0,
2018-09-11 6:21,,0.000542005,3.45E-07,6:21,1,180911,0,
2018-09-11 6:22,,0.000542005,3.45E-07,6:22,1,180911,0,
2018-09-11 6:23,,0.000542005,3.45E-07,6:23,1,180911,0,
2018-09-11 6:24,,0.000542005,3.45E-07,6:24,1,180911,0,
2018-09-11 6:25,,0.000542005,3.45E-07,6:25,1,180911,0,
2018-09-11 6:26,,0.000542005,3.45E-07,6:26,1,180911,0,
2018-09-11 6:27,,0.000542005,3.45E-07,6:27,1,180911,0,
2018-09-11 6:28,,0.000542005,3.45E-07,6:28,1,180911,0,
2018-09-11 6:29,,0.000542005,3.45E-07,6:29,1,180911,0,
2018-09-11 6:30,,0.000542005,3.45E-07,6:30,1,180911,0,
2018-09-11 6:31,,0.000542005,3.45E-07,6:31,1,180911,0,
2018-09-11 6:32,,0.000542005,3.45E-07,6:32,1,180911,0,
2018-09-11 6:33,,0.000542005,3.45E-07,6:33,1,180911,0,
2018-09-11 6:34,,0.000542005,3.45E-07,6:34,1,180911,0,
2018-09-11 6:35,,0.000542005,3.45E-07,6:35,1,180911,0,
2018-09-11 6:36,,0.000542005,3.45E-07,6:36,1,180911,0,
2018-09-11 6:37,,0.000542005,3.45E-07,6:37,1,180911,0,
2018-09-11 6:38,,0.000542005,3.45E-07,6:38,1,180911,0,
2018-09-11 6:39,,0.000542005,3.45E-07,6:39,1,180911,0,
2018-09-11 6:40,,0.000542005,3.45E-07,6:40,1,180911,0,
2018-09-11 6:41,,0.000542005,3.45E-07,6:41,1,180911,0,
2018-09-11 6:42,,0.000542005,3.45E-07,6:42,1,180911,0,
2018-09-11 6:43,,0.000542005,3.45E-07,6:43,1,180911,0,
2018-09-11 6:44,,0.000542005,3.45E-07,6:44,1,180911,0,
2018-09-11 6:45,,0.000542005,3.45E-07,6:45,1,180911,0,
2018-09-11 6:46,,0.000542005,3.45E-07,6:46,1,180911,0,
2018-09-11 6:47,,0.000542005,3.45E-07,6:47,1,180911,0,
2018-09-11 6:48,,0.000542005,3.45E-07,6:48,1,180911,0,
2018-09-11 6:49,,0.000542005,3.45E-07,6:49,1,180911,0,
2018-09-11 6:50,,0.000542005,3.45E-07,6:50,1,180911,0,
2018-09-11 6:51,,0.000542005,3.45E-07,6:51,1,180911,0,
2018-09-11 6:52,,0.000542005,3.45E-07,6:52,1,180911,0,
2018-09-11 6:53,,0.000542005,3.45E-07,6:53,1,180911,0,
2018-09-11 6:54,,0.000542005,3.45E-07,6:54,1,180911,0,
2018-09-11 6:55,,0.000542005,3.45E-07,6:55,1,180911,0,
2018-09-11 6:56,,0.000542005,3.45E-07,6:56,1,180911,0,
2018-09-11 6:57,,0.000542005,3.45E-07,6:57,1,180911,0,
2018-09-11 6:58,,0.000542005,3.45E-07,6:58,1,180911,0,
2018-09-11 6:59,,0.000542005,3.45E-07,6:59,1,180911,0,
2018-09-11 7:00,,0.000542005,3.45E-07,7:00,1,180911,0,
2018-09-11 7:01,,0.000542005,3.45E-07,7:01,1,180911,0,
2018-09-11 7:02,,0.000542005,3.45E-07,7:02,1,180911,0,
2018-09-11 7:03,,0.000542005,3.45E-07,7:03,1,180911,0,
2018-09-11 7:04,,0.000542005,3.45E-07,7:04,1,180911,0,
2018-09-11 7:05,,0.000542005,3.45E-07,7:05,1,180911,0,
2018-09-11 7:06,,0.000542005,3.45E-07,7:06,1,180911,0,
2018-09-11 7:07,,0.000542005,3.45E-07,7:07,1,180911,0,
2018-09-11 7:08,,0.000542005,3.45E-07,7:08,1,180911,0,
2018-09-11 7:09,,0.000542005,3.45E-07,7:09,1,180911,0,
2018-09-11 7:10,,0.000542005,3.45E-07,7:10,1,180911,0,
2018-09-11 7:11,,0.000542005,3.45E-07,7:11,1,180911,0,
2018-09-11 7:12,,0.000542005,3.45E-07,7:12,1,180911,0,
2018-09-11 7:13,,0.000542005,3.45E-07,7:13,1,180911,0,
2018-09-11 7:14,,0.000542005,3.45E-07,7:14,1,180911,0,
2018-09-11 7:15,,0.000542005,3.45E-07,7:15,1,180911,0,
2018-09-11 7:16,,0.000542005,3.45E-07,7:16,1,180911,0,
2018-09-11 7:17,,0.000542005,3.45E-07,7:17,1,180911,0,
2018-09-11 7:18,,0.000542005,3.45E-07,7:18,1,180911,0,
2018-09-11 7:19,,0.000542005,3.45E-07,7:19,1,180911,0,
2018-09-11 7:20,,0.000542005,3.45E-07,7:20,1,180911,0,
2018-09-11 7:21,,0.000542005,3.45E-07,7:21,1,180911,0,
2018-09-11 7:22,,0.000542005,3.45E-07,7:22,1,180911,0,
2018-09-11 7:23,,0.000542005,3.45E-07,7:23,1,180911,0,
2018-09-11 7:24,,0.000542005,3.45E-07,7:24,1,180911,0,
2018-09-11 7:25,,0.000542005,3.45E-07,7:25,1,180911,0,
2018-09-11 7:26,,0.000542005,3.45E-07,7:26,1,180911,0,
2018-09-11 7:27,,0.000542005,3.45E-07,7:27,1,180911,0,
2018-09-11 7:28,,0.000542005,3.45E-07,7:28,1,180911,0,
2018-09-11 7:29,,0.000542005,3.45E-07,7:29,1,180911,0,
2018-09-11 7:30,,0.000542005,3.45E-07,7:30,1,180911,0,
2018-09-11 7:31,,0.000542005,3.45E-07,7:31,1,180911,0,
2018-09-11 7:32,,0.000542005,3.45E-07,7:32,1,180911,0,
2018-09-11 7:33,,0.000542005,3.45E-07,7:33,1,180911,0,
2018-09-11 7:34,,0.000542005,3.45E-07,7:34,1,180911,0,
2018-09-11 7:35,,0.000542005,3.45E-07,7:35,1,180911,0,
2018-09-11 7:36,,0.000542005,3.45E-07,7:36,1,180911,0,
2018-09-11 7:37,,0.000542005,3.45E-07,7:37,1,180911,0,
2018-09-11 7:38,,0.000542005,3.45E-07,7:38,1,180911,0,
2018-09-11 7:39,,0.000542005,3.45E-07,7:39,1,180911,0,
2018-09-11 7:40,,0.000542005,3.45E-07,7:40,1,180911,0,
2018-09-11 7:41,,0.000542005,3.45E-07,7:41,1,180911,0,
2018-09-11 7:42,,0.000542005,3.45E-07,7:42,1,180911,0,
2018-09-11 7:43,,0.000542005,3.45E-07,7:43,1,180911,0,
2018-09-11 7:44,,0.000542005,3.45E-07,7:44,1,180911,0,
2018-09-11 7:45,,0.000542005,3.45E-07,7:45,1,180911,0,
2018-09-11 7:46,,0.000542005,3.45E-07,7:46,1,180911,0,
2018-09-11 7:47,,0.000542005,3.45E-07,7:47,1,180911,0,
2018-09-11 7:48,,0.000542005,3.45E-07,7:48,1,180911,0,
2018-09-11 7:49,,0.000542005,3.45E-07,7:49,1,180911,0,
2018-09-11 7:50,,0.000542005,3.45E-07,7:50,1,180911,0,
2018-09-11 7:51,,0.000542005,3.45E-07,7:51,1,180911,0,
2018-09-11 7:52,,0.000542005,3.45E-07,7:52,1,180911,0,
2018-09-11 7:53,,0.000542005,3.45E-07,7:53,1,180911,0,
2018-09-11 7:54,,0.000542005,3.45E-07,7:54,1,180911,0,
2018-09-11 7:55,,0.000542005,3.45E-07,7:55,1,180911,0,
2018-09-11 7:56,,0.000542005,3.45E-07,7:56,1,180911,0,
2018-09-11 7:57,,0.000542005,3.45E-07,7:57,1,180911,0,
2018-09-11 7:58,,0.000542005,3.45E-07,7:58,1,180911,0,
2018-09-11 7:59,,0.000542005,3.45E-07,7:59,1,180911,0,
2018-09-11 8:00,,0.000542005,3.45E-07,8:00,1,180911,0,
2018-09-11 8:01,,0.000542005,3.45E-07,8:01,1,180911,0,
2018-09-11 8:02,,0.000542005,3.45E-07,8:02,1,180911,0,
2018-09-11 8:03,,0.000542005,3.45E-07,8:03,1,180911,0,
2018-09-11 8:04,,0.000542005,3.45E-07,8:04,1,180911,0,
2018-09-11 8:05,,0.000542005,3.45E-07,8:05,1,180911,0,
2018-09-11 8:06,,0.000542005,3.45E-07,8:06,1,180911,0,
2018-09-11 8:07,,0.000542005,3.45E-07,8:07,1,180911,0,
2018-09-11 8:08,,0.000542005,3.45E-07,8:08,1,180911,0,
2018-09-11 8:09,,0.000542005,3.45E-07,8:09,1,180911,0,
2018-09-11 8:10,,0.000542005,3.45E-07,8:10,1,180911,0,
2018-09-11 8:11,,0.000542005,3.45E-07,8:11,1,180911,0,
2018-09-11 8:12,,0.000542005,3.45E-07,8:12,1,180911,0,
2018-09-11 8:13,,0.000542005,3.45E-07,8:13,1,180911,0,
2018-09-11 8:14,,0.000542005,3.45E-07,8:14,1,180911,0,
2018-09-11 8:15,,0.000542005,3.45E-07,8:15,1,180911,0,
2018-09-11 8:16,,0.000542005,3.45E-07,8:16,1,180911,0,
2018-09-11 8:17,,0.000542005,3.45E-07,8:17,1,180911,0,
2018-09-11 8:18,,0.000542005,3.45E-07,8:18,1,180911,0,
2018-09-11 8:19,,0.000542005,3.45E-07,8:19,1,180911,0,
2018-09-11 8:20,,0.000542005,3.45E-07,8:20,1,180911,0,
2018-09-11 8:21,,0.000542005,3.45E-07,8:21,1,180911,0,
2018-09-11 8:22,,0.000542005,3.45E-07,8:22,1,180911,0,
2018-09-11 8:23,,0.000542005,3.45E-07,8:23,1,180911,0,
2018-09-11 8:24,,0.000542005,3.45E-07,8:24,1,180911,0,
2018-09-11 8:25,,0.000542005,3.45E-07,8:25,1,180911,0,
2018-09-11 8:26,,0.000542005,3.45E-07,8:26,1,180911,0,
2018-09-11 8:27,,0.000542005,3.45E-07,8:27,1,180911,0,
2018-09-11 8:28,,0.000542005,3.45E-07,8:28,1,180911,0,
2018-09-11 8:29,,0.000542005,3.45E-07,8:29,1,180911,0,
2018-09-11 8:30,,0.000542005,3.45E-07,8:30,1,180911,0,
2018-09-11 8:31,,0.000542005,3.45E-07,8:31,1,180911,0,
2018-09-11 8:32,,0.000542005,3.45E-07,8:32,1,180911,0,
2018-09-11 8:33,,0.000542005,3.45E-07,8:33,1,180911,0,
2018-09-11 8:34,,0.000542005,3.45E-07,8:34,1,180911,0,
2018-09-11 8:35,,0.000542005,3.45E-07,8:35,1,180911,0,
2018-09-11 8:36,,0.000542005,3.45E-07,8:36,1,180911,0,
2018-09-11 8:37,,0.000542005,3.45E-07,8:37,1,180911,0,
2018-09-11 8:38,,0.000542005,3.45E-07,8:38,1,180911,0,
2018-09-11 8:39,,0.000542005,3.45E-07,8:39,1,180911,0,
2018-09-11 8:40,,0.000542005,3.45E-07,8:40,1,180911,0,
2018-09-11 8:41,,0.000542005,3.45E-07,8:41,1,180911,0,
2018-09-11 8:42,,0.000542005,3.45E-07,8:42,1,180911,0,
2018-09-11 8:43,,0.000542005,3.45E-07,8:43,1,180911,0,
2018-09-11 8:44,,0.000542005,3.45E-07,8:44,1,180911,0,
2018-09-11 8:45,,0.000542005,3.45E-07,8:45,1,180911,0,
2018-09-11 8:46,,0.000542005,3.45E-07,8:46,1,180911,0,
2018-09-11 8:47,,0.000542005,3.45E-07,8:47,1,180911,0,
2018-09-11 8:48,,0.000542005,3.45E-07,8:48,1,180911,0,
2018-09-11 8:49,,0.000542005,3.45E-07,8:49,1,180911,0,
2018-09-11 8:50,,0.000542005,3.45E-07,8:50,1,180911,0,
2018-09-11 8:51,,0.000542005,3.45E-07,8:51,1,180911,0,
2018-09-11 8:52,,0.000542005,3.45E-07,8:52,1,180911,0,
2018-09-11 8:53,,0.000542005,3.45E-07,8:53,1,180911,0,
2018-09-11 8:54,,0.000542005,3.45E-07,8:54,1,180911,0,
2018-09-11 8:55,,0.000542005,3.45E-07,8:55,1,180911,0,
2018-09-11 8:56,,0.000542005,3.45E-07,8:56,1,180911,0,
2018-09-11 8:57,,0.000542005,3.45E-07,8:57,1,180911,0,
2018-09-11 8:58,,0.000542005,3.45E-07,8:58,1,180911,0,
2018-09-11 8:59,,0.000542005,3.45E-07,8:59,1,180911,0,
2018-09-11 9:00,,0.000542005,3.45E-07,9:00,1,180911,0,
2018-09-11 9:01,,0.000542005,3.45E-07,9:01,1,180911,0,
2018-09-11 9:02,,0.000542005,3.45E-07,9:02,1,180911,0,
2018-09-11 9:03,,0.000542005,3.45E-07,9:03,1,180911,0,
2018-09-11 9:04,,0.000542005,3.45E-07,9:04,1,180911,0,
2018-09-11 9:05,,0.000542005,3.45E-07,9:05,1,180911,0,
2018-09-11 9:06,,0.000542005,3.45E-07,9:06,1,180911,0,
2018-09-11 9:07,,0.000542005,3.45E-07,9:07,1,180911,0,
2018-09-11 9:08,,0.000542005,3.45E-07,9:08,1,180911,0,
2018-09-11 9:09,,0.000542005,3.45E-07,9:09,1,180911,0,
2018-09-11 9:10,,0.000542005,3.45E-07,9:10,1,180911,0,
2018-09-11 9:11,,0.000542005,3.45E-07,9:11,1,180911,0,
2018-09-11 9:12,,0.000542005,3.45E-07,9:12,1,180911,0,
2018-09-11 9:13,,0.000542005,3.45E-07,9:13,1,180911,0,
2018-09-11 9:14,,0.000542005,3.45E-07,9:14,1,180911,0,
2018-09-11 9:15,,0.000542005,3.45E-07,9:15,1,180911,0,
2018-09-11 9:16,,0.000542005,3.45E-07,9:16,1,180911,0,
2018-09-11 9:17,,0.000542005,3.45E-07,9:17,1,180911,0,
2018-09-11 9:18,,0.000542005,3.45E-07,9:18,1,180911,0,
2018-09-11 9:19,,0.000542005,3.45E-07,9:19,1,180911,0,
2018-09-11 9:20,,0.000542005,3.45E-07,9:20,1,180911,0,
2018-09-11 9:21,,0.000542005,3.45E-07,9:21,1,180911,0,
2018-09-11 9:22,,0.000542005,3.45E-07,9:22,1,180911,0,
2018-09-11 9:23,,0.000542005,3.45E-07,9:23,1,180911,0,
2018-09-11 9:24,,0.000542005,3.45E-07,9:24,1,180911,0,
2018-09-11 9:25,,0.000542005,3.45E-07,9:25,1,180911,0,
2018-09-11 9:26,,0.000542005,3.45E-07,9:26,1,180911,0,
2018-09-11 9:27,,0.000542005,3.45E-07,9:27,1,180911,0,
2018-09-11 9:28,,0.000542005,3.45E-07,9:28,1,180911,0,
2018-09-11 9:29,,0.000542005,3.45E-07,9:29,1,180911,0,
2018-09-11 9:30,,0.000542005,3.45E-07,9:30,1,180911,0,
2018-09-11 9:31,,0.000542005,3.45E-07,9:31,1,180911,0,
2018-09-11 9:32,,0.000542005,3.45E-07,9:32,1,180911,0,
2018-09-11 9:33,,0.000542005,3.45E-07,9:33,1,180911,0,
2018-09-11 9:34,,0.000542005,3.45E-07,9:34,1,180911,0,
2018-09-11 9:35,,0.000542005,3.45E-07,9:35,1,180911,0,
2018-09-11 9:36,,0.000542005,3.45E-07,9:36,1,180911,0,
2018-09-11 9:37,,0.000542005,3.45E-07,9:37,1,180911,0,
2018-09-11 9:38,,0.000542005,3.45E-07,9:38,1,180911,0,
2018-09-11 9:39,,0.000542005,3.45E-07,9:39,1,180911,0,
2018-09-11 9:40,,0.000542005,3.45E-07,9:40,1,180911,0,
2018-09-11 9:41,,0.000542005,3.45E-07,9:41,1,180911,0,
2018-09-11 9:42,,0.000542005,3.45E-07,9:42,1,180911,0,
2018-09-11 9:43,,0.000542005,3.45E-07,9:43,1,180911,0,
2018-09-11 9:44,,0.000542005,3.45E-07,9:44,1,180911,0,
2018-09-11 9:45,,0.000542005,3.45E-07,9:45,1,180911,0,
2018-09-11 9:46,,0.000542005,3.45E-07,9:46,1,180911,0,
2018-09-11 9:47,,0.000542005,3.45E-07,9:47,1,180911,0,
2018-09-11 9:48,,0.000542005,3.45E-07,9:48,1,180911,0,
2018-09-11 9:49,,0.000542005,3.45E-07,9:49,1,180911,0,
2018-09-11 9:50,,0.000542005,3.45E-07,9:50,1,180911,0,
2018-09-11 9:51,,0.000542005,3.45E-07,9:51,1,180911,0,
2018-09-11 9:52,,0.000542005,3.45E-07,9:52,1,180911,0,
2018-09-11 9:53,,0.000542005,3.45E-07,9:53,1,180911,0,
2018-09-11 9:54,,0.000542005,3.45E-07,9:54,1,180911,0,
2018-09-11 9:55,,0.000542005,3.45E-07,9:55,1,180911,0,
2018-09-11 9:56,,0.000542005,3.45E-07,9:56,1,180911,0,
2018-09-11 9:57,,0.000542005,3.45E-07,9:57,1,180911,0,
2018-09-11 9:58,,0.000542005,3.45E-07,9:58,1,180911,0,
2018-09-11 9:59,,0.000542005,3.45E-07,9:59,1,180911,0,
2018-09-11 10:00,,0.000542005,3.45E-07,10:00,1,180911,0,
2018-09-11 10:01,,0.000542005,3.45E-07,10:01,1,180911,0,
2018-09-11 10:02,,0.000542005,3.45E-07,10:02,1,180911,0,
2018-09-11 10:03,,0.000542005,3.45E-07,10:03,1,180911,0,
2018-09-11 10:04,,0.000542005,3.45E-07,10:04,1,180911,0,
2018-09-11 10:05,,0.000542005,3.45E-07,10:05,1,180911,0,
2018-09-11 10:06,,0.000542005,3.45E-07,10:06,1,180911,0,
2018-09-11 10:07,,0.000542005,3.45E-07,10:07,1,180911,0,
2018-09-11 10:08,,0.000542005,3.45E-07,10:08,1,180911,0,
2018-09-11 10:09,,0.000542005,3.45E-07,10:09,1,180911,0,
2018-09-11 10:10,,0.000542005,3.45E-07,10:10,1,180911,0,
2018-09-11 10:11,,0.000542005,3.45E-07,10:11,1,180911,0,
2018-09-11 10:12,,0.000542005,3.45E-07,10:12,1,180911,0,
2018-09-11 10:13,,0.000542005,3.45E-07,10:13,1,180911,0,
2018-09-11 10:14,,0.000542005,3.45E-07,10:14,1,180911,0,
2018-09-11 10:15,,0.000542005,3.45E-07,10:15,1,180911,0,
2018-09-11 10:16,,0.000542005,3.45E-07,10:16,1,180911,0,
2018-09-11 10:17,,0.000542005,3.45E-07,10:17,1,180911,0,
2018-09-11 10:18,,0.000542005,3.45E-07,10:18,1,180911,0,
2018-09-11 10:19,,0.000542005,3.45E-07,10:19,1,180911,0,
2018-09-11 10:20,,0.000542005,3.45E-07,10:20,1,180911,0,
2018-09-11 10:21,,0.000542005,3.45E-07,10:21,1,180911,0,
2018-09-11 10:22,,0.000542005,3.45E-07,10:22,1,180911,0,
2018-09-11 10:23,,0.000542005,3.45E-07,10:23,1,180911,0,
2018-09-11 10:24,,0.000542005,3.45E-07,10:24,1,180911,0,
2018-09-11 10:25,,0.000542005,3.45E-07,10:25,1,180911,0,
2018-09-11 10:26,,0.000542005,3.45E-07,10:26,1,180911,0,
2018-09-11 10:27,,0.000542005,3.45E-07,10:27,1,180911,0,
2018-09-11 10:28,,0.000542005,3.45E-07,10:28,1,180911,0,
2018-09-11 10:29,,0.000542005,3.45E-07,10:29,1,180911,0,
2018-09-11 10:30,,0.000542005,3.45E-07,10:30,1,180911,0,
2018-09-11 10:31,,0.000542005,3.45E-07,10:31,1,180911,0,
2018-09-11 10:32,,0.000542005,3.45E-07,10:32,1,180911,0,
2018-09-11 10:33,,0.000542005,3.45E-07,10:33,1,180911,0,
2018-09-11 10:34,,0.000542005,3.45E-07,10:34,1,180911,0,
2018-09-11 10:35,,0.000542005,3.45E-07,10:35,1,180911,0,
2018-09-11 10:36,,0.000542005,3.45E-07,10:36,1,180911,0,
2018-09-11 10:37,,0.000542005,3.45E-07,10:37,1,180911,0,
2018-09-11 10:38,,0.000542005,3.45E-07,10:38,1,180911,0,
2018-09-11 10:39,,0.000542005,3.45E-07,10:39,1,180911,0,
2018-09-11 10:40,,0.000542005,3.45E-07,10:40,1,180911,0,
2018-09-11 10:41,,0.000542005,3.45E-07,10:41,1,180911,0,
2018-09-11 10:42,,0.000542005,3.45E-07,10:42,1,180911,0,
2018-09-11 10:43,,0.000542005,3.45E-07,10:43,1,180911,0,
2018-09-11 10:44,,0.000542005,3.45E-07,10:44,1,180911,0,
2018-09-11 10:45,,0.000542005,3.45E-07,10:45,1,180911,0,
2018-09-11 10:46,,0.000542005,3.45E-07,10:46,1,180911,0,
2018-09-11 10:47,,0.000542005,3.45E-07,10:47,1,180911,0,
2018-09-11 10:48,,0.000542005,3.45E-07,10:48,1,180911,0,
2018-09-11 10:49,,0.000542005,3.45E-07,10:49,1,180911,0,
2018-09-11 10:50,,0.000542005,3.45E-07,10:50,1,180911,0,
2018-09-11 10:51,,0.000542005,3.45E-07,10:51,1,180911,0,
2018-09-11 10:52,,0.000542005,3.45E-07,10:52,1,180911,0,
2018-09-11 10:53,,0.000542005,3.45E-07,10:53,1,180911,0,
2018-09-11 10:54,,0.000542005,3.45E-07,10:54,1,180911,0,
2018-09-11 10:55,,0.000542005,3.45E-07,10:55,1,180911,0,
2018-09-11 10:56,,0.000542005,3.45E-07,10:56,1,180911,0,
2018-09-11 10:57,,0.000542005,3.45E-07,10:57,1,180911,0,
2018-09-11 10:58,,0.000542005,3.45E-07,10:58,1,180911,0,
2018-09-11 10:59,,0.000542005,3.45E-07,10:59,1,180911,0,
2018-09-11 11:00,,0.000542005,3.45E-07,11:00,1,180911,0,
2018-09-11 11:01,,0.000542005,3.45E-07,11:01,1,180911,0,
2018-09-11 11:02,,0.000542005,3.45E-07,11:02,1,180911,0,
2018-09-11 11:03,,0.000542005,3.45E-07,11:03,1,180911,0,
2018-09-11 11:04,,0.000542005,3.45E-07,11:04,1,180911,0,
2018-09-11 11:05,,0.000542005,3.45E-07,11:05,1,180911,0,
2018-09-11 11:06,,0.000542005,3.45E-07,11:06,1,180911,0,
2018-09-11 11:07,,0.000542005,3.45E-07,11:07,1,180911,0,
2018-09-11 11:08,,0.000542005,3.45E-07,11:08,1,180911,0,
2018-09-11 11:09,,0.000542005,3.45E-07,11:09,1,180911,0,
2018-09-11 11:10,,0.000542005,3.45E-07,11:10,1,180911,0,
2018-09-11 11:11,,0.000542005,3.45E-07,11:11,1,180911,0,
2018-09-11 11:12,,0.000542005,3.45E-07,11:12,1,180911,0,
2018-09-11 11:13,,0.000542005,3.45E-07,11:13,1,180911,0,
2018-09-11 11:14,,0.000542005,3.45E-07,11:14,1,180911,0,
2018-09-11 11:15,,0.000542005,3.45E-07,11:15,1,180911,0,
2018-09-11 11:16,,0.000542005,3.45E-07,11:16,1,180911,0,
2018-09-11 11:17,,0.000542005,3.45E-07,11:17,1,180911,0,
2018-09-11 11:18,,0.000542005,3.45E-07,11:18,1,180911,0,
2018-09-11 11:19,,0.000542005,3.45E-07,11:19,1,180911,0,
2018-09-11 11:20,,0.000542005,3.45E-07,11:20,1,180911,0,
2018-09-11 11:21,,0.000542005,3.45E-07,11:21,1,180911,0,
2018-09-11 11:22,,0.000542005,3.45E-07,11:22,1,180911,0,
2018-09-11 11:23,,0.000542005,3.45E-07,11:23,1,180911,0,
2018-09-11 11:24,,0.000542005,3.45E-07,11:24,1,180911,0,
2018-09-11 11:25,,0.000542005,3.45E-07,11:25,1,180911,0,
2018-09-11 11:26,,0.000542005,3.45E-07,11:26,1,180911,0,
2018-09-11 11:27,,0.000542005,3.45E-07,11:27,1,180911,0,
2018-09-11 11:28,,0.000542005,3.45E-07,11:28,1,180911,0,
2018-09-11 11:29,,0.000542005,3.45E-07,11:29,1,180911,0,
2018-09-11 11:30,,0.000542005,3.45E-07,11:30,1,180911,0,
2018-09-11 11:31,,0.000542005,3.45E-07,11:31,1,180911,0,
2018-09-11 11:32,,0.000542005,3.45E-07,11:32,1,180911,0,
2018-09-11 11:33,,0.000542005,3.45E-07,11:33,1,180911,0,
2018-09-11 11:34,,0.000542005,3.45E-07,11:34,1,180911,0,
2018-09-11 11:35,,0.000542005,3.45E-07,11:35,1,180911,0,
2018-09-11 11:36,,0.000542005,3.45E-07,11:36,1,180911,0,
2018-09-11 11:37,,0.000542005,3.45E-07,11:37,1,180911,0,
2018-09-11 11:38,,0.000542005,3.45E-07,11:38,1,180911,0,
2018-09-11 11:39,,0.000542005,3.45E-07,11:39,1,180911,0,
2018-09-11 11:40,,0.000542005,3.45E-07,11:40,1,180911,0,
2018-09-11 11:41,,0.000542005,3.45E-07,11:41,1,180911,0,
2018-09-11 11:42,,0.000542005,3.45E-07,11:42,1,180911,0,
2018-09-11 11:43,,0.000542005,3.45E-07,11:43,1,180911,0,
2018-09-11 11:44,,0.000542005,3.45E-07,11:44,1,180911,0,
2018-09-11 11:45,,0.000542005,3.45E-07,11:45,1,180911,0,
2018-09-11 11:46,,0.000542005,3.45E-07,11:46,1,180911,0,
2018-09-11 11:47,,0.000542005,3.45E-07,11:47,1,180911,0,
2018-09-11 11:48,,0.000542005,3.45E-07,11:48,1,180911,0,
2018-09-11 11:49,,0.000542005,3.45E-07,11:49,1,180911,0,
2018-09-11 11:50,,0.000542005,3.45E-07,11:50,1,180911,0,
2018-09-11 11:51,,0.000542005,3.45E-07,11:51,1,180911,0,
2018-09-11 11:52,,0.000542005,3.45E-07,11:52,1,180911,0,
2018-09-11 11:53,,0.000542005,3.45E-07,11:53,1,180911,0,
2018-09-11 11:54,,0.000542005,3.45E-07,11:54,1,180911,0,
2018-09-11 11:55,,0.000542005,3.45E-07,11:55,1,180911,0,
2018-09-11 11:56,,0.000542005,3.45E-07,11:56,1,180911,0,
2018-09-11 11:57,,0.000542005,3.45E-07,11:57,1,180911,0,
2018-09-11 11:58,,0.000542005,3.45E-07,11:58,1,180911,0,
2018-09-11 11:59,,0.000542005,3.45E-07,11:59,1,180911,0,
2018-09-11 12:00,,0.000542005,3.45E-07,12:00,1,180911,0,
2018-09-11 12:01,,0.000542005,3.45E-07,12:01,1,180911,0,
2018-09-11 12:02,,0.000542005,3.45E-07,12:02,1,180911,0,
2018-09-11 12:03,,0.000542005,3.45E-07,12:03,1,180911,0,
2018-09-11 12:04,,0.000542005,3.45E-07,12:04,1,180911,0,
2018-09-11 12:05,,0.000542005,3.45E-07,12:05,1,180911,0,
2018-09-11 12:06,,0.000542005,3.45E-07,12:06,1,180911,0,
2018-09-11 12:07,,0.000542005,3.45E-07,12:07,1,180911,0,
2018-09-11 12:08,,0.000542005,3.45E-07,12:08,1,180911,0,
2018-09-11 12:09,,0.000542005,3.45E-07,12:09,1,180911,0,
2018-09-11 12:10,,0.000542005,3.45E-07,12:10,1,180911,0,
2018-09-11 12:11,,0.000542005,3.45E-07,12:11,1,180911,0,
2018-09-11 12:12,,0.000542005,3.45E-07,12:12,1,180911,0,
2018-09-11 12:13,,0.000542005,3.45E-07,12:13,1,180911,0,
2018-09-11 12:14,,0.000542005,3.45E-07,12:14,1,180911,0,
2018-09-11 12:15,,0.000542005,3.45E-07,12:15,1,180911,0,
2018-09-11 12:16,,0.000542005,3.45E-07,12:16,1,180911,0,
2018-09-11 12:17,,0.000542005,3.45E-07,12:17,1,180911,0,
2018-09-11 12:18,,0.000542005,3.45E-07,12:18,1,180911,0,
2018-09-11 12:19,,0.000542005,3.45E-07,12:19,1,180911,0,
2018-09-11 12:20,,0.000542005,3.45E-07,12:20,1,180911,0,
2018-09-11 12:21,,0.000542005,3.45E-07,12:21,1,180911,0,
2018-09-11 12:22,,0.000542005,3.45E-07,12:22,1,180911,0,
2018-09-11 12:23,,0.000542005,3.45E-07,12:23,1,180911,0,
2018-09-11 12:24,,0.000542005,3.45E-07,12:24,1,180911,0,
2018-09-11 12:25,,0.000542005,3.45E-07,12:25,1,180911,0,
2018-09-11 12:26,,0.000542005,3.45E-07,12:26,1,180911,0,
2018-09-11 12:27,,0.000542005,3.45E-07,12:27,1,180911,0,
2018-09-11 12:28,,0.000542005,3.45E-07,12:28,1,180911,0,
2018-09-11 12:29,,0.000542005,3.45E-07,12:29,1,180911,0,
2018-09-11 12:30,,0.000542005,3.45E-07,12:30,1,180911,0,
2018-09-11 12:31,,0.000542005,3.45E-07,12:31,1,180911,0,
2018-09-11 12:32,,0.000542005,3.45E-07,12:32,1,180911,0,
2018-09-11 12:33,,0.000542005,3.45E-07,12:33,1,180911,0,
2018-09-11 12:34,,0.000542005,3.45E-07,12:34,1,180911,0,
2018-09-11 12:35,,0.000542005,3.45E-07,12:35,1,180911,0,
2018-09-11 12:36,,0.000542005,3.45E-07,12:36,1,180911,0,
2018-09-11 12:37,,0.000542005,3.45E-07,12:37,1,180911,0,
2018-09-11 12:38,,0.000542005,3.45E-07,12:38,1,180911,0,
2018-09-11 12:39,,0.000542005,3.45E-07,12:39,1,180911,0,
2018-09-11 12:40,,0.000542005,3.45E-07,12:40,1,180911,0,
2018-09-11 12:41,,0.000542005,3.45E-07,12:41,1,180911,0,
2018-09-11 12:42,,0.000542005,3.45E-07,12:42,1,180911,0,
2018-09-11 12:43,,0.000542005,3.45E-07,12:43,1,180911,0,
2018-09-11 12:44,,0.000542005,3.45E-07,12:44,1,180911,0,
2018-09-11 12:45,,0.000542005,3.45E-07,12:45,1,180911,0,
2018-09-11 12:46,,0.000542005,3.45E-07,12:46,1,180911,0,
2018-09-11 12:47,,0.000542005,3.45E-07,12:47,1,180911,0,
2018-09-11 12:48,,0.000542005,3.45E-07,12:48,1,180911,0,
2018-09-11 12:49,,0.000542005,3.45E-07,12:49,1,180911,0,
2018-09-11 12:50,,0.000542005,3.45E-07,12:50,1,180911,0,
2018-09-11 12:51,,0.000542005,3.45E-07,12:51,1,180911,0,
2018-09-11 12:52,,0.000542005,3.45E-07,12:52,1,180911,0,
2018-09-11 12:53,,0.000542005,3.45E-07,12:53,1,180911,0,
2018-09-11 12:54,,0.000542005,3.45E-07,12:54,1,180911,0,
2018-09-11 12:55,,0.000542005,3.45E-07,12:55,1,180911,0,
2018-09-11 12:56,,0.000542005,3.45E-07,12:56,1,180911,0,
2018-09-11 12:57,,0.000542005,3.45E-07,12:57,1,180911,0,
2018-09-11 12:58,,0.000542005,3.45E-07,12:58,1,180911,0,
2018-09-11 12:59,,0.000542005,3.45E-07,12:59,1,180911,0,
2018-09-11 13:00,,0.000542005,3.45E-07,13:00,1,180911,0,
2018-09-11 13:01,,0.000542005,3.45E-07,13:01,1,180911,0,
2018-09-11 13:02,,0.000542005,3.45E-07,13:02,1,180911,0,
2018-09-11 13:03,,0.000542005,3.45E-07,13:03,1,180911,0,
2018-09-11 13:04,,0.000542005,3.45E-07,13:04,1,180911,0,
2018-09-11 13:05,,0.000542005,3.45E-07,13:05,1,180911,0,
2018-09-11 13:06,,0.000542005,3.45E-07,13:06,1,180911,0,
2018-09-11 13:07,,0.000542005,3.45E-07,13:07,1,180911,0,
2018-09-11 13:08,,0.000542005,3.45E-07,13:08,1,180911,0,
2018-09-11 13:09,,0.000542005,3.45E-07,13:09,1,180911,0,
2018-09-11 13:10,,0.000542005,3.45E-07,13:10,1,180911,0,
2018-09-11 13:11,,0.000542005,3.45E-07,13:11,1,180911,0,
2018-09-11 13:12,,0.000542005,3.45E-07,13:12,1,180911,0,
2018-09-11 13:13,,0.000542005,3.45E-07,13:13,1,180911,0,
2018-09-11 13:14,,0.000542005,3.45E-07,13:14,1,180911,0,
2018-09-11 13:15,,0.000542005,3.45E-07,13:15,1,180911,0,
2018-09-11 13:16,,0.000542005,3.45E-07,13:16,1,180911,0,
2018-09-11 13:17,,0.000542005,3.45E-07,13:17,1,180911,0,
2018-09-11 13:18,,0.000542005,3.45E-07,13:18,1,180911,0,
2018-09-11 13:19,,0.000542005,3.45E-07,13:19,1,180911,0,
2018-09-11 13:20,,0.000542005,3.45E-07,13:20,1,180911,0,
2018-09-11 13:21,,0.000542005,3.45E-07,13:21,1,180911,0,
2018-09-11 13:22,,0.000542005,3.45E-07,13:22,1,180911,0,
2018-09-11 13:23,,0.000542005,3.45E-07,13:23,1,180911,0,
2018-09-11 13:24,,0.000542005,3.45E-07,13:24,1,180911,0,
2018-09-11 13:25,,0.000542005,3.45E-07,13:25,1,180911,0,
2018-09-11 13:26,,0.000542005,3.45E-07,13:26,1,180911,0,
2018-09-11 13:27,,0.000542005,3.45E-07,13:27,1,180911,0,
2018-09-11 13:28,,0.000542005,3.45E-07,13:28,1,180911,0,
2018-09-11 13:29,,0.000542005,3.45E-07,13:29,1,180911,0,
2018-09-11 13:30,,0.000542005,3.45E-07,13:30,1,180911,0,
2018-09-11 13:31,,0.000542005,3.45E-07,13:31,1,180911,0,
2018-09-11 13:32,,0.000542005,3.45E-07,13:32,1,180911,0,
2018-09-11 13:33,,0.000542005,3.45E-07,13:33,1,180911,0,
2018-09-11 13:34,,0.000542005,3.45E-07,13:34,1,180911,0,
2018-09-11 13:35,,0.000542005,3.45E-07,13:35,1,180911,0,
2018-09-11 13:36,,0.000542005,3.45E-07,13:36,1,180911,0,
2018-09-11 13:37,,0.000542005,3.45E-07,13:37,1,180911,0,
2018-09-11 13:38,,0.000542005,3.45E-07,13:38,1,180911,0,
2018-09-11 13:39,,0.000542005,3.45E-07,13:39,1,180911,0,
2018-09-11 13:40,,0.000542005,3.45E-07,13:40,1,180911,0,
2018-09-11 13:41,,0.000542005,3.45E-07,13:41,1,180911,0,
2018-09-11 13:42,,0.000542005,3.45E-07,13:42,1,180911,0,
2018-09-11 13:43,,0.000542005,3.45E-07,13:43,1,180911,0,
2018-09-11 13:44,,0.000542005,3.45E-07,13:44,1,180911,0,
2018-09-11 13:45,,0.000542005,3.45E-07,13:45,1,180911,0,
2018-09-11 13:46,,0.000542005,3.45E-07,13:46,1,180911,0,
2018-09-11 13:47,,0.000542005,3.45E-07,13:47,1,180911,0,
2018-09-11 13:48,,0.000542005,3.45E-07,13:48,1,180911,0,
2018-09-11 13:49,,0.000542005,3.45E-07,13:49,1,180911,0,
2018-09-11 13:55,,0.000542005,3.45E-07,13:55,1,180911,0,
2018-09-11 13:56,,0.000542005,3.45E-07,13:56,1,180911,0,
2018-09-11 13:57,,0.000542005,3.45E-07,13:57,1,180911,0,
2018-09-11 13:58,,0.000542005,3.45E-07,13:58,1,180911,0,
2018-09-11 13:59,,0.000542005,3.45E-07,13:59,1,180911,0,
2018-09-11 14:00,,0.000542005,3.45E-07,14:00,1,180911,0,
2018-09-11 14:01,,0.000542005,3.45E-07,14:01,1,180911,0,
2018-09-11 14:02,,0.000542005,3.45E-07,14:02,1,180911,0,
2018-09-11 14:03,,0.000542005,3.45E-07,14:03,1,180911,0,
2018-09-11 14:04,,0.000542005,3.45E-07,14:04,1,180911,0,
2018-09-11 14:05,,0.000542005,3.45E-07,14:05,1,180911,0,
2018-09-11 14:06,,0.000542005,3.45E-07,14:06,1,180911,0,
2018-09-11 14:07,,0.000542005,3.45E-07,14:07,1,180911,0,
2018-09-11 14:08,,0.000542005,3.45E-07,14:08,1,180911,0,
2018-09-11 14:09,,0.000542005,3.45E-07,14:09,1,180911,0,
2018-09-11 14:10,,0.000542005,3.45E-07,14:10,1,180911,0,
2018-09-11 14:11,,0.000542005,3.45E-07,14:11,1,180911,0,
2018-09-11 14:12,,0.000542005,3.45E-07,14:12,1,180911,0,
2018-09-11 14:13,,0.000542005,3.45E-07,14:13,1,180911,0,
2018-09-11 14:14,,0.000542005,3.45E-07,14:14,1,180911,0,
2018-09-11 14:15,,0.000542005,3.45E-07,14:15,1,180911,0,
2018-09-11 14:16,,0.000542005,3.45E-07,14:16,1,180911,0,
2018-09-11 14:17,,0.000542005,3.45E-07,14:17,1,180911,0,
2018-09-11 14:18,,0.000542005,3.45E-07,14:18,1,180911,0,
2018-09-11 14:19,,0.000542005,3.45E-07,14:19,1,180911,0,
2018-09-11 14:20,,0.000542005,3.45E-07,14:20,1,180911,0,
2018-09-11 14:21,,0.000542005,3.45E-07,14:21,1,180911,0,
2018-09-11 14:22,,0.000542005,3.45E-07,14:22,1,180911,0,
2018-09-11 14:23,,0.000542005,3.45E-07,14:23,1,180911,0,
2018-09-11 14:24,,0.000542005,3.45E-07,14:24,1,180911,0,
2018-09-11 14:25,,0.000542005,3.45E-07,14:25,1,180911,0,
2018-09-11 14:26,,0.000542005,3.45E-07,14:26,1,180911,0,
2018-09-11 14:27,,0.000542005,3.45E-07,14:27,1,180911,0,
2018-09-11 14:28,,0.000542005,3.45E-07,14:28,1,180911,0,
2018-09-11 14:29,,0.000542005,3.45E-07,14:29,1,180911,0,
2018-09-11 14:30,,0.000542005,3.45E-07,14:30,1,180911,0,
2018-09-11 14:31,,0.000542005,3.45E-07,14:31,1,180911,0,
2018-09-11 14:32,,0.000542005,3.45E-07,14:32,1,180911,0,
2018-09-11 14:33,,0.000542005,3.45E-07,14:33,1,180911,0,
2018-09-11 14:34,,0.000542005,3.45E-07,14:34,1,180911,0,
2018-09-11 14:35,,0.000542005,3.45E-07,14:35,1,180911,0,
2018-09-11 14:52,,0.000542005,3.45E-07,14:52,1,180911,0,
2018-09-11 14:53,,0.000542005,3.45E-07,14:53,1,180911,0,
2018-09-11 14:54,,0.000542005,3.45E-07,14:54,1,180911,0,
2018-09-11 14:55,,0.000542005,3.45E-07,14:55,1,180911,0,
2018-09-11 14:56,,0.000542005,3.45E-07,14:56,1,180911,0,
2018-09-11 14:57,,0.000542005,3.45E-07,14:57,1,180911,0,
2018-09-11 14:58,,0.000542005,3.45E-07,14:58,1,180911,0,
2018-09-11 14:59,,0.000542005,3.45E-07,14:59,1,180911,0,
2018-09-11 15:00,,0.000542005,3.45E-07,15:00,1,180911,0,
2018-09-11 15:01,,0.000542005,3.45E-07,15:01,1,180911,0,
2018-09-11 15:02,,0.000542005,3.45E-07,15:02,1,180911,0,
2018-09-11 15:03,,0.000542005,3.45E-07,15:03,1,180911,0,
2018-09-11 15:04,,0.000542005,3.45E-07,15:04,1,180911,0,
2018-09-11 15:05,,0.000542005,3.45E-07,15:05,1,180911,0,
2018-09-11 15:06,,0.000542005,3.45E-07,15:06,1,180911,0,
2018-09-11 15:07,,0.000542005,3.45E-07,15:07,1,180911,0,
2018-09-11 15:08,,0.000542005,3.45E-07,15:08,1,180911,0,
2018-09-11 15:09,,0.000542005,3.45E-07,15:09,1,180911,0,
2018-09-11 15:10,,0.000542005,3.45E-07,15:10,1,180911,0,
2018-09-11 15:11,,0.000542005,3.45E-07,15:11,1,180911,0,
2018-09-11 15:12,,0.000542005,3.45E-07,15:12,1,180911,0,
2018-09-11 15:13,,0.000542005,3.45E-07,15:13,1,180911,0,
2018-09-11 15:14,,0.000542005,3.45E-07,15:14,1,180911,0,
2018-09-11 15:15,,0.000542005,3.45E-07,15:15,1,180911,0,
2018-09-11 15:16,,0.000542005,3.45E-07,15:16,1,180911,0,
2018-09-11 15:17,,0.000542005,3.45E-07,15:17,1,180911,0,
2018-09-11 15:18,,0.000542005,3.45E-07,15:18,1,180911,0,
2018-09-11 15:19,,0.000542005,3.45E-07,15:19,1,180911,0,
2018-09-11 15:20,,0.000542005,3.45E-07,15:20,1,180911,0,
2018-09-11 15:21,,0.000542005,3.45E-07,15:21,1,180911,0,
2018-09-11 15:22,,0.000542005,3.45E-07,15:22,1,180911,0,
2018-09-11 15:23,,0.000542005,3.45E-07,15:23,1,180911,0,
2018-09-11 15:24,,0.000542005,3.45E-07,15:24,1,180911,0,
2018-09-11 15:25,,0.000542005,3.45E-07,15:25,1,180911,0,
2018-09-11 15:26,,0.000542005,3.45E-07,15:26,1,180911,0,
2018-09-11 15:27,,0.000542005,3.45E-07,15:27,1,180911,0,
2018-09-11 15:28,,0.000542005,3.45E-07,15:28,1,180911,0,
2018-09-11 15:29,,0.000542005,3.45E-07,15:29,1,180911,0,
2018-09-11 15:30,,0.000542005,3.45E-07,15:30,1,180911,0,
2018-09-11 15:31,,0.000542005,3.45E-07,15:31,1,180911,0,
2018-09-11 15:32,,0.000542005,3.45E-07,15:32,1,180911,0,
2018-09-11 15:33,,0.000542005,3.45E-07,15:33,1,180911,0,
2018-09-11 15:34,,0.000542005,3.45E-07,15:34,1,180911,0,
2018-09-11 15:35,,0.000542005,3.45E-07,15:35,1,180911,0,
2018-09-11 15:36,,0.000542005,3.45E-07,15:36,1,180911,0,
2018-09-11 15:37,,0.000542005,3.45E-07,15:37,1,180911,0,
2018-09-11 15:38,,0.000542005,3.45E-07,15:38,1,180911,0,
2018-09-11 15:39,,0.000542005,3.45E-07,15:39,1,180911,0,
2018-09-11 15:40,,0.000542005,3.45E-07,15:40,1,180911,0,
2018-09-11 15:41,,0.000542005,3.45E-07,15:41,1,180911,0,
2018-09-11 15:42,,0.000542005,3.45E-07,15:42,1,180911,0,
2018-09-11 15:43,,0.000542005,3.45E-07,15:43,1,180911,0,
2018-09-11 15:44,,0.000542005,3.45E-07,15:44,1,180911,0,
2018-09-11 15:45,,0.000542005,3.45E-07,15:45,1,180911,0,
2018-09-11 15:46,,0.000542005,3.45E-07,15:46,1,180911,0,
2018-09-11 15:47,,0.000542005,3.45E-07,15:47,1,180911,0,
2018-09-11 15:48,,0.000542005,3.45E-07,15:48,1,180911,0,
2018-09-11 15:49,,0.000542005,3.45E-07,15:49,1,180911,0,
2018-09-11 15:50,,0.000542005,3.45E-07,15:50,1,180911,0,
2018-09-11 15:51,,0.000542005,3.45E-07,15:51,1,180911,0,
2018-09-11 15:52,,0.000542005,3.45E-07,15:52,1,180911,0,
2018-09-11 15:53,,0.000542005,3.45E-07,15:53,1,180911,0,
2018-09-11 15:54,,0.000542005,3.45E-07,15:54,1,180911,0,
2018-09-11 15:55,,0.000542005,3.45E-07,15:55,1,180911,0,
2018-09-11 15:56,,0.000542005,3.45E-07,15:56,1,180911,0,
2018-09-11 15:57,,0.000542005,3.45E-07,15:57,1,180911,0,
2018-09-11 15:58,,0.000542005,3.45E-07,15:58,1,180911,0,
2018-09-11 15:59,,0.000542005,3.45E-07,15:59,1,180911,0,
2018-09-11 16:00,,0.000542005,3.45E-07,16:00,1,180911,0,
2018-09-11 16:01,,0.000542005,3.45E-07,16:01,1,180911,0,
2018-09-11 16:02,,0.000542005,3.45E-07,16:02,1,180911,0,
2018-09-11 16:03,,0.000542005,3.45E-07,16:03,1,180911,0,
2018-09-11 16:04,,0.000542005,3.45E-07,16:04,1,180911,0,
2018-09-11 16:05,,0.000542005,3.45E-07,16:05,1,180911,0,
2018-09-11 16:06,,0.000542005,3.45E-07,16:06,1,180911,0,
2018-09-11 16:07,,0.000542005,3.45E-07,16:07,1,180911,0,
2018-09-11 16:08,,0.000542005,3.45E-07,16:08,1,180911,0,
2018-09-11 16:09,,0.000542005,3.45E-07,16:09,1,180911,0,
2018-09-11 16:10,,0.000542005,3.45E-07,16:10,1,180911,0,
2018-09-11 16:11,,0.000542005,3.45E-07,16:11,1,180911,0,
2018-09-11 16:12,,0.000542005,3.45E-07,16:12,1,180911,0,
2018-09-11 16:13,,0.000542005,3.45E-07,16:13,1,180911,0,
2018-09-11 16:14,,0.000542005,3.45E-07,16:14,1,180911,0,
2018-09-11 16:15,,0.000542005,3.45E-07,16:15,1,180911,0,
2018-09-11 16:16,,0.000542005,3.45E-07,16:16,1,180911,0,
2018-09-11 16:17,,0.000542005,3.45E-07,16:17,1,180911,0,
2018-09-11 16:18,,0.000542005,3.45E-07,16:18,1,180911,0,
2018-09-11 16:19,,0.000542005,3.45E-07,16:19,1,180911,0,
2018-09-11 16:20,,0.000542005,3.45E-07,16:20,1,180911,0,
2018-09-11 16:21,,0.000542005,3.45E-07,16:21,1,180911,0,
2018-09-11 16:22,,0.000542005,3.45E-07,16:22,1,180911,0,
2018-09-11 16:23,,0.000542005,3.45E-07,16:23,1,180911,0,
2018-09-11 16:24,,0.000542005,3.45E-07,16:24,1,180911,0,
2018-09-11 16:25,,0.000542005,3.45E-07,16:25,1,180911,0,
2018-09-11 16:26,,0.000542005,3.45E-07,16:26,1,180911,0,
2018-09-11 16:27,,0.000542005,3.45E-07,16:27,1,180911,0,
2018-09-11 16:28,,0.000542005,3.45E-07,16:28,1,180911,0,
2018-09-11 16:29,,0.000542005,3.45E-07,16:29,1,180911,0,
2018-09-11 16:30,,0.000542005,3.45E-07,16:30,1,180911,0,
2018-09-11 16:31,,0.000542005,3.45E-07,16:31,1,180911,0,
2018-09-11 16:32,,0.000542005,3.45E-07,16:32,1,180911,0,
2018-09-11 16:33,,0.000542005,3.45E-07,16:33,1,180911,0,
2018-09-11 16:34,,0.000542005,3.45E-07,16:34,1,180911,0,
2018-09-11 16:35,,0.000542005,3.45E-07,16:35,1,180911,0,
2018-09-11 16:36,,0.000542005,3.45E-07,16:36,1,180911,0,
2018-09-11 16:37,,0.000542005,3.45E-07,16:37,1,180911,0,
2018-09-11 16:38,,0.000542005,3.45E-07,16:38,1,180911,0,
2018-09-11 16:39,,0.000542005,3.45E-07,16:39,1,180911,0,
2018-09-11 16:40,,0.000542005,3.45E-07,16:40,1,180911,0,
2018-09-11 16:41,,0.000542005,3.45E-07,16:41,1,180911,0,
2018-09-11 16:42,,0.000542005,3.45E-07,16:42,1,180911,0,
2018-09-11 16:43,,0.000542005,3.45E-07,16:43,1,180911,0,
2018-09-11 16:44,,0.000542005,3.45E-07,16:44,1,180911,0,
2018-09-11 16:45,,0.000542005,3.45E-07,16:45,1,180911,0,
2018-09-11 16:46,,0.000542005,3.45E-07,16:46,1,180911,0,
2018-09-11 16:47,,0.000542005,3.45E-07,16:47,1,180911,0,
2018-09-11 16:48,,0.000542005,3.45E-07,16:48,1,180911,0,
2018-09-11 16:49,,0.000542005,3.45E-07,16:49,1,180911,0,
2018-09-11 16:50,,0.000542005,3.45E-07,16:50,1,180911,0,
2018-09-11 16:51,,0.000542005,3.45E-07,16:51,1,180911,0,
2018-09-11 16:52,,0.000542005,3.45E-07,16:52,1,180911,0,
2018-09-11 16:53,,0.000542005,3.45E-07,16:53,1,180911,0,
2018-09-11 16:54,,0.000542005,3.45E-07,16:54,1,180911,0,
2018-09-11 16:55,,0.000542005,3.45E-07,16:55,1,180911,0,
2018-09-11 16:56,,0.000542005,3.45E-07,16:56,1,180911,0,
2018-09-11 16:57,,0.000542005,3.45E-07,16:57,1,180911,0,
2018-09-11 16:58,,0.000542005,3.45E-07,16:58,1,180911,0,
2018-09-11 16:59,,0.000542005,3.45E-07,16:59,1,180911,0,
2018-09-11 17:00,,0.000542005,3.45E-07,17:00,1,180911,0,
2018-09-11 17:01,,0.000542005,3.45E-07,17:01,1,180911,0,
2018-09-11 17:02,,0.000542005,3.45E-07,17:02,1,180911,0,
2018-09-11 17:03,,0.000542005,3.45E-07,17:03,1,180911,0,
2018-09-11 17:04,,0.000542005,3.45E-07,17:04,1,180911,0,
2018-09-11 17:05,,0.000542005,3.45E-07,17:05,1,180911,0,
2018-09-11 17:06,,0.000542005,3.45E-07,17:06,1,180911,0,
2018-09-11 17:07,,0.000542005,3.45E-07,17:07,1,180911,0,
2018-09-11 17:08,,0.000542005,3.45E-07,17:08,1,180911,0,
2018-09-11 17:09,,0.000542005,3.45E-07,17:09,1,180911,0,
2018-09-11 17:10,,0.000542005,3.45E-07,17:10,1,180911,0,
2018-09-11 17:11,,0.000542005,3.45E-07,17:11,1,180911,0,
2018-09-11 17:12,,0.000542005,3.45E-07,17:12,1,180911,0,
2018-09-11 17:13,,0.000542005,3.45E-07,17:13,1,180911,0,
2018-09-11 17:14,,0.000542005,3.45E-07,17:14,1,180911,0,
2018-09-11 17:15,,0.000542005,3.45E-07,17:15,1,180911,0,
2018-09-11 17:16,,0.000542005,3.45E-07,17:16,1,180911,0,
2018-09-11 17:17,,0.000542005,3.45E-07,17:17,1,180911,0,
2018-09-11 17:18,,0.000542005,3.45E-07,17:18,1,180911,0,
2018-09-11 17:19,,0.000542005,3.45E-07,17:19,1,180911,0,
2018-09-11 17:20,,0.000542005,3.45E-07,17:20,1,180911,0,
2018-09-11 17:21,,0.000542005,3.45E-07,17:21,1,180911,0,
2018-09-11 17:22,,0.000542005,3.45E-07,17:22,1,180911,0,
2018-09-11 17:23,,0.000542005,3.45E-07,17:23,1,180911,0,
2018-09-11 17:24,,0.000542005,3.45E-07,17:24,1,180911,0,
2018-09-11 17:25,,0.000542005,3.45E-07,17:25,1,180911,0,
2018-09-11 17:26,,0.000542005,3.45E-07,17:26,1,180911,0,
2018-09-11 17:27,,0.000542005,3.45E-07,17:27,1,180911,0,
2018-09-11 17:28,,0.000542005,3.45E-07,17:28,1,180911,0,
2018-09-11 17:29,,0.000542005,3.45E-07,17:29,1,180911,0,
2018-09-11 17:30,,0.000542005,3.45E-07,17:30,1,180911,0,
2018-09-11 17:31,,0.000542005,3.45E-07,17:31,1,180911,0,
2018-09-11 17:32,,0.000542005,3.45E-07,17:32,1,180911,0,
2018-09-11 17:33,,0.000542005,3.45E-07,17:33,1,180911,0,
2018-09-11 17:34,,0.000542005,3.45E-07,17:34,1,180911,0,
2018-09-11 17:35,,0.000542005,3.45E-07,17:35,1,180911,0,
2018-09-11 17:36,,0.000542005,3.45E-07,17:36,1,180911,0,
2018-09-11 17:37,,0.000542005,3.45E-07,17:37,1,180911,0,
2018-09-11 17:38,,0.000542005,3.45E-07,17:38,1,180911,0,
2018-09-11 17:39,,0.000542005,3.45E-07,17:39,1,180911,0,
2018-09-11 17:40,,0.000542005,3.45E-07,17:40,1,180911,0,
2018-09-11 17:41,,0.000542005,3.45E-07,17:41,1,180911,0,
2018-09-11 17:42,,0.000542005,3.45E-07,17:42,1,180911,0,
2018-09-11 17:43,,0.000542005,3.45E-07,17:43,1,180911,0,
2018-09-11 17:44,,0.000542005,3.45E-07,17:44,1,180911,0,
2018-09-11 17:45,,0.000542005,3.45E-07,17:45,1,180911,0,
2018-09-11 17:46,,0.000542005,3.45E-07,17:46,1,180911,0,
2018-09-11 17:47,,0.000542005,3.45E-07,17:47,1,180911,0,
2018-09-11 17:48,,0.000542005,3.45E-07,17:48,1,180911,0,
2018-09-11 17:49,,0.000542005,3.45E-07,17:49,1,180911,0,
2018-09-11 17:50,,0.000542005,3.45E-07,17:50,1,180911,0,
2018-09-11 17:51,,0.000542005,3.45E-07,17:51,1,180911,0,
2018-09-11 17:52,,0.000542005,3.45E-07,17:52,1,180911,0,
2018-09-11 17:53,,0.000542005,3.45E-07,17:53,1,180911,0,
2018-09-11 17:54,,0.000542005,3.45E-07,17:54,1,180911,0,
2018-09-11 17:55,,0.000542005,3.45E-07,17:55,1,180911,0,
2018-09-11 17:56,,0.000542005,3.45E-07,17:56,1,180911,0,
2018-09-11 17:57,,0.000542005,3.45E-07,17:57,1,180911,0,
2018-09-11 17:58,,0.000542005,3.45E-07,17:58,1,180911,0,
2018-09-11 17:59,,0.000542005,3.45E-07,17:59,1,180911,0,
2018-09-11 18:00,,0.000542005,3.45E-07,18:00,1,180911,0,
2018-09-11 18:01,,0.000542005,3.45E-07,18:01,1,180911,0,
2018-09-11 18:02,,0.000542005,3.45E-07,18:02,1,180911,0,
2018-09-11 18:03,,0.000542005,3.45E-07,18:03,1,180911,0,
2018-09-11 18:04,,0.000542005,3.45E-07,18:04,1,180911,0,
2018-09-11 18:05,,0.000542005,3.45E-07,18:05,1,180911,0,
2018-09-11 18:06,,0.000542005,3.45E-07,18:06,1,180911,0,
2018-09-11 18:07,,0.000542005,3.45E-07,18:07,1,180911,0,
2018-09-11 18:08,,0.000542005,3.45E-07,18:08,1,180911,0,
2018-09-11 18:09,,0.000542005,3.45E-07,18:09,1,180911,0,
2018-09-11 18:10,,0.000542005,3.45E-07,18:10,1,180911,0,
2018-09-11 18:11,,0.000542005,3.45E-07,18:11,1,180911,0,
2018-09-11 18:12,,0.000542005,3.45E-07,18:12,1,180911,0,
2018-09-11 18:13,,0.000542005,3.45E-07,18:13,1,180911,0,
2018-09-11 18:14,,0.000542005,3.45E-07,18:14,1,180911,0,
2018-09-11 18:15,,0.000542005,3.45E-07,18:15,1,180911,0,
2018-09-11 18:16,,0.000542005,3.45E-07,18:16,1,180911,0,
2018-09-11 18:17,,0.000542005,3.45E-07,18:17,1,180911,0,
2018-09-11 18:18,,0.000542005,3.45E-07,18:18,1,180911,0,
2018-09-11 18:19,,0.000542005,3.45E-07,18:19,1,180911,0,
2018-09-11 18:20,,0.000542005,3.45E-07,18:20,1,180911,0,
2018-09-11 18:21,,0.000542005,3.45E-07,18:21,1,180911,0,
2018-09-11 18:22,,0.000542005,3.45E-07,18:22,1,180911,0,
2018-09-11 18:23,,0.000542005,3.45E-07,18:23,1,180911,0,
2018-09-11 18:24,,0.000542005,3.45E-07,18:24,1,180911,0,
2018-09-11 18:25,,0.000542005,3.45E-07,18:25,1,180911,0,
2018-09-11 18:26,,0.000542005,3.45E-07,18:26,1,180911,0,
2018-09-11 18:27,,0.000542005,3.45E-07,18:27,1,180911,0,
2018-09-11 18:28,,0.000542005,3.45E-07,18:28,1,180911,0,
2018-09-11 18:29,,0.000542005,3.45E-07,18:29,1,180911,0,
2018-09-11 18:30,,0.000542005,3.45E-07,18:30,1,180911,0,
2018-09-11 18:31,,0.000542005,3.45E-07,18:31,1,180911,0,
2018-09-11 18:32,,0.000542005,3.45E-07,18:32,1,180911,0,
2018-09-11 18:33,,0.000542005,3.45E-07,18:33,1,180911,0,
2018-09-11 18:34,,0.000542005,3.45E-07,18:34,1,180911,0,
2018-09-11 18:35,,0.000542005,3.45E-07,18:35,1,180911,0,
2018-09-11 18:36,,0.000542005,3.45E-07,18:36,1,180911,0,
2018-09-11 18:37,,0.000542005,3.45E-07,18:37,1,180911,0,
2018-09-11 18:38,,0.000542005,3.45E-07,18:38,1,180911,0,
2018-09-11 18:39,,0.000542005,3.45E-07,18:39,1,180911,0,
2018-09-11 18:40,,0.000542005,3.45E-07,18:40,1,180911,0,
2018-09-11 18:41,,0.000542005,3.45E-07,18:41,1,180911,0,
2018-09-11 18:42,,0.000542005,3.45E-07,18:42,1,180911,0,
2018-09-11 18:43,,0.000542005,3.45E-07,18:43,1,180911,0,
2018-09-11 18:44,,0.000542005,3.45E-07,18:44,1,180911,0,
2018-09-11 18:45,,0.000542005,3.45E-07,18:45,1,180911,0,
2018-09-11 18:46,,0.000542005,3.45E-07,18:46,1,180911,0,
2018-09-11 18:47,,0.000542005,3.45E-07,18:47,1,180911,0,
2018-09-11 18:48,,0.000542005,3.45E-07,18:48,1,180911,0,
2018-09-11 18:49,,0.000542005,3.45E-07,18:49,1,180911,0,
2018-09-11 18:50,,0.000542005,3.45E-07,18:50,1,180911,0,
2018-09-11 18:51,,0.000542005,3.45E-07,18:51,1,180911,0,
2018-09-11 18:52,,0.000542005,3.45E-07,18:52,1,180911,0,
2018-09-11 18:53,,0.000542005,3.45E-07,18:53,1,180911,0,
2018-09-11 18:54,,0.000542005,3.45E-07,18:54,1,180911,0,
2018-09-11 18:55,,0.000542005,3.45E-07,18:55,1,180911,0,
2018-09-11 18:56,,0.000542005,3.45E-07,18:56,1,180911,0,
2018-09-11 18:57,,0.000542005,3.45E-07,18:57,1,180911,0,
2018-09-11 18:58,,0.000542005,3.45E-07,18:58,1,180911,0,
2018-09-11 18:59,,0.000542005,3.45E-07,18:59,1,180911,0,
2018-09-11 19:00,,0.000542005,3.45E-07,19:00,1,180911,0,
2018-09-11 19:01,,0.000542005,3.45E-07,19:01,1,180911,0,
2018-09-11 19:02,,0.000542005,3.45E-07,19:02,1,180911,0,
2018-09-11 19:03,,0.000542005,3.45E-07,19:03,1,180911,0,
2018-09-11 19:04,,0.000542005,3.45E-07,19:04,1,180911,0,
2018-09-11 19:05,,0.000542005,3.45E-07,19:05,1,180911,0,
2018-09-11 19:06,,0.000542005,3.45E-07,19:06,1,180911,0,
2018-09-11 19:07,,0.000542005,3.45E-07,19:07,1,180911,0,
2018-09-11 19:08,,0.000542005,3.45E-07,19:08,1,180911,0,
2018-09-11 19:09,,0.000542005,3.45E-07,19:09,1,180911,0,
2018-09-11 19:10,,0.000542005,3.45E-07,19:10,1,180911,0,
2018-09-11 19:11,,0.000542005,3.45E-07,19:11,1,180911,0,
2018-09-11 19:12,,0.000542005,3.45E-07,19:12,1,180911,0,
2018-09-11 19:13,,0.000542005,3.45E-07,19:13,1,180911,0,
2018-09-11 19:14,,0.000542005,3.45E-07,19:14,1,180911,0,
2018-09-11 19:15,,0.000542005,3.45E-07,19:15,1,180911,0,
2018-09-11 19:16,,0.000542005,3.45E-07,19:16,1,180911,0,
2018-09-11 19:17,,0.000542005,3.45E-07,19:17,1,180911,0,
2018-09-11 19:18,,0.000542005,3.45E-07,19:18,1,180911,0,
2018-09-11 19:19,,0.000542005,3.45E-07,19:19,1,180911,0,
2018-09-11 19:20,,0.000542005,3.45E-07,19:20,1,180911,0,
2018-09-11 19:21,,0.000542005,3.45E-07,19:21,1,180911,0,
2018-09-11 19:22,,0.000542005,3.45E-07,19:22,1,180911,0,
2018-09-11 19:23,,0.000542005,3.45E-07,19:23,1,180911,0,
2018-09-11 19:24,,0.000542005,3.45E-07,19:24,1,180911,0,
2018-09-11 19:25,,0.000542005,3.45E-07,19:25,1,180911,0,
2018-09-11 19:26,,0.000542005,3.45E-07,19:26,1,180911,0,
2018-09-11 19:27,,0.000542005,3.45E-07,19:27,1,180911,0,
2018-09-11 19:28,,0.000542005,3.45E-07,19:28,1,180911,0,
2018-09-11 19:29,,0.000542005,3.45E-07,19:29,1,180911,0,
2018-09-11 19:30,,0.000542005,3.45E-07,19:30,1,180911,0,
2018-09-11 19:31,,0.000542005,3.45E-07,19:31,1,180911,0,
2018-09-11 19:32,,0.000542005,3.45E-07,19:32,1,180911,0,
2018-09-11 19:33,,0.000542005,3.45E-07,19:33,1,180911,0,
2018-09-11 19:34,,0.000542005,3.45E-07,19:34,1,180911,0,
2018-09-11 19:35,,0.000542005,3.45E-07,19:35,1,180911,0,
2018-09-11 19:36,,0.000542005,3.45E-07,19:36,1,180911,0,
2018-09-11 19:37,,0.000542005,3.45E-07,19:37,1,180911,0,
2018-09-11 19:38,,0.000542005,3.45E-07,19:38,1,180911,0,
2018-09-11 19:39,,0.000542005,3.45E-07,19:39,1,180911,0,
2018-09-11 19:40,,0.000542005,3.45E-07,19:40,1,180911,0,
2018-09-11 19:41,,0.000542005,3.45E-07,19:41,1,180911,0,
2018-09-11 19:42,,0.000542005,3.45E-07,19:42,1,180911,0,
2018-09-11 19:43,,0.000542005,3.45E-07,19:43,1,180911,0,
2018-09-11 19:44,,0.000542005,3.45E-07,19:44,1,180911,0,
2018-09-11 19:45,,0.000542005,3.45E-07,19:45,1,180911,0,
2018-09-11 19:46,,0.000542005,3.45E-07,19:46,1,180911,0,
2018-09-11 19:47,,0.000542005,3.45E-07,19:47,1,180911,0,
2018-09-11 19:48,,0.000542005,3.45E-07,19:48,1,180911,0,
2018-09-11 19:49,,0.000542005,3.45E-07,19:49,1,180911,0,
2018-09-11 19:50,,0.000542005,3.45E-07,19:50,1,180911,0,
2018-09-11 19:51,,0.000542005,3.45E-07,19:51,1,180911,0,
2018-09-11 19:52,,0.000542005,3.45E-07,19:52,1,180911,0,
2018-09-11 19:53,,0.000542005,3.45E-07,19:53,1,180911,0,
2018-09-11 19:54,,0.000542005,3.45E-07,19:54,1,180911,0,
2018-09-11 19:55,,0.000542005,3.45E-07,19:55,1,180911,0,
2018-09-11 19:56,,0.000542005,3.45E-07,19:56,1,180911,0,
2018-09-11 19:57,,0.000542005,3.45E-07,19:57,1,180911,0,
2018-09-11 19:58,,0.000542005,3.45E-07,19:58,1,180911,0,
2018-09-11 19:59,,0.000542005,3.45E-07,19:59,1,180911,0,
2018-09-11 20:00,,0.000542005,3.45E-07,20:00,1,180911,0,
2018-09-11 20:01,,0.000542005,3.45E-07,20:01,1,180911,0,
2018-09-11 20:02,,0.000542005,3.45E-07,20:02,1,180911,0,
2018-09-11 20:03,,0.000542005,3.45E-07,20:03,1,180911,0,
2018-09-11 20:04,,0.000542005,3.45E-07,20:04,1,180911,0,
2018-09-11 20:05,,0.000542005,3.45E-07,20:05,1,180911,0,
2018-09-11 20:06,,0.000542005,3.45E-07,20:06,1,180911,0,
2018-09-11 20:07,,0.000542005,3.45E-07,20:07,1,180911,0,
2018-09-11 20:08,,0.000542005,3.45E-07,20:08,1,180911,0,
2018-09-11 20:09,,0.000542005,3.45E-07,20:09,1,180911,0,
2018-09-11 20:10,,0.000542005,3.45E-07,20:10,1,180911,0,
2018-09-11 20:11,,0.000542005,3.45E-07,20:11,1,180911,0,
2018-09-11 20:12,,0.000542005,3.45E-07,20:12,1,180911,0,
2018-09-11 20:13,,0.000542005,3.45E-07,20:13,1,180911,0,
2018-09-11 20:14,,0.000542005,3.45E-07,20:14,1,180911,0,
2018-09-11 20:15,,0.000542005,3.45E-07,20:15,1,180911,0,
2018-09-11 20:16,,0.000542005,3.45E-07,20:16,1,180911,0,
2018-09-11 20:17,,0.000542005,3.45E-07,20:17,1,180911,0,
2018-09-11 20:18,,0.000542005,3.45E-07,20:18,1,180911,0,
2018-09-11 20:19,,0.000542005,3.45E-07,20:19,1,180911,0,
2018-09-11 20:20,,0.000542005,3.45E-07,20:20,1,180911,0,
2018-09-11 20:21,,0.000542005,3.45E-07,20:21,1,180911,0,
2018-09-11 20:22,,0.000542005,3.45E-07,20:22,1,180911,0,
2018-09-11 20:23,,0.000542005,3.45E-07,20:23,1,180911,0,
2018-09-11 20:24,,0.000542005,3.45E-07,20:24,1,180911,0,
2018-09-11 20:25,,0.000542005,3.45E-07,20:25,1,180911,0,
2018-09-11 20:26,,0.000542005,3.45E-07,20:26,1,180911,0,
2018-09-11 20:27,,0.000542005,3.45E-07,20:27,1,180911,0,
2018-09-11 20:28,,0.000542005,3.45E-07,20:28,1,180911,0,
2018-09-11 20:29,,0.000542005,3.45E-07,20:29,1,180911,0,
2018-09-11 20:30,,0.000542005,3.45E-07,20:30,1,180911,0,
2018-09-11 20:31,,0.000542005,3.45E-07,20:31,1,180911,0,
2018-09-11 20:32,,0.000542005,3.45E-07,20:32,1,180911,0,
2018-09-11 20:33,,0.000542005,3.45E-07,20:33,1,180911,0,
2018-09-11 20:34,,0.000542005,3.45E-07,20:34,1,180911,0,
2018-09-11 20:35,,0.000542005,3.45E-07,20:35,1,180911,0,
2018-09-11 20:36,,0.000542005,3.45E-07,20:36,1,180911,0,
2018-09-11 20:37,,0.000542005,3.45E-07,20:37,1,180911,0,
2018-09-11 20:38,,0.000542005,3.45E-07,20:38,1,180911,0,
2018-09-11 20:39,,0.000542005,3.45E-07,20:39,1,180911,0,
2018-09-11 20:40,,0.000542005,3.45E-07,20:40,1,180911,0,
2018-09-11 20:41,,0.000542005,3.45E-07,20:41,1,180911,0,
2018-09-11 20:42,,0.000542005,3.45E-07,20:42,1,180911,0,
2018-09-11 20:43,,0.000542005,3.45E-07,20:43,1,180911,0,
2018-09-11 20:44,,0.000542005,3.45E-07,20:44,1,180911,0,
2018-09-11 20:45,,0.000542005,3.45E-07,20:45,1,180911,0,
2018-09-11 20:46,,0.000542005,3.45E-07,20:46,1,180911,0,
2018-09-11 20:47,,0.000542005,3.45E-07,20:47,1,180911,0,
2018-09-11 20:48,,0.000542005,3.45E-07,20:48,1,180911,0,
2018-09-11 20:49,,0.000542005,3.45E-07,20:49,1,180911,0,
2018-09-11 20:50,,0.000542005,3.45E-07,20:50,1,180911,0,
2018-09-11 20:51,,0.000542005,3.45E-07,20:51,1,180911,0,
2018-09-11 20:52,,0.000542005,3.45E-07,20:52,1,180911,0,
2018-09-11 20:53,,0.000542005,3.45E-07,20:53,1,180911,0,
2018-09-11 20:54,,0.000542005,3.45E-07,20:54,1,180911,0,
2018-09-11 20:55,,0.000542005,3.45E-07,20:55,1,180911,0,
2018-09-11 20:56,,0.000542005,3.45E-07,20:56,1,180911,0,
2018-09-11 20:57,,0.000542005,3.45E-07,20:57,1,180911,0,
2018-09-11 20:58,,0.000542005,3.45E-07,20:58,1,180911,0,
2018-09-11 20:59,,0.000542005,3.45E-07,20:59,1,180911,0,
2018-09-11 21:00,,0.000542005,3.45E-07,21:00,1,180911,0,
2018-09-11 21:01,,0.000542005,3.45E-07,21:01,1,180911,0,
2018-09-11 21:02,,0.000542005,3.45E-07,21:02,1,180911,0,
2018-09-11 21:03,,0.000542005,3.45E-07,21:03,1,180911,0,
2018-09-11 21:04,,0.000542005,3.45E-07,21:04,1,180911,0,
2018-09-11 21:05,,0.000542005,3.45E-07,21:05,1,180911,0,
2018-09-11 21:06,,0.000542005,3.45E-07,21:06,1,180911,0,
2018-09-11 21:07,,0.000542005,3.45E-07,21:07,1,180911,0,
2018-09-11 21:08,,0.000542005,3.45E-07,21:08,1,180911,0,
2018-09-11 21:09,,0.000542005,3.45E-07,21:09,1,180911,0,
2018-09-11 21:10,,0.000542005,3.45E-07,21:10,1,180911,0,
2018-09-11 21:11,,0.000542005,3.45E-07,21:11,1,180911,0,
2018-09-11 21:12,,0.000542005,3.45E-07,21:12,1,180911,0,
2018-09-11 21:13,,0.000542005,3.45E-07,21:13,1,180911,0,
2018-09-11 21:14,,0.000542005,3.45E-07,21:14,1,180911,0,
2018-09-11 21:15,,0.000542005,3.45E-07,21:15,1,180911,0,
2018-09-11 21:16,,0.000542005,3.45E-07,21:16,1,180911,0,
2018-09-11 21:17,,0.000542005,3.45E-07,21:17,1,180911,0,
2018-09-11 21:18,,0.000542005,3.45E-07,21:18,1,180911,0,
2018-09-11 21:19,,0.000542005,3.45E-07,21:19,1,180911,0,
2018-09-11 21:20,,0.000542005,3.45E-07,21:20,1,180911,0,
2018-09-11 21:21,,0.000542005,3.45E-07,21:21,1,180911,0,
2018-09-11 21:22,,0.000542005,3.45E-07,21:22,1,180911,0,
2018-09-11 21:23,,0.000542005,3.45E-07,21:23,1,180911,0,
2018-09-11 21:24,,0.000542005,3.45E-07,21:24,1,180911,0,
2018-09-11 21:25,,0.000542005,3.45E-07,21:25,1,180911,0,
2018-09-11 21:26,,0.000542005,3.45E-07,21:26,1,180911,0,
2018-09-11 21:27,,0.000542005,3.45E-07,21:27,1,180911,0,
2018-09-11 21:28,,0.000542005,3.45E-07,21:28,1,180911,0,
2018-09-11 21:29,,0.000542005,3.45E-07,21:29,1,180911,0,
2018-09-11 21:30,,0.000542005,3.45E-07,21:30,1,180911,0,
2018-09-11 21:31,,0.000542005,3.45E-07,21:31,1,180911,0,
2018-09-11 21:32,,0.000542005,3.45E-07,21:32,1,180911,0,
2018-09-11 21:33,,0.000542005,3.45E-07,21:33,1,180911,0,
2018-09-11 21:34,,0.000542005,3.45E-07,21:34,1,180911,0,
2018-09-11 21:35,,0.000542005,3.45E-07,21:35,1,180911,0,
2018-09-11 21:36,,0.000542005,3.45E-07,21:36,1,180911,0,
2018-09-11 21:37,,0.000542005,3.45E-07,21:37,1,180911,0,
2018-09-11 21:38,,0.000542005,3.45E-07,21:38,1,180911,0,
2018-09-11 21:39,,0.000542005,3.45E-07,21:39,1,180911,0,
2018-09-11 21:40,,0.000542005,3.45E-07,21:40,1,180911,0,
2018-09-11 21:41,1,0.000542005,3.45E-07,21:41,1,180911,0,
2018-09-11 21:42,,0.000258665,0.000200352,21:42,1,180911,0,
2018-09-11 21:43,,0.000258665,3.45E-07,21:43,1,180911,0,
2018-09-11 21:44,,0.000258665,3.45E-07,21:44,1,180911,0,
2018-09-11 21:45,,0.000258665,3.45E-07,21:45,1,180911,0,
2018-09-11 21:46,,0.000258665,3.45E-07,21:46,1,180911,0,
2018-09-11 21:47,,0.000258665,3.45E-07,21:47,1,180911,0,
2018-09-11 21:48,,0.000258665,3.45E-07,21:48,1,180911,0,
2018-09-11 21:49,,0.000258665,3.45E-07,21:49,1,180911,0,
2018-09-11 21:50,,0.000258665,3.45E-07,21:50,1,180911,0,
2018-09-11 21:51,,0.000258665,3.45E-07,21:51,1,180911,0,
2018-09-11 21:52,,0.000258665,3.45E-07,21:52,1,180911,0,
2018-09-11 21:53,,0.000258665,3.45E-07,21:53,1,180911,0,
2018-09-11 21:54,,0.000258665,3.45E-07,21:54,1,180911,0,
2018-09-11 21:55,,0.000258665,3.45E-07,21:55,1,180911,0,
2018-09-11 21:56,,0.000258665,3.45E-07,21:56,1,180911,0,
2018-09-11 21:57,,0.000258665,3.45E-07,21:57,1,180911,0,
2018-09-11 21:58,,0.000258665,3.45E-07,21:58,1,180911,0,
2018-09-11 21:59,,0.000258665,3.45E-07,21:59,1,180911,0,
2018-09-11 22:00,,0.000258665,3.45E-07,22:00,1,180911,0,
2018-09-11 22:01,,0.000258665,3.45E-07,22:01,1,180911,0,
2018-09-11 22:02,,0.000258665,3.45E-07,22:02,1,180911,0,
2018-09-11 22:03,,0.000258665,3.45E-07,22:03,1,180911,0,
2018-09-11 22:04,,0.000258665,3.45E-07,22:04,1,180911,0,
2018-09-11 22:05,,0.000258665,3.45E-07,22:05,1,180911,0,
2018-09-11 22:06,,0.000258665,3.45E-07,22:06,1,180911,0,
2018-09-11 22:07,,0.000258665,3.45E-07,22:07,1,180911,0,
2018-09-11 22:08,,0.000258665,3.45E-07,22:08,1,180911,0,
2018-09-11 22:09,,0.000258665,3.45E-07,22:09,1,180911,0,
2018-09-11 22:10,,0.000258665,3.45E-07,22:10,1,180911,0,
2018-09-11 22:11,,0.000258665,3.45E-07,22:11,1,180911,0,
2018-09-11 22:12,,0.000258665,3.45E-07,22:12,1,180911,0,
2018-09-11 22:13,,0.000258665,3.45E-07,22:13,1,180911,0,
2018-09-11 22:14,,0.000258665,3.45E-07,22:14,1,180911,0,
2018-09-11 22:15,,0.000258665,3.45E-07,22:15,1,180911,0,
2018-09-11 22:16,,0.000258665,3.45E-07,22:16,1,180911,0,
2018-09-11 22:17,,0.000258665,3.45E-07,22:17,1,180911,0,
2018-09-11 22:18,,0.000258665,3.45E-07,22:18,1,180911,0,
2018-09-11 22:19,,0.000258665,3.45E-07,22:19,1,180911,0,
2018-09-11 22:20,,0.000258665,3.45E-07,22:20,1,180911,0,
2018-09-11 22:21,,0.000258665,3.45E-07,22:21,1,180911,0,
2018-09-11 22:22,,0.000258665,3.45E-07,22:22,1,180911,0,
2018-09-11 22:23,,0.000258665,3.45E-07,22:23,1,180911,0,
2018-09-11 22:24,,0.000258665,3.45E-07,22:24,1,180911,0,
2018-09-11 22:25,,0.000258665,3.45E-07,22:25,1,180911,0,
2018-09-11 22:26,,0.000258665,3.45E-07,22:26,1,180911,0,
2018-09-11 22:27,,0.000258665,3.45E-07,22:27,1,180911,0,
2018-09-11 22:28,,0.000258665,3.45E-07,22:28,1,180911,0,
2018-09-11 22:29,,0.000258665,3.45E-07,22:29,1,180911,0,
2018-09-11 22:30,,0.000258665,3.45E-07,22:30,1,180911,0,
2018-09-11 22:31,,0.000258665,3.45E-07,22:31,1,180911,0,
2018-09-11 22:32,,0.000258665,3.45E-07,22:32,1,180911,0,
2018-09-11 22:33,,0.000258665,3.45E-07,22:33,1,180911,0,
2018-09-11 22:34,,0.000258665,3.45E-07,22:34,1,180911,0,
2018-09-11 22:35,,0.000258665,3.45E-07,22:35,1,180911,0,
2018-09-11 22:36,,0.000258665,3.45E-07,22:36,1,180911,0,
2018-09-11 22:37,,0.000258665,3.45E-07,22:37,1,180911,0,
2018-09-11 22:38,,0.000258665,3.45E-07,22:38,1,180911,0,
2018-09-11 22:39,,0.000258665,3.45E-07,22:39,1,180911,0,
2018-09-11 22:40,,0.000258665,3.45E-07,22:40,1,180911,0,
2018-09-11 22:41,,0.000258665,3.45E-07,22:41,1,180911,0,
2018-09-11 22:42,,0.000258665,3.45E-07,22:42,1,180911,0,
2018-09-11 22:43,,0.000258665,3.45E-07,22:43,1,180911,0,
2018-09-11 22:44,,0.000258665,3.45E-07,22:44,1,180911,0,
2018-09-11 22:45,,0.000258665,3.45E-07,22:45,1,180911,0,
2018-09-11 22:46,,0.000258665,3.45E-07,22:46,1,180911,0,
2018-09-11 22:47,,0.000258665,3.45E-07,22:47,1,180911,0,
2018-09-11 22:48,,0.000258665,3.45E-07,22:48,1,180911,0,
2018-09-11 22:49,,0.000258665,3.45E-07,22:49,1,180911,0,
2018-09-11 22:50,,0.000258665,3.45E-07,22:50,1,180911,0,
2018-09-11 22:51,,0.000258665,3.45E-07,22:51,1,180911,0,
2018-09-11 22:52,,0.000258665,3.45E-07,22:52,1,180911,0,
2018-09-11 22:53,,0.000258665,3.45E-07,22:53,1,180911,0,
2018-09-11 22:54,,0.000258665,3.45E-07,22:54,1,180911,0,
2018-09-11 22:55,,0.000258665,3.45E-07,22:55,1,180911,0,
2018-09-11 22:56,,0.000258665,3.45E-07,22:56,1,180911,0,
2018-09-11 22:57,,0.000258665,3.45E-07,22:57,1,180911,0,
2018-09-11 22:58,,0.000258665,3.45E-07,22:58,1,180911,0,
2018-09-11 22:59,,0.000258665,3.45E-07,22:59,1,180911,0,
2018-09-11 23:00,,0.000258665,3.45E-07,23:00,1,180911,0,
2018-09-11 23:01,,0.000258665,3.45E-07,23:01,1,180911,0,
2018-09-11 23:02,,0.000258665,3.45E-07,23:02,1,180911,0,
2018-09-11 23:03,,0.000258665,3.45E-07,23:03,1,180911,0,
2018-09-11 23:04,,0.000258665,3.45E-07,23:04,1,180911,0,
2018-09-11 23:05,,0.000258665,3.45E-07,23:05,1,180911,0,
2018-09-11 23:06,,0.000258665,3.45E-07,23:06,1,180911,0,
2018-09-11 23:07,,0.000258665,3.45E-07,23:07,1,180911,0,
2018-09-11 23:08,,0.000258665,3.45E-07,23:08,1,180911,0,
2018-09-11 23:09,,0.000258665,3.45E-07,23:09,1,180911,0,
2018-09-11 23:10,,0.000258665,3.45E-07,23:10,1,180911,0,
2018-09-11 23:11,,0.000258665,3.45E-07,23:11,1,180911,0,
2018-09-11 23:12,,0.000258665,3.45E-07,23:12,1,180911,0,
2018-09-11 23:13,,0.000258665,3.45E-07,23:13,1,180911,0,
2018-09-11 23:14,,0.000258665,3.45E-07,23:14,1,180911,0,
2018-09-11 23:15,,0.000258665,3.45E-07,23:15,1,180911,0,
2018-09-11 23:16,,0.000258665,3.45E-07,23:16,1,180911,0,
2018-09-11 23:17,,0.000258665,3.45E-07,23:17,1,180911,0,
2018-09-11 23:18,,0.000258665,3.45E-07,23:18,1,180911,0,
2018-09-11 23:19,,0.000258665,3.45E-07,23:19,1,180911,0,
2018-09-11 23:20,,0.000258665,3.45E-07,23:20,1,180911,0,
2018-09-11 23:21,,0.000258665,3.45E-07,23:21,1,180911,0,
2018-09-11 23:22,,0.000258665,3.45E-07,23:22,1,180911,0,
2018-09-11 23:23,,0.000258665,3.45E-07,23:23,1,180911,0,
2018-09-11 23:24,,0.000258665,3.45E-07,23:24,1,180911,0,
2018-09-11 23:25,,0.000258665,3.45E-07,23:25,1,180911,0,
2018-09-11 23:26,,0.000258665,3.45E-07,23:26,1,180911,0,
2018-09-11 23:27,,0.000258665,3.45E-07,23:27,1,180911,0,
2018-09-11 23:28,,0.000258665,3.45E-07,23:28,1,180911,0,
2018-09-11 23:29,,0.000258665,3.45E-07,23:29,1,180911,0,
2018-09-11 23:30,,0.000258665,3.45E-07,23:30,1,180911,0,
2018-09-11 23:31,,0.000258665,3.45E-07,23:31,1,180911,0,
2018-09-11 23:32,,0.000258665,3.45E-07,23:32,1,180911,0,
2018-09-11 23:33,,0.000258665,3.45E-07,23:33,1,180911,0,
2018-09-11 23:34,,0.000258665,3.45E-07,23:34,1,180911,0,
2018-09-11 23:35,,0.000258665,3.45E-07,23:35,1,180911,0,
2018-09-11 23:36,,0.000258665,3.45E-07,23:36,1,180911,0,
2018-09-11 23:37,,0.000258665,3.45E-07,23:37,1,180911,0,
2018-09-11 23:38,,0.000258665,3.45E-07,23:38,1,180911,0,
2018-09-11 23:39,,0.000258665,3.45E-07,23:39,1,180911,0,
2018-09-11 23:40,,0.000258665,3.45E-07,23:40,1,180911,0,
2018-09-11 23:41,,0.000258665,3.45E-07,23:41,1,180911,0,
2018-09-11 23:42,,0.000258665,3.45E-07,23:42,1,180911,0,
2018-09-11 23:43,,0.000258665,3.45E-07,23:43,1,180911,0,
2018-09-11 23:44,,0.000258665,3.45E-07,23:44,1,180911,0,
2018-09-11 23:45,,0.000258665,3.45E-07,23:45,1,180911,0,
2018-09-11 23:46,,0.000258665,3.45E-07,23:46,1,180911,0,
2018-09-11 23:47,,0.000258665,3.45E-07,23:47,1,180911,0,
2018-09-11 23:48,,0.000258665,3.45E-07,23:48,1,180911,0,
2018-09-11 23:49,,0.000258665,3.45E-07,23:49,1,180911,0,
2018-09-11 23:50,,0.000258665,3.45E-07,23:50,1,180911,0,
2018-09-11 23:51,,0.000258665,3.45E-07,23:51,1,180911,0,
2018-09-11 23:52,,0.000258665,3.45E-07,23:52,1,180911,0,
2018-09-11 23:53,,0.000258665,3.45E-07,23:53,1,180911,0,
2018-09-11 23:54,,0.000258665,3.45E-07,23:54,1,180911,0,
2018-09-11 23:55,,0.000258665,3.45E-07,23:55,1,180911,0,
2018-09-11 23:56,,0.000258665,3.45E-07,23:56,1,180911,0,
2018-09-11 23:57,,0.000258665,3.45E-07,23:57,1,180911,0,
2018-09-11 23:58,,0.000258665,3.45E-07,23:58,1,180911,0,
2018-09-11 23:59,,0.000258665,3.45E-07,23:59,1,180911,0,
2018-09-12 0:00,,0.000258665,3.45E-07,0:00,2,180912,0,
2018-09-12 0:01,,0.000258665,3.45E-07,0:01,2,180912,0,
2018-09-12 0:02,,0.000258665,3.45E-07,0:02,2,180912,0,
2018-09-12 0:03,,0.000258665,3.45E-07,0:03,2,180912,0,
2018-09-12 0:04,,0.000258665,3.45E-07,0:04,2,180912,0,
2018-09-12 0:05,,0.000258665,3.45E-07,0:05,2,180912,0,
2018-09-12 0:06,,0.000258665,3.45E-07,0:06,2,180912,0,
2018-09-12 0:07,,0.000258665,3.45E-07,0:07,2,180912,0,
2018-09-12 0:08,,0.000258665,3.45E-07,0:08,2,180912,0,
2018-09-12 0:09,,0.000258665,3.45E-07,0:09,2,180912,0,
2018-09-12 0:10,,0.000258665,3.45E-07,0:10,2,180912,0,
2018-09-12 0:11,,0.000258665,3.45E-07,0:11,2,180912,0,
2018-09-12 0:12,,0.000258665,3.45E-07,0:12,2,180912,0,
2018-09-12 0:13,,0.000258665,3.45E-07,0:13,2,180912,0,
2018-09-12 0:14,,0.000258665,3.45E-07,0:14,2,180912,0,
2018-09-12 0:15,,0.000258665,3.45E-07,0:15,2,180912,0,
2018-09-12 0:16,,0.000258665,3.45E-07,0:16,2,180912,0,
2018-09-12 0:17,,0.000258665,3.45E-07,0:17,2,180912,0,
2018-09-12 0:18,,0.000258665,3.45E-07,0:18,2,180912,0,
2018-09-12 0:19,,0.000258665,3.45E-07,0:19,2,180912,0,
2018-09-12 0:20,,0.000258665,3.45E-07,0:20,2,180912,0,
2018-09-12 0:21,,0.000258665,3.45E-07,0:21,2,180912,0,
2018-09-12 0:22,,0.000258665,3.45E-07,0:22,2,180912,0,
2018-09-12 0:23,,0.000258665,3.45E-07,0:23,2,180912,0,
2018-09-12 0:24,,0.000258665,3.45E-07,0:24,2,180912,0,
2018-09-12 0:25,,0.000258665,3.45E-07,0:25,2,180912,0,
2018-09-12 0:26,,0.000258665,3.45E-07,0:26,2,180912,0,
2018-09-12 0:27,,0.000258665,3.45E-07,0:27,2,180912,0,
2018-09-12 0:28,,0.000258665,3.45E-07,0:28,2,180912,0,
2018-09-12 0:29,,0.000258665,3.45E-07,0:29,2,180912,0,
2018-09-12 0:30,,0.000258665,3.45E-07,0:30,2,180912,0,
2018-09-12 0:31,,0.000258665,3.45E-07,0:31,2,180912,0,
2018-09-12 0:32,,0.000258665,3.45E-07,0:32,2,180912,0,
2018-09-12 0:33,,0.000258665,3.45E-07,0:33,2,180912,0,
2018-09-12 0:34,,0.000258665,3.45E-07,0:34,2,180912,0,
2018-09-12 0:35,,0.000258665,3.45E-07,0:35,2,180912,0,
2018-09-12 0:36,,0.000258665,3.45E-07,0:36,2,180912,0,
2018-09-12 0:37,,0.000258665,3.45E-07,0:37,2,180912,0,
2018-09-12 0:38,,0.000258665,3.45E-07,0:38,2,180912,0,
2018-09-12 0:39,,0.000258665,3.45E-07,0:39,2,180912,0,
2018-09-12 0:40,,0.000258665,3.45E-07,0:40,2,180912,0,
2018-09-12 0:41,,0.000258665,3.45E-07,0:41,2,180912,0,
2018-09-12 0:42,,0.000258665,3.45E-07,0:42,2,180912,0,
2018-09-12 0:43,,0.000258665,3.45E-07,0:43,2,180912,0,
2018-09-12 0:44,,0.000258665,3.45E-07,0:44,2,180912,0,
2018-09-12 0:45,,0.000258665,3.45E-07,0:45,2,180912,0,
2018-09-12 0:46,,0.000258665,3.45E-07,0:46,2,180912,0,
2018-09-12 0:47,,0.000258665,3.45E-07,0:47,2,180912,0,
2018-09-12 0:48,,0.000258665,3.45E-07,0:48,2,180912,0,
2018-09-12 0:49,,0.000258665,3.45E-07,0:49,2,180912,0,
2018-09-12 0:50,,0.000258665,3.45E-07,0:50,2,180912,0,
2018-09-12 0:51,,0.000258665,3.45E-07,0:51,2,180912,0,
2018-09-12 0:52,,0.000258665,3.45E-07,0:52,2,180912,0,
2018-09-12 0:53,,0.000258665,3.45E-07,0:53,2,180912,0,
2018-09-12 0:54,,0.000258665,3.45E-07,0:54,2,180912,0,
2018-09-12 0:55,,0.000258665,3.45E-07,0:55,2,180912,0,
2018-09-12 0:56,,0.000258665,3.45E-07,0:56,2,180912,0,
2018-09-12 0:57,,0.000258665,3.45E-07,0:57,2,180912,0,
2018-09-12 0:58,,0.000258665,3.45E-07,0:58,2,180912,0,
2018-09-12 0:59,,0.000258665,3.45E-07,0:59,2,180912,0,
2018-09-12 1:00,,0.000258665,3.45E-07,1:00,2,180912,0,
2018-09-12 1:01,,0.000258665,3.45E-07,1:01,2,180912,0,
2018-09-12 1:02,,0.000258665,3.45E-07,1:02,2,180912,0,
2018-09-12 1:03,,0.000258665,3.45E-07,1:03,2,180912,0,
2018-09-12 1:04,,0.000258665,3.45E-07,1:04,2,180912,0,
2018-09-12 1:05,,0.000258665,3.45E-07,1:05,2,180912,0,
2018-09-12 1:06,,0.000258665,3.45E-07,1:06,2,180912,0,
2018-09-12 1:07,,0.000258665,3.45E-07,1:07,2,180912,0,
2018-09-12 1:08,,0.000258665,3.45E-07,1:08,2,180912,0,
2018-09-12 1:09,,0.000258665,3.45E-07,1:09,2,180912,0,
2018-09-12 1:10,,0.000258665,3.45E-07,1:10,2,180912,0,
2018-09-12 1:11,,0.000258665,3.45E-07,1:11,2,180912,0,
2018-09-12 1:12,,0.000258665,3.45E-07,1:12,2,180912,0,
2018-09-12 1:13,,0.000258665,3.45E-07,1:13,2,180912,0,
2018-09-12 1:14,,0.000258665,3.45E-07,1:14,2,180912,0,
2018-09-12 1:15,,0.000258665,3.45E-07,1:15,2,180912,0,
2018-09-12 1:16,,0.000258665,3.45E-07,1:16,2,180912,0,
2018-09-12 1:17,,0.000258665,3.45E-07,1:17,2,180912,0,
2018-09-12 1:18,,0.000258665,3.45E-07,1:18,2,180912,0,
2018-09-12 1:19,,0.000258665,3.45E-07,1:19,2,180912,0,
2018-09-12 1:20,,0.000258665,3.45E-07,1:20,2,180912,0,
2018-09-12 1:21,,0.000258665,3.45E-07,1:21,2,180912,0,
2018-09-12 1:22,,0.000258665,3.45E-07,1:22,2,180912,0,
2018-09-12 1:23,,0.000258665,3.45E-07,1:23,2,180912,0,
2018-09-12 1:24,,0.000258665,3.45E-07,1:24,2,180912,0,
2018-09-12 1:25,,0.000258665,3.45E-07,1:25,2,180912,0,
2018-09-12 1:26,,0.000258665,3.45E-07,1:26,2,180912,0,
2018-09-12 1:27,,0.000258665,3.45E-07,1:27,2,180912,0,
2018-09-12 1:28,,0.000258665,3.45E-07,1:28,2,180912,0,
2018-09-12 1:29,,0.000258665,3.45E-07,1:29,2,180912,0,
2018-09-12 1:30,,0.000258665,3.45E-07,1:30,2,180912,0,
2018-09-12 1:31,,0.000258665,3.45E-07,1:31,2,180912,0,
2018-09-12 1:32,,0.000258665,3.45E-07,1:32,2,180912,0,
2018-09-12 1:33,,0.000258665,3.45E-07,1:33,2,180912,0,
2018-09-12 1:34,,0.000258665,3.45E-07,1:34,2,180912,0,
2018-09-12 1:35,,0.000258665,3.45E-07,1:35,2,180912,0,
2018-09-12 1:36,,0.000258665,3.45E-07,1:36,2,180912,0,
2018-09-12 1:37,,0.000258665,3.45E-07,1:37,2,180912,0,
2018-09-12 1:38,,0.000258665,3.45E-07,1:38,2,180912,0,
2018-09-12 1:39,,0.000258665,3.45E-07,1:39,2,180912,0,
2018-09-12 1:40,,0.000258665,3.45E-07,1:40,2,180912,0,
2018-09-12 1:41,,0.000258665,3.45E-07,1:41,2,180912,0,
2018-09-12 1:42,,0.000258665,3.45E-07,1:42,2,180912,0,
2018-09-12 1:43,,0.000258665,3.45E-07,1:43,2,180912,0,
2018-09-12 1:44,,0.000258665,3.45E-07,1:44,2,180912,0,
2018-09-12 1:45,,0.000258665,3.45E-07,1:45,2,180912,0,
2018-09-12 1:46,,0.000258665,3.45E-07,1:46,2,180912,0,
2018-09-12 1:47,,0.000258665,3.45E-07,1:47,2,180912,0,
2018-09-12 1:48,,0.000258665,3.45E-07,1:48,2,180912,0,
2018-09-12 1:49,,0.000258665,3.45E-07,1:49,2,180912,0,
2018-09-12 1:50,,0.000258665,3.45E-07,1:50,2,180912,0,
2018-09-12 1:51,,0.000258665,3.45E-07,1:51,2,180912,0,
2018-09-12 1:52,,0.000258665,3.45E-07,1:52,2,180912,0,
2018-09-12 1:53,,0.000258665,3.45E-07,1:53,2,180912,0,
2018-09-12 1:54,,0.000258665,3.45E-07,1:54,2,180912,0,
2018-09-12 1:55,,0.000258665,3.45E-07,1:55,2,180912,0,
2018-09-12 1:56,,0.000258665,3.45E-07,1:56,2,180912,0,
2018-09-12 1:57,,0.000258665,3.45E-07,1:57,2,180912,0,
2018-09-12 1:58,,0.000258665,3.45E-07,1:58,2,180912,0,
2018-09-12 1:59,,0.000258665,3.45E-07,1:59,2,180912,0,
2018-09-12 2:00,,0.000258665,3.45E-07,2:00,2,180912,0,
2018-09-12 2:01,,0.000258665,3.45E-07,2:01,2,180912,0,
2018-09-12 2:02,,0.000258665,3.45E-07,2:02,2,180912,0,
2018-09-12 2:03,,0.000258665,3.45E-07,2:03,2,180912,0,
2018-09-12 2:04,,0.000258665,3.45E-07,2:04,2,180912,0,
2018-09-12 2:05,,0.000258665,3.45E-07,2:05,2,180912,0,
2018-09-12 2:06,,0.000258665,3.45E-07,2:06,2,180912,0,
2018-09-12 2:07,,0.000258665,3.45E-07,2:07,2,180912,0,
2018-09-12 2:08,,0.000258665,3.45E-07,2:08,2,180912,0,
2018-09-12 2:09,,0.000258665,3.45E-07,2:09,2,180912,0,
2018-09-12 2:10,,0.000258665,3.45E-07,2:10,2,180912,0,
2018-09-12 2:11,,0.000258665,3.45E-07,2:11,2,180912,0,
2018-09-12 2:12,,0.000258665,3.45E-07,2:12,2,180912,0,
2018-09-12 2:13,,0.000258665,3.45E-07,2:13,2,180912,0,
2018-09-12 2:14,,0.000258665,3.45E-07,2:14,2,180912,0,
2018-09-12 2:15,,0.000258665,3.45E-07,2:15,2,180912,0,
2018-09-12 2:16,,0.000258665,3.45E-07,2:16,2,180912,0,
2018-09-12 2:17,,0.000258665,3.45E-07,2:17,2,180912,0,
2018-09-12 2:18,,0.000258665,3.45E-07,2:18,2,180912,0,
2018-09-12 2:19,,0.000258665,3.45E-07,2:19,2,180912,0,
2018-09-12 2:20,,0.000258665,3.45E-07,2:20,2,180912,0,
2018-09-12 2:21,,0.000258665,3.45E-07,2:21,2,180912,0,
2018-09-12 2:22,,0.000258665,3.45E-07,2:22,2,180912,0,
2018-09-12 2:23,,0.000258665,3.45E-07,2:23,2,180912,0,
2018-09-12 2:24,,0.000258665,3.45E-07,2:24,2,180912,0,
2018-09-12 2:25,,0.000258665,3.45E-07,2:25,2,180912,0,
2018-09-12 2:26,,0.000258665,3.45E-07,2:26,2,180912,0,
2018-09-12 2:27,,0.000258665,3.45E-07,2:27,2,180912,0,
2018-09-12 2:28,,0.000258665,3.45E-07,2:28,2,180912,0,
2018-09-12 2:29,,0.000258665,3.45E-07,2:29,2,180912,0,
2018-09-12 2:30,,0.000258665,3.45E-07,2:30,2,180912,0,
2018-09-12 2:31,,0.000258665,3.45E-07,2:31,2,180912,0,
2018-09-12 2:32,,0.000258665,3.45E-07,2:32,2,180912,0,
2018-09-12 2:33,,0.000258665,3.45E-07,2:33,2,180912,0,
2018-09-12 2:34,,0.000258665,3.45E-07,2:34,2,180912,0,
2018-09-12 2:35,,0.000258665,3.45E-07,2:35,2,180912,0,
2018-09-12 2:36,,0.000258665,3.45E-07,2:36,2,180912,0,
2018-09-12 2:37,,0.000258665,3.45E-07,2:37,2,180912,0,
2018-09-12 2:38,,0.000258665,3.45E-07,2:38,2,180912,0,
2018-09-12 2:39,,0.000258665,3.45E-07,2:39,2,180912,0,
2018-09-12 2:40,,0.000258665,3.45E-07,2:40,2,180912,0,
2018-09-12 2:41,,0.000258665,3.45E-07,2:41,2,180912,0,
2018-09-12 2:42,,0.000258665,3.45E-07,2:42,2,180912,0,
2018-09-12 2:43,,0.000258665,3.45E-07,2:43,2,180912,0,
2018-09-12 2:44,,0.000258665,3.45E-07,2:44,2,180912,0,
2018-09-12 2:45,,0.000258665,3.45E-07,2:45,2,180912,0,
2018-09-12 2:46,,0.000258665,3.45E-07,2:46,2,180912,0,
2018-09-12 2:47,,0.000258665,3.45E-07,2:47,2,180912,0,
2018-09-12 2:48,,0.000258665,3.45E-07,2:48,2,180912,0,
2018-09-12 2:49,,0.000258665,3.45E-07,2:49,2,180912,0,
2018-09-12 2:50,,0.000258665,3.45E-07,2:50,2,180912,0,
2018-09-12 2:51,,0.000258665,3.45E-07,2:51,2,180912,0,
2018-09-12 2:52,,0.000258665,3.45E-07,2:52,2,180912,0,
2018-09-12 2:53,,0.000258665,3.45E-07,2:53,2,180912,0,
2018-09-12 2:54,,0.000258665,3.45E-07,2:54,2,180912,0,
2018-09-12 2:55,,0.000258665,3.45E-07,2:55,2,180912,0,
2018-09-12 2:56,,0.000258665,3.45E-07,2:56,2,180912,0,
2018-09-12 2:57,,0.000258665,3.45E-07,2:57,2,180912,0,
2018-09-12 2:58,,0.000258665,3.45E-07,2:58,2,180912,0,
2018-09-12 2:59,,0.000258665,3.45E-07,2:59,2,180912,0,
2018-09-12 3:00,,0.000258665,3.45E-07,3:00,2,180912,0,
2018-09-12 3:01,,0.000258665,3.45E-07,3:01,2,180912,0,
2018-09-12 3:02,,0.000258665,3.45E-07,3:02,2,180912,0,
2018-09-12 3:03,,0.000258665,3.45E-07,3:03,2,180912,0,
2018-09-12 3:04,,0.000258665,3.45E-07,3:04,2,180912,0,
2018-09-12 3:05,,0.000258665,3.45E-07,3:05,2,180912,0,
2018-09-12 3:06,,0.000258665,3.45E-07,3:06,2,180912,0,
2018-09-12 3:07,,0.000258665,3.45E-07,3:07,2,180912,0,
2018-09-12 3:08,,0.000258665,3.45E-07,3:08,2,180912,0,
2018-09-12 3:09,,0.000258665,3.45E-07,3:09,2,180912,0,
2018-09-12 3:10,,0.000258665,3.45E-07,3:10,2,180912,0,
2018-09-12 3:11,,0.000258665,3.45E-07,3:11,2,180912,0,
2018-09-12 3:12,,0.000258665,3.45E-07,3:12,2,180912,0,
2018-09-12 3:13,,0.000258665,3.45E-07,3:13,2,180912,0,
2018-09-12 3:14,,0.000258665,3.45E-07,3:14,2,180912,0,
2018-09-12 3:15,,0.000258665,3.45E-07,3:15,2,180912,0,
2018-09-12 3:16,,0.000258665,3.45E-07,3:16,2,180912,0,
2018-09-12 3:17,,0.000258665,3.45E-07,3:17,2,180912,0,
2018-09-12 3:18,,0.000258665,3.45E-07,3:18,2,180912,0,
2018-09-12 3:19,,0.000258665,3.45E-07,3:19,2,180912,0,
2018-09-12 3:20,,0.000258665,3.45E-07,3:20,2,180912,0,
2018-09-12 3:21,,0.000258665,3.45E-07,3:21,2,180912,0,
2018-09-12 3:22,,0.000258665,3.45E-07,3:22,2,180912,0,
2018-09-12 3:23,,0.000258665,3.45E-07,3:23,2,180912,0,
2018-09-12 3:24,,0.000258665,3.45E-07,3:24,2,180912,0,
2018-09-12 3:25,,0.000258665,3.45E-07,3:25,2,180912,0,
2018-09-12 3:26,,0.000258665,3.45E-07,3:26,2,180912,0,
2018-09-12 3:27,,0.000258665,3.45E-07,3:27,2,180912,0,
2018-09-12 3:28,,0.000258665,3.45E-07,3:28,2,180912,0,
2018-09-12 3:29,,0.000258665,3.45E-07,3:29,2,180912,0,
2018-09-12 3:30,,0.000258665,3.45E-07,3:30,2,180912,0,
2018-09-12 3:31,,0.000258665,3.45E-07,3:31,2,180912,0,
2018-09-12 3:32,,0.000258665,3.45E-07,3:32,2,180912,0,
2018-09-12 3:33,,0.000258665,3.45E-07,3:33,2,180912,0,
2018-09-12 3:34,,0.000258665,3.45E-07,3:34,2,180912,0,
2018-09-12 3:35,,0.000258665,3.45E-07,3:35,2,180912,0,
2018-09-12 3:36,,0.000258665,3.45E-07,3:36,2,180912,0,
2018-09-12 3:37,,0.000258665,3.45E-07,3:37,2,180912,0,
2018-09-12 3:38,,0.000258665,3.45E-07,3:38,2,180912,0,
2018-09-12 3:39,,0.000258665,3.45E-07,3:39,2,180912,0,
2018-09-12 3:40,,0.000258665,3.45E-07,3:40,2,180912,0,
2018-09-12 3:41,,0.000258665,3.45E-07,3:41,2,180912,0,
2018-09-12 3:42,,0.000258665,3.45E-07,3:42,2,180912,0,
2018-09-12 3:43,,0.000258665,3.45E-07,3:43,2,180912,0,
2018-09-12 3:44,,0.000258665,3.45E-07,3:44,2,180912,0,
2018-09-12 3:45,,0.000258665,3.45E-07,3:45,2,180912,0,
2018-09-12 3:46,,0.000258665,3.45E-07,3:46,2,180912,0,
2018-09-12 3:47,,0.000258665,3.45E-07,3:47,2,180912,0,
2018-09-12 3:48,,0.000258665,3.45E-07,3:48,2,180912,0,
2018-09-12 3:49,,0.000258665,3.45E-07,3:49,2,180912,0,
2018-09-12 3:50,,0.000258665,3.45E-07,3:50,2,180912,0,
2018-09-12 3:51,,0.000258665,3.45E-07,3:51,2,180912,0,
2018-09-12 3:52,,0.000258665,3.45E-07,3:52,2,180912,0,
2018-09-12 3:53,,0.000258665,3.45E-07,3:53,2,180912,0,
2018-09-12 3:54,,0.000258665,3.45E-07,3:54,2,180912,0,
2018-09-12 3:55,,0.000258665,3.45E-07,3:55,2,180912,0,
2018-09-12 3:56,,0.000258665,3.45E-07,3:56,2,180912,0,
2018-09-12 3:57,,0.000258665,3.45E-07,3:57,2,180912,0,
2018-09-12 3:58,,0.000258665,3.45E-07,3:58,2,180912,0,
2018-09-12 3:59,,0.000258665,3.45E-07,3:59,2,180912,0,
2018-09-12 4:00,,0.000258665,3.45E-07,4:00,2,180912,0,
2018-09-12 4:01,,0.000258665,3.45E-07,4:01,2,180912,0,
2018-09-12 4:02,,0.000258665,3.45E-07,4:02,2,180912,0,
2018-09-12 4:03,,0.000258665,3.45E-07,4:03,2,180912,0,
2018-09-12 4:04,,0.000258665,3.45E-07,4:04,2,180912,0,
2018-09-12 4:05,,0.000258665,3.45E-07,4:05,2,180912,0,
2018-09-12 4:06,,0.000258665,3.45E-07,4:06,2,180912,0,
2018-09-12 4:07,,0.000258665,3.45E-07,4:07,2,180912,0,
2018-09-12 4:08,,0.000258665,3.45E-07,4:08,2,180912,0,
2018-09-12 4:09,,0.000258665,3.45E-07,4:09,2,180912,0,
2018-09-12 4:10,,0.000258665,3.45E-07,4:10,2,180912,0,
2018-09-12 4:11,,0.000258665,3.45E-07,4:11,2,180912,0,
2018-09-12 4:12,,0.000258665,3.45E-07,4:12,2,180912,0,
2018-09-12 4:13,,0.000258665,3.45E-07,4:13,2,180912,0,
2018-09-12 4:14,,0.000258665,3.45E-07,4:14,2,180912,0,
2018-09-12 4:15,,0.000258665,3.45E-07,4:15,2,180912,0,
2018-09-12 4:16,,0.000258665,3.45E-07,4:16,2,180912,0,
2018-09-12 4:17,,0.000258665,3.45E-07,4:17,2,180912,0,
2018-09-12 4:18,,0.000258665,3.45E-07,4:18,2,180912,0,
2018-09-12 4:19,,0.000258665,3.45E-07,4:19,2,180912,0,
2018-09-12 4:20,,0.000258665,3.45E-07,4:20,2,180912,0,
2018-09-12 4:21,,0.000258665,3.45E-07,4:21,2,180912,0,
2018-09-12 4:22,,0.000258665,3.45E-07,4:22,2,180912,0,
2018-09-12 4:23,,0.000258665,3.45E-07,4:23,2,180912,0,
2018-09-12 4:24,,0.000258665,3.45E-07,4:24,2,180912,0,
2018-09-12 4:25,,0.000258665,3.45E-07,4:25,2,180912,0,
2018-09-12 4:26,,0.000258665,3.45E-07,4:26,2,180912,0,
2018-09-12 4:27,,0.000258665,3.45E-07,4:27,2,180912,0,
2018-09-12 4:28,,0.000258665,3.45E-07,4:28,2,180912,0,
2018-09-12 4:29,,0.000258665,3.45E-07,4:29,2,180912,0,
2018-09-12 4:30,,0.000258665,3.45E-07,4:30,2,180912,0,
2018-09-12 4:31,,0.000258665,3.45E-07,4:31,2,180912,0,
2018-09-12 4:32,,0.000258665,3.45E-07,4:32,2,180912,0,
2018-09-12 4:33,,0.000258665,3.45E-07,4:33,2,180912,0,
2018-09-12 4:34,,0.000258665,3.45E-07,4:34,2,180912,0,
2018-09-12 4:35,,0.000258665,3.45E-07,4:35,2,180912,0,
2018-09-12 4:36,,0.000258665,3.45E-07,4:36,2,180912,0,
2018-09-12 4:37,,0.000258665,3.45E-07,4:37,2,180912,0,
2018-09-12 4:38,,0.000258665,3.45E-07,4:38,2,180912,0,
2018-09-12 4:39,,0.000258665,3.45E-07,4:39,2,180912,0,
2018-09-12 4:40,,0.000258665,3.45E-07,4:40,2,180912,0,
2018-09-12 4:41,,0.000258665,3.45E-07,4:41,2,180912,0,
2018-09-12 4:42,,0.000258665,3.45E-07,4:42,2,180912,0,
2018-09-12 4:43,,0.000258665,3.45E-07,4:43,2,180912,0,
2018-09-12 4:44,,0.000258665,3.45E-07,4:44,2,180912,0,
2018-09-12 4:45,,0.000258665,3.45E-07,4:45,2,180912,0,
2018-09-12 4:46,,0.000258665,3.45E-07,4:46,2,180912,0,
2018-09-12 4:47,,0.000258665,3.45E-07,4:47,2,180912,0,
2018-09-12 4:48,,0.000258665,3.45E-07,4:48,2,180912,0,
2018-09-12 4:49,,0.000258665,3.45E-07,4:49,2,180912,0,
2018-09-12 4:50,,0.000258665,3.45E-07,4:50,2,180912,0,
2018-09-12 4:51,,0.000258665,3.45E-07,4:51,2,180912,0,
2018-09-12 4:52,,0.000258665,3.45E-07,4:52,2,180912,0,
2018-09-12 4:53,,0.000258665,3.45E-07,4:53,2,180912,0,
2018-09-12 4:54,,0.000258665,3.45E-07,4:54,2,180912,0,
2018-09-12 4:55,,0.000258665,3.45E-07,4:55,2,180912,0,
2018-09-12 4:56,,0.000258665,3.45E-07,4:56,2,180912,0,
2018-09-12 4:57,,0.000258665,3.45E-07,4:57,2,180912,0,
2018-09-12 4:58,,0.000258665,3.45E-07,4:58,2,180912,0,
2018-09-12 4:59,,0.000258665,3.45E-07,4:59,2,180912,0,
2018-09-12 5:00,,0.000258665,3.45E-07,5:00,2,180912,0,
2018-09-12 5:01,,0.000258665,3.45E-07,5:01,2,180912,0,
2018-09-12 5:02,,0.000258665,3.45E-07,5:02,2,180912,0,
2018-09-12 5:03,,0.000258665,3.45E-07,5:03,2,180912,0,
2018-09-12 5:04,,0.000258665,3.45E-07,5:04,2,180912,0,
2018-09-12 5:05,,0.000258665,3.45E-07,5:05,2,180912,0,
2018-09-12 5:06,,0.000258665,3.45E-07,5:06,2,180912,0,
2018-09-12 5:07,,0.000258665,3.45E-07,5:07,2,180912,0,
2018-09-12 5:08,,0.000258665,3.45E-07,5:08,2,180912,0,
2018-09-12 5:09,,0.000258665,3.45E-07,5:09,2,180912,0,
2018-09-12 5:10,,0.000258665,3.45E-07,5:10,2,180912,0,
2018-09-12 5:11,,0.000258665,3.45E-07,5:11,2,180912,0,
2018-09-12 5:12,,0.000258665,3.45E-07,5:12,2,180912,0,
2018-09-12 5:13,,0.000258665,3.45E-07,5:13,2,180912,0,
2018-09-12 5:14,,0.000258665,3.45E-07,5:14,2,180912,0,
2018-09-12 5:15,,0.000258665,3.45E-07,5:15,2,180912,0,
2018-09-12 5:16,,0.000258665,3.45E-07,5:16,2,180912,0,
2018-09-12 5:17,,0.000258665,3.45E-07,5:17,2,180912,0,
2018-09-12 5:18,,0.000258665,3.45E-07,5:18,2,180912,0,
2018-09-12 5:19,,0.000258665,3.45E-07,5:19,2,180912,0,
2018-09-12 5:20,,0.000258665,3.45E-07,5:20,2,180912,0,
2018-09-12 5:21,,0.000258665,3.45E-07,5:21,2,180912,0,
2018-09-12 5:22,,0.000258665,3.45E-07,5:22,2,180912,0,
2018-09-12 5:23,,0.000258665,3.45E-07,5:23,2,180912,0,
2018-09-12 5:24,,0.000258665,3.45E-07,5:24,2,180912,0,
2018-09-12 5:25,,0.000258665,3.45E-07,5:25,2,180912,0,
2018-09-12 5:26,,0.000258665,3.45E-07,5:26,2,180912,0,
2018-09-12 5:27,,0.000258665,3.45E-07,5:27,2,180912,0,
2018-09-12 5:28,,0.000258665,3.45E-07,5:28,2,180912,0,
2018-09-12 5:29,,0.000258665,3.45E-07,5:29,2,180912,0,
2018-09-12 5:30,,0.000258665,3.45E-07,5:30,2,180912,0,
2018-09-12 5:31,,0.000258665,3.45E-07,5:31,2,180912,0,
2018-09-12 5:32,,0.000258665,3.45E-07,5:32,2,180912,0,
2018-09-12 5:33,,0.000258665,3.45E-07,5:33,2,180912,0,
2018-09-12 5:34,,0.000258665,3.45E-07,5:34,2,180912,0,
2018-09-12 5:35,,0.000258665,3.45E-07,5:35,2,180912,0,
2018-09-12 5:36,,0.000258665,3.45E-07,5:36,2,180912,0,
2018-09-12 5:37,,0.000258665,3.45E-07,5:37,2,180912,0,
2018-09-12 5:38,,0.000258665,3.45E-07,5:38,2,180912,0,
2018-09-12 5:39,,0.000258665,3.45E-07,5:39,2,180912,0,
2018-09-12 5:40,,0.000258665,3.45E-07,5:40,2,180912,0,
2018-09-12 5:41,,0.000258665,3.45E-07,5:41,2,180912,0,
2018-09-12 5:42,,0.000258665,3.45E-07,5:42,2,180912,0,
2018-09-12 5:43,,0.000258665,3.45E-07,5:43,2,180912,0,
2018-09-12 5:44,,0.000258665,3.45E-07,5:44,2,180912,0,
2018-09-12 5:45,,0.000258665,3.45E-07,5:45,2,180912,0,
2018-09-12 5:46,,0.000258665,3.45E-07,5:46,2,180912,0,
2018-09-12 5:47,,0.000258665,3.45E-07,5:47,2,180912,0,
2018-09-12 5:48,,0.000258665,3.45E-07,5:48,2,180912,0,
2018-09-12 5:49,,0.000258665,3.45E-07,5:49,2,180912,0,
2018-09-12 5:50,,0.000258665,3.45E-07,5:50,2,180912,0,
2018-09-12 5:51,,0.000258665,3.45E-07,5:51,2,180912,0,
2018-09-12 5:52,,0.000258665,3.45E-07,5:52,2,180912,0,
2018-09-12 5:53,,0.000258665,3.45E-07,5:53,2,180912,0,
2018-09-12 5:54,,0.000258665,3.45E-07,5:54,2,180912,0,
2018-09-12 5:55,,0.000258665,3.45E-07,5:55,2,180912,0,
2018-09-12 5:56,,0.000258665,3.45E-07,5:56,2,180912,0,
2018-09-12 5:57,,0.000258665,3.45E-07,5:57,2,180912,0,
2018-09-12 5:58,,0.000258665,3.45E-07,5:58,2,180912,0,
2018-09-12 5:59,,0.000258665,3.45E-07,5:59,2,180912,0,
2018-09-12 6:00,,0.000258665,3.45E-07,6:00,2,180912,0,
2018-09-12 6:01,,0.000258665,3.45E-07,6:01,2,180912,0,
2018-09-12 6:02,,0.000258665,3.45E-07,6:02,2,180912,0,
2018-09-12 6:03,,0.000258665,3.45E-07,6:03,2,180912,0,
2018-09-12 6:04,,0.000258665,3.45E-07,6:04,2,180912,0,
2018-09-12 6:05,,0.000258665,3.45E-07,6:05,2,180912,0,
2018-09-12 6:06,,0.000258665,3.45E-07,6:06,2,180912,0,
2018-09-12 6:07,,0.000258665,3.45E-07,6:07,2,180912,0,
2018-09-12 6:08,,0.000258665,3.45E-07,6:08,2,180912,0,
2018-09-12 6:09,,0.000258665,3.45E-07,6:09,2,180912,0,
2018-09-12 6:10,,0.000258665,3.45E-07,6:10,2,180912,0,
2018-09-12 6:11,,0.000258665,3.45E-07,6:11,2,180912,0,
2018-09-12 6:12,,0.000258665,3.45E-07,6:12,2,180912,0,
2018-09-12 6:13,,0.000258665,3.45E-07,6:13,2,180912,0,
2018-09-12 6:14,,0.000258665,3.45E-07,6:14,2,180912,0,
2018-09-12 6:15,,0.000258665,3.45E-07,6:15,2,180912,0,
2018-09-12 6:16,,0.000258665,3.45E-07,6:16,2,180912,0,
2018-09-12 6:17,,0.000258665,3.45E-07,6:17,2,180912,0,
2018-09-12 6:18,,0.000258665,3.45E-07,6:18,2,180912,0,
2018-09-12 6:19,,0.000258665,3.45E-07,6:19,2,180912,0,
2018-09-12 6:20,,0.000258665,3.45E-07,6:20,2,180912,0,
2018-09-12 6:21,,0.000258665,3.45E-07,6:21,2,180912,0,
2018-09-12 6:22,,0.000258665,3.45E-07,6:22,2,180912,0,
2018-09-12 6:23,,0.000258665,3.45E-07,6:23,2,180912,0,
2018-09-12 6:24,,0.000258665,3.45E-07,6:24,2,180912,0,
2018-09-12 6:25,,0.000258665,3.45E-07,6:25,2,180912,0,
2018-09-12 6:26,,0.000258665,3.45E-07,6:26,2,180912,0,
2018-09-12 6:27,,0.000258665,3.45E-07,6:27,2,180912,0,
2018-09-12 6:28,,0.000258665,3.45E-07,6:28,2,180912,0,
2018-09-12 6:29,,0.000258665,3.45E-07,6:29,2,180912,0,
2018-09-12 6:30,,0.000258665,3.45E-07,6:30,2,180912,0,
2018-09-12 6:31,,0.000258665,3.45E-07,6:31,2,180912,0,
2018-09-12 6:32,,0.000258665,3.45E-07,6:32,2,180912,0,
2018-09-12 6:33,,0.000258665,3.45E-07,6:33,2,180912,0,
2018-09-12 6:34,,0.000258665,3.45E-07,6:34,2,180912,0,
2018-09-12 6:35,,0.000258665,3.45E-07,6:35,2,180912,0,
2018-09-12 6:36,,0.000258665,3.45E-07,6:36,2,180912,0,
2018-09-12 6:37,,0.000258665,3.45E-07,6:37,2,180912,0,
2018-09-12 6:38,,0.000258665,3.45E-07,6:38,2,180912,0,
2018-09-12 6:39,,0.000258665,3.45E-07,6:39,2,180912,0,
2018-09-12 6:40,,0.000258665,3.45E-07,6:40,2,180912,0,
2018-09-12 6:41,,0.000258665,3.45E-07,6:41,2,180912,0,
2018-09-12 6:42,,0.000258665,3.45E-07,6:42,2,180912,0,
2018-09-12 6:43,,0.000258665,3.45E-07,6:43,2,180912,0,
2018-09-12 6:44,,0.000258665,3.45E-07,6:44,2,180912,0,
2018-09-12 6:45,,0.000258665,3.45E-07,6:45,2,180912,0,
2018-09-12 6:46,,0.000258665,3.45E-07,6:46,2,180912,0,
2018-09-12 6:47,,0.000258665,3.45E-07,6:47,2,180912,0,
2018-09-12 6:48,,0.000258665,3.45E-07,6:48,2,180912,0,
2018-09-12 6:49,,0.000258665,3.45E-07,6:49,2,180912,0,
2018-09-12 6:50,,0.000258665,3.45E-07,6:50,2,180912,0,
2018-09-12 6:51,,0.000258665,3.45E-07,6:51,2,180912,0,
2018-09-12 6:52,,0.000258665,3.45E-07,6:52,2,180912,0,
2018-09-12 6:53,,0.000258665,3.45E-07,6:53,2,180912,0,
2018-09-12 6:54,,0.000258665,3.45E-07,6:54,2,180912,0,
2018-09-12 6:55,,0.000258665,3.45E-07,6:55,2,180912,0,
2018-09-12 6:56,,0.000258665,3.45E-07,6:56,2,180912,0,
2018-09-12 6:57,,0.000258665,3.45E-07,6:57,2,180912,0,
2018-09-12 6:58,,0.000258665,3.45E-07,6:58,2,180912,0,
2018-09-12 6:59,,0.000258665,3.45E-07,6:59,2,180912,0,
2018-09-12 7:00,,0.000258665,3.45E-07,7:00,2,180912,0,
2018-09-12 7:01,,0.000258665,3.45E-07,7:01,2,180912,0,
2018-09-12 7:02,,0.000258665,3.45E-07,7:02,2,180912,0,
2018-09-12 7:03,,0.000258665,3.45E-07,7:03,2,180912,0,
2018-09-12 7:04,,0.000258665,3.45E-07,7:04,2,180912,0,
2018-09-12 7:05,,0.000258665,3.45E-07,7:05,2,180912,0,
2018-09-12 7:06,,0.000258665,3.45E-07,7:06,2,180912,0,
2018-09-12 7:07,,0.000258665,3.45E-07,7:07,2,180912,0,
2018-09-12 7:08,,0.000258665,3.45E-07,7:08,2,180912,0,
2018-09-12 7:09,,0.000258665,3.45E-07,7:09,2,180912,0,
2018-09-12 7:10,,0.000258665,3.45E-07,7:10,2,180912,0,
2018-09-12 7:11,,0.000258665,3.45E-07,7:11,2,180912,0,
2018-09-12 7:12,,0.000258665,3.45E-07,7:12,2,180912,0,
2018-09-12 7:13,,0.000258665,3.45E-07,7:13,2,180912,0,
2018-09-12 7:14,,0.000258665,3.45E-07,7:14,2,180912,0,
2018-09-12 7:15,,0.000258665,3.45E-07,7:15,2,180912,0,
2018-09-12 7:16,,0.000258665,3.45E-07,7:16,2,180912,0,
2018-09-12 7:17,,0.000258665,3.45E-07,7:17,2,180912,0,
2018-09-12 7:18,,0.000258665,3.45E-07,7:18,2,180912,0,
2018-09-12 7:19,,0.000258665,3.45E-07,7:19,2,180912,0,
2018-09-12 7:20,,0.000258665,3.45E-07,7:20,2,180912,0,
2018-09-12 7:21,,0.000258665,3.45E-07,7:21,2,180912,0,
2018-09-12 7:22,,0.000258665,3.45E-07,7:22,2,180912,0,
2018-09-12 7:23,,0.000258665,3.45E-07,7:23,2,180912,0,
2018-09-12 7:24,,0.000258665,3.45E-07,7:24,2,180912,0,
2018-09-12 7:25,,0.000258665,3.45E-07,7:25,2,180912,0,
2018-09-12 7:26,,0.000258665,3.45E-07,7:26,2,180912,0,
2018-09-12 7:27,,0.000258665,3.45E-07,7:27,2,180912,0,
2018-09-12 7:28,,0.000258665,3.45E-07,7:28,2,180912,0,
2018-09-12 7:29,,0.000258665,3.45E-07,7:29,2,180912,0,
2018-09-12 7:30,,0.000258665,3.45E-07,7:30,2,180912,0,
2018-09-12 7:31,,0.000258665,3.45E-07,7:31,2,180912,0,
2018-09-12 7:32,,0.000258665,3.45E-07,7:32,2,180912,0,
2018-09-12 7:33,,0.000258665,3.45E-07,7:33,2,180912,0,
2018-09-12 7:34,,0.000258665,3.45E-07,7:34,2,180912,0,
2018-09-12 7:35,,0.000258665,3.45E-07,7:35,2,180912,0,
2018-09-12 7:36,,0.000258665,3.45E-07,7:36,2,180912,0,
2018-09-12 7:37,,0.000258665,3.45E-07,7:37,2,180912,0,
2018-09-12 7:38,,0.000258665,3.45E-07,7:38,2,180912,0,
2018-09-12 7:39,,0.000258665,3.45E-07,7:39,2,180912,0,
2018-09-12 7:40,,0.000258665,3.45E-07,7:40,2,180912,0,
2018-09-12 7:41,,0.000258665,3.45E-07,7:41,2,180912,0,
2018-09-12 7:42,,0.000258665,3.45E-07,7:42,2,180912,0,
2018-09-12 7:43,,0.000258665,3.45E-07,7:43,2,180912,0,
2018-09-12 7:44,,0.000258665,3.45E-07,7:44,2,180912,0,
2018-09-12 7:45,,0.000258665,3.45E-07,7:45,2,180912,0,
2018-09-12 7:46,,0.000258665,3.45E-07,7:46,2,180912,0,
2018-09-12 7:47,,0.000258665,3.45E-07,7:47,2,180912,0,
2018-09-12 7:48,,0.000258665,3.45E-07,7:48,2,180912,0,
2018-09-12 7:49,,0.000258665,3.45E-07,7:49,2,180912,0,
2018-09-12 7:50,,0.000258665,3.45E-07,7:50,2,180912,0,
2018-09-12 7:51,,0.000258665,3.45E-07,7:51,2,180912,0,
2018-09-12 7:52,,0.000258665,3.45E-07,7:52,2,180912,0,
2018-09-12 7:53,,0.000258665,3.45E-07,7:53,2,180912,0,
2018-09-12 7:54,,0.000258665,3.45E-07,7:54,2,180912,0,
2018-09-12 7:55,,0.000258665,3.45E-07,7:55,2,180912,0,
2018-09-12 7:56,,0.000258665,3.45E-07,7:56,2,180912,0,
2018-09-12 7:57,,0.000258665,3.45E-07,7:57,2,180912,0,
2018-09-12 7:58,,0.000258665,3.45E-07,7:58,2,180912,0,
2018-09-12 7:59,,0.000258665,3.45E-07,7:59,2,180912,0,
2018-09-12 8:00,,0.000258665,3.45E-07,8:00,2,180912,0,
2018-09-12 8:01,,0.000258665,3.45E-07,8:01,2,180912,0,
2018-09-12 8:02,,0.000258665,3.45E-07,8:02,2,180912,0,
2018-09-12 8:03,,0.000258665,3.45E-07,8:03,2,180912,0,
2018-09-12 8:04,,0.000258665,3.45E-07,8:04,2,180912,0,
2018-09-12 8:05,,0.000258665,3.45E-07,8:05,2,180912,0,
2018-09-12 8:06,,0.000258665,3.45E-07,8:06,2,180912,0,
2018-09-12 8:07,,0.000258665,3.45E-07,8:07,2,180912,0,
2018-09-12 8:08,,0.000258665,3.45E-07,8:08,2,180912,0,
2018-09-12 8:09,,0.000258665,3.45E-07,8:09,2,180912,0,
2018-09-12 8:10,,0.000258665,3.45E-07,8:10,2,180912,0,
2018-09-12 8:11,,0.000258665,3.45E-07,8:11,2,180912,0,
2018-09-12 8:12,,0.000258665,3.45E-07,8:12,2,180912,0,
2018-09-12 8:13,,0.000258665,3.45E-07,8:13,2,180912,0,
2018-09-12 8:14,,0.000258665,3.45E-07,8:14,2,180912,0,
2018-09-12 8:15,,0.000258665,3.45E-07,8:15,2,180912,0,
2018-09-12 8:16,,0.000258665,3.45E-07,8:16,2,180912,0,
2018-09-12 8:17,,0.000258665,3.45E-07,8:17,2,180912,0,
2018-09-12 8:18,,0.000258665,3.45E-07,8:18,2,180912,0,
2018-09-12 8:19,,0.000258665,3.45E-07,8:19,2,180912,0,
2018-09-12 8:20,,0.000258665,3.45E-07,8:20,2,180912,0,
2018-09-12 8:21,,0.000258665,3.45E-07,8:21,2,180912,0,
2018-09-12 8:22,,0.000258665,3.45E-07,8:22,2,180912,0,
2018-09-12 8:23,,0.000258665,3.45E-07,8:23,2,180912,0,
2018-09-12 8:24,,0.000258665,3.45E-07,8:24,2,180912,0,
2018-09-12 8:25,,0.000258665,3.45E-07,8:25,2,180912,0,
2018-09-12 8:26,,0.000258665,3.45E-07,8:26,2,180912,0,
2018-09-12 8:27,,0.000258665,3.45E-07,8:27,2,180912,0,
2018-09-12 8:28,,0.000258665,3.45E-07,8:28,2,180912,0,
2018-09-12 8:29,,0.000258665,3.45E-07,8:29,2,180912,0,
2018-09-12 8:30,,0.000258665,3.45E-07,8:30,2,180912,0,
2018-09-12 8:31,,0.000258665,3.45E-07,8:31,2,180912,0,
2018-09-12 8:32,,0.000258665,3.45E-07,8:32,2,180912,0,
2018-09-12 8:33,,0.000258665,3.45E-07,8:33,2,180912,0,
2018-09-12 8:34,,0.000258665,3.45E-07,8:34,2,180912,0,
2018-09-12 8:35,,0.000258665,3.45E-07,8:35,2,180912,0,
2018-09-12 8:36,,0.000258665,3.45E-07,8:36,2,180912,0,
2018-09-12 8:37,,0.000258665,3.45E-07,8:37,2,180912,0,
2018-09-12 8:38,,0.000258665,3.45E-07,8:38,2,180912,0,
2018-09-12 8:39,,0.000258665,3.45E-07,8:39,2,180912,0,
2018-09-12 8:40,,0.000258665,3.45E-07,8:40,2,180912,0,
2018-09-12 8:41,,0.000258665,3.45E-07,8:41,2,180912,0,
2018-09-12 8:42,,0.000258665,3.45E-07,8:42,2,180912,0,
2018-09-12 8:43,,0.000258665,3.45E-07,8:43,2,180912,0,
2018-09-12 8:44,,0.000258665,3.45E-07,8:44,2,180912,0,
2018-09-12 8:45,,0.000258665,3.45E-07,8:45,2,180912,0,
2018-09-12 8:46,,0.000258665,3.45E-07,8:46,2,180912,0,
2018-09-12 8:47,,0.000258665,3.45E-07,8:47,2,180912,0,
2018-09-12 8:48,,0.000258665,3.45E-07,8:48,2,180912,0,
2018-09-12 8:49,,0.000258665,3.45E-07,8:49,2,180912,0,
2018-09-12 8:50,,0.000258665,3.45E-07,8:50,2,180912,0,
2018-09-12 8:51,,0.000258665,3.45E-07,8:51,2,180912,0,
2018-09-12 8:52,,0.000258665,3.45E-07,8:52,2,180912,0,
2018-09-12 8:53,,0.000258665,3.45E-07,8:53,2,180912,0,
2018-09-12 8:54,,0.000258665,3.45E-07,8:54,2,180912,0,
2018-09-12 8:55,,0.000258665,3.45E-07,8:55,2,180912,0,
2018-09-12 8:56,,0.000258665,3.45E-07,8:56,2,180912,0,
2018-09-12 8:57,,0.000258665,3.45E-07,8:57,2,180912,0,
2018-09-12 8:58,,0.000258665,3.45E-07,8:58,2,180912,0,
2018-09-12 8:59,,0.000258665,3.45E-07,8:59,2,180912,0,
2018-09-12 9:00,,0.000258665,3.45E-07,9:00,2,180912,0,
2018-09-12 9:01,,0.000258665,3.45E-07,9:01,2,180912,0,
2018-09-12 9:02,,0.000258665,3.45E-07,9:02,2,180912,0,
2018-09-12 9:03,,0.000258665,3.45E-07,9:03,2,180912,0,
2018-09-12 9:04,,0.000258665,3.45E-07,9:04,2,180912,0,
2018-09-12 9:05,,0.000258665,3.45E-07,9:05,2,180912,0,
2018-09-12 9:06,,0.000258665,3.45E-07,9:06,2,180912,0,
2018-09-12 9:07,,0.000258665,3.45E-07,9:07,2,180912,0,
2018-09-12 9:08,,0.000258665,3.45E-07,9:08,2,180912,0,
2018-09-12 9:09,,0.000258665,3.45E-07,9:09,2,180912,0,
2018-09-12 9:10,,0.000258665,3.45E-07,9:10,2,180912,0,
2018-09-12 9:11,,0.000258665,3.45E-07,9:11,2,180912,0,
2018-09-12 9:12,,0.000258665,3.45E-07,9:12,2,180912,0,
2018-09-12 9:13,,0.000258665,3.45E-07,9:13,2,180912,0,
2018-09-12 9:14,,0.000258665,3.45E-07,9:14,2,180912,0,
2018-09-12 9:15,,0.000258665,3.45E-07,9:15,2,180912,0,
2018-09-12 9:16,,0.000258665,3.45E-07,9:16,2,180912,0,
2018-09-12 9:17,,0.000258665,3.45E-07,9:17,2,180912,0,
2018-09-12 9:18,,0.000258665,3.45E-07,9:18,2,180912,0,
2018-09-12 9:19,,0.000258665,3.45E-07,9:19,2,180912,0,
2018-09-12 9:20,,0.000258665,3.45E-07,9:20,2,180912,0,
2018-09-12 9:21,,0.000258665,3.45E-07,9:21,2,180912,0,
2018-09-12 9:22,,0.000258665,3.45E-07,9:22,2,180912,0,
2018-09-12 9:23,,0.000258665,3.45E-07,9:23,2,180912,0,
2018-09-12 9:24,,0.000258665,3.45E-07,9:24,2,180912,0,
2018-09-12 9:25,,0.000258665,3.45E-07,9:25,2,180912,0,
2018-09-12 9:26,,0.000258665,3.45E-07,9:26,2,180912,0,
2018-09-12 9:27,,0.000258665,3.45E-07,9:27,2,180912,0,
2018-09-12 9:28,,0.000258665,3.45E-07,9:28,2,180912,0,
2018-09-12 9:29,,0.000258665,3.45E-07,9:29,2,180912,0,
2018-09-12 9:30,,0.000258665,3.45E-07,9:30,2,180912,0,
2018-09-12 9:31,,0.000258665,3.45E-07,9:31,2,180912,0,
2018-09-12 9:32,,0.000258665,3.45E-07,9:32,2,180912,0,
2018-09-12 9:33,,0.000258665,3.45E-07,9:33,2,180912,0,
2018-09-12 9:34,,0.000258665,3.45E-07,9:34,2,180912,0,
2018-09-12 9:35,,0.000258665,3.45E-07,9:35,2,180912,0,
2018-09-12 9:36,,0.000258665,3.45E-07,9:36,2,180912,0,
2018-09-12 9:37,,0.000258665,3.45E-07,9:37,2,180912,0,
2018-09-12 9:38,,0.000258665,3.45E-07,9:38,2,180912,0,
2018-09-12 9:39,,0.000258665,3.45E-07,9:39,2,180912,0,
2018-09-12 9:40,,0.000258665,3.45E-07,9:40,2,180912,0,
2018-09-12 9:41,,0.000258665,3.45E-07,9:41,2,180912,0,
2018-09-12 9:42,,0.000258665,3.45E-07,9:42,2,180912,0,
2018-09-12 9:43,,0.000258665,3.45E-07,9:43,2,180912,0,
2018-09-12 9:44,,0.000258665,3.45E-07,9:44,2,180912,0,
2018-09-12 9:45,,0.000258665,3.45E-07,9:45,2,180912,0,
2018-09-12 9:46,,0.000258665,3.45E-07,9:46,2,180912,0,
2018-09-12 9:47,,0.000258665,3.45E-07,9:47,2,180912,0,
2018-09-12 9:48,,0.000258665,3.45E-07,9:48,2,180912,0,
2018-09-12 9:49,,0.000258665,3.45E-07,9:49,2,180912,0,
2018-09-12 9:50,,0.000258665,3.45E-07,9:50,2,180912,0,
2018-09-12 9:51,,0.000258665,3.45E-07,9:51,2,180912,0,
2018-09-12 9:52,,0.000258665,3.45E-07,9:52,2,180912,0,
2018-09-12 9:53,,0.000258665,3.45E-07,9:53,2,180912,0,
2018-09-12 9:54,,0.000258665,3.45E-07,9:54,2,180912,0,
2018-09-12 9:55,,0.000258665,3.45E-07,9:55,2,180912,0,
2018-09-12 9:56,,0.000258665,3.45E-07,9:56,2,180912,0,
2018-09-12 9:57,,0.000258665,3.45E-07,9:57,2,180912,0,
2018-09-12 9:58,,0.000258665,3.45E-07,9:58,2,180912,0,
2018-09-12 9:59,,0.000258665,3.45E-07,9:59,2,180912,0,
2018-09-12 10:00,,0.000258665,3.45E-07,10:00,2,180912,0,
2018-09-12 10:01,,0.000258665,3.45E-07,10:01,2,180912,0,
2018-09-12 10:02,,0.000258665,3.45E-07,10:02,2,180912,0,
2018-09-12 10:03,,0.000258665,3.45E-07,10:03,2,180912,0,
2018-09-12 10:04,,0.000258665,3.45E-07,10:04,2,180912,0,
2018-09-12 10:05,,0.000258665,3.45E-07,10:05,2,180912,0,
2018-09-12 10:06,,0.000258665,3.45E-07,10:06,2,180912,0,
2018-09-12 10:07,,0.000258665,3.45E-07,10:07,2,180912,0,
2018-09-12 10:08,,0.000258665,3.45E-07,10:08,2,180912,0,
2018-09-12 10:09,,0.000258665,3.45E-07,10:09,2,180912,0,
2018-09-12 10:10,,0.000258665,3.45E-07,10:10,2,180912,0,
2018-09-12 10:11,,0.000258665,3.45E-07,10:11,2,180912,0,
2018-09-12 10:12,,0.000258665,3.45E-07,10:12,2,180912,0,
2018-09-12 10:13,,0.000258665,3.45E-07,10:13,2,180912,0,
2018-09-12 10:14,,0.000258665,3.45E-07,10:14,2,180912,0,
2018-09-12 10:15,,0.000258665,3.45E-07,10:15,2,180912,0,
2018-09-12 10:16,,0.000258665,3.45E-07,10:16,2,180912,0,
2018-09-12 10:17,,0.000258665,3.45E-07,10:17,2,180912,0,
2018-09-12 10:18,,0.000258665,3.45E-07,10:18,2,180912,0,
2018-09-12 10:19,,0.000258665,3.45E-07,10:19,2,180912,0,
2018-09-12 10:20,,0.000258665,3.45E-07,10:20,2,180912,0,
2018-09-12 10:21,,0.000258665,3.45E-07,10:21,2,180912,0,
2018-09-12 10:22,,0.000258665,3.45E-07,10:22,2,180912,0,
2018-09-12 10:23,,0.000258665,3.45E-07,10:23,2,180912,0,
2018-09-12 10:24,,0.000258665,3.45E-07,10:24,2,180912,0,
2018-09-12 10:25,,0.000258665,3.45E-07,10:25,2,180912,0,
2018-09-12 10:26,,0.000258665,3.45E-07,10:26,2,180912,0,
2018-09-12 10:27,,0.000258665,3.45E-07,10:27,2,180912,0,
2018-09-12 10:28,,0.000258665,3.45E-07,10:28,2,180912,0,
2018-09-12 10:29,,0.000258665,3.45E-07,10:29,2,180912,0,
2018-09-12 10:30,,0.000258665,3.45E-07,10:30,2,180912,0,
2018-09-12 10:31,,0.000258665,3.45E-07,10:31,2,180912,0,
2018-09-12 10:32,,0.000258665,3.45E-07,10:32,2,180912,0,
2018-09-12 10:33,,0.000258665,3.45E-07,10:33,2,180912,0,
2018-09-12 10:34,,0.000258665,3.45E-07,10:34,2,180912,0,
2018-09-12 10:35,,0.000258665,3.45E-07,10:35,2,180912,0,
2018-09-12 10:36,,0.000258665,3.45E-07,10:36,2,180912,0,
2018-09-12 10:37,,0.000258665,3.45E-07,10:37,2,180912,0,
2018-09-12 10:38,,0.000258665,3.45E-07,10:38,2,180912,0,
2018-09-12 10:39,,0.000258665,3.45E-07,10:39,2,180912,0,
2018-09-12 10:40,,0.000258665,3.45E-07,10:40,2,180912,0,
2018-09-12 10:41,,0.000258665,3.45E-07,10:41,2,180912,0,
2018-09-12 10:42,,0.000258665,3.45E-07,10:42,2,180912,0,
2018-09-12 10:43,,0.000258665,3.45E-07,10:43,2,180912,0,
2018-09-12 10:44,,0.000258665,3.45E-07,10:44,2,180912,0,
2018-09-12 10:45,,0.000258665,3.45E-07,10:45,2,180912,0,
2018-09-12 10:46,,0.000258665,3.45E-07,10:46,2,180912,0,
2018-09-12 10:47,,0.000258665,3.45E-07,10:47,2,180912,0,
2018-09-12 10:48,,0.000258665,3.45E-07,10:48,2,180912,0,
2018-09-12 10:49,,0.000258665,3.45E-07,10:49,2,180912,0,
2018-09-12 10:50,,0.000258665,3.45E-07,10:50,2,180912,0,
2018-09-12 10:51,,0.000258665,3.45E-07,10:51,2,180912,0,
2018-09-12 10:52,,0.000258665,3.45E-07,10:52,2,180912,0,
2018-09-12 10:53,,0.000258665,3.45E-07,10:53,2,180912,0,
2018-09-12 10:54,,0.000258665,3.45E-07,10:54,2,180912,0,
2018-09-12 10:55,,0.000258665,3.45E-07,10:55,2,180912,0,
2018-09-12 10:56,,0.000258665,3.45E-07,10:56,2,180912,0,
2018-09-12 10:57,,0.000258665,3.45E-07,10:57,2,180912,0,
2018-09-12 10:58,,0.000258665,3.45E-07,10:58,2,180912,0,
2018-09-12 10:59,,0.000258665,3.45E-07,10:59,2,180912,0,
2018-09-12 11:00,,0.000258665,3.45E-07,11:00,2,180912,0,
2018-09-12 11:01,,0.000258665,3.45E-07,11:01,2,180912,0,
2018-09-12 11:02,,0.000258665,3.45E-07,11:02,2,180912,0,
2018-09-12 11:03,,0.000258665,3.45E-07,11:03,2,180912,0,
2018-09-12 11:04,,0.000258665,3.45E-07,11:04,2,180912,0,
2018-09-12 11:05,,0.000258665,3.45E-07,11:05,2,180912,0,
2018-09-12 11:06,,0.000258665,3.45E-07,11:06,2,180912,0,
2018-09-12 11:07,,0.000258665,3.45E-07,11:07,2,180912,0,
2018-09-12 11:08,,0.000258665,3.45E-07,11:08,2,180912,0,
2018-09-12 11:09,,0.000258665,3.45E-07,11:09,2,180912,0,
2018-09-12 11:10,,0.000258665,3.45E-07,11:10,2,180912,0,
2018-09-12 11:11,,0.000258665,3.45E-07,11:11,2,180912,0,
2018-09-12 11:12,,0.000258665,3.45E-07,11:12,2,180912,0,
2018-09-12 11:13,,0.000258665,3.45E-07,11:13,2,180912,0,
2018-09-12 11:14,,0.000258665,3.45E-07,11:14,2,180912,0,
2018-09-12 11:15,,0.000258665,3.45E-07,11:15,2,180912,0,
2018-09-12 11:17,,0.000258665,3.45E-07,11:17,2,180912,0,
2018-09-12 11:18,,0.000258665,3.45E-07,11:18,2,180912,0,
2018-09-12 11:19,,0.000258665,3.45E-07,11:19,2,180912,0,
2018-09-12 11:20,,0.000258665,3.45E-07,11:20,2,180912,0,
2018-09-12 11:21,,0.000258665,3.45E-07,11:21,2,180912,0,
2018-09-12 11:22,,0.000258665,3.45E-07,11:22,2,180912,0,
2018-09-12 11:23,,0.000258665,3.45E-07,11:23,2,180912,0,
2018-09-12 11:24,,0.000258665,3.45E-07,11:24,2,180912,0,
2018-09-12 11:25,,0.000258665,3.45E-07,11:25,2,180912,0,
2018-09-12 11:26,,0.000258665,3.45E-07,11:26,2,180912,0,
2018-09-12 11:27,,0.000258665,3.45E-07,11:27,2,180912,0,
2018-09-12 11:28,,0.000258665,3.45E-07,11:28,2,180912,0,
2018-09-12 11:29,,0.000258665,3.45E-07,11:29,2,180912,0,
2018-09-12 11:30,,0.000258665,3.45E-07,11:30,2,180912,0,
2018-09-12 11:31,,0.000258665,3.45E-07,11:31,2,180912,0,
2018-09-12 11:32,,0.000258665,3.45E-07,11:32,2,180912,0,
2018-09-12 11:33,,0.000258665,3.45E-07,11:33,2,180912,0,
2018-09-12 11:34,,0.000258665,3.45E-07,11:34,2,180912,0,
2018-09-12 11:35,,0.000258665,3.45E-07,11:35,2,180912,0,
2018-09-12 11:36,,0.000258665,3.45E-07,11:36,2,180912,0,
2018-09-12 11:37,,0.000258665,3.45E-07,11:37,2,180912,0,
2018-09-12 11:38,,0.000258665,3.45E-07,11:38,2,180912,0,
2018-09-12 11:39,,0.000258665,3.45E-07,11:39,2,180912,0,
2018-09-12 11:40,,0.000258665,3.45E-07,11:40,2,180912,0,
2018-09-12 11:41,,0.000258665,3.45E-07,11:41,2,180912,0,
2018-09-12 11:42,,0.000258665,3.45E-07,11:42,2,180912,0,
2018-09-12 11:43,,0.000258665,3.45E-07,11:43,2,180912,0,
2018-09-12 11:44,,0.000258665,3.45E-07,11:44,2,180912,0,
2018-09-12 11:45,,0.000258665,3.45E-07,11:45,2,180912,0,
2018-09-12 11:46,,0.000258665,3.45E-07,11:46,2,180912,0,
2018-09-12 11:47,,0.000258665,3.45E-07,11:47,2,180912,0,
2018-09-12 11:48,,0.000258665,3.45E-07,11:48,2,180912,0,
2018-09-12 11:49,,0.000258665,3.45E-07,11:49,2,180912,0,
2018-09-12 11:50,,0.000258665,3.45E-07,11:50,2,180912,0,
2018-09-12 11:51,,0.000258665,3.45E-07,11:51,2,180912,0,
2018-09-12 11:52,,0.000258665,3.45E-07,11:52,2,180912,0,
2018-09-12 11:53,,0.000258665,3.45E-07,11:53,2,180912,0,
2018-09-12 11:54,,0.000258665,3.45E-07,11:54,2,180912,0,
2018-09-12 11:55,,0.000258665,3.45E-07,11:55,2,180912,0,
2018-09-12 11:56,,0.000258665,3.45E-07,11:56,2,180912,0,
2018-09-12 11:57,,0.000258665,3.45E-07,11:57,2,180912,0,
2018-09-12 11:58,,0.000258665,3.45E-07,11:58,2,180912,0,
2018-09-12 11:59,,0.000258665,3.45E-07,11:59,2,180912,0,
2018-09-12 12:00,,0.000258665,3.45E-07,12:00,2,180912,0,
2018-09-12 12:01,,0.000258665,3.45E-07,12:01,2,180912,0,
2018-09-12 12:02,,0.000258665,3.45E-07,12:02,2,180912,0,
2018-09-12 12:03,,0.000258665,3.45E-07,12:03,2,180912,0,
2018-09-12 12:04,,0.000258665,3.45E-07,12:04,2,180912,0,
2018-09-12 12:05,,0.000258665,3.45E-07,12:05,2,180912,0,
2018-09-12 12:06,,0.000258665,3.45E-07,12:06,2,180912,0,
2018-09-12 12:07,,0.000258665,3.45E-07,12:07,2,180912,0,
2018-09-12 12:08,,0.000258665,3.45E-07,12:08,2,180912,0,
2018-09-12 12:09,,0.000258665,3.45E-07,12:09,2,180912,0,
2018-09-12 12:10,,0.000258665,3.45E-07,12:10,2,180912,0,
2018-09-12 12:11,,0.000258665,3.45E-07,12:11,2,180912,0,
2018-09-12 12:12,,0.000258665,3.45E-07,12:12,2,180912,0,
2018-09-12 12:13,,0.000258665,3.45E-07,12:13,2,180912,0,
2018-09-12 12:14,,0.000258665,3.45E-07,12:14,2,180912,0,
2018-09-12 12:15,,0.000258665,3.45E-07,12:15,2,180912,0,
2018-09-12 12:16,,0.000258665,3.45E-07,12:16,2,180912,0,
2018-09-12 12:17,,0.000258665,3.45E-07,12:17,2,180912,0,
2018-09-12 12:18,,0.000258665,3.45E-07,12:18,2,180912,0,
2018-09-12 12:19,,0.000258665,3.45E-07,12:19,2,180912,0,
2018-09-12 12:20,,0.000258665,3.45E-07,12:20,2,180912,0,
2018-09-12 12:21,,0.000258665,3.45E-07,12:21,2,180912,0,
2018-09-12 12:22,,0.000258665,3.45E-07,12:22,2,180912,0,
2018-09-12 12:23,,0.000258665,3.45E-07,12:23,2,180912,0,
2018-09-12 12:24,,0.000258665,3.45E-07,12:24,2,180912,0,
2018-09-12 12:25,,0.000258665,3.45E-07,12:25,2,180912,0,
2018-09-12 12:26,,0.000258665,3.45E-07,12:26,2,180912,0,
2018-09-12 12:27,,0.000258665,3.45E-07,12:27,2,180912,0,
2018-09-12 12:28,,0.000258665,3.45E-07,12:28,2,180912,0,
2018-09-12 12:29,,0.000258665,3.45E-07,12:29,2,180912,0,
2018-09-12 12:30,,0.000258665,3.45E-07,12:30,2,180912,0,
2018-09-12 12:31,,0.000258665,3.45E-07,12:31,2,180912,0,
2018-09-12 12:32,,0.000258665,3.45E-07,12:32,2,180912,0,
2018-09-12 12:33,,0.000258665,3.45E-07,12:33,2,180912,0,
2018-09-12 12:34,,0.000258665,3.45E-07,12:34,2,180912,0,
2018-09-12 12:35,,0.000258665,3.45E-07,12:35,2,180912,0,
2018-09-12 12:36,,0.000258665,3.45E-07,12:36,2,180912,0,
2018-09-12 12:37,,0.000258665,3.45E-07,12:37,2,180912,0,
2018-09-12 12:38,,0.000258665,3.45E-07,12:38,2,180912,0,
2018-09-12 12:39,,0.000258665,3.45E-07,12:39,2,180912,0,
2018-09-12 12:40,,0.000258665,3.45E-07,12:40,2,180912,0,
2018-09-12 12:41,,0.000258665,3.45E-07,12:41,2,180912,0,
2018-09-12 12:42,,0.000258665,3.45E-07,12:42,2,180912,0,
2018-09-12 12:43,,0.000258665,3.45E-07,12:43,2,180912,0,
2018-09-12 12:44,,0.000258665,3.45E-07,12:44,2,180912,0,
2018-09-12 12:45,,0.000258665,3.45E-07,12:45,2,180912,0,
2018-09-12 12:46,,0.000258665,3.45E-07,12:46,2,180912,0,
2018-09-12 12:47,,0.000258665,3.45E-07,12:47,2,180912,0,
2018-09-12 12:48,,0.000258665,3.45E-07,12:48,2,180912,0,
2018-09-12 12:49,,0.000258665,3.45E-07,12:49,2,180912,0,
2018-09-12 12:50,,0.000258665,3.45E-07,12:50,2,180912,0,
2018-09-12 12:51,,0.000258665,3.45E-07,12:51,2,180912,0,
2018-09-12 12:52,,0.000258665,3.45E-07,12:52,2,180912,0,
2018-09-12 12:53,,0.000258665,3.45E-07,12:53,2,180912,0,
2018-09-12 12:54,,0.000258665,3.45E-07,12:54,2,180912,0,
2018-09-12 12:55,,0.000258665,3.45E-07,12:55,2,180912,0,
2018-09-12 12:56,,0.000258665,3.45E-07,12:56,2,180912,0,
2018-09-12 12:57,,0.000258665,3.45E-07,12:57,2,180912,0,
2018-09-12 12:58,,0.000258665,3.45E-07,12:58,2,180912,0,
2018-09-12 12:59,,0.000258665,3.45E-07,12:59,2,180912,0,
2018-09-12 13:00,,0.000258665,3.45E-07,13:00,2,180912,0,
2018-09-12 13:01,,0.000258665,3.45E-07,13:01,2,180912,0,
2018-09-12 13:02,,0.000258665,3.45E-07,13:02,2,180912,0,
2018-09-12 13:03,,0.000258665,3.45E-07,13:03,2,180912,0,
2018-09-12 13:04,,0.000258665,3.45E-07,13:04,2,180912,0,
2018-09-12 13:05,,0.000258665,3.45E-07,13:05,2,180912,0,
2018-09-12 13:06,,0.000258665,3.45E-07,13:06,2,180912,0,
2018-09-12 13:07,,0.000258665,3.45E-07,13:07,2,180912,0,
2018-09-12 13:08,,0.000258665,3.45E-07,13:08,2,180912,0,
2018-09-12 13:09,,0.000258665,3.45E-07,13:09,2,180912,0,
2018-09-12 13:10,,0.000258665,3.45E-07,13:10,2,180912,0,
2018-09-12 13:11,,0.000258665,3.45E-07,13:11,2,180912,0,
2018-09-12 13:12,,0.000258665,3.45E-07,13:12,2,180912,0,
2018-09-12 13:13,,0.000258665,3.45E-07,13:13,2,180912,0,
2018-09-12 13:14,,0.000258665,3.45E-07,13:14,2,180912,0,
2018-09-12 13:15,,0.000258665,3.45E-07,13:15,2,180912,0,
2018-09-12 13:16,,0.000258665,3.45E-07,13:16,2,180912,0,
2018-09-12 13:17,,0.000258665,3.45E-07,13:17,2,180912,0,
2018-09-12 13:18,,0.000258665,3.45E-07,13:18,2,180912,0,
2018-09-12 13:19,,0.000258665,3.45E-07,13:19,2,180912,0,
2018-09-12 13:20,,0.000258665,3.45E-07,13:20,2,180912,0,
2018-09-12 13:21,,0.000258665,3.45E-07,13:21,2,180912,0,
2018-09-12 13:22,,0.000258665,3.45E-07,13:22,2,180912,0,
2018-09-12 13:23,,0.000258665,3.45E-07,13:23,2,180912,0,
2018-09-12 13:24,,0.000258665,3.45E-07,13:24,2,180912,0,
2018-09-12 13:25,,0.000258665,3.45E-07,13:25,2,180912,0,
2018-09-12 13:26,,0.000258665,3.45E-07,13:26,2,180912,0,
2018-09-12 13:27,,0.000258665,3.45E-07,13:27,2,180912,0,
2018-09-12 13:28,,0.000258665,3.45E-07,13:28,2,180912,0,
2018-09-12 13:29,,0.000258665,3.45E-07,13:29,2,180912,0,
2018-09-12 13:30,,0.000258665,3.45E-07,13:30,2,180912,0,
2018-09-12 13:31,,0.000258665,3.45E-07,13:31,2,180912,0,
2018-09-12 13:32,,0.000258665,3.45E-07,13:32,2,180912,0,
2018-09-12 13:33,,0.000258665,3.45E-07,13:33,2,180912,0,
2018-09-12 13:34,,0.000258665,3.45E-07,13:34,2,180912,0,
2018-09-12 13:35,,0.000258665,3.45E-07,13:35,2,180912,0,
2018-09-12 13:36,,0.000258665,3.45E-07,13:36,2,180912,0,
2018-09-12 13:37,,0.000258665,3.45E-07,13:37,2,180912,0,
2018-09-12 13:38,,0.000258665,3.45E-07,13:38,2,180912,0,
2018-09-12 13:39,,0.000258665,3.45E-07,13:39,2,180912,0,
2018-09-12 13:40,,0.000258665,3.45E-07,13:40,2,180912,0,
2018-09-12 13:41,,0.000258665,3.45E-07,13:41,2,180912,0,
2018-09-12 13:42,,0.000258665,3.45E-07,13:42,2,180912,0,
2018-09-12 13:43,,0.000258665,3.45E-07,13:43,2,180912,0,
2018-09-12 13:44,,0.000258665,3.45E-07,13:44,2,180912,0,
2018-09-12 13:45,,0.000258665,3.45E-07,13:45,2,180912,0,
2018-09-12 13:46,,0.000258665,3.45E-07,13:46,2,180912,0,
2018-09-12 13:47,,0.000258665,3.45E-07,13:47,2,180912,0,
2018-09-12 13:48,,0.000258665,3.45E-07,13:48,2,180912,0,
2018-09-12 13:49,,0.000258665,3.45E-07,13:49,2,180912,0,
2018-09-12 13:50,,0.000258665,3.45E-07,13:50,2,180912,0,
2018-09-12 13:51,,0.000258665,3.45E-07,13:51,2,180912,0,
2018-09-12 13:52,,0.000258665,3.45E-07,13:52,2,180912,0,
2018-09-12 13:53,,0.000258665,3.45E-07,13:53,2,180912,0,
2018-09-12 13:54,,0.000258665,3.45E-07,13:54,2,180912,0,
2018-09-12 13:55,,0.000258665,3.45E-07,13:55,2,180912,0,
2018-09-12 13:56,,0.000258665,3.45E-07,13:56,2,180912,0,
2018-09-12 13:57,,0.000258665,3.45E-07,13:57,2,180912,0,
2018-09-12 13:58,,0.000258665,3.45E-07,13:58,2,180912,0,
2018-09-12 13:59,,0.000258665,3.45E-07,13:59,2,180912,0,
2018-09-12 14:00,,0.000258665,3.45E-07,14:00,2,180912,0,
2018-09-12 14:01,,0.000258665,3.45E-07,14:01,2,180912,0,
2018-09-12 14:02,,0.000258665,3.45E-07,14:02,2,180912,0,
2018-09-12 14:03,,0.000258665,3.45E-07,14:03,2,180912,0,
2018-09-12 14:04,,0.000258665,3.45E-07,14:04,2,180912,0,
2018-09-12 14:05,,0.000258665,3.45E-07,14:05,2,180912,0,
2018-09-12 14:06,,0.000258665,3.45E-07,14:06,2,180912,0,
2018-09-12 14:07,,0.000258665,3.45E-07,14:07,2,180912,0,
2018-09-12 14:08,,0.000258665,3.45E-07,14:08,2,180912,0,
2018-09-12 14:09,,0.000258665,3.45E-07,14:09,2,180912,0,
2018-09-12 14:10,,0.000258665,3.45E-07,14:10,2,180912,0,
2018-09-12 14:11,,0.000258665,3.45E-07,14:11,2,180912,0,
2018-09-12 14:12,,0.000258665,3.45E-07,14:12,2,180912,0,
2018-09-12 14:13,,0.000258665,3.45E-07,14:13,2,180912,0,
2018-09-12 14:14,,0.000258665,3.45E-07,14:14,2,180912,0,
2018-09-12 14:15,,0.000258665,3.45E-07,14:15,2,180912,0,
2018-09-12 14:16,,0.000258665,3.45E-07,14:16,2,180912,0,
2018-09-12 14:17,,0.000258665,3.45E-07,14:17,2,180912,0,
2018-09-12 14:18,,0.000258665,3.45E-07,14:18,2,180912,0,
2018-09-12 14:19,,0.000258665,3.45E-07,14:19,2,180912,0,
2018-09-12 14:20,,0.000258665,3.45E-07,14:20,2,180912,0,
2018-09-12 14:21,,0.000258665,3.45E-07,14:21,2,180912,0,
2018-09-12 14:22,,0.000258665,3.45E-07,14:22,2,180912,0,
2018-09-12 14:23,,0.000258665,3.45E-07,14:23,2,180912,0,
2018-09-12 14:24,,0.000258665,3.45E-07,14:24,2,180912,0,
2018-09-12 14:25,,0.000258665,3.45E-07,14:25,2,180912,0,
2018-09-12 14:26,,0.000258665,3.45E-07,14:26,2,180912,0,
2018-09-12 14:27,,0.000258665,3.45E-07,14:27,2,180912,0,
2018-09-12 14:28,,0.000258665,3.45E-07,14:28,2,180912,0,
2018-09-12 14:29,,0.000258665,3.45E-07,14:29,2,180912,0,
2018-09-12 14:30,,0.000258665,3.45E-07,14:30,2,180912,0,
2018-09-12 14:31,,0.000258665,3.45E-07,14:31,2,180912,0,
2018-09-12 14:32,,0.000258665,3.45E-07,14:32,2,180912,0,
2018-09-12 14:33,,0.000258665,3.45E-07,14:33,2,180912,0,
2018-09-12 14:34,,0.000258665,3.45E-07,14:34,2,180912,0,
2018-09-12 14:35,,0.000258665,3.45E-07,14:35,2,180912,0,
2018-09-12 14:36,,0.000258665,3.45E-07,14:36,2,180912,0,
2018-09-12 14:37,,0.000258665,3.45E-07,14:37,2,180912,0,
2018-09-12 14:38,,0.000258665,3.45E-07,14:38,2,180912,0,
2018-09-12 14:39,,0.000258665,3.45E-07,14:39,2,180912,0,
2018-09-12 14:40,,0.000258665,3.45E-07,14:40,2,180912,0,
2018-09-12 14:41,,0.000258665,3.45E-07,14:41,2,180912,0,
2018-09-12 14:42,,0.000258665,3.45E-07,14:42,2,180912,0,
2018-09-12 14:43,,0.000258665,3.45E-07,14:43,2,180912,0,
2018-09-12 14:44,,0.000258665,3.45E-07,14:44,2,180912,0,
2018-09-12 14:45,,0.000258665,3.45E-07,14:45,2,180912,0,
2018-09-12 14:46,,0.000258665,3.45E-07,14:46,2,180912,0,
2018-09-12 14:47,,0.000258665,3.45E-07,14:47,2,180912,0,
2018-09-12 14:48,,0.000258665,3.45E-07,14:48,2,180912,0,
2018-09-12 14:49,,0.000258665,3.45E-07,14:49,2,180912,0,
2018-09-12 14:50,,0.000258665,3.45E-07,14:50,2,180912,0,
2018-09-12 14:51,,0.000258665,3.45E-07,14:51,2,180912,0,
2018-09-12 14:52,,0.000258665,3.45E-07,14:52,2,180912,0,
2018-09-12 14:53,,0.000258665,3.45E-07,14:53,2,180912,0,
2018-09-12 14:54,,0.000258665,3.45E-07,14:54,2,180912,0,
2018-09-12 14:55,,0.000258665,3.45E-07,14:55,2,180912,0,
2018-09-12 14:56,,0.000258665,3.45E-07,14:56,2,180912,0,
2018-09-12 14:57,,0.000258665,3.45E-07,14:57,2,180912,0,
2018-09-12 14:58,,0.000258665,3.45E-07,14:58,2,180912,0,
2018-09-12 14:59,,0.000258665,3.45E-07,14:59,2,180912,0,
2018-09-12 15:00,,0.000258665,3.45E-07,15:00,2,180912,0,
2018-09-12 15:01,,0.000258665,3.45E-07,15:01,2,180912,0,
2018-09-12 15:02,,0.000258665,3.45E-07,15:02,2,180912,0,
2018-09-12 15:03,,0.000258665,3.45E-07,15:03,2,180912,0,
2018-09-12 15:04,,0.000258665,3.45E-07,15:04,2,180912,0,
2018-09-12 15:05,,0.000258665,3.45E-07,15:05,2,180912,0,
2018-09-12 15:06,,0.000258665,3.45E-07,15:06,2,180912,0,
2018-09-12 15:07,,0.000258665,3.45E-07,15:07,2,180912,0,
2018-09-12 15:08,,0.000258665,3.45E-07,15:08,2,180912,0,
2018-09-12 15:09,,0.000258665,3.45E-07,15:09,2,180912,0,
2018-09-12 15:10,,0.000258665,3.45E-07,15:10,2,180912,0,
2018-09-12 15:11,,0.000258665,3.45E-07,15:11,2,180912,0,
2018-09-12 15:12,,0.000258665,3.45E-07,15:12,2,180912,0,
2018-09-12 15:13,,0.000258665,3.45E-07,15:13,2,180912,0,
2018-09-12 15:14,,0.000258665,3.45E-07,15:14,2,180912,0,
2018-09-12 15:15,,0.000258665,3.45E-07,15:15,2,180912,0,
2018-09-12 15:16,,0.000258665,3.45E-07,15:16,2,180912,0,
2018-09-12 15:17,,0.000258665,3.45E-07,15:17,2,180912,0,
2018-09-12 15:18,,0.000258665,3.45E-07,15:18,2,180912,0,
2018-09-12 15:19,,0.000258665,3.45E-07,15:19,2,180912,0,
2018-09-12 15:20,,0.000258665,3.45E-07,15:20,2,180912,0,
2018-09-12 15:21,,0.000258665,3.45E-07,15:21,2,180912,0,
2018-09-12 15:22,,0.000258665,3.45E-07,15:22,2,180912,0,
2018-09-12 15:23,,0.000258665,3.45E-07,15:23,2,180912,0,
2018-09-12 15:24,,0.000258665,3.45E-07,15:24,2,180912,0,
2018-09-12 15:25,,0.000258665,3.45E-07,15:25,2,180912,0,
2018-09-12 15:26,,0.000258665,3.45E-07,15:26,2,180912,0,
2018-09-12 15:27,,0.000258665,3.45E-07,15:27,2,180912,0,
2018-09-12 15:28,,0.000258665,3.45E-07,15:28,2,180912,0,
2018-09-12 15:29,,0.000258665,3.45E-07,15:29,2,180912,0,
2018-09-12 15:30,,0.000258665,3.45E-07,15:30,2,180912,0,
2018-09-12 15:31,,0.000258665,3.45E-07,15:31,2,180912,0,
2018-09-12 15:32,,0.000258665,3.45E-07,15:32,2,180912,0,
2018-09-12 15:33,,0.000258665,3.45E-07,15:33,2,180912,0,
2018-09-12 15:34,,0.000258665,3.45E-07,15:34,2,180912,0,
2018-09-12 15:35,,0.000258665,3.45E-07,15:35,2,180912,0,
2018-09-12 15:36,,0.000258665,3.45E-07,15:36,2,180912,0,
2018-09-12 15:37,,0.000258665,3.45E-07,15:37,2,180912,0,
2018-09-12 15:38,,0.000258665,3.45E-07,15:38,2,180912,0,
2018-09-12 15:39,,0.000258665,3.45E-07,15:39,2,180912,0,
2018-09-12 15:40,,0.000258665,3.45E-07,15:40,2,180912,0,
2018-09-12 15:41,,0.000258665,3.45E-07,15:41,2,180912,0,
2018-09-12 15:42,,0.000258665,3.45E-07,15:42,2,180912,0,
2018-09-12 15:43,,0.000258665,3.45E-07,15:43,2,180912,0,
2018-09-12 15:44,,0.000258665,3.45E-07,15:44,2,180912,0,
2018-09-12 15:45,,0.000258665,3.45E-07,15:45,2,180912,0,
2018-09-12 15:46,,0.000258665,3.45E-07,15:46,2,180912,0,
2018-09-12 15:47,,0.000258665,3.45E-07,15:47,2,180912,0,
2018-09-12 15:48,,0.000258665,3.45E-07,15:48,2,180912,0,
2018-09-12 15:49,,0.000258665,3.45E-07,15:49,2,180912,0,
2018-09-12 15:50,,0.000258665,3.45E-07,15:50,2,180912,0,
2018-09-12 15:51,,0.000258665,3.45E-07,15:51,2,180912,0,
2018-09-12 15:52,,0.000258665,3.45E-07,15:52,2,180912,0,
2018-09-12 15:53,,0.000258665,3.45E-07,15:53,2,180912,0,
2018-09-12 15:54,,0.000258665,3.45E-07,15:54,2,180912,0,
2018-09-12 15:55,,0.000258665,3.45E-07,15:55,2,180912,0,
2018-09-12 15:56,,0.000258665,3.45E-07,15:56,2,180912,0,
2018-09-12 15:57,,0.000258665,3.45E-07,15:57,2,180912,0,
2018-09-12 15:58,,0.000258665,3.45E-07,15:58,2,180912,0,
2018-09-12 15:59,,0.000258665,3.45E-07,15:59,2,180912,0,
2018-09-12 16:00,,0.000258665,3.45E-07,16:00,2,180912,0,
2018-09-12 16:01,,0.000258665,3.45E-07,16:01,2,180912,0,
2018-09-12 16:02,,0.000258665,3.45E-07,16:02,2,180912,0,
2018-09-12 16:03,,0.000258665,3.45E-07,16:03,2,180912,0,
2018-09-12 16:04,,0.000258665,3.45E-07,16:04,2,180912,0,
2018-09-12 16:05,,0.000258665,3.45E-07,16:05,2,180912,0,
2018-09-12 16:06,,0.000258665,3.45E-07,16:06,2,180912,0,
2018-09-12 16:07,,0.000258665,3.45E-07,16:07,2,180912,0,
2018-09-12 16:08,,0.000258665,3.45E-07,16:08,2,180912,0,
2018-09-12 16:09,,0.000258665,3.45E-07,16:09,2,180912,0,
2018-09-12 16:10,,0.000258665,3.45E-07,16:10,2,180912,0,
2018-09-12 16:11,,0.000258665,3.45E-07,16:11,2,180912,0,
2018-09-12 16:12,,0.000258665,3.45E-07,16:12,2,180912,0,
2018-09-12 16:13,,0.000258665,3.45E-07,16:13,2,180912,0,
2018-09-12 16:14,,0.000258665,3.45E-07,16:14,2,180912,0,
2018-09-12 16:15,,0.000258665,3.45E-07,16:15,2,180912,0,
2018-09-12 16:16,,0.000258665,3.45E-07,16:16,2,180912,0,
2018-09-12 16:17,,0.000258665,3.45E-07,16:17,2,180912,0,
2018-09-12 16:18,,0.000258665,3.45E-07,16:18,2,180912,0,
2018-09-12 16:19,,0.000258665,3.45E-07,16:19,2,180912,0,
2018-09-12 16:20,,0.000258665,3.45E-07,16:20,2,180912,0,
2018-09-12 16:21,,0.000258665,3.45E-07,16:21,2,180912,0,
2018-09-12 16:22,,0.000258665,3.45E-07,16:22,2,180912,0,
2018-09-12 16:23,,0.000258665,3.45E-07,16:23,2,180912,0,
2018-09-12 16:24,,0.000258665,3.45E-07,16:24,2,180912,0,
2018-09-12 16:25,,0.000258665,3.45E-07,16:25,2,180912,0,
2018-09-12 16:26,,0.000258665,3.45E-07,16:26,2,180912,0,
2018-09-12 16:27,,0.000258665,3.45E-07,16:27,2,180912,0,
2018-09-12 16:28,,0.000258665,3.45E-07,16:28,2,180912,0,
2018-09-12 16:29,,0.000258665,3.45E-07,16:29,2,180912,0,
2018-09-12 16:30,,0.000258665,3.45E-07,16:30,2,180912,0,
2018-09-12 16:31,,0.000258665,3.45E-07,16:31,2,180912,0,
2018-09-12 16:32,,0.000258665,3.45E-07,16:32,2,180912,0,
2018-09-12 16:33,,0.000258665,3.45E-07,16:33,2,180912,0,
2018-09-12 16:34,,0.000258665,3.45E-07,16:34,2,180912,0,
2018-09-12 16:35,,0.000258665,3.45E-07,16:35,2,180912,0,
2018-09-12 16:36,,0.000258665,3.45E-07,16:36,2,180912,0,
2018-09-12 16:37,,0.000258665,3.45E-07,16:37,2,180912,0,
2018-09-12 16:38,,0.000258665,3.45E-07,16:38,2,180912,0,
2018-09-12 16:39,,0.000258665,3.45E-07,16:39,2,180912,0,
2018-09-12 16:40,,0.000258665,3.45E-07,16:40,2,180912,0,
2018-09-12 16:41,,0.000258665,3.45E-07,16:41,2,180912,0,
2018-09-12 16:42,,0.000258665,3.45E-07,16:42,2,180912,0,
2018-09-12 16:43,,0.000258665,3.45E-07,16:43,2,180912,0,
2018-09-12 16:44,,0.000258665,3.45E-07,16:44,2,180912,0,
2018-09-12 16:45,,0.000258665,3.45E-07,16:45,2,180912,0,
2018-09-12 16:46,,0.000258665,3.45E-07,16:46,2,180912,0,
2018-09-12 16:47,,0.000258665,3.45E-07,16:47,2,180912,0,
2018-09-12 16:48,,0.000258665,3.45E-07,16:48,2,180912,0,
2018-09-12 16:49,,0.000258665,3.45E-07,16:49,2,180912,0,
2018-09-12 16:50,,0.000258665,3.45E-07,16:50,2,180912,0,
2018-09-12 16:51,,0.000258665,3.45E-07,16:51,2,180912,0,
2018-09-12 16:52,,0.000258665,3.45E-07,16:52,2,180912,0,
2018-09-12 16:53,,0.000258665,3.45E-07,16:53,2,180912,0,
2018-09-12 16:54,,0.000258665,3.45E-07,16:54,2,180912,0,
2018-09-12 16:55,,0.000258665,3.45E-07,16:55,2,180912,0,
2018-09-12 16:56,,0.000258665,3.45E-07,16:56,2,180912,0,
2018-09-12 16:57,,0.000258665,3.45E-07,16:57,2,180912,0,
2018-09-12 16:58,,0.000258665,3.45E-07,16:58,2,180912,0,
2018-09-12 16:59,,0.000258665,3.45E-07,16:59,2,180912,0,
2018-09-12 17:00,,0.000258665,3.45E-07,17:00,2,180912,0,
2018-09-12 17:01,,0.000258665,3.45E-07,17:01,2,180912,0,
2018-09-12 17:02,,0.000258665,3.45E-07,17:02,2,180912,0,
2018-09-12 17:03,,0.000258665,3.45E-07,17:03,2,180912,0,
2018-09-12 17:04,,0.000258665,3.45E-07,17:04,2,180912,0,
2018-09-12 17:05,,0.000258665,3.45E-07,17:05,2,180912,0,
2018-09-12 17:06,,0.000258665,3.45E-07,17:06,2,180912,0,
2018-09-12 17:07,,0.000258665,3.45E-07,17:07,2,180912,0,
2018-09-12 17:08,,0.000258665,3.45E-07,17:08,2,180912,0,
2018-09-12 17:09,,0.000258665,3.45E-07,17:09,2,180912,0,
2018-09-12 17:10,,0.000258665,3.45E-07,17:10,2,180912,0,
2018-09-12 17:11,,0.000258665,3.45E-07,17:11,2,180912,0,
2018-09-12 17:12,,0.000258665,3.45E-07,17:12,2,180912,0,
2018-09-12 17:13,,0.000258665,3.45E-07,17:13,2,180912,0,
2018-09-12 17:14,,0.000258665,3.45E-07,17:14,2,180912,0,
2018-09-12 17:15,,0.000258665,3.45E-07,17:15,2,180912,0,
2018-09-12 17:16,,0.000258665,3.45E-07,17:16,2,180912,0,
2018-09-12 17:17,,0.000258665,3.45E-07,17:17,2,180912,0,
2018-09-12 17:18,,0.000258665,3.45E-07,17:18,2,180912,0,
2018-09-12 17:19,,0.000258665,3.45E-07,17:19,2,180912,0,
2018-09-12 17:20,,0.000258665,3.45E-07,17:20,2,180912,0,
2018-09-12 17:21,,0.000258665,3.45E-07,17:21,2,180912,0,
2018-09-12 17:22,,0.000258665,3.45E-07,17:22,2,180912,0,
2018-09-12 17:23,,0.000258665,3.45E-07,17:23,2,180912,0,
2018-09-12 17:24,,0.000258665,3.45E-07,17:24,2,180912,0,
2018-09-12 17:25,,0.000258665,3.45E-07,17:25,2,180912,0,
2018-09-12 17:26,,0.000258665,3.45E-07,17:26,2,180912,0,
2018-09-12 17:27,,0.000258665,3.45E-07,17:27,2,180912,0,
2018-09-12 17:28,,0.000258665,3.45E-07,17:28,2,180912,0,
2018-09-12 17:29,,0.000258665,3.45E-07,17:29,2,180912,0,
2018-09-12 17:30,,0.000258665,3.45E-07,17:30,2,180912,0,
2018-09-12 17:31,,0.000258665,3.45E-07,17:31,2,180912,0,
2018-09-12 17:32,,0.000258665,3.45E-07,17:32,2,180912,0,
2018-09-12 17:33,,0.000258665,3.45E-07,17:33,2,180912,0,
2018-09-12 17:34,,0.000258665,3.45E-07,17:34,2,180912,0,
2018-09-12 17:35,,0.000258665,3.45E-07,17:35,2,180912,0,
2018-09-12 17:36,,0.000258665,3.45E-07,17:36,2,180912,0,
2018-09-12 17:37,,0.000258665,3.45E-07,17:37,2,180912,0,
2018-09-12 17:38,,0.000258665,3.45E-07,17:38,2,180912,0,
2018-09-12 17:39,,0.000258665,3.45E-07,17:39,2,180912,0,
2018-09-12 17:40,,0.000258665,3.45E-07,17:40,2,180912,0,
2018-09-12 17:41,,0.000258665,3.45E-07,17:41,2,180912,0,
2018-09-12 17:42,,0.000258665,3.45E-07,17:42,2,180912,0,
2018-09-12 17:43,,0.000258665,3.45E-07,17:43,2,180912,0,
2018-09-12 17:44,,0.000258665,3.45E-07,17:44,2,180912,0,
2018-09-12 17:45,,0.000258665,3.45E-07,17:45,2,180912,0,
2018-09-12 17:46,,0.000258665,3.45E-07,17:46,2,180912,0,
2018-09-12 17:47,,0.000258665,3.45E-07,17:47,2,180912,0,
2018-09-12 17:48,,0.000258665,3.45E-07,17:48,2,180912,0,
2018-09-12 17:49,,0.000258665,3.45E-07,17:49,2,180912,0,
2018-09-12 17:50,,0.000258665,3.45E-07,17:50,2,180912,0,
2018-09-12 17:51,,0.000258665,3.45E-07,17:51,2,180912,0,
2018-09-12 17:52,,0.000258665,3.45E-07,17:52,2,180912,0,
2018-09-12 17:53,,0.000258665,3.45E-07,17:53,2,180912,0,
2018-09-12 17:54,,0.000258665,3.45E-07,17:54,2,180912,0,
2018-09-12 17:55,,0.000258665,3.45E-07,17:55,2,180912,0,
2018-09-12 17:56,,0.000258665,3.45E-07,17:56,2,180912,0,
2018-09-12 17:57,,0.000258665,3.45E-07,17:57,2,180912,0,
2018-09-12 17:58,,0.000258665,3.45E-07,17:58,2,180912,0,
2018-09-12 17:59,,0.000258665,3.45E-07,17:59,2,180912,0,
2018-09-12 18:00,,0.000258665,3.45E-07,18:00,2,180912,0,
2018-09-12 18:01,,0.000258665,3.45E-07,18:01,2,180912,0,
2018-09-12 18:02,,0.000258665,3.45E-07,18:02,2,180912,0,
2018-09-12 18:03,,0.000258665,3.45E-07,18:03,2,180912,0,
2018-09-12 18:04,,0.000258665,3.45E-07,18:04,2,180912,0,
2018-09-12 18:05,,0.000258665,3.45E-07,18:05,2,180912,0,
2018-09-12 18:06,,0.000258665,3.45E-07,18:06,2,180912,0,
2018-09-12 18:07,,0.000258665,3.45E-07,18:07,2,180912,0,
2018-09-12 18:08,,0.000258665,3.45E-07,18:08,2,180912,0,
2018-09-12 18:09,,0.000258665,3.45E-07,18:09,2,180912,0,
2018-09-12 18:10,,0.000258665,3.45E-07,18:10,2,180912,0,
2018-09-12 18:11,,0.000258665,3.45E-07,18:11,2,180912,0,
2018-09-12 18:12,,0.000258665,3.45E-07,18:12,2,180912,0,
2018-09-12 18:13,,0.000258665,3.45E-07,18:13,2,180912,0,
2018-09-12 18:14,,0.000258665,3.45E-07,18:14,2,180912,0,
2018-09-12 18:15,,0.000258665,3.45E-07,18:15,2,180912,0,
2018-09-12 18:16,,0.000258665,3.45E-07,18:16,2,180912,0,
2018-09-12 18:17,,0.000258665,3.45E-07,18:17,2,180912,0,
2018-09-12 18:18,,0.000258665,3.45E-07,18:18,2,180912,0,
2018-09-12 18:19,,0.000258665,3.45E-07,18:19,2,180912,0,
2018-09-12 18:20,,0.000258665,3.45E-07,18:20,2,180912,0,
2018-09-12 18:21,,0.000258665,3.45E-07,18:21,2,180912,0,
2018-09-12 18:22,,0.000258665,3.45E-07,18:22,2,180912,0,
2018-09-12 18:23,,0.000258665,3.45E-07,18:23,2,180912,0,
2018-09-12 18:24,,0.000258665,3.45E-07,18:24,2,180912,0,
2018-09-12 18:25,,0.000258665,3.45E-07,18:25,2,180912,0,
2018-09-12 18:26,,0.000258665,3.45E-07,18:26,2,180912,0,
2018-09-12 18:27,,0.000258665,3.45E-07,18:27,2,180912,0,
2018-09-12 18:28,,0.000258665,3.45E-07,18:28,2,180912,0,
2018-09-12 18:29,,0.000258665,3.45E-07,18:29,2,180912,0,
2018-09-12 18:30,,0.000258665,3.45E-07,18:30,2,180912,0,
2018-09-12 18:31,,0.000258665,3.45E-07,18:31,2,180912,0,
2018-09-12 18:32,,0.000258665,3.45E-07,18:32,2,180912,0,
2018-09-12 18:33,,0.000258665,3.45E-07,18:33,2,180912,0,
2018-09-12 18:34,,0.000258665,3.45E-07,18:34,2,180912,0,
2018-09-12 18:35,,0.000258665,3.45E-07,18:35,2,180912,0,
2018-09-12 18:36,,0.000258665,3.45E-07,18:36,2,180912,0,
2018-09-12 18:37,,0.000258665,3.45E-07,18:37,2,180912,0,
2018-09-12 18:38,,0.000258665,3.45E-07,18:38,2,180912,0,
2018-09-12 18:39,,0.000258665,3.45E-07,18:39,2,180912,0,
2018-09-12 18:40,,0.000258665,3.45E-07,18:40,2,180912,0,
2018-09-12 18:41,,0.000258665,3.45E-07,18:41,2,180912,0,
2018-09-12 18:42,,0.000258665,3.45E-07,18:42,2,180912,0,
2018-09-12 18:43,,0.000258665,3.45E-07,18:43,2,180912,0,
2018-09-12 18:44,,0.000258665,3.45E-07,18:44,2,180912,0,
2018-09-12 18:45,,0.000258665,3.45E-07,18:45,2,180912,0,
2018-09-12 18:46,,0.000258665,3.45E-07,18:46,2,180912,0,
2018-09-12 18:47,,0.000258665,3.45E-07,18:47,2,180912,0,
2018-09-12 18:48,,0.000258665,3.45E-07,18:48,2,180912,0,
2018-09-12 18:49,,0.000258665,3.45E-07,18:49,2,180912,0,
2018-09-12 18:50,,0.000258665,3.45E-07,18:50,2,180912,0,
2018-09-12 18:51,,0.000258665,3.45E-07,18:51,2,180912,0,
2018-09-12 18:52,,0.000258665,3.45E-07,18:52,2,180912,0,
2018-09-12 18:53,,0.000258665,3.45E-07,18:53,2,180912,0,
2018-09-12 18:54,,0.000258665,3.45E-07,18:54,2,180912,0,
2018-09-12 18:55,,0.000258665,3.45E-07,18:55,2,180912,0,
2018-09-12 18:56,,0.000258665,3.45E-07,18:56,2,180912,0,
2018-09-12 18:57,,0.000258665,3.45E-07,18:57,2,180912,0,
2018-09-12 18:58,,0.000258665,3.45E-07,18:58,2,180912,0,
2018-09-12 18:59,,0.000258665,3.45E-07,18:59,2,180912,0,
2018-09-12 19:00,,0.000258665,3.45E-07,19:00,2,180912,0,
2018-09-12 19:01,,0.000258665,3.45E-07,19:01,2,180912,0,
2018-09-12 19:02,,0.000258665,3.45E-07,19:02,2,180912,0,
2018-09-12 19:03,,0.000258665,3.45E-07,19:03,2,180912,0,
2018-09-12 19:04,,0.000258665,3.45E-07,19:04,2,180912,0,
2018-09-12 19:05,,0.000258665,3.45E-07,19:05,2,180912,0,
2018-09-12 19:06,,0.000258665,3.45E-07,19:06,2,180912,0,
2018-09-12 19:07,,0.000258665,3.45E-07,19:07,2,180912,0,
2018-09-12 19:08,,0.000258665,3.45E-07,19:08,2,180912,0,
2018-09-12 19:09,,0.000258665,3.45E-07,19:09,2,180912,0,
2018-09-12 19:10,,0.000258665,3.45E-07,19:10,2,180912,0,
2018-09-12 19:11,,0.000258665,3.45E-07,19:11,2,180912,0,
2018-09-12 19:12,,0.000258665,3.45E-07,19:12,2,180912,0,
2018-09-12 19:13,,0.000258665,3.45E-07,19:13,2,180912,0,
2018-09-12 19:14,,0.000258665,3.45E-07,19:14,2,180912,0,
2018-09-12 19:15,,0.000258665,3.45E-07,19:15,2,180912,0,
2018-09-12 19:16,,0.000258665,3.45E-07,19:16,2,180912,0,
2018-09-12 19:17,,0.000258665,3.45E-07,19:17,2,180912,0,
2018-09-12 19:18,,0.000258665,3.45E-07,19:18,2,180912,0,
2018-09-12 19:19,,0.000258665,3.45E-07,19:19,2,180912,0,
2018-09-12 19:20,,0.000258665,3.45E-07,19:20,2,180912,0,
2018-09-12 19:21,,0.000258665,3.45E-07,19:21,2,180912,0,
2018-09-12 19:22,,0.000258665,3.45E-07,19:22,2,180912,0,
2018-09-12 19:23,,0.000258665,3.45E-07,19:23,2,180912,0,
2018-09-12 19:24,,0.000258665,3.45E-07,19:24,2,180912,0,
2018-09-12 19:25,,0.000258665,3.45E-07,19:25,2,180912,0,
2018-09-12 19:26,,0.000258665,3.45E-07,19:26,2,180912,0,
2018-09-12 19:27,,0.000258665,3.45E-07,19:27,2,180912,0,
2018-09-12 19:28,,0.000258665,3.45E-07,19:28,2,180912,0,
2018-09-12 19:29,,0.000258665,3.45E-07,19:29,2,180912,0,
2018-09-12 19:30,,0.000258665,3.45E-07,19:30,2,180912,0,
2018-09-12 19:31,,0.000258665,3.45E-07,19:31,2,180912,0,
2018-09-12 19:32,,0.000258665,3.45E-07,19:32,2,180912,0,
2018-09-12 19:33,,0.000258665,3.45E-07,19:33,2,180912,0,
2018-09-12 19:34,,0.000258665,3.45E-07,19:34,2,180912,0,
2018-09-12 19:35,,0.000258665,3.45E-07,19:35,2,180912,0,
2018-09-12 19:36,,0.000258665,3.45E-07,19:36,2,180912,0,
2018-09-12 19:37,,0.000258665,3.45E-07,19:37,2,180912,0,
2018-09-12 19:38,,0.000258665,3.45E-07,19:38,2,180912,0,
2018-09-12 19:39,,0.000258665,3.45E-07,19:39,2,180912,0,
2018-09-12 19:40,,0.000258665,3.45E-07,19:40,2,180912,0,
2018-09-12 19:41,,0.000258665,3.45E-07,19:41,2,180912,0,
2018-09-12 19:42,,0.000258665,3.45E-07,19:42,2,180912,0,
2018-09-12 19:43,,0.000258665,3.45E-07,19:43,2,180912,0,
2018-09-12 19:44,,0.000258665,3.45E-07,19:44,2,180912,0,
2018-09-12 19:45,,0.000258665,3.45E-07,19:45,2,180912,0,
2018-09-12 19:46,,0.000258665,3.45E-07,19:46,2,180912,0,
2018-09-12 19:47,,0.000258665,3.45E-07,19:47,2,180912,0,
2018-09-12 19:48,,0.000258665,3.45E-07,19:48,2,180912,0,
2018-09-12 19:49,,0.000258665,3.45E-07,19:49,2,180912,0,
2018-09-12 19:50,,0.000258665,3.45E-07,19:50,2,180912,0,
2018-09-12 19:51,,0.000258665,3.45E-07,19:51,2,180912,0,
2018-09-12 19:52,,0.000258665,3.45E-07,19:52,2,180912,0,
2018-09-12 19:53,,0.000258665,3.45E-07,19:53,2,180912,0,
2018-09-12 19:54,,0.000258665,3.45E-07,19:54,2,180912,0,
2018-09-12 19:55,,0.000258665,3.45E-07,19:55,2,180912,0,
2018-09-12 19:56,,0.000258665,3.45E-07,19:56,2,180912,0,
2018-09-12 19:57,,0.000258665,3.45E-07,19:57,2,180912,0,
2018-09-12 19:58,,0.000258665,3.45E-07,19:58,2,180912,0,
2018-09-12 19:59,,0.000258665,3.45E-07,19:59,2,180912,0,
2018-09-12 20:00,,0.000258665,3.45E-07,20:00,2,180912,0,
2018-09-12 20:01,,0.000258665,3.45E-07,20:01,2,180912,0,
2018-09-12 20:02,,0.000258665,3.45E-07,20:02,2,180912,0,
2018-09-12 20:03,,0.000258665,3.45E-07,20:03,2,180912,0,
2018-09-12 20:04,,0.000258665,3.45E-07,20:04,2,180912,0,
2018-09-12 20:05,,0.000258665,3.45E-07,20:05,2,180912,0,
2018-09-12 20:06,,0.000258665,3.45E-07,20:06,2,180912,0,
2018-09-12 20:07,,0.000258665,3.45E-07,20:07,2,180912,0,
2018-09-12 20:08,,0.000258665,3.45E-07,20:08,2,180912,0,
2018-09-12 20:09,,0.000258665,3.45E-07,20:09,2,180912,0,
2018-09-12 20:10,,0.000258665,3.45E-07,20:10,2,180912,0,
2018-09-12 20:11,,0.000258665,3.45E-07,20:11,2,180912,0,
2018-09-12 20:12,,0.000258665,3.45E-07,20:12,2,180912,0,
2018-09-12 20:13,,0.000258665,3.45E-07,20:13,2,180912,0,
2018-09-12 20:14,,0.000258665,3.45E-07,20:14,2,180912,0,
2018-09-12 20:15,,0.000258665,3.45E-07,20:15,2,180912,0,
2018-09-12 20:16,,0.000258665,3.45E-07,20:16,2,180912,0,
2018-09-12 20:17,,0.000258665,3.45E-07,20:17,2,180912,0,
2018-09-12 20:18,,0.000258665,3.45E-07,20:18,2,180912,0,
2018-09-12 20:19,,0.000258665,3.45E-07,20:19,2,180912,0,
2018-09-12 20:20,,0.000258665,3.45E-07,20:20,2,180912,0,
2018-09-12 20:21,,0.000258665,3.45E-07,20:21,2,180912,0,
2018-09-12 20:22,,0.000258665,3.45E-07,20:22,2,180912,0,
2018-09-12 20:23,,0.000258665,3.45E-07,20:23,2,180912,0,
2018-09-12 20:24,,0.000258665,3.45E-07,20:24,2,180912,0,
2018-09-12 20:25,,0.000258665,3.45E-07,20:25,2,180912,0,
2018-09-12 20:26,,0.000258665,3.45E-07,20:26,2,180912,0,
2018-09-12 20:27,,0.000258665,3.45E-07,20:27,2,180912,0,
2018-09-12 20:28,,0.000258665,3.45E-07,20:28,2,180912,0,
2018-09-12 20:29,,0.000258665,3.45E-07,20:29,2,180912,0,
2018-09-12 20:30,,0.000258665,3.45E-07,20:30,2,180912,0,
2018-09-12 20:31,,0.000258665,3.45E-07,20:31,2,180912,0,
2018-09-12 20:32,,0.000258665,3.45E-07,20:32,2,180912,0,
2018-09-12 20:33,,0.000258665,3.45E-07,20:33,2,180912,0,
2018-09-12 20:34,,0.000258665,3.45E-07,20:34,2,180912,0,
2018-09-12 20:35,,0.000258665,3.45E-07,20:35,2,180912,0,
2018-09-12 20:36,,0.000258665,3.45E-07,20:36,2,180912,0,
2018-09-12 20:37,,0.000258665,3.45E-07,20:37,2,180912,0,
2018-09-12 20:38,,0.000258665,3.45E-07,20:38,2,180912,0,
2018-09-12 20:39,,0.000258665,3.45E-07,20:39,2,180912,0,
2018-09-12 20:40,,0.000258665,3.45E-07,20:40,2,180912,0,
2018-09-12 20:41,,0.000258665,3.45E-07,20:41,2,180912,0,
2018-09-12 20:42,,0.000258665,3.45E-07,20:42,2,180912,0,
2018-09-12 20:43,,0.000258665,3.45E-07,20:43,2,180912,0,
2018-09-12 20:44,,0.000258665,3.45E-07,20:44,2,180912,0,
2018-09-12 20:45,,0.000258665,3.45E-07,20:45,2,180912,0,
2018-09-12 20:46,,0.000258665,3.45E-07,20:46,2,180912,0,
2018-09-12 20:47,,0.000258665,3.45E-07,20:47,2,180912,0,
2018-09-12 20:48,,0.000258665,3.45E-07,20:48,2,180912,0,
2018-09-12 20:49,,0.000258665,3.45E-07,20:49,2,180912,0,
2018-09-12 20:50,,0.000258665,3.45E-07,20:50,2,180912,0,
2018-09-12 20:51,,0.000258665,3.45E-07,20:51,2,180912,0,
2018-09-12 20:52,,0.000258665,3.45E-07,20:52,2,180912,0,
2018-09-12 20:53,,0.000258665,3.45E-07,20:53,2,180912,0,
2018-09-12 20:54,,0.000258665,3.45E-07,20:54,2,180912,0,
2018-09-12 20:55,,0.000258665,3.45E-07,20:55,2,180912,0,
2018-09-12 20:56,,0.000258665,3.45E-07,20:56,2,180912,0,
2018-09-12 20:57,,0.000258665,3.45E-07,20:57,2,180912,0,
2018-09-12 20:58,,0.000258665,3.45E-07,20:58,2,180912,0,
2018-09-12 20:59,,0.000258665,3.45E-07,20:59,2,180912,0,
2018-09-12 21:00,,0.000258665,3.45E-07,21:00,2,180912,0,
2018-09-12 21:01,,0.000258665,3.45E-07,21:01,2,180912,0,
2018-09-12 21:02,,0.000258665,3.45E-07,21:02,2,180912,0,
2018-09-12 21:03,,0.000258665,3.45E-07,21:03,2,180912,0,
2018-09-12 21:04,,0.000258665,3.45E-07,21:04,2,180912,0,
2018-09-12 21:05,,0.000258665,3.45E-07,21:05,2,180912,0,
2018-09-12 21:06,,0.000258665,3.45E-07,21:06,2,180912,0,
2018-09-12 21:07,,0.000258665,3.45E-07,21:07,2,180912,0,
2018-09-12 21:08,,0.000258665,3.45E-07,21:08,2,180912,0,
2018-09-12 21:09,,0.000258665,3.45E-07,21:09,2,180912,0,
2018-09-12 21:10,,0.000258665,3.45E-07,21:10,2,180912,0,
2018-09-12 21:11,,0.000258665,3.45E-07,21:11,2,180912,0,
2018-09-12 21:12,,0.000258665,3.45E-07,21:12,2,180912,0,
2018-09-12 21:13,,0.000258665,3.45E-07,21:13,2,180912,0,
2018-09-12 21:14,,0.000258665,3.45E-07,21:14,2,180912,0,
2018-09-12 21:15,,0.000258665,3.45E-07,21:15,2,180912,0,
2018-09-12 21:16,,0.000258665,3.45E-07,21:16,2,180912,0,
2018-09-12 21:17,,0.000258665,3.45E-07,21:17,2,180912,0,
2018-09-12 21:18,,0.000258665,3.45E-07,21:18,2,180912,0,
2018-09-12 21:19,,0.000258665,3.45E-07,21:19,2,180912,0,
2018-09-12 21:20,,0.000258665,3.45E-07,21:20,2,180912,0,
2018-09-12 21:21,,0.000258665,3.45E-07,21:21,2,180912,0,
2018-09-12 21:22,,0.000258665,3.45E-07,21:22,2,180912,0,
2018-09-12 21:23,,0.000258665,3.45E-07,21:23,2,180912,0,
2018-09-12 21:24,,0.000258665,3.45E-07,21:24,2,180912,0,
2018-09-12 21:25,,0.000258665,3.45E-07,21:25,2,180912,0,
2018-09-12 21:26,,0.000258665,3.45E-07,21:26,2,180912,0,
2018-09-12 21:27,,0.000258665,3.45E-07,21:27,2,180912,0,
2018-09-12 21:28,,0.000258665,3.45E-07,21:28,2,180912,0,
2018-09-12 21:29,,0.000258665,3.45E-07,21:29,2,180912,0,
2018-09-12 21:30,,0.000258665,3.45E-07,21:30,2,180912,0,
2018-09-12 21:31,,0.000258665,3.45E-07,21:31,2,180912,0,
2018-09-12 21:32,,0.000258665,3.45E-07,21:32,2,180912,0,
2018-09-12 21:33,,0.000258665,3.45E-07,21:33,2,180912,0,
2018-09-12 21:34,,0.000258665,3.45E-07,21:34,2,180912,0,
2018-09-12 21:35,,0.000258665,3.45E-07,21:35,2,180912,0,
2018-09-12 21:36,,0.000258665,3.45E-07,21:36,2,180912,0,
2018-09-12 21:37,,0.000258665,3.45E-07,21:37,2,180912,0,
2018-09-12 21:38,,0.000258665,3.45E-07,21:38,2,180912,0,
2018-09-12 21:39,,0.000258665,3.45E-07,21:39,2,180912,0,
2018-09-12 21:40,,0.000258665,3.45E-07,21:40,2,180912,0,
2018-09-12 21:41,,0.000258665,3.45E-07,21:41,2,180912,0,
2018-09-12 21:42,,0.000258665,3.45E-07,21:42,2,180912,0,
2018-09-12 21:43,,0.000258665,3.45E-07,21:43,2,180912,0,
2018-09-12 21:44,,0.000258665,3.45E-07,21:44,2,180912,0,
2018-09-12 21:45,,0.000258665,3.45E-07,21:45,2,180912,0,
2018-09-12 21:46,,0.000258665,3.45E-07,21:46,2,180912,0,
2018-09-12 21:47,,0.000258665,3.45E-07,21:47,2,180912,0,
2018-09-12 21:48,,0.000258665,3.45E-07,21:48,2,180912,0,
2018-09-12 21:49,,0.000258665,3.45E-07,21:49,2,180912,0,
2018-09-12 21:50,,0.000258665,3.45E-07,21:50,2,180912,0,
2018-09-12 21:51,,0.000258665,3.45E-07,21:51,2,180912,0,
2018-09-12 21:52,,0.000258665,3.45E-07,21:52,2,180912,0,
2018-09-12 21:53,,0.000258665,3.45E-07,21:53,2,180912,0,
2018-09-12 21:54,,0.000258665,3.45E-07,21:54,2,180912,0,
2018-09-12 21:55,,0.000258665,3.45E-07,21:55,2,180912,0,
2018-09-12 21:56,,0.000258665,3.45E-07,21:56,2,180912,0,
2018-09-12 21:57,,0.000258665,3.45E-07,21:57,2,180912,0,
2018-09-12 21:58,,0.000258665,3.45E-07,21:58,2,180912,0,
2018-09-12 21:59,,0.000258665,3.45E-07,21:59,2,180912,0,
2018-09-12 22:00,,0.000258665,3.45E-07,22:00,2,180912,0,
2018-09-12 22:01,,0.000258665,3.45E-07,22:01,2,180912,0,
2018-09-12 22:02,,0.000258665,3.45E-07,22:02,2,180912,0,
2018-09-12 22:03,,0.000258665,3.45E-07,22:03,2,180912,0,
2018-09-12 22:04,,0.000258665,3.45E-07,22:04,2,180912,0,
2018-09-12 22:05,,0.000258665,3.45E-07,22:05,2,180912,0,
2018-09-12 22:06,,0.000258665,3.45E-07,22:06,2,180912,0,
2018-09-12 22:07,,0.000258665,3.45E-07,22:07,2,180912,0,
2018-09-12 22:08,,0.000258665,3.45E-07,22:08,2,180912,0,
2018-09-12 22:09,,0.000258665,3.45E-07,22:09,2,180912,0,
2018-09-12 22:10,,0.000258665,3.45E-07,22:10,2,180912,0,
2018-09-12 22:11,,0.000258665,3.45E-07,22:11,2,180912,0,
2018-09-12 22:12,,0.000258665,3.45E-07,22:12,2,180912,0,
2018-09-12 22:13,,0.000258665,3.45E-07,22:13,2,180912,0,
2018-09-12 22:14,,0.000258665,3.45E-07,22:14,2,180912,0,
2018-09-12 22:15,,0.000258665,3.45E-07,22:15,2,180912,0,
2018-09-12 22:16,,0.000258665,3.45E-07,22:16,2,180912,0,
2018-09-12 22:17,,0.000258665,3.45E-07,22:17,2,180912,0,
2018-09-12 22:18,,0.000258665,3.45E-07,22:18,2,180912,0,
2018-09-12 22:19,,0.000258665,3.45E-07,22:19,2,180912,0,
2018-09-12 22:20,,0.000258665,3.45E-07,22:20,2,180912,0,
2018-09-12 22:21,,0.000258665,3.45E-07,22:21,2,180912,0,
2018-09-12 22:22,,0.000258665,3.45E-07,22:22,2,180912,0,
2018-09-12 22:23,,0.000258665,3.45E-07,22:23,2,180912,0,
2018-09-12 22:24,,0.000258665,3.45E-07,22:24,2,180912,0,
2018-09-12 22:25,,0.000258665,3.45E-07,22:25,2,180912,0,
2018-09-12 22:26,,0.000258665,3.45E-07,22:26,2,180912,0,
2018-09-12 22:27,,0.000258665,3.45E-07,22:27,2,180912,0,
2018-09-12 22:28,,0.000258665,3.45E-07,22:28,2,180912,0,
2018-09-12 22:29,,0.000258665,3.45E-07,22:29,2,180912,0,
2018-09-12 22:30,,0.000258665,3.45E-07,22:30,2,180912,0,
2018-09-12 22:31,,0.000258665,3.45E-07,22:31,2,180912,0,
2018-09-12 22:32,,0.000258665,3.45E-07,22:32,2,180912,0,
2018-09-12 22:33,,0.000258665,3.45E-07,22:33,2,180912,0,
2018-09-12 22:34,,0.000258665,3.45E-07,22:34,2,180912,0,
2018-09-12 22:35,,0.000258665,3.45E-07,22:35,2,180912,0,
2018-09-12 22:36,,0.000258665,3.45E-07,22:36,2,180912,0,
2018-09-12 22:37,,0.000258665,3.45E-07,22:37,2,180912,0,
2018-09-12 22:38,,0.000258665,3.45E-07,22:38,2,180912,0,
2018-09-12 22:39,,0.000258665,3.45E-07,22:39,2,180912,0,
2018-09-12 22:40,,0.000258665,3.45E-07,22:40,2,180912,0,
2018-09-12 22:41,,0.000258665,3.45E-07,22:41,2,180912,0,
2018-09-12 22:42,,0.000258665,3.45E-07,22:42,2,180912,0,
2018-09-12 22:43,,0.000258665,3.45E-07,22:43,2,180912,0,
2018-09-12 22:44,,0.000258665,3.45E-07,22:44,2,180912,0,
2018-09-12 22:45,,0.000258665,3.45E-07,22:45,2,180912,0,
2018-09-12 22:46,,0.000258665,3.45E-07,22:46,2,180912,0,
2018-09-12 22:47,,0.000258665,3.45E-07,22:47,2,180912,0,
2018-09-12 22:48,,0.000258665,3.45E-07,22:48,2,180912,0,
2018-09-12 22:49,,0.000258665,3.45E-07,22:49,2,180912,0,
2018-09-12 22:50,,0.000258665,3.45E-07,22:50,2,180912,0,
2018-09-12 22:51,,0.000258665,3.45E-07,22:51,2,180912,0,
2018-09-12 22:52,,0.000258665,3.45E-07,22:52,2,180912,0,
2018-09-12 22:53,,0.000258665,3.45E-07,22:53,2,180912,0,
2018-09-12 22:54,,0.000258665,3.45E-07,22:54,2,180912,0,
2018-09-12 22:55,,0.000258665,3.45E-07,22:55,2,180912,0,
2018-09-12 22:56,,0.000258665,3.45E-07,22:56,2,180912,0,
2018-09-12 22:57,,0.000258665,3.45E-07,22:57,2,180912,0,
2018-09-12 22:58,,0.000258665,3.45E-07,22:58,2,180912,0,
2018-09-12 22:59,,0.000258665,3.45E-07,22:59,2,180912,0,
2018-09-12 23:00,,0.000258665,3.45E-07,23:00,2,180912,0,
2018-09-12 23:01,,0.000258665,3.45E-07,23:01,2,180912,0,
2018-09-12 23:02,,0.000258665,3.45E-07,23:02,2,180912,0,
2018-09-12 23:03,,0.000258665,3.45E-07,23:03,2,180912,0,
2018-09-12 23:04,,0.000258665,3.45E-07,23:04,2,180912,0,
2018-09-12 23:05,,0.000258665,3.45E-07,23:05,2,180912,0,
2018-09-12 23:06,,0.000258665,3.45E-07,23:06,2,180912,0,
2018-09-12 23:07,,0.000258665,3.45E-07,23:07,2,180912,0,
2018-09-12 23:08,,0.000258665,3.45E-07,23:08,2,180912,0,
2018-09-12 23:09,,0.000258665,3.45E-07,23:09,2,180912,0,
2018-09-12 23:10,,0.000258665,3.45E-07,23:10,2,180912,0,
2018-09-12 23:11,,0.000258665,3.45E-07,23:11,2,180912,0,
2018-09-12 23:12,,0.000258665,3.45E-07,23:12,2,180912,0,
2018-09-12 23:13,,0.000258665,3.45E-07,23:13,2,180912,0,
2018-09-12 23:14,,0.000258665,3.45E-07,23:14,2,180912,0,
2018-09-12 23:15,,0.000258665,3.45E-07,23:15,2,180912,0,
2018-09-12 23:16,,0.000258665,3.45E-07,23:16,2,180912,0,
2018-09-12 23:17,,0.000258665,3.45E-07,23:17,2,180912,0,
2018-09-12 23:18,,0.000258665,3.45E-07,23:18,2,180912,0,
2018-09-12 23:19,,0.000258665,3.45E-07,23:19,2,180912,0,
2018-09-12 23:20,,0.000258665,3.45E-07,23:20,2,180912,0,
2018-09-12 23:21,,0.000258665,3.45E-07,23:21,2,180912,0,
2018-09-12 23:22,,0.000258665,3.45E-07,23:22,2,180912,0,
2018-09-12 23:23,,0.000258665,3.45E-07,23:23,2,180912,0,
2018-09-12 23:24,,0.000258665,3.45E-07,23:24,2,180912,0,
2018-09-12 23:25,,0.000258665,3.45E-07,23:25,2,180912,0,
2018-09-12 23:26,,0.000258665,3.45E-07,23:26,2,180912,0,
2018-09-12 23:27,,0.000258665,3.45E-07,23:27,2,180912,0,
2018-09-12 23:28,,0.000258665,3.45E-07,23:28,2,180912,0,
2018-09-12 23:29,,0.000258665,3.45E-07,23:29,2,180912,0,
2018-09-12 23:30,,0.000258665,3.45E-07,23:30,2,180912,0,
2018-09-12 23:31,,0.000258665,3.45E-07,23:31,2,180912,0,
2018-09-12 23:32,,0.000258665,3.45E-07,23:32,2,180912,0,
2018-09-12 23:33,,0.000258665,3.45E-07,23:33,2,180912,0,
2018-09-12 23:34,,0.000258665,3.45E-07,23:34,2,180912,0,
2018-09-12 23:35,,0.000258665,3.45E-07,23:35,2,180912,0,
2018-09-12 23:36,,0.000258665,3.45E-07,23:36,2,180912,0,
2018-09-12 23:37,,0.000258665,3.45E-07,23:37,2,180912,0,
2018-09-12 23:38,,0.000258665,3.45E-07,23:38,2,180912,0,
2018-09-12 23:39,,0.000258665,3.45E-07,23:39,2,180912,0,
2018-09-12 23:40,,0.000258665,3.45E-07,23:40,2,180912,0,
2018-09-12 23:41,,0.000258665,3.45E-07,23:41,2,180912,0,
2018-09-12 23:42,,0.000258665,3.45E-07,23:42,2,180912,0,
2018-09-12 23:43,,0.000258665,3.45E-07,23:43,2,180912,0,
2018-09-12 23:44,,0.000258665,3.45E-07,23:44,2,180912,0,
2018-09-12 23:45,,0.000258665,3.45E-07,23:45,2,180912,0,
2018-09-12 23:46,,0.000258665,3.45E-07,23:46,2,180912,0,
2018-09-12 23:47,,0.000258665,3.45E-07,23:47,2,180912,0,
2018-09-12 23:48,,0.000258665,3.45E-07,23:48,2,180912,0,
2018-09-12 23:49,,0.000258665,3.45E-07,23:49,2,180912,0,
2018-09-12 23:50,,0.000258665,3.45E-07,23:50,2,180912,0,
2018-09-12 23:51,,0.000258665,3.45E-07,23:51,2,180912,0,
2018-09-12 23:52,,0.000258665,3.45E-07,23:52,2,180912,0,
2018-09-12 23:53,,0.000258665,3.45E-07,23:53,2,180912,0,
2018-09-12 23:54,,0.000258665,3.45E-07,23:54,2,180912,0,
2018-09-12 23:55,,0.000258665,3.45E-07,23:55,2,180912,0,
2018-09-12 23:56,,0.000258665,3.45E-07,23:56,2,180912,0,
2018-09-12 23:57,,0.000258665,3.45E-07,23:57,2,180912,0,
2018-09-12 23:58,,0.000258665,3.45E-07,23:58,2,180912,0,
2018-09-12 23:59,,0.000258665,3.45E-07,23:59,2,180912,0,
2018-09-13 0:00,,0.000258665,3.45E-07,0:00,3,180913,0,
2018-09-13 0:01,,0.000258665,3.45E-07,0:01,3,180913,0,
2018-09-13 0:02,,0.000258665,3.45E-07,0:02,3,180913,0,
2018-09-13 0:03,,0.000258665,3.45E-07,0:03,3,180913,0,
2018-09-13 0:04,,0.000258665,3.45E-07,0:04,3,180913,0,
2018-09-13 0:05,,0.000258665,3.45E-07,0:05,3,180913,0,
2018-09-13 0:06,,0.000258665,3.45E-07,0:06,3,180913,0,
2018-09-13 0:07,,0.000258665,3.45E-07,0:07,3,180913,0,
2018-09-13 0:08,,0.000258665,3.45E-07,0:08,3,180913,0,
2018-09-13 0:09,,0.000258665,3.45E-07,0:09,3,180913,0,
2018-09-13 0:10,,0.000258665,3.45E-07,0:10,3,180913,0,
2018-09-13 0:11,,0.000258665,3.45E-07,0:11,3,180913,0,
2018-09-13 0:12,,0.000258665,3.45E-07,0:12,3,180913,0,
2018-09-13 0:13,,0.000258665,3.45E-07,0:13,3,180913,0,
2018-09-13 0:14,,0.000258665,3.45E-07,0:14,3,180913,0,
2018-09-13 0:15,,0.000258665,3.45E-07,0:15,3,180913,0,
2018-09-13 0:16,,0.000258665,3.45E-07,0:16,3,180913,0,
2018-09-13 0:17,,0.000258665,3.45E-07,0:17,3,180913,0,
2018-09-13 0:18,,0.000258665,3.45E-07,0:18,3,180913,0,
2018-09-13 0:19,,0.000258665,3.45E-07,0:19,3,180913,0,
2018-09-13 0:20,,0.000258665,3.45E-07,0:20,3,180913,0,
2018-09-13 0:21,,0.000258665,3.45E-07,0:21,3,180913,0,
2018-09-13 0:22,,0.000258665,3.45E-07,0:22,3,180913,0,
2018-09-13 0:23,,0.000258665,3.45E-07,0:23,3,180913,0,
2018-09-13 0:24,,0.000258665,3.45E-07,0:24,3,180913,0,
2018-09-13 0:25,,0.000258665,3.45E-07,0:25,3,180913,0,
2018-09-13 0:26,,0.000258665,3.45E-07,0:26,3,180913,0,
2018-09-13 0:27,,0.000258665,3.45E-07,0:27,3,180913,0,
2018-09-13 0:28,,0.000258665,3.45E-07,0:28,3,180913,0,
2018-09-13 0:29,,0.000258665,3.45E-07,0:29,3,180913,0,
2018-09-13 0:30,,0.000258665,3.45E-07,0:30,3,180913,0,
2018-09-13 0:31,,0.000258665,3.45E-07,0:31,3,180913,0,
2018-09-13 0:32,,0.000258665,3.45E-07,0:32,3,180913,0,
2018-09-13 0:33,,0.000258665,3.45E-07,0:33,3,180913,0,
2018-09-13 0:34,,0.000258665,3.45E-07,0:34,3,180913,0,
2018-09-13 0:35,,0.000258665,3.45E-07,0:35,3,180913,0,
2018-09-13 0:36,,0.000258665,3.45E-07,0:36,3,180913,0,
2018-09-13 0:37,,0.000258665,3.45E-07,0:37,3,180913,0,
2018-09-13 0:38,,0.000258665,3.45E-07,0:38,3,180913,0,
2018-09-13 0:39,,0.000258665,3.45E-07,0:39,3,180913,0,
2018-09-13 0:40,,0.000258665,3.45E-07,0:40,3,180913,0,
2018-09-13 0:41,,0.000258665,3.45E-07,0:41,3,180913,0,
2018-09-13 0:42,,0.000258665,3.45E-07,0:42,3,180913,0,
2018-09-13 0:43,,0.000258665,3.45E-07,0:43,3,180913,0,
2018-09-13 0:44,,0.000258665,3.45E-07,0:44,3,180913,0,
2018-09-13 0:45,,0.000258665,3.45E-07,0:45,3,180913,0,
2018-09-13 0:46,,0.000258665,3.45E-07,0:46,3,180913,0,
2018-09-13 0:47,,0.000258665,3.45E-07,0:47,3,180913,0,
2018-09-13 0:48,,0.000258665,3.45E-07,0:48,3,180913,0,
2018-09-13 0:49,,0.000258665,3.45E-07,0:49,3,180913,0,
2018-09-13 0:50,,0.000258665,3.45E-07,0:50,3,180913,0,
2018-09-13 0:51,,0.000258665,3.45E-07,0:51,3,180913,0,
2018-09-13 0:52,,0.000258665,3.45E-07,0:52,3,180913,0,
2018-09-13 0:53,,0.000258665,3.45E-07,0:53,3,180913,0,
2018-09-13 0:54,,0.000258665,3.45E-07,0:54,3,180913,0,
2018-09-13 0:55,,0.000258665,3.45E-07,0:55,3,180913,0,
2018-09-13 0:56,,0.000258665,3.45E-07,0:56,3,180913,0,
2018-09-13 0:57,,0.000258665,3.45E-07,0:57,3,180913,0,
2018-09-13 0:58,,0.000258665,3.45E-07,0:58,3,180913,0,
2018-09-13 0:59,,0.000258665,3.45E-07,0:59,3,180913,0,
2018-09-13 1:00,,0.000258665,3.45E-07,1:00,3,180913,0,
2018-09-13 1:01,,0.000258665,3.45E-07,1:01,3,180913,0,
2018-09-13 1:02,,0.000258665,3.45E-07,1:02,3,180913,0,
2018-09-13 1:03,,0.000258665,3.45E-07,1:03,3,180913,0,
2018-09-13 1:04,,0.000258665,3.45E-07,1:04,3,180913,0,
2018-09-13 1:05,,0.000258665,3.45E-07,1:05,3,180913,0,
2018-09-13 1:06,,0.000258665,3.45E-07,1:06,3,180913,0,
2018-09-13 1:07,,0.000258665,3.45E-07,1:07,3,180913,0,
2018-09-13 1:08,,0.000258665,3.45E-07,1:08,3,180913,0,
2018-09-13 1:09,,0.000258665,3.45E-07,1:09,3,180913,0,
2018-09-13 1:10,,0.000258665,3.45E-07,1:10,3,180913,0,
2018-09-13 1:11,,0.000258665,3.45E-07,1:11,3,180913,0,
2018-09-13 1:12,,0.000258665,3.45E-07,1:12,3,180913,0,
2018-09-13 1:13,,0.000258665,3.45E-07,1:13,3,180913,0,
2018-09-13 1:14,,0.000258665,3.45E-07,1:14,3,180913,0,
2018-09-13 1:15,,0.000258665,3.45E-07,1:15,3,180913,0,
2018-09-13 1:16,,0.000258665,3.45E-07,1:16,3,180913,0,
2018-09-13 1:17,,0.000258665,3.45E-07,1:17,3,180913,0,
2018-09-13 1:18,,0.000258665,3.45E-07,1:18,3,180913,0,
2018-09-13 1:19,,0.000258665,3.45E-07,1:19,3,180913,0,
2018-09-13 1:20,,0.000258665,3.45E-07,1:20,3,180913,0,
2018-09-13 1:21,,0.000258665,3.45E-07,1:21,3,180913,0,
2018-09-13 1:22,,0.000258665,3.45E-07,1:22,3,180913,0,
2018-09-13 1:23,,0.000258665,3.45E-07,1:23,3,180913,0,
2018-09-13 1:24,,0.000258665,3.45E-07,1:24,3,180913,0,
2018-09-13 1:25,,0.000258665,3.45E-07,1:25,3,180913,0,
2018-09-13 1:26,,0.000258665,3.45E-07,1:26,3,180913,0,
2018-09-13 1:27,,0.000258665,3.45E-07,1:27,3,180913,0,
2018-09-13 1:28,,0.000258665,3.45E-07,1:28,3,180913,0,
2018-09-13 1:29,,0.000258665,3.45E-07,1:29,3,180913,0,
2018-09-13 1:30,,0.000258665,3.45E-07,1:30,3,180913,0,
2018-09-13 1:31,,0.000258665,3.45E-07,1:31,3,180913,0,
2018-09-13 1:32,,0.000258665,3.45E-07,1:32,3,180913,0,
2018-09-13 1:33,,0.000258665,3.45E-07,1:33,3,180913,0,
2018-09-13 1:34,,0.000258665,3.45E-07,1:34,3,180913,0,
2018-09-13 1:35,,0.000258665,3.45E-07,1:35,3,180913,0,
2018-09-13 1:36,,0.000258665,3.45E-07,1:36,3,180913,0,
2018-09-13 1:37,,0.000258665,3.45E-07,1:37,3,180913,0,
2018-09-13 1:38,,0.000258665,3.45E-07,1:38,3,180913,0,
2018-09-13 1:39,,0.000258665,3.45E-07,1:39,3,180913,0,
2018-09-13 1:40,,0.000258665,3.45E-07,1:40,3,180913,0,
2018-09-13 1:41,,0.000258665,3.45E-07,1:41,3,180913,0,
2018-09-13 1:42,,0.000258665,3.45E-07,1:42,3,180913,0,
2018-09-13 1:43,,0.000258665,3.45E-07,1:43,3,180913,0,
2018-09-13 1:44,,0.000258665,3.45E-07,1:44,3,180913,0,
2018-09-13 1:45,,0.000258665,3.45E-07,1:45,3,180913,0,
2018-09-13 1:46,,0.000258665,3.45E-07,1:46,3,180913,0,
2018-09-13 1:47,,0.000258665,3.45E-07,1:47,3,180913,0,
2018-09-13 1:48,,0.000258665,3.45E-07,1:48,3,180913,0,
2018-09-13 1:49,,0.000258665,3.45E-07,1:49,3,180913,0,
2018-09-13 1:50,,0.000258665,3.45E-07,1:50,3,180913,0,
2018-09-13 1:51,,0.000258665,3.45E-07,1:51,3,180913,0,
2018-09-13 1:52,,0.000258665,3.45E-07,1:52,3,180913,0,
2018-09-13 1:53,,0.000258665,3.45E-07,1:53,3,180913,0,
2018-09-13 1:54,,0.000258665,3.45E-07,1:54,3,180913,0,
2018-09-13 1:55,,0.000258665,3.45E-07,1:55,3,180913,0,
2018-09-13 1:56,,0.000258665,3.45E-07,1:56,3,180913,0,
2018-09-13 1:57,,0.000258665,3.45E-07,1:57,3,180913,0,
2018-09-13 1:58,,0.000258665,3.45E-07,1:58,3,180913,0,
2018-09-13 1:59,,0.000258665,3.45E-07,1:59,3,180913,0,
2018-09-13 2:00,,0.000258665,3.45E-07,2:00,3,180913,0,
2018-09-13 2:01,,0.000258665,3.45E-07,2:01,3,180913,0,
2018-09-13 2:02,,0.000258665,3.45E-07,2:02,3,180913,0,
2018-09-13 2:03,,0.000258665,3.45E-07,2:03,3,180913,0,
2018-09-13 2:04,,0.000258665,3.45E-07,2:04,3,180913,0,
2018-09-13 2:05,,0.000258665,3.45E-07,2:05,3,180913,0,
2018-09-13 2:06,,0.000258665,3.45E-07,2:06,3,180913,0,
2018-09-13 2:07,,0.000258665,3.45E-07,2:07,3,180913,0,
2018-09-13 2:08,,0.000258665,3.45E-07,2:08,3,180913,0,
2018-09-13 2:09,,0.000258665,3.45E-07,2:09,3,180913,0,
2018-09-13 2:10,,0.000258665,3.45E-07,2:10,3,180913,0,
2018-09-13 2:11,,0.000258665,3.45E-07,2:11,3,180913,0,
2018-09-13 2:12,,0.000258665,3.45E-07,2:12,3,180913,0,
2018-09-13 2:13,,0.000258665,3.45E-07,2:13,3,180913,0,
2018-09-13 2:14,,0.000258665,3.45E-07,2:14,3,180913,0,
2018-09-13 2:15,,0.000258665,3.45E-07,2:15,3,180913,0,
2018-09-13 2:16,,0.000258665,3.45E-07,2:16,3,180913,0,
2018-09-13 2:17,,0.000258665,3.45E-07,2:17,3,180913,0,
2018-09-13 2:18,,0.000258665,3.45E-07,2:18,3,180913,0,
2018-09-13 2:19,,0.000258665,3.45E-07,2:19,3,180913,0,
2018-09-13 2:20,,0.000258665,3.45E-07,2:20,3,180913,0,
2018-09-13 2:21,,0.000258665,3.45E-07,2:21,3,180913,0,
2018-09-13 2:22,,0.000258665,3.45E-07,2:22,3,180913,0,
2018-09-13 2:23,,0.000258665,3.45E-07,2:23,3,180913,0,
2018-09-13 2:24,,0.000258665,3.45E-07,2:24,3,180913,0,
2018-09-13 2:25,,0.000258665,3.45E-07,2:25,3,180913,0,
2018-09-13 2:26,,0.000258665,3.45E-07,2:26,3,180913,0,
2018-09-13 2:27,,0.000258665,3.45E-07,2:27,3,180913,0,
2018-09-13 2:28,,0.000258665,3.45E-07,2:28,3,180913,0,
2018-09-13 2:29,,0.000258665,3.45E-07,2:29,3,180913,0,
2018-09-13 2:30,,0.000258665,3.45E-07,2:30,3,180913,0,
2018-09-13 2:31,,0.000258665,3.45E-07,2:31,3,180913,0,
2018-09-13 2:32,,0.000258665,3.45E-07,2:32,3,180913,0,
2018-09-13 2:33,,0.000258665,3.45E-07,2:33,3,180913,0,
2018-09-13 2:34,,0.000258665,3.45E-07,2:34,3,180913,0,
2018-09-13 2:35,,0.000258665,3.45E-07,2:35,3,180913,0,
2018-09-13 2:36,,0.000258665,3.45E-07,2:36,3,180913,0,
2018-09-13 2:37,,0.000258665,3.45E-07,2:37,3,180913,0,
2018-09-13 2:38,,0.000258665,3.45E-07,2:38,3,180913,0,
2018-09-13 2:39,,0.000258665,3.45E-07,2:39,3,180913,0,
2018-09-13 2:40,,0.000258665,3.45E-07,2:40,3,180913,0,
2018-09-13 2:41,,0.000258665,3.45E-07,2:41,3,180913,0,
2018-09-13 2:42,,0.000258665,3.45E-07,2:42,3,180913,0,
2018-09-13 2:43,,0.000258665,3.45E-07,2:43,3,180913,0,
2018-09-13 2:44,,0.000258665,3.45E-07,2:44,3,180913,0,
2018-09-13 2:45,,0.000258665,3.45E-07,2:45,3,180913,0,
2018-09-13 2:46,,0.000258665,3.45E-07,2:46,3,180913,0,
2018-09-13 2:47,,0.000258665,3.45E-07,2:47,3,180913,0,
2018-09-13 2:48,,0.000258665,3.45E-07,2:48,3,180913,0,
2018-09-13 2:49,,0.000258665,3.45E-07,2:49,3,180913,0,
2018-09-13 2:50,,0.000258665,3.45E-07,2:50,3,180913,0,
2018-09-13 2:51,,0.000258665,3.45E-07,2:51,3,180913,0,
2018-09-13 2:52,,0.000258665,3.45E-07,2:52,3,180913,0,
2018-09-13 2:53,,0.000258665,3.45E-07,2:53,3,180913,0,
2018-09-13 2:54,,0.000258665,3.45E-07,2:54,3,180913,0,
2018-09-13 2:55,,0.000258665,3.45E-07,2:55,3,180913,0,
2018-09-13 2:56,,0.000258665,3.45E-07,2:56,3,180913,0,
2018-09-13 2:57,,0.000258665,3.45E-07,2:57,3,180913,0,
2018-09-13 2:58,,0.000258665,3.45E-07,2:58,3,180913,0,
2018-09-13 2:59,,0.000258665,3.45E-07,2:59,3,180913,0,
2018-09-13 3:00,,0.000258665,3.45E-07,3:00,3,180913,0,
2018-09-13 3:01,,0.000258665,3.45E-07,3:01,3,180913,0,
2018-09-13 3:02,,0.000258665,3.45E-07,3:02,3,180913,0,
2018-09-13 3:03,,0.000258665,3.45E-07,3:03,3,180913,0,
2018-09-13 3:04,,0.000258665,3.45E-07,3:04,3,180913,0,
2018-09-13 3:05,,0.000258665,3.45E-07,3:05,3,180913,0,
2018-09-13 3:06,,0.000258665,3.45E-07,3:06,3,180913,0,
2018-09-13 3:07,,0.000258665,3.45E-07,3:07,3,180913,0,
2018-09-13 3:08,,0.000258665,3.45E-07,3:08,3,180913,0,
2018-09-13 3:09,,0.000258665,3.45E-07,3:09,3,180913,0,
2018-09-13 3:10,,0.000258665,3.45E-07,3:10,3,180913,0,
2018-09-13 3:11,,0.000258665,3.45E-07,3:11,3,180913,0,
2018-09-13 3:12,,0.000258665,3.45E-07,3:12,3,180913,0,
2018-09-13 3:13,,0.000258665,3.45E-07,3:13,3,180913,0,
2018-09-13 3:14,,0.000258665,3.45E-07,3:14,3,180913,0,
2018-09-13 3:15,,0.000258665,3.45E-07,3:15,3,180913,0,
2018-09-13 3:16,,0.000258665,3.45E-07,3:16,3,180913,0,
2018-09-13 3:17,,0.000258665,3.45E-07,3:17,3,180913,0,
2018-09-13 3:18,,0.000258665,3.45E-07,3:18,3,180913,0,
2018-09-13 3:19,,0.000258665,3.45E-07,3:19,3,180913,0,
2018-09-13 3:20,,0.000258665,3.45E-07,3:20,3,180913,0,
2018-09-13 3:21,,0.000258665,3.45E-07,3:21,3,180913,0,
2018-09-13 3:22,,0.000258665,3.45E-07,3:22,3,180913,0,
2018-09-13 3:23,,0.000258665,3.45E-07,3:23,3,180913,0,
2018-09-13 3:24,,0.000258665,3.45E-07,3:24,3,180913,0,
2018-09-13 3:25,,0.000258665,3.45E-07,3:25,3,180913,0,
2018-09-13 3:26,,0.000258665,3.45E-07,3:26,3,180913,0,
2018-09-13 3:27,,0.000258665,3.45E-07,3:27,3,180913,0,
2018-09-13 3:28,,0.000258665,3.45E-07,3:28,3,180913,0,
2018-09-13 3:29,,0.000258665,3.45E-07,3:29,3,180913,0,
2018-09-13 3:30,,0.000258665,3.45E-07,3:30,3,180913,0,
2018-09-13 3:31,,0.000258665,3.45E-07,3:31,3,180913,0,
2018-09-13 3:32,,0.000258665,3.45E-07,3:32,3,180913,0,
2018-09-13 3:33,,0.000258665,3.45E-07,3:33,3,180913,0,
2018-09-13 3:34,,0.000258665,3.45E-07,3:34,3,180913,0,
2018-09-13 3:35,,0.000258665,3.45E-07,3:35,3,180913,0,
2018-09-13 3:36,,0.000258665,3.45E-07,3:36,3,180913,0,
2018-09-13 3:37,,0.000258665,3.45E-07,3:37,3,180913,0,
2018-09-13 3:38,,0.000258665,3.45E-07,3:38,3,180913,0,
2018-09-13 3:39,,0.000258665,3.45E-07,3:39,3,180913,0,
2018-09-13 3:40,,0.000258665,3.45E-07,3:40,3,180913,0,
2018-09-13 3:41,,0.000258665,3.45E-07,3:41,3,180913,0,
2018-09-13 3:42,,0.000258665,3.45E-07,3:42,3,180913,0,
2018-09-13 3:43,,0.000258665,3.45E-07,3:43,3,180913,0,
2018-09-13 3:44,,0.000258665,3.45E-07,3:44,3,180913,0,
2018-09-13 3:45,,0.000258665,3.45E-07,3:45,3,180913,0,
2018-09-13 3:46,,0.000258665,3.45E-07,3:46,3,180913,0,
2018-09-13 3:47,,0.000258665,3.45E-07,3:47,3,180913,0,
2018-09-13 3:48,,0.000258665,3.45E-07,3:48,3,180913,0,
2018-09-13 3:49,,0.000258665,3.45E-07,3:49,3,180913,0,
2018-09-13 3:50,,0.000258665,3.45E-07,3:50,3,180913,0,
2018-09-13 3:51,,0.000258665,3.45E-07,3:51,3,180913,0,
2018-09-13 3:52,,0.000258665,3.45E-07,3:52,3,180913,0,
2018-09-13 3:53,,0.000258665,3.45E-07,3:53,3,180913,0,
2018-09-13 3:54,,0.000258665,3.45E-07,3:54,3,180913,0,
2018-09-13 3:55,,0.000258665,3.45E-07,3:55,3,180913,0,
2018-09-13 3:56,,0.000258665,3.45E-07,3:56,3,180913,0,
2018-09-13 3:57,,0.000258665,3.45E-07,3:57,3,180913,0,
2018-09-13 3:58,,0.000258665,3.45E-07,3:58,3,180913,0,
2018-09-13 3:59,,0.000258665,3.45E-07,3:59,3,180913,0,
2018-09-13 4:00,,0.000258665,3.45E-07,4:00,3,180913,0,
2018-09-13 4:01,,0.000258665,3.45E-07,4:01,3,180913,0,
2018-09-13 4:02,,0.000258665,3.45E-07,4:02,3,180913,0,
2018-09-13 4:03,,0.000258665,3.45E-07,4:03,3,180913,0,
2018-09-13 4:04,,0.000258665,3.45E-07,4:04,3,180913,0,
2018-09-13 4:05,,0.000258665,3.45E-07,4:05,3,180913,0,
2018-09-13 4:06,,0.000258665,3.45E-07,4:06,3,180913,0,
2018-09-13 4:07,,0.000258665,3.45E-07,4:07,3,180913,0,
2018-09-13 4:08,,0.000258665,3.45E-07,4:08,3,180913,0,
2018-09-13 4:09,,0.000258665,3.45E-07,4:09,3,180913,0,
2018-09-13 4:10,,0.000258665,3.45E-07,4:10,3,180913,0,
2018-09-13 4:11,,0.000258665,3.45E-07,4:11,3,180913,0,
2018-09-13 4:12,,0.000258665,3.45E-07,4:12,3,180913,0,
2018-09-13 4:13,,0.000258665,3.45E-07,4:13,3,180913,0,
2018-09-13 4:14,,0.000258665,3.45E-07,4:14,3,180913,0,
2018-09-13 4:15,,0.000258665,3.45E-07,4:15,3,180913,0,
2018-09-13 4:16,,0.000258665,3.45E-07,4:16,3,180913,0,
2018-09-13 4:17,,0.000258665,3.45E-07,4:17,3,180913,0,
2018-09-13 4:18,,0.000258665,3.45E-07,4:18,3,180913,0,
2018-09-13 4:19,,0.000258665,3.45E-07,4:19,3,180913,0,
2018-09-13 4:20,,0.000258665,3.45E-07,4:20,3,180913,0,
2018-09-13 4:21,,0.000258665,3.45E-07,4:21,3,180913,0,
2018-09-13 4:22,,0.000258665,3.45E-07,4:22,3,180913,0,
2018-09-13 4:23,,0.000258665,3.45E-07,4:23,3,180913,0,
2018-09-13 4:24,,0.000258665,3.45E-07,4:24,3,180913,0,
2018-09-13 4:25,,0.000258665,3.45E-07,4:25,3,180913,0,
2018-09-13 4:26,,0.000258665,3.45E-07,4:26,3,180913,0,
2018-09-13 4:27,,0.000258665,3.45E-07,4:27,3,180913,0,
2018-09-13 4:28,,0.000258665,3.45E-07,4:28,3,180913,0,
2018-09-13 4:29,,0.000258665,3.45E-07,4:29,3,180913,0,
2018-09-13 4:30,,0.000258665,3.45E-07,4:30,3,180913,0,
2018-09-13 4:31,,0.000258665,3.45E-07,4:31,3,180913,0,
2018-09-13 4:32,,0.000258665,3.45E-07,4:32,3,180913,0,
2018-09-13 4:33,,0.000258665,3.45E-07,4:33,3,180913,0,
2018-09-13 4:34,,0.000258665,3.45E-07,4:34,3,180913,0,
2018-09-13 4:35,,0.000258665,3.45E-07,4:35,3,180913,0,
2018-09-13 4:36,,0.000258665,3.45E-07,4:36,3,180913,0,
2018-09-13 4:37,,0.000258665,3.45E-07,4:37,3,180913,0,
2018-09-13 4:38,,0.000258665,3.45E-07,4:38,3,180913,0,
2018-09-13 4:39,,0.000258665,3.45E-07,4:39,3,180913,0,
2018-09-13 4:40,,0.000258665,3.45E-07,4:40,3,180913,0,
2018-09-13 4:41,,0.000258665,3.45E-07,4:41,3,180913,0,
2018-09-13 4:42,,0.000258665,3.45E-07,4:42,3,180913,0,
2018-09-13 4:43,,0.000258665,3.45E-07,4:43,3,180913,0,
2018-09-13 4:44,,0.000258665,3.45E-07,4:44,3,180913,0,
2018-09-13 4:45,,0.000258665,3.45E-07,4:45,3,180913,0,
2018-09-13 4:46,,0.000258665,3.45E-07,4:46,3,180913,0,
2018-09-13 4:47,,0.000258665,3.45E-07,4:47,3,180913,0,
2018-09-13 4:48,,0.000258665,3.45E-07,4:48,3,180913,0,
2018-09-13 4:49,,0.000258665,3.45E-07,4:49,3,180913,0,
2018-09-13 4:50,,0.000258665,3.45E-07,4:50,3,180913,0,
2018-09-13 4:51,,0.000258665,3.45E-07,4:51,3,180913,0,
2018-09-13 4:52,,0.000258665,3.45E-07,4:52,3,180913,0,
2018-09-13 4:53,,0.000258665,3.45E-07,4:53,3,180913,0,
2018-09-13 4:54,,0.000258665,3.45E-07,4:54,3,180913,0,
2018-09-13 4:55,,0.000258665,3.45E-07,4:55,3,180913,0,
2018-09-13 4:56,,0.000258665,3.45E-07,4:56,3,180913,0,
2018-09-13 4:57,,0.000258665,3.45E-07,4:57,3,180913,0,
2018-09-13 4:58,,0.000258665,3.45E-07,4:58,3,180913,0,
2018-09-13 4:59,,0.000258665,3.45E-07,4:59,3,180913,0,
2018-09-13 5:00,,0.000258665,3.45E-07,5:00,3,180913,0,
2018-09-13 5:01,,0.000258665,3.45E-07,5:01,3,180913,0,
2018-09-13 5:02,,0.000258665,3.45E-07,5:02,3,180913,0,
2018-09-13 5:03,,0.000258665,3.45E-07,5:03,3,180913,0,
2018-09-13 5:04,,0.000258665,3.45E-07,5:04,3,180913,0,
2018-09-13 5:05,,0.000258665,3.45E-07,5:05,3,180913,0,
2018-09-13 5:06,,0.000258665,3.45E-07,5:06,3,180913,0,
2018-09-13 5:07,,0.000258665,3.45E-07,5:07,3,180913,0,
2018-09-13 5:08,,0.000258665,3.45E-07,5:08,3,180913,0,
2018-09-13 5:09,,0.000258665,3.45E-07,5:09,3,180913,0,
2018-09-13 5:10,,0.000258665,3.45E-07,5:10,3,180913,0,
2018-09-13 5:11,,0.000258665,3.45E-07,5:11,3,180913,0,
2018-09-13 5:12,,0.000258665,3.45E-07,5:12,3,180913,0,
2018-09-13 5:13,,0.000258665,3.45E-07,5:13,3,180913,0,
2018-09-13 5:14,,0.000258665,3.45E-07,5:14,3,180913,0,
2018-09-13 5:15,,0.000258665,3.45E-07,5:15,3,180913,0,
2018-09-13 5:16,,0.000258665,3.45E-07,5:16,3,180913,0,
2018-09-13 5:17,,0.000258665,3.45E-07,5:17,3,180913,0,
2018-09-13 5:18,,0.000258665,3.45E-07,5:18,3,180913,0,
2018-09-13 5:19,,0.000258665,3.45E-07,5:19,3,180913,0,
2018-09-13 5:20,,0.000258665,3.45E-07,5:20,3,180913,0,
2018-09-13 5:21,,0.000258665,3.45E-07,5:21,3,180913,0,
2018-09-13 5:22,,0.000258665,3.45E-07,5:22,3,180913,0,
2018-09-13 5:23,,0.000258665,3.45E-07,5:23,3,180913,0,
2018-09-13 5:24,,0.000258665,3.45E-07,5:24,3,180913,0,
2018-09-13 5:25,,0.000258665,3.45E-07,5:25,3,180913,0,
2018-09-13 5:26,,0.000258665,3.45E-07,5:26,3,180913,0,
2018-09-13 5:27,,0.000258665,3.45E-07,5:27,3,180913,0,
2018-09-13 5:28,,0.000258665,3.45E-07,5:28,3,180913,0,
2018-09-13 5:29,,0.000258665,3.45E-07,5:29,3,180913,0,
2018-09-13 5:30,,0.000258665,3.45E-07,5:30,3,180913,0,
2018-09-13 5:31,,0.000258665,3.45E-07,5:31,3,180913,0,
2018-09-13 5:32,,0.000258665,3.45E-07,5:32,3,180913,0,
2018-09-13 5:33,,0.000258665,3.45E-07,5:33,3,180913,0,
2018-09-13 5:34,,0.000258665,3.45E-07,5:34,3,180913,0,
2018-09-13 5:35,,0.000258665,3.45E-07,5:35,3,180913,0,
2018-09-13 5:36,,0.000258665,3.45E-07,5:36,3,180913,0,
2018-09-13 5:37,,0.000258665,3.45E-07,5:37,3,180913,0,
2018-09-13 5:38,,0.000258665,3.45E-07,5:38,3,180913,0,
2018-09-13 5:39,,0.000258665,3.45E-07,5:39,3,180913,0,
2018-09-13 5:40,,0.000258665,3.45E-07,5:40,3,180913,0,
2018-09-13 5:41,,0.000258665,3.45E-07,5:41,3,180913,0,
2018-09-13 5:42,,0.000258665,3.45E-07,5:42,3,180913,0,
2018-09-13 5:43,,0.000258665,3.45E-07,5:43,3,180913,0,
2018-09-13 5:44,,0.000258665,3.45E-07,5:44,3,180913,0,
2018-09-13 5:45,,0.000258665,3.45E-07,5:45,3,180913,0,
2018-09-13 5:46,,0.000258665,3.45E-07,5:46,3,180913,0,
2018-09-13 5:47,,0.000258665,3.45E-07,5:47,3,180913,0,
2018-09-13 5:48,,0.000258665,3.45E-07,5:48,3,180913,0,
2018-09-13 5:49,,0.000258665,3.45E-07,5:49,3,180913,0,
2018-09-13 5:50,,0.000258665,3.45E-07,5:50,3,180913,0,
2018-09-13 5:51,,0.000258665,3.45E-07,5:51,3,180913,0,
2018-09-13 5:52,,0.000258665,3.45E-07,5:52,3,180913,0,
2018-09-13 5:53,,0.000258665,3.45E-07,5:53,3,180913,0,
2018-09-13 5:54,,0.000258665,3.45E-07,5:54,3,180913,0,
2018-09-13 5:55,,0.000258665,3.45E-07,5:55,3,180913,0,
2018-09-13 5:56,,0.000258665,3.45E-07,5:56,3,180913,0,
2018-09-13 5:57,,0.000258665,3.45E-07,5:57,3,180913,0,
2018-09-13 5:58,,0.000258665,3.45E-07,5:58,3,180913,0,
2018-09-13 5:59,,0.000258665,3.45E-07,5:59,3,180913,0,
2018-09-13 6:00,,0.000258665,3.45E-07,6:00,3,180913,0,
2018-09-13 6:01,,0.000258665,3.45E-07,6:01,3,180913,0,
2018-09-13 6:02,,0.000258665,3.45E-07,6:02,3,180913,0,
2018-09-13 6:03,,0.000258665,3.45E-07,6:03,3,180913,0,
2018-09-13 6:04,,0.000258665,3.45E-07,6:04,3,180913,0,
2018-09-13 6:05,,0.000258665,3.45E-07,6:05,3,180913,0,
2018-09-13 6:06,,0.000258665,3.45E-07,6:06,3,180913,0,
2018-09-13 6:07,,0.000258665,3.45E-07,6:07,3,180913,0,
2018-09-13 6:08,,0.000258665,3.45E-07,6:08,3,180913,0,
2018-09-13 6:09,,0.000258665,3.45E-07,6:09,3,180913,0,
2018-09-13 6:10,,0.000258665,3.45E-07,6:10,3,180913,0,
2018-09-13 6:11,,0.000258665,3.45E-07,6:11,3,180913,0,
2018-09-13 6:12,,0.000258665,3.45E-07,6:12,3,180913,0,
2018-09-13 6:13,,0.000258665,3.45E-07,6:13,3,180913,0,
2018-09-13 6:14,,0.000258665,3.45E-07,6:14,3,180913,0,
2018-09-13 6:15,,0.000258665,3.45E-07,6:15,3,180913,0,
2018-09-13 6:16,,0.000258665,3.45E-07,6:16,3,180913,0,
2018-09-13 6:17,,0.000258665,3.45E-07,6:17,3,180913,0,
2018-09-13 6:18,,0.000258665,3.45E-07,6:18,3,180913,0,
2018-09-13 6:19,,0.000258665,3.45E-07,6:19,3,180913,0,
2018-09-13 6:20,,0.000258665,3.45E-07,6:20,3,180913,0,
2018-09-13 6:21,,0.000258665,3.45E-07,6:21,3,180913,0,
2018-09-13 6:22,,0.000258665,3.45E-07,6:22,3,180913,0,
2018-09-13 6:23,,0.000258665,3.45E-07,6:23,3,180913,0,
2018-09-13 6:24,,0.000258665,3.45E-07,6:24,3,180913,0,
2018-09-13 6:25,,0.000258665,3.45E-07,6:25,3,180913,0,
2018-09-13 6:26,,0.000258665,3.45E-07,6:26,3,180913,0,
2018-09-13 6:27,,0.000258665,3.45E-07,6:27,3,180913,0,
2018-09-13 6:28,,0.000258665,3.45E-07,6:28,3,180913,0,
2018-09-13 6:29,,0.000258665,3.45E-07,6:29,3,180913,0,
2018-09-13 6:30,,0.000258665,3.45E-07,6:30,3,180913,0,
2018-09-13 6:31,,0.000258665,3.45E-07,6:31,3,180913,0,
2018-09-13 6:32,,0.000258665,3.45E-07,6:32,3,180913,0,
2018-09-13 6:33,,0.000258665,3.45E-07,6:33,3,180913,0,
2018-09-13 6:34,,0.000258665,3.45E-07,6:34,3,180913,0,
2018-09-13 6:35,,0.000258665,3.45E-07,6:35,3,180913,0,
2018-09-13 6:36,,0.000258665,3.45E-07,6:36,3,180913,0,
2018-09-13 6:37,,0.000258665,3.45E-07,6:37,3,180913,0,
2018-09-13 6:38,,0.000258665,3.45E-07,6:38,3,180913,0,
2018-09-13 6:39,,0.000258665,3.45E-07,6:39,3,180913,0,
2018-09-13 6:40,,0.000258665,3.45E-07,6:40,3,180913,0,
2018-09-13 6:41,,0.000258665,3.45E-07,6:41,3,180913,0,
2018-09-13 6:42,,0.000258665,3.45E-07,6:42,3,180913,0,
2018-09-13 6:43,,0.000258665,3.45E-07,6:43,3,180913,0,
2018-09-13 6:44,,0.000258665,3.45E-07,6:44,3,180913,0,
2018-09-13 6:45,,0.000258665,3.45E-07,6:45,3,180913,0,
2018-09-13 6:46,,0.000258665,3.45E-07,6:46,3,180913,0,
2018-09-13 6:47,,0.000258665,3.45E-07,6:47,3,180913,0,
2018-09-13 6:48,,0.000258665,3.45E-07,6:48,3,180913,0,
2018-09-13 6:49,,0.000258665,3.45E-07,6:49,3,180913,0,
2018-09-13 6:50,,0.000258665,3.45E-07,6:50,3,180913,0,
2018-09-13 6:51,,0.000258665,3.45E-07,6:51,3,180913,0,
2018-09-13 6:52,,0.000258665,3.45E-07,6:52,3,180913,0,
2018-09-13 6:53,,0.000258665,3.45E-07,6:53,3,180913,0,
2018-09-13 6:54,,0.000258665,3.45E-07,6:54,3,180913,0,
2018-09-13 6:55,,0.000258665,3.45E-07,6:55,3,180913,0,
2018-09-13 6:56,,0.000258665,3.45E-07,6:56,3,180913,0,
2018-09-13 6:57,,0.000258665,3.45E-07,6:57,3,180913,0,
2018-09-13 6:58,,0.000258665,3.45E-07,6:58,3,180913,0,
2018-09-13 6:59,,0.000258665,3.45E-07,6:59,3,180913,0,
2018-09-13 7:00,,0.000258665,3.45E-07,7:00,3,180913,0,
2018-09-13 7:01,,0.000258665,3.45E-07,7:01,3,180913,0,
2018-09-13 7:02,,0.000258665,3.45E-07,7:02,3,180913,0,
2018-09-13 7:03,,0.000258665,3.45E-07,7:03,3,180913,0,
2018-09-13 7:04,,0.000258665,3.45E-07,7:04,3,180913,0,
2018-09-13 7:05,,0.000258665,3.45E-07,7:05,3,180913,0,
2018-09-13 7:06,,0.000258665,3.45E-07,7:06,3,180913,0,
2018-09-13 7:07,,0.000258665,3.45E-07,7:07,3,180913,0,
2018-09-13 7:08,,0.000258665,3.45E-07,7:08,3,180913,0,
2018-09-13 7:09,,0.000258665,3.45E-07,7:09,3,180913,0,
2018-09-13 7:10,,0.000258665,3.45E-07,7:10,3,180913,0,
2018-09-13 7:11,,0.000258665,3.45E-07,7:11,3,180913,0,
2018-09-13 7:12,,0.000258665,3.45E-07,7:12,3,180913,0,
2018-09-13 7:13,,0.000258665,3.45E-07,7:13,3,180913,0,
2018-09-13 7:14,,0.000258665,3.45E-07,7:14,3,180913,0,
2018-09-13 7:15,,0.000258665,3.45E-07,7:15,3,180913,0,
2018-09-13 7:16,,0.000258665,3.45E-07,7:16,3,180913,0,
2018-09-13 7:17,,0.000258665,3.45E-07,7:17,3,180913,0,
2018-09-13 7:18,,0.000258665,3.45E-07,7:18,3,180913,0,
2018-09-13 7:19,,0.000258665,3.45E-07,7:19,3,180913,0,
2018-09-13 7:20,,0.000258665,3.45E-07,7:20,3,180913,0,
2018-09-13 7:21,,0.000258665,3.45E-07,7:21,3,180913,0,
2018-09-13 7:22,,0.000258665,3.45E-07,7:22,3,180913,0,
2018-09-13 7:23,,0.000258665,3.45E-07,7:23,3,180913,0,
2018-09-13 7:24,,0.000258665,3.45E-07,7:24,3,180913,0,
2018-09-13 7:25,,0.000258665,3.45E-07,7:25,3,180913,0,
2018-09-13 7:26,,0.000258665,3.45E-07,7:26,3,180913,0,
2018-09-13 7:27,,0.000258665,3.45E-07,7:27,3,180913,0,
2018-09-13 7:28,,0.000258665,3.45E-07,7:28,3,180913,0,
2018-09-13 7:29,,0.000258665,3.45E-07,7:29,3,180913,0,
2018-09-13 7:30,,0.000258665,3.45E-07,7:30,3,180913,0,
2018-09-13 7:31,,0.000258665,3.45E-07,7:31,3,180913,0,
2018-09-13 7:32,,0.000258665,3.45E-07,7:32,3,180913,0,
2018-09-13 7:33,,0.000258665,3.45E-07,7:33,3,180913,0,
2018-09-13 7:34,,0.000258665,3.45E-07,7:34,3,180913,0,
2018-09-13 7:35,,0.000258665,3.45E-07,7:35,3,180913,0,
2018-09-13 7:36,,0.000258665,3.45E-07,7:36,3,180913,0,
2018-09-13 7:37,,0.000258665,3.45E-07,7:37,3,180913,0,
2018-09-13 7:38,,0.000258665,3.45E-07,7:38,3,180913,0,
2018-09-13 7:39,,0.000258665,3.45E-07,7:39,3,180913,0,
2018-09-13 7:40,,0.000258665,3.45E-07,7:40,3,180913,0,
2018-09-13 7:41,,0.000258665,3.45E-07,7:41,3,180913,0,
2018-09-13 7:42,,0.000258665,3.45E-07,7:42,3,180913,0,
2018-09-13 7:43,,0.000258665,3.45E-07,7:43,3,180913,0,
2018-09-13 7:44,,0.000258665,3.45E-07,7:44,3,180913,0,
2018-09-13 7:45,,0.000258665,3.45E-07,7:45,3,180913,0,
2018-09-13 7:46,,0.000258665,3.45E-07,7:46,3,180913,0,
2018-09-13 7:47,,0.000258665,3.45E-07,7:47,3,180913,0,
2018-09-13 7:48,,0.000258665,3.45E-07,7:48,3,180913,0,
2018-09-13 7:49,,0.000258665,3.45E-07,7:49,3,180913,0,
2018-09-13 7:50,,0.000258665,3.45E-07,7:50,3,180913,0,
2018-09-13 7:51,,0.000258665,3.45E-07,7:51,3,180913,0,
2018-09-13 7:52,,0.000258665,3.45E-07,7:52,3,180913,0,
2018-09-13 7:53,,0.000258665,3.45E-07,7:53,3,180913,0,
2018-09-13 7:54,,0.000258665,3.45E-07,7:54,3,180913,0,
2018-09-13 7:55,,0.000258665,3.45E-07,7:55,3,180913,0,
2018-09-13 7:56,,0.000258665,3.45E-07,7:56,3,180913,0,
2018-09-13 7:57,,0.000258665,3.45E-07,7:57,3,180913,0,
2018-09-13 7:58,,0.000258665,3.45E-07,7:58,3,180913,0,
2018-09-13 7:59,,0.000258665,3.45E-07,7:59,3,180913,0,
2018-09-13 8:00,,0.000258665,3.45E-07,8:00,3,180913,0,
2018-09-13 8:01,,0.000258665,3.45E-07,8:01,3,180913,0,
2018-09-13 8:02,,0.000258665,3.45E-07,8:02,3,180913,0,
2018-09-13 8:03,,0.000258665,3.45E-07,8:03,3,180913,0,
2018-09-13 8:04,,0.000258665,3.45E-07,8:04,3,180913,0,
2018-09-13 8:05,,0.000258665,3.45E-07,8:05,3,180913,0,
2018-09-13 8:06,,0.000258665,3.45E-07,8:06,3,180913,0,
2018-09-13 8:07,,0.000258665,3.45E-07,8:07,3,180913,0,
2018-09-13 8:08,,0.000258665,3.45E-07,8:08,3,180913,0,
2018-09-13 8:09,,0.000258665,3.45E-07,8:09,3,180913,0,
2018-09-13 8:10,,0.000258665,3.45E-07,8:10,3,180913,0,
2018-09-13 8:11,,0.000258665,3.45E-07,8:11,3,180913,0,
2018-09-13 8:12,,0.000258665,3.45E-07,8:12,3,180913,0,
2018-09-13 8:13,,0.000258665,3.45E-07,8:13,3,180913,0,
2018-09-13 8:14,,0.000258665,3.45E-07,8:14,3,180913,0,
2018-09-13 8:15,,0.000258665,3.45E-07,8:15,3,180913,0,
2018-09-13 8:16,,0.000258665,3.45E-07,8:16,3,180913,0,
2018-09-13 8:17,,0.000258665,3.45E-07,8:17,3,180913,0,
2018-09-13 8:18,,0.000258665,3.45E-07,8:18,3,180913,0,
2018-09-13 8:19,,0.000258665,3.45E-07,8:19,3,180913,0,
2018-09-13 8:20,,0.000258665,3.45E-07,8:20,3,180913,0,
2018-09-13 8:21,,0.000258665,3.45E-07,8:21,3,180913,0,
2018-09-13 8:22,,0.000258665,3.45E-07,8:22,3,180913,0,
2018-09-13 8:23,,0.000258665,3.45E-07,8:23,3,180913,0,
2018-09-13 8:24,,0.000258665,3.45E-07,8:24,3,180913,0,
2018-09-13 8:25,,0.000258665,3.45E-07,8:25,3,180913,0,
2018-09-13 8:26,,0.000258665,3.45E-07,8:26,3,180913,0,
2018-09-13 8:27,,0.000258665,3.45E-07,8:27,3,180913,0,
2018-09-13 8:28,,0.000258665,3.45E-07,8:28,3,180913,0,
2018-09-13 8:29,,0.000258665,3.45E-07,8:29,3,180913,0,
2018-09-13 8:30,,0.000258665,3.45E-07,8:30,3,180913,0,
2018-09-13 8:31,,0.000258665,3.45E-07,8:31,3,180913,0,
2018-09-13 8:32,,0.000258665,3.45E-07,8:32,3,180913,0,
2018-09-13 8:33,,0.000258665,3.45E-07,8:33,3,180913,0,
2018-09-13 8:34,,0.000258665,3.45E-07,8:34,3,180913,0,
2018-09-13 8:35,,0.000258665,3.45E-07,8:35,3,180913,0,
2018-09-13 8:36,,0.000258665,3.45E-07,8:36,3,180913,0,
2018-09-13 8:37,,0.000258665,3.45E-07,8:37,3,180913,0,
2018-09-13 8:38,,0.000258665,3.45E-07,8:38,3,180913,0,
2018-09-13 8:39,,0.000258665,3.45E-07,8:39,3,180913,0,
2018-09-13 8:40,,0.000258665,3.45E-07,8:40,3,180913,0,
2018-09-13 8:41,,0.000258665,3.45E-07,8:41,3,180913,0,
2018-09-13 8:42,,0.000258665,3.45E-07,8:42,3,180913,0,
2018-09-13 8:43,,0.000258665,3.45E-07,8:43,3,180913,0,
2018-09-13 8:44,,0.000258665,3.45E-07,8:44,3,180913,0,
2018-09-13 8:45,,0.000258665,3.45E-07,8:45,3,180913,0,
2018-09-13 8:46,,0.000258665,3.45E-07,8:46,3,180913,0,
2018-09-13 8:47,,0.000258665,3.45E-07,8:47,3,180913,0,
2018-09-13 8:48,,0.000258665,3.45E-07,8:48,3,180913,0,
2018-09-13 8:49,,0.000258665,3.45E-07,8:49,3,180913,0,
2018-09-13 8:50,,0.000258665,3.45E-07,8:50,3,180913,0,
2018-09-13 8:51,,0.000258665,3.45E-07,8:51,3,180913,0,
2018-09-13 8:52,,0.000258665,3.45E-07,8:52,3,180913,0,
2018-09-13 8:53,,0.000258665,3.45E-07,8:53,3,180913,0,
2018-09-13 8:54,,0.000258665,3.45E-07,8:54,3,180913,0,
2018-09-13 8:55,,0.000258665,3.45E-07,8:55,3,180913,0,
2018-09-13 8:56,,0.000258665,3.45E-07,8:56,3,180913,0,
2018-09-13 8:57,,0.000258665,3.45E-07,8:57,3,180913,0,
2018-09-13 8:58,,0.000258665,3.45E-07,8:58,3,180913,0,
2018-09-13 8:59,,0.000258665,3.45E-07,8:59,3,180913,0,
2018-09-13 9:00,,0.000258665,3.45E-07,9:00,3,180913,0,
2018-09-13 9:01,,0.000258665,3.45E-07,9:01,3,180913,0,
2018-09-13 9:02,,0.000258665,3.45E-07,9:02,3,180913,0,
2018-09-13 9:03,,0.000258665,3.45E-07,9:03,3,180913,0,
2018-09-13 9:04,,0.000258665,3.45E-07,9:04,3,180913,0,
2018-09-13 9:05,,0.000258665,3.45E-07,9:05,3,180913,0,
2018-09-13 9:06,,0.000258665,3.45E-07,9:06,3,180913,0,
2018-09-13 9:07,,0.000258665,3.45E-07,9:07,3,180913,0,
2018-09-13 9:08,,0.000258665,3.45E-07,9:08,3,180913,0,
2018-09-13 9:09,,0.000258665,3.45E-07,9:09,3,180913,0,
2018-09-13 9:10,,0.000258665,3.45E-07,9:10,3,180913,0,
2018-09-13 9:11,,0.000258665,3.45E-07,9:11,3,180913,0,
2018-09-13 9:12,,0.000258665,3.45E-07,9:12,3,180913,0,
2018-09-13 9:13,,0.000258665,3.45E-07,9:13,3,180913,0,
2018-09-13 9:14,,0.000258665,3.45E-07,9:14,3,180913,0,
2018-09-13 9:15,,0.000258665,3.45E-07,9:15,3,180913,0,
2018-09-13 9:16,,0.000258665,3.45E-07,9:16,3,180913,0,
2018-09-13 9:17,,0.000258665,3.45E-07,9:17,3,180913,0,
2018-09-13 9:18,,0.000258665,3.45E-07,9:18,3,180913,0,
2018-09-13 9:19,,0.000258665,3.45E-07,9:19,3,180913,0,
2018-09-13 9:20,,0.000258665,3.45E-07,9:20,3,180913,0,
2018-09-13 9:21,,0.000258665,3.45E-07,9:21,3,180913,0,
2018-09-13 9:22,,0.000258665,3.45E-07,9:22,3,180913,0,
2018-09-13 9:23,,0.000258665,3.45E-07,9:23,3,180913,0,
2018-09-13 9:24,,0.000258665,3.45E-07,9:24,3,180913,0,
2018-09-13 9:25,,0.000258665,3.45E-07,9:25,3,180913,0,
2018-09-13 9:26,,0.000258665,3.45E-07,9:26,3,180913,0,
2018-09-13 9:27,,0.000258665,3.45E-07,9:27,3,180913,0,
2018-09-13 9:28,,0.000258665,3.45E-07,9:28,3,180913,0,
2018-09-13 9:29,,0.000258665,3.45E-07,9:29,3,180913,0,
2018-09-13 9:30,,0.000258665,3.45E-07,9:30,3,180913,0,
2018-09-13 9:31,,0.000258665,3.45E-07,9:31,3,180913,0,
2018-09-13 9:32,,0.000258665,3.45E-07,9:32,3,180913,0,
2018-09-13 9:33,,0.000258665,3.45E-07,9:33,3,180913,0,
2018-09-13 9:34,,0.000258665,3.45E-07,9:34,3,180913,0,
2018-09-13 9:35,,0.000258665,3.45E-07,9:35,3,180913,0,
2018-09-13 9:36,,0.000258665,3.45E-07,9:36,3,180913,0,
2018-09-13 9:37,,0.000258665,3.45E-07,9:37,3,180913,0,
2018-09-13 9:38,,0.000258665,3.45E-07,9:38,3,180913,0,
2018-09-13 9:39,,0.000258665,3.45E-07,9:39,3,180913,0,
2018-09-13 9:40,,0.000258665,3.45E-07,9:40,3,180913,0,
2018-09-13 9:41,,0.000258665,3.45E-07,9:41,3,180913,0,
2018-09-13 9:42,,0.000258665,3.45E-07,9:42,3,180913,0,
2018-09-13 9:43,,0.000258665,3.45E-07,9:43,3,180913,0,
2018-09-13 9:44,,0.000258665,3.45E-07,9:44,3,180913,0,
2018-09-13 9:45,,0.000258665,3.45E-07,9:45,3,180913,0,
2018-09-13 9:46,,0.000258665,3.45E-07,9:46,3,180913,0,
2018-09-13 9:47,,0.000258665,3.45E-07,9:47,3,180913,0,
2018-09-13 9:48,,0.000258665,3.45E-07,9:48,3,180913,0,
2018-09-13 9:49,,0.000258665,3.45E-07,9:49,3,180913,0,
2018-09-13 9:50,,0.000258665,3.45E-07,9:50,3,180913,0,
2018-09-13 9:51,,0.000258665,3.45E-07,9:51,3,180913,0,
2018-09-13 9:52,,0.000258665,3.45E-07,9:52,3,180913,0,
2018-09-13 9:53,,0.000258665,3.45E-07,9:53,3,180913,0,
2018-09-13 9:54,,0.000258665,3.45E-07,9:54,3,180913,0,
2018-09-13 9:55,,0.000258665,3.45E-07,9:55,3,180913,0,
2018-09-13 9:56,,0.000258665,3.45E-07,9:56,3,180913,0,
2018-09-13 9:57,,0.000258665,3.45E-07,9:57,3,180913,0,
2018-09-13 9:58,,0.000258665,3.45E-07,9:58,3,180913,0,
2018-09-13 9:59,,0.000258665,3.45E-07,9:59,3,180913,0,
2018-09-13 10:00,,0.000258665,3.45E-07,10:00,3,180913,0,
2018-09-13 10:01,,0.000258665,3.45E-07,10:01,3,180913,0,
2018-09-13 10:02,,0.000258665,3.45E-07,10:02,3,180913,0,
2018-09-13 10:03,,0.000258665,3.45E-07,10:03,3,180913,0,
2018-09-13 10:04,,0.000258665,3.45E-07,10:04,3,180913,0,
2018-09-13 10:05,,0.000258665,3.45E-07,10:05,3,180913,0,
2018-09-13 10:06,,0.000258665,3.45E-07,10:06,3,180913,0,
2018-09-13 10:07,,0.000258665,3.45E-07,10:07,3,180913,0,
2018-09-13 10:08,,0.000258665,3.45E-07,10:08,3,180913,0,
2018-09-13 10:09,,0.000258665,3.45E-07,10:09,3,180913,0,
2018-09-13 10:10,,0.000258665,3.45E-07,10:10,3,180913,0,
2018-09-13 10:11,,0.000258665,3.45E-07,10:11,3,180913,0,
2018-09-13 10:12,,0.000258665,3.45E-07,10:12,3,180913,0,
2018-09-13 10:13,,0.000258665,3.45E-07,10:13,3,180913,0,
2018-09-13 10:14,,0.000258665,3.45E-07,10:14,3,180913,0,
2018-09-13 10:15,,0.000258665,3.45E-07,10:15,3,180913,0,
2018-09-13 10:16,,0.000258665,3.45E-07,10:16,3,180913,0,
2018-09-13 10:17,,0.000258665,3.45E-07,10:17,3,180913,0,
2018-09-13 10:18,,0.000258665,3.45E-07,10:18,3,180913,0,
2018-09-13 10:19,,0.000258665,3.45E-07,10:19,3,180913,0,
2018-09-13 10:20,,0.000258665,3.45E-07,10:20,3,180913,0,
2018-09-13 10:21,,0.000258665,3.45E-07,10:21,3,180913,0,
2018-09-13 10:22,,0.000258665,3.45E-07,10:22,3,180913,0,
2018-09-13 10:23,,0.000258665,3.45E-07,10:23,3,180913,0,
2018-09-13 10:24,,0.000258665,3.45E-07,10:24,3,180913,0,
2018-09-13 10:25,,0.000258665,3.45E-07,10:25,3,180913,0,
2018-09-13 10:26,,0.000258665,3.45E-07,10:26,3,180913,0,
2018-09-13 10:27,,0.000258665,3.45E-07,10:27,3,180913,0,
2018-09-13 10:28,,0.000258665,3.45E-07,10:28,3,180913,0,
2018-09-13 10:29,,0.000258665,3.45E-07,10:29,3,180913,0,
2018-09-13 10:30,,0.000258665,3.45E-07,10:30,3,180913,0,
2018-09-13 10:31,,0.000258665,3.45E-07,10:31,3,180913,0,
2018-09-13 10:32,,0.000258665,3.45E-07,10:32,3,180913,0,
2018-09-13 10:33,,0.000258665,3.45E-07,10:33,3,180913,0,
2018-09-13 10:34,,0.000258665,3.45E-07,10:34,3,180913,0,
2018-09-13 10:35,,0.000258665,3.45E-07,10:35,3,180913,0,
2018-09-13 10:36,,0.000258665,3.45E-07,10:36,3,180913,0,
2018-09-13 10:37,,0.000258665,3.45E-07,10:37,3,180913,0,
2018-09-13 10:38,,0.000258665,3.45E-07,10:38,3,180913,0,
2018-09-13 10:39,,0.000258665,3.45E-07,10:39,3,180913,0,
2018-09-13 10:40,,0.000258665,3.45E-07,10:40,3,180913,0,
2018-09-13 10:41,,0.000258665,3.45E-07,10:41,3,180913,0,
2018-09-13 10:42,,0.000258665,3.45E-07,10:42,3,180913,0,
2018-09-13 10:43,,0.000258665,3.45E-07,10:43,3,180913,0,
2018-09-13 10:44,,0.000258665,3.45E-07,10:44,3,180913,0,
2018-09-13 10:45,,0.000258665,3.45E-07,10:45,3,180913,0,
2018-09-13 10:46,,0.000258665,3.45E-07,10:46,3,180913,0,
2018-09-13 10:47,,0.000258665,3.45E-07,10:47,3,180913,0,
2018-09-13 10:48,,0.000258665,3.45E-07,10:48,3,180913,0,
2018-09-13 10:49,,0.000258665,3.45E-07,10:49,3,180913,0,
2018-09-13 10:50,,0.000258665,3.45E-07,10:50,3,180913,0,
2018-09-13 10:51,,0.000258665,3.45E-07,10:51,3,180913,0,
2018-09-13 10:52,,0.000258665,3.45E-07,10:52,3,180913,0,
2018-09-13 10:53,,0.000258665,3.45E-07,10:53,3,180913,0,
2018-09-13 10:54,,0.000258665,3.45E-07,10:54,3,180913,0,
2018-09-13 10:55,,0.000258665,3.45E-07,10:55,3,180913,0,
2018-09-13 10:56,,0.000258665,3.45E-07,10:56,3,180913,0,
2018-09-13 10:57,,0.000258665,3.45E-07,10:57,3,180913,0,
2018-09-13 10:58,,0.000258665,3.45E-07,10:58,3,180913,0,
2018-09-13 10:59,,0.000258665,3.45E-07,10:59,3,180913,0,
2018-09-13 11:00,,0.000258665,3.45E-07,11:00,3,180913,0,
2018-09-13 11:01,,0.000258665,3.45E-07,11:01,3,180913,0,
2018-09-13 11:02,,0.000258665,3.45E-07,11:02,3,180913,0,
2018-09-13 11:03,,0.000258665,3.45E-07,11:03,3,180913,0,
2018-09-13 11:04,,0.000258665,3.45E-07,11:04,3,180913,0,
2018-09-13 11:05,,0.000258665,3.45E-07,11:05,3,180913,0,
2018-09-13 11:06,,0.000258665,3.45E-07,11:06,3,180913,0,
2018-09-13 11:07,,0.000258665,3.45E-07,11:07,3,180913,0,
2018-09-13 11:08,,0.000258665,3.45E-07,11:08,3,180913,0,
2018-09-13 11:09,,0.000258665,3.45E-07,11:09,3,180913,0,
2018-09-13 11:10,,0.000258665,3.45E-07,11:10,3,180913,0,
2018-09-13 11:11,,0.000258665,3.45E-07,11:11,3,180913,0,
2018-09-13 11:12,,0.000258665,3.45E-07,11:12,3,180913,0,
2018-09-13 11:13,,0.000258665,3.45E-07,11:13,3,180913,0,
2018-09-13 11:14,,0.000258665,3.45E-07,11:14,3,180913,0,
2018-09-13 11:15,,0.000258665,3.45E-07,11:15,3,180913,0,
2018-09-13 11:16,,0.000258665,3.45E-07,11:16,3,180913,0,
2018-09-13 11:17,,0.000258665,3.45E-07,11:17,3,180913,0,
2018-09-13 11:18,,0.000258665,3.45E-07,11:18,3,180913,0,
2018-09-13 11:19,,0.000258665,3.45E-07,11:19,3,180913,0,
2018-09-13 11:20,,0.000258665,3.45E-07,11:20,3,180913,0,
2018-09-13 11:21,,0.000258665,3.45E-07,11:21,3,180913,0,
2018-09-13 11:22,,0.000258665,3.45E-07,11:22,3,180913,0,
2018-09-13 11:23,,0.000258665,3.45E-07,11:23,3,180913,0,
2018-09-13 11:24,,0.000258665,3.45E-07,11:24,3,180913,0,
2018-09-13 11:25,,0.000258665,3.45E-07,11:25,3,180913,0,
2018-09-13 11:26,,0.000258665,3.45E-07,11:26,3,180913,0,
2018-09-13 11:27,,0.000258665,3.45E-07,11:27,3,180913,0,
2018-09-13 11:28,,0.000258665,3.45E-07,11:28,3,180913,0,
2018-09-13 11:29,,0.000258665,3.45E-07,11:29,3,180913,0,
2018-09-13 11:30,,0.000258665,3.45E-07,11:30,3,180913,0,
2018-09-13 11:31,,0.000258665,3.45E-07,11:31,3,180913,0,
2018-09-13 11:32,,0.000258665,3.45E-07,11:32,3,180913,0,
2018-09-13 11:33,,0.000258665,3.45E-07,11:33,3,180913,0,
2018-09-13 11:34,,0.000258665,3.45E-07,11:34,3,180913,0,
2018-09-13 11:35,,0.000258665,3.45E-07,11:35,3,180913,0,
2018-09-13 11:36,,0.000258665,3.45E-07,11:36,3,180913,0,
2018-09-13 11:37,,0.000258665,3.45E-07,11:37,3,180913,0,
2018-09-13 11:38,,0.000258665,3.45E-07,11:38,3,180913,0,
2018-09-13 11:39,,0.000258665,3.45E-07,11:39,3,180913,0,
2018-09-13 11:40,,0.000258665,3.45E-07,11:40,3,180913,0,
2018-09-13 11:41,,0.000258665,3.45E-07,11:41,3,180913,0,
2018-09-13 11:42,,0.000258665,3.45E-07,11:42,3,180913,0,
2018-09-13 11:43,,0.000258665,3.45E-07,11:43,3,180913,0,
2018-09-13 11:44,,0.000258665,3.45E-07,11:44,3,180913,0,
2018-09-13 11:45,,0.000258665,3.45E-07,11:45,3,180913,0,
2018-09-13 11:46,,0.000258665,3.45E-07,11:46,3,180913,0,
2018-09-13 11:47,,0.000258665,3.45E-07,11:47,3,180913,0,
2018-09-13 11:48,,0.000258665,3.45E-07,11:48,3,180913,0,
2018-09-13 11:49,,0.000258665,3.45E-07,11:49,3,180913,0,
2018-09-13 11:50,,0.000258665,3.45E-07,11:50,3,180913,0,
2018-09-13 11:51,,0.000258665,3.45E-07,11:51,3,180913,0,
2018-09-13 11:52,,0.000258665,3.45E-07,11:52,3,180913,0,
2018-09-13 11:53,,0.000258665,3.45E-07,11:53,3,180913,0,
2018-09-13 11:54,,0.000258665,3.45E-07,11:54,3,180913,0,
2018-09-13 11:55,,0.000258665,3.45E-07,11:55,3,180913,0,
2018-09-13 11:56,,0.000258665,3.45E-07,11:56,3,180913,0,
2018-09-13 11:57,,0.000258665,3.45E-07,11:57,3,180913,0,
2018-09-13 11:58,,0.000258665,3.45E-07,11:58,3,180913,0,
2018-09-13 11:59,,0.000258665,3.45E-07,11:59,3,180913,0,
2018-09-13 12:00,,0.000258665,3.45E-07,12:00,3,180913,0,
2018-09-13 12:01,,0.000258665,3.45E-07,12:01,3,180913,0,
2018-09-13 12:02,,0.000258665,3.45E-07,12:02,3,180913,0,
2018-09-13 12:03,,0.000258665,3.45E-07,12:03,3,180913,0,
2018-09-13 12:04,,0.000258665,3.45E-07,12:04,3,180913,0,
2018-09-13 12:05,,0.000258665,3.45E-07,12:05,3,180913,0,
2018-09-13 12:06,,0.000258665,3.45E-07,12:06,3,180913,0,
2018-09-13 12:07,,0.000258665,3.45E-07,12:07,3,180913,0,
2018-09-13 12:08,,0.000258665,3.45E-07,12:08,3,180913,0,
2018-09-13 12:09,,0.000258665,3.45E-07,12:09,3,180913,0,
2018-09-13 12:10,,0.000258665,3.45E-07,12:10,3,180913,0,
2018-09-13 12:11,,0.000258665,3.45E-07,12:11,3,180913,0,
2018-09-13 12:12,,0.000258665,3.45E-07,12:12,3,180913,0,
2018-09-13 12:13,,0.000258665,3.45E-07,12:13,3,180913,0,
2018-09-13 12:14,,0.000258665,3.45E-07,12:14,3,180913,0,
2018-09-13 12:15,,0.000258665,3.45E-07,12:15,3,180913,0,
2018-09-13 12:16,,0.000258665,3.45E-07,12:16,3,180913,0,
2018-09-13 12:17,,0.000258665,3.45E-07,12:17,3,180913,0,
2018-09-13 12:18,,0.000258665,3.45E-07,12:18,3,180913,0,
2018-09-13 12:19,,0.000258665,3.45E-07,12:19,3,180913,0,
2018-09-13 12:20,,0.000258665,3.45E-07,12:20,3,180913,0,
2018-09-13 12:21,,0.000258665,3.45E-07,12:21,3,180913,0,
2018-09-13 12:22,,0.000258665,3.45E-07,12:22,3,180913,0,
2018-09-13 12:23,,0.000258665,3.45E-07,12:23,3,180913,0,
2018-09-13 12:24,,0.000258665,3.45E-07,12:24,3,180913,0,
2018-09-13 12:25,,0.000258665,3.45E-07,12:25,3,180913,0,
2018-09-13 12:26,,0.000258665,3.45E-07,12:26,3,180913,0,
2018-09-13 12:27,,0.000258665,3.45E-07,12:27,3,180913,0,
2018-09-13 12:28,,0.000258665,3.45E-07,12:28,3,180913,0,
2018-09-13 12:29,,0.000258665,3.45E-07,12:29,3,180913,0,
2018-09-13 12:30,,0.000258665,3.45E-07,12:30,3,180913,0,
2018-09-13 12:31,,0.000258665,3.45E-07,12:31,3,180913,0,
2018-09-13 12:32,,0.000258665,3.45E-07,12:32,3,180913,0,
2018-09-13 12:33,,0.000258665,3.45E-07,12:33,3,180913,0,
2018-09-13 12:34,,0.000258665,3.45E-07,12:34,3,180913,0,
2018-09-13 12:35,,0.000258665,3.45E-07,12:35,3,180913,0,
2018-09-13 12:36,,0.000258665,3.45E-07,12:36,3,180913,0,
2018-09-13 12:37,,0.000258665,3.45E-07,12:37,3,180913,0,
2018-09-13 12:38,,0.000258665,3.45E-07,12:38,3,180913,0,
2018-09-13 12:39,,0.000258665,3.45E-07,12:39,3,180913,0,
2018-09-13 12:40,,0.000258665,3.45E-07,12:40,3,180913,0,
2018-09-13 12:41,,0.000258665,3.45E-07,12:41,3,180913,0,
2018-09-13 12:42,,0.000258665,3.45E-07,12:42,3,180913,0,
2018-09-13 12:43,,0.000258665,3.45E-07,12:43,3,180913,0,
2018-09-13 12:44,,0.000258665,3.45E-07,12:44,3,180913,0,
2018-09-13 12:45,,0.000258665,3.45E-07,12:45,3,180913,0,
2018-09-13 12:46,,0.000258665,3.45E-07,12:46,3,180913,0,
2018-09-13 12:47,,0.000258665,3.45E-07,12:47,3,180913,0,
2018-09-13 12:48,,0.000258665,3.45E-07,12:48,3,180913,0,
2018-09-13 12:49,,0.000258665,3.45E-07,12:49,3,180913,0,
2018-09-13 12:50,,0.000258665,3.45E-07,12:50,3,180913,0,
2018-09-13 12:51,,0.000258665,3.45E-07,12:51,3,180913,0,
2018-09-13 12:52,,0.000258665,3.45E-07,12:52,3,180913,0,
2018-09-13 12:53,,0.000258665,3.45E-07,12:53,3,180913,0,
2018-09-13 12:54,,0.000258665,3.45E-07,12:54,3,180913,0,
2018-09-13 12:55,,0.000258665,3.45E-07,12:55,3,180913,0,
2018-09-13 12:56,,0.000258665,3.45E-07,12:56,3,180913,0,
2018-09-13 12:57,,0.000258665,3.45E-07,12:57,3,180913,0,
2018-09-13 12:58,,0.000258665,3.45E-07,12:58,3,180913,0,
2018-09-13 12:59,,0.000258665,3.45E-07,12:59,3,180913,0,
2018-09-13 13:00,,0.000258665,3.45E-07,13:00,3,180913,0,
2018-09-13 13:01,,0.000258665,3.45E-07,13:01,3,180913,0,
2018-09-13 13:02,,0.000258665,3.45E-07,13:02,3,180913,0,
2018-09-13 13:03,,0.000258665,3.45E-07,13:03,3,180913,0,
2018-09-13 13:04,,0.000258665,3.45E-07,13:04,3,180913,0,
2018-09-13 13:05,,0.000258665,3.45E-07,13:05,3,180913,0,
2018-09-13 13:06,,0.000258665,3.45E-07,13:06,3,180913,0,
2018-09-13 13:07,,0.000258665,3.45E-07,13:07,3,180913,0,
2018-09-13 13:08,,0.000258665,3.45E-07,13:08,3,180913,0,
2018-09-13 13:09,,0.000258665,3.45E-07,13:09,3,180913,0,
2018-09-13 13:10,,0.000258665,3.45E-07,13:10,3,180913,0,
2018-09-13 13:11,,0.000258665,3.45E-07,13:11,3,180913,0,
2018-09-13 13:12,,0.000258665,3.45E-07,13:12,3,180913,0,
2018-09-13 13:13,,0.000258665,3.45E-07,13:13,3,180913,0,
2018-09-13 13:14,,0.000258665,3.45E-07,13:14,3,180913,0,
2018-09-13 13:15,,0.000258665,3.45E-07,13:15,3,180913,0,
2018-09-13 13:16,,0.000258665,3.45E-07,13:16,3,180913,0,
2018-09-13 13:17,,0.000258665,3.45E-07,13:17,3,180913,0,
2018-09-13 13:18,,0.000258665,3.45E-07,13:18,3,180913,0,
2018-09-13 13:19,,0.000258665,3.45E-07,13:19,3,180913,0,
2018-09-13 13:20,,0.000258665,3.45E-07,13:20,3,180913,0,
2018-09-13 13:21,,0.000258665,3.45E-07,13:21,3,180913,0,
2018-09-13 13:22,,0.000258665,3.45E-07,13:22,3,180913,0,
2018-09-13 13:23,,0.000258665,3.45E-07,13:23,3,180913,0,
2018-09-13 13:24,,0.000258665,3.45E-07,13:24,3,180913,0,
2018-09-13 13:25,,0.000258665,3.45E-07,13:25,3,180913,0,
2018-09-13 13:26,,0.000258665,3.45E-07,13:26,3,180913,0,
2018-09-13 13:27,,0.000258665,3.45E-07,13:27,3,180913,0,
2018-09-13 13:28,,0.000258665,3.45E-07,13:28,3,180913,0,
2018-09-13 13:29,,0.000258665,3.45E-07,13:29,3,180913,0,
2018-09-13 13:30,,0.000258665,3.45E-07,13:30,3,180913,0,
2018-09-13 13:31,,0.000258665,3.45E-07,13:31,3,180913,0,
2018-09-13 13:32,,0.000258665,3.45E-07,13:32,3,180913,0,
2018-09-13 13:33,,0.000258665,3.45E-07,13:33,3,180913,0,
2018-09-13 13:34,,0.000258665,3.45E-07,13:34,3,180913,0,
2018-09-13 13:35,,0.000258665,3.45E-07,13:35,3,180913,0,
2018-09-13 13:36,,0.000258665,3.45E-07,13:36,3,180913,0,
2018-09-13 13:37,,0.000258665,3.45E-07,13:37,3,180913,0,
2018-09-13 13:38,,0.000258665,3.45E-07,13:38,3,180913,0,
2018-09-13 13:39,,0.000258665,3.45E-07,13:39,3,180913,0,
2018-09-13 13:40,,0.000258665,3.45E-07,13:40,3,180913,0,
2018-09-13 13:41,,0.000258665,3.45E-07,13:41,3,180913,0,
2018-09-13 13:42,,0.000258665,3.45E-07,13:42,3,180913,0,
2018-09-13 13:43,,0.000258665,3.45E-07,13:43,3,180913,0,
2018-09-13 13:44,,0.000258665,3.45E-07,13:44,3,180913,0,
2018-09-13 13:45,,0.000258665,3.45E-07,13:45,3,180913,0,
2018-09-13 13:46,,0.000258665,3.45E-07,13:46,3,180913,0,
2018-09-13 13:47,,0.000258665,3.45E-07,13:47,3,180913,0,
2018-09-13 13:48,,0.000258665,3.45E-07,13:48,3,180913,0,
2018-09-13 13:49,,0.000258665,3.45E-07,13:49,3,180913,0,
2018-09-13 13:50,,0.000258665,3.45E-07,13:50,3,180913,0,
2018-09-13 13:51,,0.000258665,3.45E-07,13:51,3,180913,0,
2018-09-13 13:52,,0.000258665,3.45E-07,13:52,3,180913,0,
2018-09-13 13:53,,0.000258665,3.45E-07,13:53,3,180913,0,
2018-09-13 13:54,,0.000258665,3.45E-07,13:54,3,180913,0,
2018-09-13 13:55,,0.000258665,3.45E-07,13:55,3,180913,0,
2018-09-13 13:56,,0.000258665,3.45E-07,13:56,3,180913,0,
2018-09-13 13:57,,0.000258665,3.45E-07,13:57,3,180913,0,
2018-09-13 13:58,,0.000258665,3.45E-07,13:58,3,180913,0,
2018-09-13 13:59,,0.000258665,3.45E-07,13:59,3,180913,0,
2018-09-13 14:00,,0.000258665,3.45E-07,14:00,3,180913,0,
2018-09-13 14:01,,0.000258665,3.45E-07,14:01,3,180913,0,
2018-09-13 14:02,,0.000258665,3.45E-07,14:02,3,180913,0,
2018-09-13 14:03,,0.000258665,3.45E-07,14:03,3,180913,0,
2018-09-13 14:04,,0.000258665,3.45E-07,14:04,3,180913,0,
2018-09-13 14:05,,0.000258665,3.45E-07,14:05,3,180913,0,
2018-09-13 14:06,,0.000258665,3.45E-07,14:06,3,180913,0,
2018-09-13 14:07,,0.000258665,3.45E-07,14:07,3,180913,0,
2018-09-13 14:08,,0.000258665,3.45E-07,14:08,3,180913,0,
2018-09-13 14:09,,0.000258665,3.45E-07,14:09,3,180913,0,
2018-09-13 14:10,,0.000258665,3.45E-07,14:10,3,180913,0,
2018-09-13 14:11,,0.000258665,3.45E-07,14:11,3,180913,0,
2018-09-13 14:12,,0.000258665,3.45E-07,14:12,3,180913,0,
2018-09-13 14:13,,0.000258665,3.45E-07,14:13,3,180913,0,
2018-09-13 14:14,,0.000258665,3.45E-07,14:14,3,180913,0,
2018-09-13 14:15,,0.000258665,3.45E-07,14:15,3,180913,0,
2018-09-13 14:16,,0.000258665,3.45E-07,14:16,3,180913,0,
2018-09-13 14:17,,0.000258665,3.45E-07,14:17,3,180913,0,
2018-09-13 14:18,,0.000258665,3.45E-07,14:18,3,180913,0,
2018-09-13 14:19,,0.000258665,3.45E-07,14:19,3,180913,0,
2018-09-13 14:20,,0.000258665,3.45E-07,14:20,3,180913,0,
2018-09-13 14:21,,0.000258665,3.45E-07,14:21,3,180913,0,
2018-09-13 14:22,,0.000258665,3.45E-07,14:22,3,180913,0,
2018-09-13 14:23,,0.000258665,3.45E-07,14:23,3,180913,0,
2018-09-13 14:24,,0.000258665,3.45E-07,14:24,3,180913,0,
2018-09-13 14:25,,0.000258665,3.45E-07,14:25,3,180913,0,
2018-09-13 14:26,,0.000258665,3.45E-07,14:26,3,180913,0,
2018-09-13 14:27,,0.000258665,3.45E-07,14:27,3,180913,0,
2018-09-13 14:28,,0.000258665,3.45E-07,14:28,3,180913,0,
2018-09-13 14:29,,0.000258665,3.45E-07,14:29,3,180913,0,
2018-09-13 14:30,,0.000258665,3.45E-07,14:30,3,180913,0,
2018-09-13 14:31,,0.000258665,3.45E-07,14:31,3,180913,0,
2018-09-13 14:32,,0.000258665,3.45E-07,14:32,3,180913,0,
2018-09-13 14:33,,0.000258665,3.45E-07,14:33,3,180913,0,
2018-09-13 14:34,,0.000258665,3.45E-07,14:34,3,180913,0,
2018-09-13 14:35,,0.000258665,3.45E-07,14:35,3,180913,0,
2018-09-13 14:36,,0.000258665,3.45E-07,14:36,3,180913,0,
2018-09-13 14:37,,0.000258665,3.45E-07,14:37,3,180913,0,
2018-09-13 14:38,,0.000258665,3.45E-07,14:38,3,180913,0,
2018-09-13 14:39,,0.000258665,3.45E-07,14:39,3,180913,0,
2018-09-13 14:40,,0.000258665,3.45E-07,14:40,3,180913,0,
2018-09-13 14:41,,0.000258665,3.45E-07,14:41,3,180913,0,
2018-09-13 14:42,,0.000258665,3.45E-07,14:42,3,180913,0,
2018-09-13 14:43,,0.000258665,3.45E-07,14:43,3,180913,0,
2018-09-13 14:44,,0.000258665,3.45E-07,14:44,3,180913,0,
2018-09-13 14:45,,0.000258665,3.45E-07,14:45,3,180913,0,
2018-09-13 14:46,,0.000258665,3.45E-07,14:46,3,180913,0,
2018-09-13 14:47,,0.000258665,3.45E-07,14:47,3,180913,0,
2018-09-13 14:48,,0.000258665,3.45E-07,14:48,3,180913,0,
2018-09-13 14:49,,0.000258665,3.45E-07,14:49,3,180913,0,
2018-09-13 14:50,,0.000258665,3.45E-07,14:50,3,180913,0,
2018-09-13 14:51,,0.000258665,3.45E-07,14:51,3,180913,0,
2018-09-13 14:52,,0.000258665,3.45E-07,14:52,3,180913,0,
2018-09-13 14:53,,0.000258665,3.45E-07,14:53,3,180913,0,
2018-09-13 14:54,,0.000258665,3.45E-07,14:54,3,180913,0,
2018-09-13 14:55,,0.000258665,3.45E-07,14:55,3,180913,0,
2018-09-13 14:56,,0.000258665,3.45E-07,14:56,3,180913,0,
2018-09-13 14:57,,0.000258665,3.45E-07,14:57,3,180913,0,
2018-09-13 14:58,,0.000258665,3.45E-07,14:58,3,180913,0,
2018-09-13 14:59,,0.000258665,3.45E-07,14:59,3,180913,0,
2018-09-13 15:00,,0.000258665,3.45E-07,15:00,3,180913,0,
2018-09-13 15:01,,0.000258665,3.45E-07,15:01,3,180913,0,
2018-09-13 15:02,,0.000258665,3.45E-07,15:02,3,180913,0,
2018-09-13 15:03,,0.000258665,3.45E-07,15:03,3,180913,0,
2018-09-13 15:04,,0.000258665,3.45E-07,15:04,3,180913,0,
2018-09-13 15:05,,0.000258665,3.45E-07,15:05,3,180913,0,
2018-09-13 15:06,,0.000258665,3.45E-07,15:06,3,180913,0,
2018-09-13 15:07,,0.000258665,3.45E-07,15:07,3,180913,0,
2018-09-13 15:08,,0.000258665,3.45E-07,15:08,3,180913,0,
2018-09-13 15:09,,0.000258665,3.45E-07,15:09,3,180913,0,
2018-09-13 15:10,,0.000258665,3.45E-07,15:10,3,180913,0,
2018-09-13 15:11,,0.000258665,3.45E-07,15:11,3,180913,0,
2018-09-13 15:12,,0.000258665,3.45E-07,15:12,3,180913,0,
2018-09-13 15:13,,0.000258665,3.45E-07,15:13,3,180913,0,
2018-09-13 15:14,,0.000258665,3.45E-07,15:14,3,180913,0,
2018-09-13 15:15,,0.000258665,3.45E-07,15:15,3,180913,0,
2018-09-13 15:16,,0.000258665,3.45E-07,15:16,3,180913,0,
2018-09-13 15:17,,0.000258665,3.45E-07,15:17,3,180913,0,
2018-09-13 15:18,,0.000258665,3.45E-07,15:18,3,180913,0,
2018-09-13 15:19,,0.000258665,3.45E-07,15:19,3,180913,0,
2018-09-13 15:20,,0.000258665,3.45E-07,15:20,3,180913,0,
2018-09-13 15:21,,0.000258665,3.45E-07,15:21,3,180913,0,
2018-09-13 15:22,,0.000258665,3.45E-07,15:22,3,180913,0,
2018-09-13 15:23,,0.000258665,3.45E-07,15:23,3,180913,0,
2018-09-13 15:24,,0.000258665,3.45E-07,15:24,3,180913,0,
2018-09-13 15:25,,0.000258665,3.45E-07,15:25,3,180913,0,
2018-09-13 15:26,,0.000258665,3.45E-07,15:26,3,180913,0,
2018-09-13 15:27,,0.000258665,3.45E-07,15:27,3,180913,0,
2018-09-13 15:28,,0.000258665,3.45E-07,15:28,3,180913,0,
2018-09-13 15:29,,0.000258665,3.45E-07,15:29,3,180913,0,
2018-09-13 15:30,,0.000258665,3.45E-07,15:30,3,180913,0,
2018-09-13 15:31,,0.000258665,3.45E-07,15:31,3,180913,0,
2018-09-13 15:32,,0.000258665,3.45E-07,15:32,3,180913,0,
2018-09-13 15:33,,0.000258665,3.45E-07,15:33,3,180913,0,
2018-09-13 15:34,,0.000258665,3.45E-07,15:34,3,180913,0,
2018-09-13 15:35,,0.000258665,3.45E-07,15:35,3,180913,0,
2018-09-13 15:36,,0.000258665,3.45E-07,15:36,3,180913,0,
2018-09-13 15:37,,0.000258665,3.45E-07,15:37,3,180913,0,
2018-09-13 15:38,,0.000258665,3.45E-07,15:38,3,180913,0,
2018-09-13 15:39,,0.000258665,3.45E-07,15:39,3,180913,0,
2018-09-13 15:40,,0.000258665,3.45E-07,15:40,3,180913,0,
2018-09-13 15:41,,0.000258665,3.45E-07,15:41,3,180913,0,
2018-09-13 15:42,,0.000258665,3.45E-07,15:42,3,180913,0,
2018-09-13 15:43,,0.000258665,3.45E-07,15:43,3,180913,0,
2018-09-13 15:44,,0.000258665,3.45E-07,15:44,3,180913,0,
2018-09-13 15:45,,0.000258665,3.45E-07,15:45,3,180913,0,
2018-09-13 15:46,,0.000258665,3.45E-07,15:46,3,180913,0,
2018-09-13 15:47,,0.000258665,3.45E-07,15:47,3,180913,0,
2018-09-13 15:48,,0.000258665,3.45E-07,15:48,3,180913,0,
2018-09-13 15:49,,0.000258665,3.45E-07,15:49,3,180913,0,
2018-09-13 15:50,,0.000258665,3.45E-07,15:50,3,180913,0,
2018-09-13 15:51,,0.000258665,3.45E-07,15:51,3,180913,0,
2018-09-13 15:52,,0.000258665,3.45E-07,15:52,3,180913,0,
2018-09-13 15:53,,0.000258665,3.45E-07,15:53,3,180913,0,
2018-09-13 15:54,,0.000258665,3.45E-07,15:54,3,180913,0,
2018-09-13 15:55,,0.000258665,3.45E-07,15:55,3,180913,0,
2018-09-13 15:56,,0.000258665,3.45E-07,15:56,3,180913,0,
2018-09-13 15:57,,0.000258665,3.45E-07,15:57,3,180913,0,
2018-09-13 15:58,,0.000258665,3.45E-07,15:58,3,180913,0,
2018-09-13 15:59,,0.000258665,3.45E-07,15:59,3,180913,0,
2018-09-13 16:00,,0.000258665,3.45E-07,16:00,3,180913,0,
2018-09-13 16:01,,0.000258665,3.45E-07,16:01,3,180913,0,
2018-09-13 16:02,,0.000258665,3.45E-07,16:02,3,180913,0,
2018-09-13 16:03,,0.000258665,3.45E-07,16:03,3,180913,0,
2018-09-13 16:04,,0.000258665,3.45E-07,16:04,3,180913,0,
2018-09-13 16:05,,0.000258665,3.45E-07,16:05,3,180913,0,
2018-09-13 16:06,,0.000258665,3.45E-07,16:06,3,180913,0,
2018-09-13 16:07,,0.000258665,3.45E-07,16:07,3,180913,0,
2018-09-13 16:08,,0.000258665,3.45E-07,16:08,3,180913,0,
2018-09-13 16:09,,0.000258665,3.45E-07,16:09,3,180913,0,
2018-09-13 16:10,,0.000258665,3.45E-07,16:10,3,180913,0,
2018-09-13 16:11,,0.000258665,3.45E-07,16:11,3,180913,0,
2018-09-13 16:12,,0.000258665,3.45E-07,16:12,3,180913,0,
2018-09-13 16:13,,0.000258665,3.45E-07,16:13,3,180913,0,
2018-09-13 16:14,,0.000258665,3.45E-07,16:14,3,180913,0,
2018-09-13 16:15,,0.000258665,3.45E-07,16:15,3,180913,0,
2018-09-13 16:16,,0.000258665,3.45E-07,16:16,3,180913,0,
2018-09-13 16:17,,0.000258665,3.45E-07,16:17,3,180913,0,
2018-09-13 16:18,,0.000258665,3.45E-07,16:18,3,180913,0,
2018-09-13 16:19,,0.000258665,3.45E-07,16:19,3,180913,0,
2018-09-13 16:20,,0.000258665,3.45E-07,16:20,3,180913,0,
2018-09-13 16:21,,0.000258665,3.45E-07,16:21,3,180913,0,
2018-09-13 16:22,,0.000258665,3.45E-07,16:22,3,180913,0,
2018-09-13 16:23,,0.000258665,3.45E-07,16:23,3,180913,0,
2018-09-13 16:24,,0.000258665,3.45E-07,16:24,3,180913,0,
2018-09-13 16:25,,0.000258665,3.45E-07,16:25,3,180913,0,
2018-09-13 16:26,,0.000258665,3.45E-07,16:26,3,180913,0,
2018-09-13 16:27,,0.000258665,3.45E-07,16:27,3,180913,0,
2018-09-13 16:28,,0.000258665,3.45E-07,16:28,3,180913,0,
2018-09-13 16:29,,0.000258665,3.45E-07,16:29,3,180913,0,
2018-09-13 16:30,,0.000258665,3.45E-07,16:30,3,180913,0,
2018-09-13 16:31,,0.000258665,3.45E-07,16:31,3,180913,0,
2018-09-13 16:32,,0.000258665,3.45E-07,16:32,3,180913,0,
2018-09-13 16:33,,0.000258665,3.45E-07,16:33,3,180913,0,
2018-09-13 16:34,,0.000258665,3.45E-07,16:34,3,180913,0,
2018-09-13 16:35,,0.000258665,3.45E-07,16:35,3,180913,0,
2018-09-13 16:36,,0.000258665,3.45E-07,16:36,3,180913,0,
2018-09-13 16:37,,0.000258665,3.45E-07,16:37,3,180913,0,
2018-09-13 16:38,,0.000258665,3.45E-07,16:38,3,180913,0,
2018-09-13 16:39,,0.000258665,3.45E-07,16:39,3,180913,0,
2018-09-13 16:40,,0.000258665,3.45E-07,16:40,3,180913,0,
2018-09-13 16:41,,0.000258665,3.45E-07,16:41,3,180913,0,
2018-09-13 16:42,,0.000258665,3.45E-07,16:42,3,180913,0,
2018-09-13 16:43,,0.000258665,3.45E-07,16:43,3,180913,0,
2018-09-13 16:44,,0.000258665,3.45E-07,16:44,3,180913,0,
2018-09-13 16:45,,0.000258665,3.45E-07,16:45,3,180913,0,
2018-09-13 16:46,,0.000258665,3.45E-07,16:46,3,180913,0,
2018-09-13 16:47,,0.000258665,3.45E-07,16:47,3,180913,0,
2018-09-13 16:48,,0.000258665,3.45E-07,16:48,3,180913,0,
2018-09-13 16:49,,0.000258665,3.45E-07,16:49,3,180913,0,
2018-09-13 16:50,,0.000258665,3.45E-07,16:50,3,180913,0,
2018-09-13 16:51,,0.000258665,3.45E-07,16:51,3,180913,0,
2018-09-13 16:52,,0.000258665,3.45E-07,16:52,3,180913,0,
2018-09-13 16:53,,0.000258665,3.45E-07,16:53,3,180913,0,
2018-09-13 16:54,,0.000258665,3.45E-07,16:54,3,180913,0,
2018-09-13 16:55,,0.000258665,3.45E-07,16:55,3,180913,0,
2018-09-13 16:56,,0.000258665,3.45E-07,16:56,3,180913,0,
2018-09-13 16:57,,0.000258665,3.45E-07,16:57,3,180913,0,
2018-09-13 16:58,,0.000258665,3.45E-07,16:58,3,180913,0,
2018-09-13 16:59,,0.000258665,3.45E-07,16:59,3,180913,0,
2018-09-13 17:00,,0.000258665,3.45E-07,17:00,3,180913,0,
2018-09-13 17:01,,0.000258665,3.45E-07,17:01,3,180913,0,
2018-09-13 17:02,,0.000258665,3.45E-07,17:02,3,180913,0,
2018-09-13 17:03,,0.000258665,3.45E-07,17:03,3,180913,0,
2018-09-13 17:04,,0.000258665,3.45E-07,17:04,3,180913,0,
2018-09-13 17:05,,0.000258665,3.45E-07,17:05,3,180913,0,
2018-09-13 17:06,,0.000258665,3.45E-07,17:06,3,180913,0,
2018-09-13 17:07,,0.000258665,3.45E-07,17:07,3,180913,0,
2018-09-13 17:08,,0.000258665,3.45E-07,17:08,3,180913,0,
2018-09-13 17:09,,0.000258665,3.45E-07,17:09,3,180913,0,
2018-09-13 17:10,,0.000258665,3.45E-07,17:10,3,180913,0,
2018-09-13 17:11,,0.000258665,3.45E-07,17:11,3,180913,0,
2018-09-13 17:12,,0.000258665,3.45E-07,17:12,3,180913,0,
2018-09-13 17:13,,0.000258665,3.45E-07,17:13,3,180913,0,
2018-09-13 17:14,,0.000258665,3.45E-07,17:14,3,180913,0,
2018-09-13 17:15,,0.000258665,3.45E-07,17:15,3,180913,0,
2018-09-13 17:16,,0.000258665,3.45E-07,17:16,3,180913,0,
2018-09-13 17:17,,0.000258665,3.45E-07,17:17,3,180913,0,
2018-09-13 17:18,,0.000258665,3.45E-07,17:18,3,180913,0,
2018-09-13 17:19,,0.000258665,3.45E-07,17:19,3,180913,0,
2018-09-13 17:20,,0.000258665,3.45E-07,17:20,3,180913,0,
2018-09-13 17:21,,0.000258665,3.45E-07,17:21,3,180913,0,
2018-09-13 17:22,,0.000258665,3.45E-07,17:22,3,180913,0,
2018-09-13 17:23,,0.000258665,3.45E-07,17:23,3,180913,0,
2018-09-13 17:24,,0.000258665,3.45E-07,17:24,3,180913,0,
2018-09-13 17:25,,0.000258665,3.45E-07,17:25,3,180913,0,
2018-09-13 17:26,,0.000258665,3.45E-07,17:26,3,180913,0,
2018-09-13 17:27,,0.000258665,3.45E-07,17:27,3,180913,0,
2018-09-13 17:28,,0.000258665,3.45E-07,17:28,3,180913,0,
2018-09-13 17:29,,0.000258665,3.45E-07,17:29,3,180913,0,
2018-09-13 17:30,,0.000258665,3.45E-07,17:30,3,180913,0,
2018-09-13 17:31,,0.000258665,3.45E-07,17:31,3,180913,0,
2018-09-13 17:32,,0.000258665,3.45E-07,17:32,3,180913,0,
2018-09-13 17:33,,0.000258665,3.45E-07,17:33,3,180913,0,
2018-09-13 17:34,,0.000258665,3.45E-07,17:34,3,180913,0,
2018-09-13 17:35,,0.000258665,3.45E-07,17:35,3,180913,0,
2018-09-13 17:36,,0.000258665,3.45E-07,17:36,3,180913,0,
2018-09-13 17:37,,0.000258665,3.45E-07,17:37,3,180913,0,
2018-09-13 17:38,,0.000258665,3.45E-07,17:38,3,180913,0,
2018-09-13 17:39,,0.000258665,3.45E-07,17:39,3,180913,0,
2018-09-13 17:40,,0.000258665,3.45E-07,17:40,3,180913,0,
2018-09-13 17:41,,0.000258665,3.45E-07,17:41,3,180913,0,
2018-09-13 17:42,,0.000258665,3.45E-07,17:42,3,180913,0,
2018-09-13 17:43,,0.000258665,3.45E-07,17:43,3,180913,0,
2018-09-13 17:44,,0.000258665,3.45E-07,17:44,3,180913,0,
2018-09-13 17:45,,0.000258665,3.45E-07,17:45,3,180913,0,
2018-09-13 17:46,,0.000258665,3.45E-07,17:46,3,180913,0,
2018-09-13 17:47,,0.000258665,3.45E-07,17:47,3,180913,0,
2018-09-13 17:48,,0.000258665,3.45E-07,17:48,3,180913,0,
2018-09-13 17:49,,0.000258665,3.45E-07,17:49,3,180913,0,
2018-09-13 17:50,,0.000258665,3.45E-07,17:50,3,180913,0,
2018-09-13 17:51,,0.000258665,3.45E-07,17:51,3,180913,0,
2018-09-13 17:52,,0.000258665,3.45E-07,17:52,3,180913,0,
2018-09-13 17:53,,0.000258665,3.45E-07,17:53,3,180913,0,
2018-09-13 17:54,,0.000258665,3.45E-07,17:54,3,180913,0,
2018-09-13 17:55,,0.000258665,3.45E-07,17:55,3,180913,0,
2018-09-13 17:56,,0.000258665,3.45E-07,17:56,3,180913,0,
2018-09-13 17:57,,0.000258665,3.45E-07,17:57,3,180913,0,
2018-09-13 17:58,,0.000258665,3.45E-07,17:58,3,180913,0,
2018-09-13 17:59,,0.000258665,3.45E-07,17:59,3,180913,0,
2018-09-13 18:00,,0.000258665,3.45E-07,18:00,3,180913,0,
2018-09-13 18:01,,0.000258665,3.45E-07,18:01,3,180913,0,
2018-09-13 18:02,,0.000258665,3.45E-07,18:02,3,180913,0,
2018-09-13 18:03,,0.000258665,3.45E-07,18:03,3,180913,0,
2018-09-13 18:04,,0.000258665,3.45E-07,18:04,3,180913,0,
2018-09-13 18:05,,0.000258665,3.45E-07,18:05,3,180913,0,
2018-09-13 18:06,,0.000258665,3.45E-07,18:06,3,180913,0,
2018-09-13 18:07,,0.000258665,3.45E-07,18:07,3,180913,0,
2018-09-13 18:08,,0.000258665,3.45E-07,18:08,3,180913,0,
2018-09-13 18:09,,0.000258665,3.45E-07,18:09,3,180913,0,
2018-09-13 18:10,,0.000258665,3.45E-07,18:10,3,180913,0,
2018-09-13 18:11,,0.000258665,3.45E-07,18:11,3,180913,0,
2018-09-13 18:12,,0.000258665,3.45E-07,18:12,3,180913,0,
2018-09-13 18:13,,0.000258665,3.45E-07,18:13,3,180913,0,
2018-09-13 18:14,,0.000258665,3.45E-07,18:14,3,180913,0,
2018-09-13 18:15,,0.000258665,3.45E-07,18:15,3,180913,0,
2018-09-13 18:16,,0.000258665,3.45E-07,18:16,3,180913,0,
2018-09-13 18:17,,0.000258665,3.45E-07,18:17,3,180913,0,
2018-09-13 18:18,,0.000258665,3.45E-07,18:18,3,180913,0,
2018-09-13 18:19,,0.000258665,3.45E-07,18:19,3,180913,0,
2018-09-13 18:20,,0.000258665,3.45E-07,18:20,3,180913,0,
2018-09-13 18:21,,0.000258665,3.45E-07,18:21,3,180913,0,
2018-09-13 18:22,,0.000258665,3.45E-07,18:22,3,180913,0,
2018-09-13 18:23,,0.000258665,3.45E-07,18:23,3,180913,0,
2018-09-13 18:24,,0.000258665,3.45E-07,18:24,3,180913,0,
2018-09-13 18:25,,0.000258665,3.45E-07,18:25,3,180913,0,
2018-09-13 18:26,,0.000258665,3.45E-07,18:26,3,180913,0,
2018-09-13 18:27,,0.000258665,3.45E-07,18:27,3,180913,0,
2018-09-13 18:28,,0.000258665,3.45E-07,18:28,3,180913,0,
2018-09-13 18:29,,0.000258665,3.45E-07,18:29,3,180913,0,
2018-09-13 18:30,,0.000258665,3.45E-07,18:30,3,180913,0,
2018-09-13 18:31,,0.000258665,3.45E-07,18:31,3,180913,0,
2018-09-13 18:32,,0.000258665,3.45E-07,18:32,3,180913,0,
2018-09-13 18:33,,0.000258665,3.45E-07,18:33,3,180913,0,
2018-09-13 18:34,,0.000258665,3.45E-07,18:34,3,180913,0,
2018-09-13 18:35,,0.000258665,3.45E-07,18:35,3,180913,0,
2018-09-13 18:36,,0.000258665,3.45E-07,18:36,3,180913,0,
2018-09-13 18:37,,0.000258665,3.45E-07,18:37,3,180913,0,
2018-09-13 18:38,,0.000258665,3.45E-07,18:38,3,180913,0,
2018-09-13 18:39,,0.000258665,3.45E-07,18:39,3,180913,0,
2018-09-13 18:40,,0.000258665,3.45E-07,18:40,3,180913,0,
2018-09-13 18:41,,0.000258665,3.45E-07,18:41,3,180913,0,
2018-09-13 18:42,,0.000258665,3.45E-07,18:42,3,180913,0,
2018-09-13 18:43,,0.000258665,3.45E-07,18:43,3,180913,0,
2018-09-13 18:44,,0.000258665,3.45E-07,18:44,3,180913,0,
2018-09-13 18:45,,0.000258665,3.45E-07,18:45,3,180913,0,
2018-09-13 18:46,,0.000258665,3.45E-07,18:46,3,180913,0,
2018-09-13 18:47,,0.000258665,3.45E-07,18:47,3,180913,0,
2018-09-13 18:48,,0.000258665,3.45E-07,18:48,3,180913,0,
2018-09-13 18:49,,0.000258665,3.45E-07,18:49,3,180913,0,
2018-09-13 18:50,,0.000258665,3.45E-07,18:50,3,180913,0,
2018-09-13 18:51,,0.000258665,3.45E-07,18:51,3,180913,0,
2018-09-13 18:52,,0.000258665,3.45E-07,18:52,3,180913,0,
2018-09-13 18:53,,0.000258665,3.45E-07,18:53,3,180913,0,
2018-09-13 18:54,,0.000258665,3.45E-07,18:54,3,180913,0,
2018-09-13 18:55,,0.000258665,3.45E-07,18:55,3,180913,0,
2018-09-13 18:56,,0.000258665,3.45E-07,18:56,3,180913,0,
2018-09-13 18:57,,0.000258665,3.45E-07,18:57,3,180913,0,
2018-09-13 18:58,,0.000258665,3.45E-07,18:58,3,180913,0,
2018-09-13 18:59,,0.000258665,3.45E-07,18:59,3,180913,0,
2018-09-13 19:00,,0.000258665,3.45E-07,19:00,3,180913,0,
2018-09-13 19:01,,0.000258665,3.45E-07,19:01,3,180913,0,
2018-09-13 19:02,,0.000258665,3.45E-07,19:02,3,180913,0,
2018-09-13 19:03,,0.000258665,3.45E-07,19:03,3,180913,0,
2018-09-13 19:04,,0.000258665,3.45E-07,19:04,3,180913,0,
2018-09-13 19:05,,0.000258665,3.45E-07,19:05,3,180913,0,
2018-09-13 19:06,,0.000258665,3.45E-07,19:06,3,180913,0,
2018-09-13 19:07,,0.000258665,3.45E-07,19:07,3,180913,0,
2018-09-13 19:08,,0.000258665,3.45E-07,19:08,3,180913,0,
2018-09-13 19:09,,0.000258665,3.45E-07,19:09,3,180913,0,
2018-09-13 19:10,,0.000258665,3.45E-07,19:10,3,180913,0,
2018-09-13 19:11,,0.000258665,3.45E-07,19:11,3,180913,0,
2018-09-13 19:12,,0.000258665,3.45E-07,19:12,3,180913,0,
2018-09-13 19:13,,0.000258665,3.45E-07,19:13,3,180913,0,
2018-09-13 19:14,,0.000258665,3.45E-07,19:14,3,180913,0,
2018-09-13 19:15,,0.000258665,3.45E-07,19:15,3,180913,0,
2018-09-13 19:16,,0.000258665,3.45E-07,19:16,3,180913,0,
2018-09-13 19:17,,0.000258665,3.45E-07,19:17,3,180913,0,
2018-09-13 19:18,,0.000258665,3.45E-07,19:18,3,180913,0,
2018-09-13 19:19,,0.000258665,3.45E-07,19:19,3,180913,0,
2018-09-13 19:20,,0.000258665,3.45E-07,19:20,3,180913,0,
2018-09-13 19:21,,0.000258665,3.45E-07,19:21,3,180913,0,
2018-09-13 19:22,,0.000258665,3.45E-07,19:22,3,180913,0,
2018-09-13 19:23,,0.000258665,3.45E-07,19:23,3,180913,0,
2018-09-13 19:24,,0.000258665,3.45E-07,19:24,3,180913,0,
2018-09-13 19:25,,0.000258665,3.45E-07,19:25,3,180913,0,
2018-09-13 19:26,,0.000258665,3.45E-07,19:26,3,180913,0,
2018-09-13 19:27,,0.000258665,3.45E-07,19:27,3,180913,0,
2018-09-13 19:28,,0.000258665,3.45E-07,19:28,3,180913,0,
2018-09-13 19:29,,0.000258665,3.45E-07,19:29,3,180913,0,
2018-09-13 19:30,,0.000258665,3.45E-07,19:30,3,180913,0,
2018-09-13 19:31,,0.000258665,3.45E-07,19:31,3,180913,0,
2018-09-13 19:32,,0.000258665,3.45E-07,19:32,3,180913,0,
2018-09-13 19:33,,0.000258665,3.45E-07,19:33,3,180913,0,
2018-09-13 19:34,,0.000258665,3.45E-07,19:34,3,180913,0,
2018-09-13 19:35,,0.000258665,3.45E-07,19:35,3,180913,0,
2018-09-13 19:36,,0.000258665,3.45E-07,19:36,3,180913,0,
2018-09-13 19:37,,0.000258665,3.45E-07,19:37,3,180913,0,
2018-09-13 19:38,,0.000258665,3.45E-07,19:38,3,180913,0,
2018-09-13 19:39,,0.000258665,3.45E-07,19:39,3,180913,0,
2018-09-13 19:40,,0.000258665,3.45E-07,19:40,3,180913,0,
2018-09-13 19:41,,0.000258665,3.45E-07,19:41,3,180913,0,
2018-09-13 19:42,,0.000258665,3.45E-07,19:42,3,180913,0,
2018-09-13 19:43,,0.000258665,3.45E-07,19:43,3,180913,0,
2018-09-13 19:44,,0.000258665,3.45E-07,19:44,3,180913,0,
2018-09-13 19:45,,0.000258665,3.45E-07,19:45,3,180913,0,
2018-09-13 19:46,,0.000258665,3.45E-07,19:46,3,180913,0,
2018-09-13 19:47,,0.000258665,3.45E-07,19:47,3,180913,0,
2018-09-13 19:48,,0.000258665,3.45E-07,19:48,3,180913,0,
2018-09-13 19:49,,0.000258665,3.45E-07,19:49,3,180913,0,
2018-09-13 19:50,,0.000258665,3.45E-07,19:50,3,180913,0,
2018-09-13 19:51,,0.000258665,3.45E-07,19:51,3,180913,0,
2018-09-13 19:52,,0.000258665,3.45E-07,19:52,3,180913,0,
2018-09-13 19:53,,0.000258665,3.45E-07,19:53,3,180913,0,
2018-09-13 19:54,,0.000258665,3.45E-07,19:54,3,180913,0,
2018-09-13 19:55,,0.000258665,3.45E-07,19:55,3,180913,0,
2018-09-13 19:56,,0.000258665,3.45E-07,19:56,3,180913,0,
2018-09-13 19:57,,0.000258665,3.45E-07,19:57,3,180913,0,
2018-09-13 19:58,,0.000258665,3.45E-07,19:58,3,180913,0,
2018-09-13 19:59,,0.000258665,3.45E-07,19:59,3,180913,0,
2018-09-13 20:00,,0.000258665,3.45E-07,20:00,3,180913,0,
2018-09-13 20:01,,0.000258665,3.45E-07,20:01,3,180913,0,
2018-09-13 20:02,,0.000258665,3.45E-07,20:02,3,180913,0,
2018-09-13 20:03,,0.000258665,3.45E-07,20:03,3,180913,0,
2018-09-13 20:04,,0.000258665,3.45E-07,20:04,3,180913,0,
2018-09-13 20:05,,0.000258665,3.45E-07,20:05,3,180913,0,
2018-09-13 20:06,,0.000258665,3.45E-07,20:06,3,180913,0,
2018-09-13 20:07,,0.000258665,3.45E-07,20:07,3,180913,0,
2018-09-13 20:08,,0.000258665,3.45E-07,20:08,3,180913,0,
2018-09-13 20:09,,0.000258665,3.45E-07,20:09,3,180913,0,
2018-09-13 20:10,,0.000258665,3.45E-07,20:10,3,180913,0,
2018-09-13 20:11,,0.000258665,3.45E-07,20:11,3,180913,0,
2018-09-13 20:12,,0.000258665,3.45E-07,20:12,3,180913,0,
2018-09-13 20:13,,0.000258665,3.45E-07,20:13,3,180913,0,
2018-09-13 20:14,,0.000258665,3.45E-07,20:14,3,180913,0,
2018-09-13 20:15,,0.000258665,3.45E-07,20:15,3,180913,0,
2018-09-13 20:16,,0.000258665,3.45E-07,20:16,3,180913,0,
2018-09-13 20:17,,0.000258665,3.45E-07,20:17,3,180913,0,
2018-09-13 20:18,,0.000258665,3.45E-07,20:18,3,180913,0,
2018-09-13 20:19,,0.000258665,3.45E-07,20:19,3,180913,0,
2018-09-13 20:20,,0.000258665,3.45E-07,20:20,3,180913,0,
2018-09-13 20:21,,0.000258665,3.45E-07,20:21,3,180913,0,
2018-09-13 20:22,,0.000258665,3.45E-07,20:22,3,180913,0,
2018-09-13 20:23,,0.000258665,3.45E-07,20:23,3,180913,0,
2018-09-13 20:24,,0.000258665,3.45E-07,20:24,3,180913,0,
2018-09-13 20:25,,0.000258665,3.45E-07,20:25,3,180913,0,
2018-09-13 20:26,,0.000258665,3.45E-07,20:26,3,180913,0,
2018-09-13 20:27,,0.000258665,3.45E-07,20:27,3,180913,0,
2018-09-13 20:28,,0.000258665,3.45E-07,20:28,3,180913,0,
2018-09-13 20:29,,0.000258665,3.45E-07,20:29,3,180913,0,
2018-09-13 20:30,,0.000258665,3.45E-07,20:30,3,180913,0,
2018-09-13 20:31,,0.000258665,3.45E-07,20:31,3,180913,0,
2018-09-13 20:32,,0.000258665,3.45E-07,20:32,3,180913,0,
2018-09-13 20:33,,0.000258665,3.45E-07,20:33,3,180913,0,
2018-09-13 20:34,,0.000258665,3.45E-07,20:34,3,180913,0,
2018-09-13 20:35,,0.000258665,3.45E-07,20:35,3,180913,0,
2018-09-13 20:36,,0.000258665,3.45E-07,20:36,3,180913,0,
2018-09-13 20:37,,0.000258665,3.45E-07,20:37,3,180913,0,
2018-09-13 20:38,,0.000258665,3.45E-07,20:38,3,180913,0,
2018-09-13 20:39,,0.000258665,3.45E-07,20:39,3,180913,0,
2018-09-13 20:40,,0.000258665,3.45E-07,20:40,3,180913,0,
2018-09-13 20:41,,0.000258665,3.45E-07,20:41,3,180913,0,
2018-09-13 20:42,,0.000258665,3.45E-07,20:42,3,180913,0,
2018-09-13 20:43,,0.000258665,3.45E-07,20:43,3,180913,0,
2018-09-13 20:44,,0.000258665,3.45E-07,20:44,3,180913,0,
2018-09-13 20:45,,0.000258665,3.45E-07,20:45,3,180913,0,
2018-09-13 20:46,,0.000258665,3.45E-07,20:46,3,180913,0,
2018-09-13 20:47,,0.000258665,3.45E-07,20:47,3,180913,0,
2018-09-13 20:48,,0.000258665,3.45E-07,20:48,3,180913,0,
2018-09-13 20:49,,0.000258665,3.45E-07,20:49,3,180913,0,
2018-09-13 20:50,,0.000258665,3.45E-07,20:50,3,180913,0,
2018-09-13 20:51,,0.000258665,3.45E-07,20:51,3,180913,0,
2018-09-13 20:52,,0.000258665,3.45E-07,20:52,3,180913,0,
2018-09-13 20:53,,0.000258665,3.45E-07,20:53,3,180913,0,
2018-09-13 20:54,,0.000258665,3.45E-07,20:54,3,180913,0,
2018-09-13 20:55,,0.000258665,3.45E-07,20:55,3,180913,0,
2018-09-13 20:56,,0.000258665,3.45E-07,20:56,3,180913,0,
2018-09-13 20:57,,0.000258665,3.45E-07,20:57,3,180913,0,
2018-09-13 20:58,,0.000258665,3.45E-07,20:58,3,180913,0,
2018-09-13 20:59,,0.000258665,3.45E-07,20:59,3,180913,0,
2018-09-13 21:00,,0.000258665,3.45E-07,21:00,3,180913,0,
2018-09-13 21:01,,0.000258665,3.45E-07,21:01,3,180913,0,
2018-09-13 21:02,,0.000258665,3.45E-07,21:02,3,180913,0,
2018-09-13 21:03,,0.000258665,3.45E-07,21:03,3,180913,0,
2018-09-13 21:04,,0.000258665,3.45E-07,21:04,3,180913,0,
2018-09-13 21:05,,0.000258665,3.45E-07,21:05,3,180913,0,
2018-09-13 21:06,,0.000258665,3.45E-07,21:06,3,180913,0,
2018-09-13 21:07,,0.000258665,3.45E-07,21:07,3,180913,0,
2018-09-13 21:08,,0.000258665,3.45E-07,21:08,3,180913,0,
2018-09-13 21:09,,0.000258665,3.45E-07,21:09,3,180913,0,
2018-09-13 21:10,,0.000258665,3.45E-07,21:10,3,180913,0,
2018-09-13 21:11,,0.000258665,3.45E-07,21:11,3,180913,0,
2018-09-13 21:12,,0.000258665,3.45E-07,21:12,3,180913,0,
2018-09-13 21:13,,0.000258665,3.45E-07,21:13,3,180913,0,
2018-09-13 21:14,,0.000258665,3.45E-07,21:14,3,180913,0,
2018-09-13 21:15,,0.000258665,3.45E-07,21:15,3,180913,0,
2018-09-13 21:16,,0.000258665,3.45E-07,21:16,3,180913,0,
2018-09-13 21:17,,0.000258665,3.45E-07,21:17,3,180913,0,
2018-09-13 21:18,,0.000258665,3.45E-07,21:18,3,180913,0,
2018-09-13 21:19,,0.000258665,3.45E-07,21:19,3,180913,0,
2018-09-13 21:20,,0.000258665,3.45E-07,21:20,3,180913,0,
2018-09-13 21:21,,0.000258665,3.45E-07,21:21,3,180913,0,
2018-09-13 21:22,,0.000258665,3.45E-07,21:22,3,180913,0,
2018-09-13 21:23,,0.000258665,3.45E-07,21:23,3,180913,0,
2018-09-13 21:24,,0.000258665,3.45E-07,21:24,3,180913,0,
2018-09-13 21:25,,0.000258665,3.45E-07,21:25,3,180913,0,
2018-09-13 21:26,,0.000258665,3.45E-07,21:26,3,180913,0,
2018-09-13 21:27,,0.000258665,3.45E-07,21:27,3,180913,0,
2018-09-13 21:28,,0.000258665,3.45E-07,21:28,3,180913,0,
2018-09-13 21:29,,0.000258665,3.45E-07,21:29,3,180913,0,
2018-09-13 21:30,,0.000258665,3.45E-07,21:30,3,180913,0,
2018-09-13 21:31,,0.000258665,3.45E-07,21:31,3,180913,0,
2018-09-13 21:32,,0.000258665,3.45E-07,21:32,3,180913,0,
2018-09-13 21:33,,0.000258665,3.45E-07,21:33,3,180913,0,
2018-09-13 21:34,,0.000258665,3.45E-07,21:34,3,180913,0,
2018-09-13 21:35,,0.000258665,3.45E-07,21:35,3,180913,0,
2018-09-13 21:36,,0.000258665,3.45E-07,21:36,3,180913,0,
2018-09-13 21:37,,0.000258665,3.45E-07,21:37,3,180913,0,
2018-09-13 21:38,,0.000258665,3.45E-07,21:38,3,180913,0,
2018-09-13 21:39,,0.000258665,3.45E-07,21:39,3,180913,0,
2018-09-13 21:40,,0.000258665,3.45E-07,21:40,3,180913,0,
2018-09-13 21:41,,0.000258665,3.45E-07,21:41,3,180913,0,
2018-09-13 21:42,,0.000258665,3.45E-07,21:42,3,180913,0,
2018-09-13 21:43,,0.000258665,3.45E-07,21:43,3,180913,0,
2018-09-13 21:44,,0.000258665,3.45E-07,21:44,3,180913,0,
2018-09-13 21:45,,0.000258665,3.45E-07,21:45,3,180913,0,
2018-09-13 21:46,,0.000258665,3.45E-07,21:46,3,180913,0,
2018-09-13 21:47,,0.000258665,3.45E-07,21:47,3,180913,0,
2018-09-13 21:48,,0.000258665,3.45E-07,21:48,3,180913,0,
2018-09-13 21:49,,0.000258665,3.45E-07,21:49,3,180913,0,
2018-09-13 21:50,,0.000258665,3.45E-07,21:50,3,180913,0,
2018-09-13 21:51,,0.000258665,3.45E-07,21:51,3,180913,0,
2018-09-13 21:52,,0.000258665,3.45E-07,21:52,3,180913,0,
2018-09-13 21:53,,0.000258665,3.45E-07,21:53,3,180913,0,
2018-09-13 21:54,,0.000258665,3.45E-07,21:54,3,180913,0,
2018-09-13 21:55,,0.000258665,3.45E-07,21:55,3,180913,0,
2018-09-13 21:56,,0.000258665,3.45E-07,21:56,3,180913,0,
2018-09-13 21:57,,0.000258665,3.45E-07,21:57,3,180913,0,
2018-09-13 21:58,,0.000258665,3.45E-07,21:58,3,180913,0,
2018-09-13 21:59,,0.000258665,3.45E-07,21:59,3,180913,0,
2018-09-13 22:00,,0.000258665,3.45E-07,22:00,3,180913,0,
2018-09-13 22:01,,0.000258665,3.45E-07,22:01,3,180913,0,
2018-09-13 22:02,,0.000258665,3.45E-07,22:02,3,180913,0,
2018-09-13 22:03,,0.000258665,3.45E-07,22:03,3,180913,0,
2018-09-13 22:04,,0.000258665,3.45E-07,22:04,3,180913,0,
2018-09-13 22:05,,0.000258665,3.45E-07,22:05,3,180913,0,
2018-09-13 22:06,,0.000258665,3.45E-07,22:06,3,180913,0,
2018-09-13 22:07,,0.000258665,3.45E-07,22:07,3,180913,0,
2018-09-13 22:08,,0.000258665,3.45E-07,22:08,3,180913,0,
2018-09-13 22:09,,0.000258665,3.45E-07,22:09,3,180913,0,
2018-09-13 22:10,,0.000258665,3.45E-07,22:10,3,180913,0,
2018-09-13 22:11,,0.000258665,3.45E-07,22:11,3,180913,0,
2018-09-13 22:12,,0.000258665,3.45E-07,22:12,3,180913,0,
2018-09-13 22:13,,0.000258665,3.45E-07,22:13,3,180913,0,
2018-09-13 22:14,,0.000258665,3.45E-07,22:14,3,180913,0,
2018-09-13 22:15,,0.000258665,3.45E-07,22:15,3,180913,0,
2018-09-13 22:16,,0.000258665,3.45E-07,22:16,3,180913,0,
2018-09-13 22:17,,0.000258665,3.45E-07,22:17,3,180913,0,
2018-09-13 22:18,,0.000258665,3.45E-07,22:18,3,180913,0,
2018-09-13 22:19,,0.000258665,3.45E-07,22:19,3,180913,0,
2018-09-13 22:20,,0.000258665,3.45E-07,22:20,3,180913,0,
2018-09-13 22:21,,0.000258665,3.45E-07,22:21,3,180913,0,
2018-09-13 22:22,,0.000258665,3.45E-07,22:22,3,180913,0,
2018-09-13 22:23,,0.000258665,3.45E-07,22:23,3,180913,0,
2018-09-13 22:24,,0.000258665,3.45E-07,22:24,3,180913,0,
2018-09-13 22:25,,0.000258665,3.45E-07,22:25,3,180913,0,
2018-09-13 22:26,,0.000258665,3.45E-07,22:26,3,180913,0,
2018-09-13 22:27,,0.000258665,3.45E-07,22:27,3,180913,0,
2018-09-13 22:28,,0.000258665,3.45E-07,22:28,3,180913,0,
2018-09-13 22:29,,0.000258665,3.45E-07,22:29,3,180913,0,
2018-09-13 22:30,,0.000258665,3.45E-07,22:30,3,180913,0,
2018-09-13 22:31,,0.000258665,3.45E-07,22:31,3,180913,0,
2018-09-13 22:32,,0.000258665,3.45E-07,22:32,3,180913,0,
2018-09-13 22:33,,0.000258665,3.45E-07,22:33,3,180913,0,
2018-09-13 22:34,,0.000258665,3.45E-07,22:34,3,180913,0,
2018-09-13 22:35,,0.000258665,3.45E-07,22:35,3,180913,0,
2018-09-13 22:36,,0.000258665,3.45E-07,22:36,3,180913,0,
2018-09-13 22:37,,0.000258665,3.45E-07,22:37,3,180913,0,
2018-09-13 22:38,,0.000258665,3.45E-07,22:38,3,180913,0,
2018-09-13 22:39,,0.000258665,3.45E-07,22:39,3,180913,0,
2018-09-13 22:40,,0.000258665,3.45E-07,22:40,3,180913,0,
2018-09-13 22:41,,0.000258665,3.45E-07,22:41,3,180913,0,
2018-09-13 22:42,,0.000258665,3.45E-07,22:42,3,180913,0,
2018-09-13 22:43,,0.000258665,3.45E-07,22:43,3,180913,0,
2018-09-13 22:44,,0.000258665,3.45E-07,22:44,3,180913,0,
2018-09-13 22:45,,0.000258665,3.45E-07,22:45,3,180913,0,
2018-09-13 22:46,,0.000258665,3.45E-07,22:46,3,180913,0,
2018-09-13 22:47,,0.000258665,3.45E-07,22:47,3,180913,0,
2018-09-13 22:48,,0.000258665,3.45E-07,22:48,3,180913,0,
2018-09-13 22:49,,0.000258665,3.45E-07,22:49,3,180913,0,
2018-09-13 22:50,,0.000258665,3.45E-07,22:50,3,180913,0,
2018-09-13 22:51,,0.000258665,3.45E-07,22:51,3,180913,0,
2018-09-13 22:52,,0.000258665,3.45E-07,22:52,3,180913,0,
2018-09-13 22:53,,0.000258665,3.45E-07,22:53,3,180913,0,
2018-09-13 22:54,,0.000258665,3.45E-07,22:54,3,180913,0,
2018-09-13 22:55,,0.000258665,3.45E-07,22:55,3,180913,0,
2018-09-13 22:56,,0.000258665,3.45E-07,22:56,3,180913,0,
2018-09-13 22:57,,0.000258665,3.45E-07,22:57,3,180913,0,
2018-09-13 22:58,,0.000258665,3.45E-07,22:58,3,180913,0,
2018-09-13 22:59,,0.000258665,3.45E-07,22:59,3,180913,0,
2018-09-13 23:00,,0.000258665,3.45E-07,23:00,3,180913,0,
2018-09-13 23:01,,0.000258665,3.45E-07,23:01,3,180913,0,
2018-09-13 23:02,,0.000258665,3.45E-07,23:02,3,180913,0,
2018-09-13 23:03,,0.000258665,3.45E-07,23:03,3,180913,0,
2018-09-13 23:04,,0.000258665,3.45E-07,23:04,3,180913,0,
2018-09-13 23:05,,0.000258665,3.45E-07,23:05,3,180913,0,
2018-09-13 23:06,,0.000258665,3.45E-07,23:06,3,180913,0,
2018-09-13 23:07,,0.000258665,3.45E-07,23:07,3,180913,0,
2018-09-13 23:08,,0.000258665,3.45E-07,23:08,3,180913,0,
2018-09-13 23:09,,0.000258665,3.45E-07,23:09,3,180913,0,
2018-09-13 23:10,,0.000258665,3.45E-07,23:10,3,180913,0,
2018-09-13 23:11,,0.000258665,3.45E-07,23:11,3,180913,0,
2018-09-13 23:12,,0.000258665,3.45E-07,23:12,3,180913,0,
2018-09-13 23:13,,0.000258665,3.45E-07,23:13,3,180913,0,
2018-09-13 23:14,,0.000258665,3.45E-07,23:14,3,180913,0,
2018-09-13 23:15,,0.000258665,3.45E-07,23:15,3,180913,0,
2018-09-13 23:16,,0.000258665,3.45E-07,23:16,3,180913,0,
2018-09-13 23:17,,0.000258665,3.45E-07,23:17,3,180913,0,
2018-09-13 23:18,,0.000258665,3.45E-07,23:18,3,180913,0,
2018-09-13 23:19,,0.000258665,3.45E-07,23:19,3,180913,0,
2018-09-13 23:20,,0.000258665,3.45E-07,23:20,3,180913,0,
2018-09-13 23:21,,0.000258665,3.45E-07,23:21,3,180913,0,
2018-09-13 23:22,,0.000258665,3.45E-07,23:22,3,180913,0,
2018-09-13 23:23,,0.000258665,3.45E-07,23:23,3,180913,0,
2018-09-13 23:24,,0.000258665,3.45E-07,23:24,3,180913,0,
2018-09-13 23:25,,0.000258665,3.45E-07,23:25,3,180913,0,
2018-09-13 23:26,,0.000258665,3.45E-07,23:26,3,180913,0,
2018-09-13 23:27,,0.000258665,3.45E-07,23:27,3,180913,0,
2018-09-13 23:28,,0.000258665,3.45E-07,23:28,3,180913,0,
2018-09-13 23:29,,0.000258665,3.45E-07,23:29,3,180913,0,
2018-09-13 23:30,,0.000258665,3.45E-07,23:30,3,180913,0,
2018-09-13 23:31,,0.000258665,3.45E-07,23:31,3,180913,0,
2018-09-13 23:32,,0.000258665,3.45E-07,23:32,3,180913,0,
2018-09-13 23:33,,0.000258665,3.45E-07,23:33,3,180913,0,
2018-09-13 23:34,,0.000258665,3.45E-07,23:34,3,180913,0,
2018-09-13 23:35,,0.000258665,3.45E-07,23:35,3,180913,0,
2018-09-13 23:36,,0.000258665,3.45E-07,23:36,3,180913,0,
2018-09-13 23:37,,0.000258665,3.45E-07,23:37,3,180913,0,
2018-09-13 23:38,,0.000258665,3.45E-07,23:38,3,180913,0,
2018-09-13 23:39,,0.000258665,3.45E-07,23:39,3,180913,0,
2018-09-13 23:40,,0.000258665,3.45E-07,23:40,3,180913,0,
2018-09-13 23:41,,0.000258665,3.45E-07,23:41,3,180913,0,
2018-09-13 23:42,,0.000258665,3.45E-07,23:42,3,180913,0,
2018-09-13 23:43,,0.000258665,3.45E-07,23:43,3,180913,0,
2018-09-13 23:44,,0.000258665,3.45E-07,23:44,3,180913,0,
2018-09-13 23:45,,0.000258665,3.45E-07,23:45,3,180913,0,
2018-09-13 23:46,,0.000258665,3.45E-07,23:46,3,180913,0,
2018-09-13 23:47,,0.000258665,3.45E-07,23:47,3,180913,0,
2018-09-13 23:48,,0.000258665,3.45E-07,23:48,3,180913,0,
2018-09-13 23:49,,0.000258665,3.45E-07,23:49,3,180913,0,
2018-09-13 23:50,,0.000258665,3.45E-07,23:50,3,180913,0,
2018-09-13 23:51,,0.000258665,3.45E-07,23:51,3,180913,0,
2018-09-13 23:52,,0.000258665,3.45E-07,23:52,3,180913,0,
2018-09-13 23:53,,0.000258665,3.45E-07,23:53,3,180913,0,
2018-09-13 23:54,,0.000258665,3.45E-07,23:54,3,180913,0,
2018-09-13 23:55,,0.000258665,3.45E-07,23:55,3,180913,0,
2018-09-13 23:56,,0.000258665,3.45E-07,23:56,3,180913,0,
2018-09-13 23:57,,0.000258665,3.45E-07,23:57,3,180913,0,
2018-09-13 23:58,,0.000258665,3.45E-07,23:58,3,180913,0,
2018-09-13 23:59,,0.000258665,3.45E-07,23:59,3,180913,0,
2018-09-14 0:00,,0.000258665,3.45E-07,0:00,4,180914,0,
2018-09-14 0:01,,0.000258665,3.45E-07,0:01,4,180914,0,
2018-09-14 0:02,,0.000258665,3.45E-07,0:02,4,180914,0,
2018-09-14 0:03,,0.000258665,3.45E-07,0:03,4,180914,0,
2018-09-14 0:04,,0.000258665,3.45E-07,0:04,4,180914,0,
2018-09-14 0:05,,0.000258665,3.45E-07,0:05,4,180914,0,
2018-09-14 0:06,,0.000258665,3.45E-07,0:06,4,180914,0,
2018-09-14 0:07,,0.000258665,3.45E-07,0:07,4,180914,0,
2018-09-14 0:08,,0.000258665,3.45E-07,0:08,4,180914,0,
2018-09-14 0:09,,0.000258665,3.45E-07,0:09,4,180914,0,
2018-09-14 0:10,,0.000258665,3.45E-07,0:10,4,180914,0,
2018-09-14 0:11,,0.000258665,3.45E-07,0:11,4,180914,0,
2018-09-14 0:12,,0.000258665,3.45E-07,0:12,4,180914,0,
2018-09-14 0:13,,0.000258665,3.45E-07,0:13,4,180914,0,
2018-09-14 0:14,,0.000258665,3.45E-07,0:14,4,180914,0,
2018-09-14 0:15,,0.000258665,3.45E-07,0:15,4,180914,0,
2018-09-14 0:16,,0.000258665,3.45E-07,0:16,4,180914,0,
2018-09-14 0:17,,0.000258665,3.45E-07,0:17,4,180914,0,
2018-09-14 0:18,,0.000258665,3.45E-07,0:18,4,180914,0,
2018-09-14 0:19,,0.000258665,3.45E-07,0:19,4,180914,0,
2018-09-14 0:20,,0.000258665,3.45E-07,0:20,4,180914,0,
2018-09-14 0:21,,0.000258665,3.45E-07,0:21,4,180914,0,
2018-09-14 0:22,,0.000258665,3.45E-07,0:22,4,180914,0,
2018-09-14 0:23,,0.000258665,3.45E-07,0:23,4,180914,0,
2018-09-14 0:24,,0.000258665,3.45E-07,0:24,4,180914,0,
2018-09-14 0:25,,0.000258665,3.45E-07,0:25,4,180914,0,
2018-09-14 0:26,,0.000258665,3.45E-07,0:26,4,180914,0,
2018-09-14 0:27,,0.000258665,3.45E-07,0:27,4,180914,0,
2018-09-14 0:28,,0.000258665,3.45E-07,0:28,4,180914,0,
2018-09-14 0:29,,0.000258665,3.45E-07,0:29,4,180914,0,
2018-09-14 0:30,,0.000258665,3.45E-07,0:30,4,180914,0,
2018-09-14 0:31,,0.000258665,3.45E-07,0:31,4,180914,0,
2018-09-14 0:32,,0.000258665,3.45E-07,0:32,4,180914,0,
2018-09-14 0:33,,0.000258665,3.45E-07,0:33,4,180914,0,
2018-09-14 0:34,,0.000258665,3.45E-07,0:34,4,180914,0,
2018-09-14 0:35,,0.000258665,3.45E-07,0:35,4,180914,0,
2018-09-14 0:36,,0.000258665,3.45E-07,0:36,4,180914,0,
2018-09-14 0:37,,0.000258665,3.45E-07,0:37,4,180914,0,
2018-09-14 0:38,,0.000258665,3.45E-07,0:38,4,180914,0,
2018-09-14 0:39,,0.000258665,3.45E-07,0:39,4,180914,0,
2018-09-14 0:40,,0.000258665,3.45E-07,0:40,4,180914,0,
2018-09-14 0:41,,0.000258665,3.45E-07,0:41,4,180914,0,
2018-09-14 0:42,,0.000258665,3.45E-07,0:42,4,180914,0,
2018-09-14 0:43,,0.000258665,3.45E-07,0:43,4,180914,0,
2018-09-14 0:44,,0.000258665,3.45E-07,0:44,4,180914,0,
2018-09-14 0:45,,0.000258665,3.45E-07,0:45,4,180914,0,
2018-09-14 0:46,,0.000258665,3.45E-07,0:46,4,180914,0,
2018-09-14 0:47,,0.000258665,3.45E-07,0:47,4,180914,0,
2018-09-14 0:48,,0.000258665,3.45E-07,0:48,4,180914,0,
2018-09-14 0:49,,0.000258665,3.45E-07,0:49,4,180914,0,
2018-09-14 0:50,,0.000258665,3.45E-07,0:50,4,180914,0,
2018-09-14 0:51,,0.000258665,3.45E-07,0:51,4,180914,0,
2018-09-14 0:52,,0.000258665,3.45E-07,0:52,4,180914,0,
2018-09-14 0:53,,0.000258665,3.45E-07,0:53,4,180914,0,
2018-09-14 0:54,,0.000258665,3.45E-07,0:54,4,180914,0,
2018-09-14 0:55,,0.000258665,3.45E-07,0:55,4,180914,0,
2018-09-14 0:56,,0.000258665,3.45E-07,0:56,4,180914,0,
2018-09-14 0:57,,0.000258665,3.45E-07,0:57,4,180914,0,
2018-09-14 0:58,,0.000258665,3.45E-07,0:58,4,180914,0,
2018-09-14 0:59,,0.000258665,3.45E-07,0:59,4,180914,0,
2018-09-14 1:00,,0.000258665,3.45E-07,1:00,4,180914,0,
2018-09-14 1:01,,0.000258665,3.45E-07,1:01,4,180914,0,
2018-09-14 1:02,,0.000258665,3.45E-07,1:02,4,180914,0,
2018-09-14 1:03,,0.000258665,3.45E-07,1:03,4,180914,0,
2018-09-14 1:04,,0.000258665,3.45E-07,1:04,4,180914,0,
2018-09-14 1:05,,0.000258665,3.45E-07,1:05,4,180914,0,
2018-09-14 1:06,,0.000258665,3.45E-07,1:06,4,180914,0,
2018-09-14 1:07,,0.000258665,3.45E-07,1:07,4,180914,0,
2018-09-14 1:08,,0.000258665,3.45E-07,1:08,4,180914,0,
2018-09-14 1:09,,0.000258665,3.45E-07,1:09,4,180914,0,
2018-09-14 1:10,,0.000258665,3.45E-07,1:10,4,180914,0,
2018-09-14 1:11,,0.000258665,3.45E-07,1:11,4,180914,0,
2018-09-14 1:12,,0.000258665,3.45E-07,1:12,4,180914,0,
2018-09-14 1:13,,0.000258665,3.45E-07,1:13,4,180914,0,
2018-09-14 1:14,,0.000258665,3.45E-07,1:14,4,180914,0,
2018-09-14 1:15,,0.000258665,3.45E-07,1:15,4,180914,0,
2018-09-14 1:16,,0.000258665,3.45E-07,1:16,4,180914,0,
2018-09-14 1:17,,0.000258665,3.45E-07,1:17,4,180914,0,
2018-09-14 1:18,,0.000258665,3.45E-07,1:18,4,180914,0,
2018-09-14 1:19,,0.000258665,3.45E-07,1:19,4,180914,0,
2018-09-14 1:20,,0.000258665,3.45E-07,1:20,4,180914,0,
2018-09-14 1:21,,0.000258665,3.45E-07,1:21,4,180914,0,
2018-09-14 1:22,,0.000258665,3.45E-07,1:22,4,180914,0,
2018-09-14 1:23,,0.000258665,3.45E-07,1:23,4,180914,0,
2018-09-14 1:24,,0.000258665,3.45E-07,1:24,4,180914,0,
2018-09-14 1:25,,0.000258665,3.45E-07,1:25,4,180914,0,
2018-09-14 1:26,,0.000258665,3.45E-07,1:26,4,180914,0,
2018-09-14 1:27,,0.000258665,3.45E-07,1:27,4,180914,0,
2018-09-14 1:28,,0.000258665,3.45E-07,1:28,4,180914,0,
2018-09-14 1:29,,0.000258665,3.45E-07,1:29,4,180914,0,
2018-09-14 1:30,,0.000258665,3.45E-07,1:30,4,180914,0,
2018-09-14 1:31,,0.000258665,3.45E-07,1:31,4,180914,0,
2018-09-14 1:32,,0.000258665,3.45E-07,1:32,4,180914,0,
2018-09-14 1:33,,0.000258665,3.45E-07,1:33,4,180914,0,
2018-09-14 1:34,,0.000258665,3.45E-07,1:34,4,180914,0,
2018-09-14 1:35,,0.000258665,3.45E-07,1:35,4,180914,0,
2018-09-14 1:36,,0.000258665,3.45E-07,1:36,4,180914,0,
2018-09-14 1:37,,0.000258665,3.45E-07,1:37,4,180914,0,
2018-09-14 1:38,,0.000258665,3.45E-07,1:38,4,180914,0,
2018-09-14 1:39,,0.000258665,3.45E-07,1:39,4,180914,0,
2018-09-14 1:40,,0.000258665,3.45E-07,1:40,4,180914,0,
2018-09-14 1:41,,0.000258665,3.45E-07,1:41,4,180914,0,
2018-09-14 1:42,,0.000258665,3.45E-07,1:42,4,180914,0,
2018-09-14 1:43,,0.000258665,3.45E-07,1:43,4,180914,0,
2018-09-14 1:44,,0.000258665,3.45E-07,1:44,4,180914,0,
2018-09-14 1:45,,0.000258665,3.45E-07,1:45,4,180914,0,
2018-09-14 1:46,,0.000258665,3.45E-07,1:46,4,180914,0,
2018-09-14 1:47,,0.000258665,3.45E-07,1:47,4,180914,0,
2018-09-14 1:48,,0.000258665,3.45E-07,1:48,4,180914,0,
2018-09-14 1:49,,0.000258665,3.45E-07,1:49,4,180914,0,
2018-09-14 1:50,,0.000258665,3.45E-07,1:50,4,180914,0,
2018-09-14 1:51,,0.000258665,3.45E-07,1:51,4,180914,0,
2018-09-14 1:52,,0.000258665,3.45E-07,1:52,4,180914,0,
2018-09-14 1:53,,0.000258665,3.45E-07,1:53,4,180914,0,
2018-09-14 1:54,,0.000258665,3.45E-07,1:54,4,180914,0,
2018-09-14 1:55,,0.000258665,3.45E-07,1:55,4,180914,0,
2018-09-14 1:56,,0.000258665,3.45E-07,1:56,4,180914,0,
2018-09-14 1:57,,0.000258665,3.45E-07,1:57,4,180914,0,
2018-09-14 1:58,,0.000258665,3.45E-07,1:58,4,180914,0,
2018-09-14 1:59,,0.000258665,3.45E-07,1:59,4,180914,0,
2018-09-14 2:00,,0.000258665,3.45E-07,2:00,4,180914,0,
2018-09-14 2:01,,0.000258665,3.45E-07,2:01,4,180914,0,
2018-09-14 2:02,,0.000258665,3.45E-07,2:02,4,180914,0,
2018-09-14 2:03,,0.000258665,3.45E-07,2:03,4,180914,0,
2018-09-14 2:04,,0.000258665,3.45E-07,2:04,4,180914,0,
2018-09-14 2:05,,0.000258665,3.45E-07,2:05,4,180914,0,
2018-09-14 2:06,,0.000258665,3.45E-07,2:06,4,180914,0,
2018-09-14 2:07,,0.000258665,3.45E-07,2:07,4,180914,0,
2018-09-14 2:08,,0.000258665,3.45E-07,2:08,4,180914,0,
2018-09-14 2:09,,0.000258665,3.45E-07,2:09,4,180914,0,
2018-09-14 2:10,,0.000258665,3.45E-07,2:10,4,180914,0,
2018-09-14 2:11,,0.000258665,3.45E-07,2:11,4,180914,0,
2018-09-14 2:12,,0.000258665,3.45E-07,2:12,4,180914,0,
2018-09-14 2:13,,0.000258665,3.45E-07,2:13,4,180914,0,
2018-09-14 2:14,,0.000258665,3.45E-07,2:14,4,180914,0,
2018-09-14 2:15,,0.000258665,3.45E-07,2:15,4,180914,0,
2018-09-14 2:16,,0.000258665,3.45E-07,2:16,4,180914,0,
2018-09-14 2:17,,0.000258665,3.45E-07,2:17,4,180914,0,
2018-09-14 2:18,,0.000258665,3.45E-07,2:18,4,180914,0,
2018-09-14 2:19,,0.000258665,3.45E-07,2:19,4,180914,0,
2018-09-14 2:20,,0.000258665,3.45E-07,2:20,4,180914,0,
2018-09-14 2:21,,0.000258665,3.45E-07,2:21,4,180914,0,
2018-09-14 2:22,,0.000258665,3.45E-07,2:22,4,180914,0,
2018-09-14 2:23,,0.000258665,3.45E-07,2:23,4,180914,0,
2018-09-14 2:24,,0.000258665,3.45E-07,2:24,4,180914,0,
2018-09-14 2:25,,0.000258665,3.45E-07,2:25,4,180914,0,
2018-09-14 2:26,,0.000258665,3.45E-07,2:26,4,180914,0,
2018-09-14 2:27,,0.000258665,3.45E-07,2:27,4,180914,0,
2018-09-14 2:28,,0.000258665,3.45E-07,2:28,4,180914,0,
2018-09-14 2:29,,0.000258665,3.45E-07,2:29,4,180914,0,
2018-09-14 2:30,,0.000258665,3.45E-07,2:30,4,180914,0,
2018-09-14 2:31,,0.000258665,3.45E-07,2:31,4,180914,0,
2018-09-14 2:32,,0.000258665,3.45E-07,2:32,4,180914,0,
2018-09-14 2:33,,0.000258665,3.45E-07,2:33,4,180914,0,
2018-09-14 2:34,,0.000258665,3.45E-07,2:34,4,180914,0,
2018-09-14 2:35,,0.000258665,3.45E-07,2:35,4,180914,0,
2018-09-14 2:36,,0.000258665,3.45E-07,2:36,4,180914,0,
2018-09-14 2:37,,0.000258665,3.45E-07,2:37,4,180914,0,
2018-09-14 2:38,,0.000258665,3.45E-07,2:38,4,180914,0,
2018-09-14 2:39,,0.000258665,3.45E-07,2:39,4,180914,0,
2018-09-14 2:40,,0.000258665,3.45E-07,2:40,4,180914,0,
2018-09-14 2:41,,0.000258665,3.45E-07,2:41,4,180914,0,
2018-09-14 2:42,,0.000258665,3.45E-07,2:42,4,180914,0,
2018-09-14 2:43,,0.000258665,3.45E-07,2:43,4,180914,0,
2018-09-14 2:44,,0.000258665,3.45E-07,2:44,4,180914,0,
2018-09-14 2:45,,0.000258665,3.45E-07,2:45,4,180914,0,
2018-09-14 2:46,,0.000258665,3.45E-07,2:46,4,180914,0,
2018-09-14 2:47,,0.000258665,3.45E-07,2:47,4,180914,0,
2018-09-14 2:48,,0.000258665,3.45E-07,2:48,4,180914,0,
2018-09-14 2:49,,0.000258665,3.45E-07,2:49,4,180914,0,
2018-09-14 2:50,,0.000258665,3.45E-07,2:50,4,180914,0,
2018-09-14 2:51,,0.000258665,3.45E-07,2:51,4,180914,0,
2018-09-14 2:52,,0.000258665,3.45E-07,2:52,4,180914,0,
2018-09-14 2:53,,0.000258665,3.45E-07,2:53,4,180914,0,
2018-09-14 2:54,,0.000258665,3.45E-07,2:54,4,180914,0,
2018-09-14 2:55,,0.000258665,3.45E-07,2:55,4,180914,0,
2018-09-14 2:56,,0.000258665,3.45E-07,2:56,4,180914,0,
2018-09-14 2:57,,0.000258665,3.45E-07,2:57,4,180914,0,
2018-09-14 2:58,,0.000258665,3.45E-07,2:58,4,180914,0,
2018-09-14 2:59,,0.000258665,3.45E-07,2:59,4,180914,0,
2018-09-14 3:00,,0.000258665,3.45E-07,3:00,4,180914,0,
2018-09-14 3:01,,0.000258665,3.45E-07,3:01,4,180914,0,
2018-09-14 3:02,,0.000258665,3.45E-07,3:02,4,180914,0,
2018-09-14 3:03,,0.000258665,3.45E-07,3:03,4,180914,0,
2018-09-14 3:04,,0.000258665,3.45E-07,3:04,4,180914,0,
2018-09-14 3:05,,0.000258665,3.45E-07,3:05,4,180914,0,
2018-09-14 3:06,,0.000258665,3.45E-07,3:06,4,180914,0,
2018-09-14 3:07,,0.000258665,3.45E-07,3:07,4,180914,0,
2018-09-14 3:08,,0.000258665,3.45E-07,3:08,4,180914,0,
2018-09-14 3:09,,0.000258665,3.45E-07,3:09,4,180914,0,
2018-09-14 3:10,,0.000258665,3.45E-07,3:10,4,180914,0,
2018-09-14 3:11,,0.000258665,3.45E-07,3:11,4,180914,0,
2018-09-14 3:12,,0.000258665,3.45E-07,3:12,4,180914,0,
2018-09-14 3:13,,0.000258665,3.45E-07,3:13,4,180914,0,
2018-09-14 3:14,,0.000258665,3.45E-07,3:14,4,180914,0,
2018-09-14 3:15,,0.000258665,3.45E-07,3:15,4,180914,0,
2018-09-14 3:16,,0.000258665,3.45E-07,3:16,4,180914,0,
2018-09-14 3:17,,0.000258665,3.45E-07,3:17,4,180914,0,
2018-09-14 3:18,,0.000258665,3.45E-07,3:18,4,180914,0,
2018-09-14 3:19,,0.000258665,3.45E-07,3:19,4,180914,0,
2018-09-14 3:20,,0.000258665,3.45E-07,3:20,4,180914,0,
2018-09-14 3:21,,0.000258665,3.45E-07,3:21,4,180914,0,
2018-09-14 3:22,,0.000258665,3.45E-07,3:22,4,180914,0,
2018-09-14 3:23,,0.000258665,3.45E-07,3:23,4,180914,0,
2018-09-14 3:24,,0.000258665,3.45E-07,3:24,4,180914,0,
2018-09-14 3:25,,0.000258665,3.45E-07,3:25,4,180914,0,
2018-09-14 3:26,,0.000258665,3.45E-07,3:26,4,180914,0,
2018-09-14 3:27,,0.000258665,3.45E-07,3:27,4,180914,0,
2018-09-14 3:28,,0.000258665,3.45E-07,3:28,4,180914,0,
2018-09-14 3:29,,0.000258665,3.45E-07,3:29,4,180914,0,
2018-09-14 3:30,,0.000258665,3.45E-07,3:30,4,180914,0,
2018-09-14 3:31,,0.000258665,3.45E-07,3:31,4,180914,0,
2018-09-14 3:32,,0.000258665,3.45E-07,3:32,4,180914,0,
2018-09-14 3:33,,0.000258665,3.45E-07,3:33,4,180914,0,
2018-09-14 3:34,,0.000258665,3.45E-07,3:34,4,180914,0,
2018-09-14 3:35,,0.000258665,3.45E-07,3:35,4,180914,0,
2018-09-14 3:36,,0.000258665,3.45E-07,3:36,4,180914,0,
2018-09-14 3:37,,0.000258665,3.45E-07,3:37,4,180914,0,
2018-09-14 3:38,,0.000258665,3.45E-07,3:38,4,180914,0,
2018-09-14 3:39,,0.000258665,3.45E-07,3:39,4,180914,0,
2018-09-14 3:40,,0.000258665,3.45E-07,3:40,4,180914,0,
2018-09-14 3:41,,0.000258665,3.45E-07,3:41,4,180914,0,
2018-09-14 3:42,,0.000258665,3.45E-07,3:42,4,180914,0,
2018-09-14 3:43,,0.000258665,3.45E-07,3:43,4,180914,0,
2018-09-14 3:44,,0.000258665,3.45E-07,3:44,4,180914,0,
2018-09-14 3:45,,0.000258665,3.45E-07,3:45,4,180914,0,
2018-09-14 3:46,,0.000258665,3.45E-07,3:46,4,180914,0,
2018-09-14 3:47,,0.000258665,3.45E-07,3:47,4,180914,0,
2018-09-14 3:48,,0.000258665,3.45E-07,3:48,4,180914,0,
2018-09-14 3:49,,0.000258665,3.45E-07,3:49,4,180914,0,
2018-09-14 3:50,,0.000258665,3.45E-07,3:50,4,180914,0,
2018-09-14 3:51,,0.000258665,3.45E-07,3:51,4,180914,0,
2018-09-14 3:52,,0.000258665,3.45E-07,3:52,4,180914,0,
2018-09-14 3:53,,0.000258665,3.45E-07,3:53,4,180914,0,
2018-09-14 3:54,,0.000258665,3.45E-07,3:54,4,180914,0,
2018-09-14 3:55,,0.000258665,3.45E-07,3:55,4,180914,0,
2018-09-14 3:56,,0.000258665,3.45E-07,3:56,4,180914,0,
2018-09-14 3:57,,0.000258665,3.45E-07,3:57,4,180914,0,
2018-09-14 3:58,,0.000258665,3.45E-07,3:58,4,180914,0,
2018-09-14 3:59,,0.000258665,3.45E-07,3:59,4,180914,0,
2018-09-14 4:00,,0.000258665,3.45E-07,4:00,4,180914,0,
2018-09-14 4:01,,0.000258665,3.45E-07,4:01,4,180914,0,
2018-09-14 4:02,,0.000258665,3.45E-07,4:02,4,180914,0,
2018-09-14 4:03,,0.000258665,3.45E-07,4:03,4,180914,0,
2018-09-14 4:04,,0.000258665,3.45E-07,4:04,4,180914,0,
2018-09-14 4:05,,0.000258665,3.45E-07,4:05,4,180914,0,
2018-09-14 4:06,,0.000258665,3.45E-07,4:06,4,180914,0,
2018-09-14 4:07,,0.000258665,3.45E-07,4:07,4,180914,0,
2018-09-14 4:08,,0.000258665,3.45E-07,4:08,4,180914,0,
2018-09-14 4:09,,0.000258665,3.45E-07,4:09,4,180914,0,
2018-09-14 4:10,,0.000258665,3.45E-07,4:10,4,180914,0,
2018-09-14 4:11,,0.000258665,3.45E-07,4:11,4,180914,0,
2018-09-14 4:12,,0.000258665,3.45E-07,4:12,4,180914,0,
2018-09-14 4:13,,0.000258665,3.45E-07,4:13,4,180914,0,
2018-09-14 4:14,,0.000258665,3.45E-07,4:14,4,180914,0,
2018-09-14 4:15,,0.000258665,3.45E-07,4:15,4,180914,0,
2018-09-14 4:16,,0.000258665,3.45E-07,4:16,4,180914,0,
2018-09-14 4:17,,0.000258665,3.45E-07,4:17,4,180914,0,
2018-09-14 4:18,,0.000258665,3.45E-07,4:18,4,180914,0,
2018-09-14 4:19,,0.000258665,3.45E-07,4:19,4,180914,0,
2018-09-14 4:20,,0.000258665,3.45E-07,4:20,4,180914,0,
2018-09-14 4:21,,0.000258665,3.45E-07,4:21,4,180914,0,
2018-09-14 4:22,,0.000258665,3.45E-07,4:22,4,180914,0,
2018-09-14 4:23,,0.000258665,3.45E-07,4:23,4,180914,0,
2018-09-14 4:24,,0.000258665,3.45E-07,4:24,4,180914,0,
2018-09-14 4:25,,0.000258665,3.45E-07,4:25,4,180914,0,
2018-09-14 4:26,,0.000258665,3.45E-07,4:26,4,180914,0,
2018-09-14 4:27,,0.000258665,3.45E-07,4:27,4,180914,0,
2018-09-14 4:28,,0.000258665,3.45E-07,4:28,4,180914,0,
2018-09-14 4:29,,0.000258665,3.45E-07,4:29,4,180914,0,
2018-09-14 4:30,,0.000258665,3.45E-07,4:30,4,180914,0,
2018-09-14 4:31,,0.000258665,3.45E-07,4:31,4,180914,0,
2018-09-14 4:32,,0.000258665,3.45E-07,4:32,4,180914,0,
2018-09-14 4:33,,0.000258665,3.45E-07,4:33,4,180914,0,
2018-09-14 4:34,,0.000258665,3.45E-07,4:34,4,180914,0,
2018-09-14 4:35,,0.000258665,3.45E-07,4:35,4,180914,0,
2018-09-14 4:36,,0.000258665,3.45E-07,4:36,4,180914,0,
2018-09-14 4:37,,0.000258665,3.45E-07,4:37,4,180914,0,
2018-09-14 4:38,,0.000258665,3.45E-07,4:38,4,180914,0,
2018-09-14 4:39,,0.000258665,3.45E-07,4:39,4,180914,0,
2018-09-14 4:40,,0.000258665,3.45E-07,4:40,4,180914,0,
2018-09-14 4:41,,0.000258665,3.45E-07,4:41,4,180914,0,
2018-09-14 4:42,,0.000258665,3.45E-07,4:42,4,180914,0,
2018-09-14 4:43,,0.000258665,3.45E-07,4:43,4,180914,0,
2018-09-14 4:44,,0.000258665,3.45E-07,4:44,4,180914,0,
2018-09-14 4:45,,0.000258665,3.45E-07,4:45,4,180914,0,
2018-09-14 4:46,,0.000258665,3.45E-07,4:46,4,180914,0,
2018-09-14 4:47,,0.000258665,3.45E-07,4:47,4,180914,0,
2018-09-14 4:48,,0.000258665,3.45E-07,4:48,4,180914,0,
2018-09-14 4:49,,0.000258665,3.45E-07,4:49,4,180914,0,
2018-09-14 4:50,,0.000258665,3.45E-07,4:50,4,180914,0,
2018-09-14 4:51,,0.000258665,3.45E-07,4:51,4,180914,0,
2018-09-14 4:52,,0.000258665,3.45E-07,4:52,4,180914,0,
2018-09-14 4:53,,0.000258665,3.45E-07,4:53,4,180914,0,
2018-09-14 4:54,,0.000258665,3.45E-07,4:54,4,180914,0,
2018-09-14 4:55,,0.000258665,3.45E-07,4:55,4,180914,0,
2018-09-14 4:56,,0.000258665,3.45E-07,4:56,4,180914,0,
2018-09-14 4:57,,0.000258665,3.45E-07,4:57,4,180914,0,
2018-09-14 4:58,,0.000258665,3.45E-07,4:58,4,180914,0,
2018-09-14 4:59,,0.000258665,3.45E-07,4:59,4,180914,0,
2018-09-14 5:00,,0.000258665,3.45E-07,5:00,4,180914,0,
2018-09-14 5:01,,0.000258665,3.45E-07,5:01,4,180914,0,
2018-09-14 5:02,,0.000258665,3.45E-07,5:02,4,180914,0,
2018-09-14 5:03,,0.000258665,3.45E-07,5:03,4,180914,0,
2018-09-14 5:04,,0.000258665,3.45E-07,5:04,4,180914,0,
2018-09-14 5:05,,0.000258665,3.45E-07,5:05,4,180914,0,
2018-09-14 5:06,,0.000258665,3.45E-07,5:06,4,180914,0,
2018-09-14 5:07,,0.000258665,3.45E-07,5:07,4,180914,0,
2018-09-14 5:08,,0.000258665,3.45E-07,5:08,4,180914,0,
2018-09-14 5:09,,0.000258665,3.45E-07,5:09,4,180914,0,
2018-09-14 5:10,,0.000258665,3.45E-07,5:10,4,180914,0,
2018-09-14 5:11,,0.000258665,3.45E-07,5:11,4,180914,0,
2018-09-14 5:12,,0.000258665,3.45E-07,5:12,4,180914,0,
2018-09-14 5:13,,0.000258665,3.45E-07,5:13,4,180914,0,
2018-09-14 5:14,,0.000258665,3.45E-07,5:14,4,180914,0,
2018-09-14 5:15,,0.000258665,3.45E-07,5:15,4,180914,0,
2018-09-14 5:16,,0.000258665,3.45E-07,5:16,4,180914,0,
2018-09-14 5:17,,0.000258665,3.45E-07,5:17,4,180914,0,
2018-09-14 5:18,,0.000258665,3.45E-07,5:18,4,180914,0,
2018-09-14 5:19,,0.000258665,3.45E-07,5:19,4,180914,0,
2018-09-14 5:20,,0.000258665,3.45E-07,5:20,4,180914,0,
2018-09-14 5:21,,0.000258665,3.45E-07,5:21,4,180914,0,
2018-09-14 5:22,,0.000258665,3.45E-07,5:22,4,180914,0,
2018-09-14 5:23,,0.000258665,3.45E-07,5:23,4,180914,0,
2018-09-14 5:24,,0.000258665,3.45E-07,5:24,4,180914,0,
2018-09-14 5:25,,0.000258665,3.45E-07,5:25,4,180914,0,
2018-09-14 5:26,,0.000258665,3.45E-07,5:26,4,180914,0,
2018-09-14 5:27,,0.000258665,3.45E-07,5:27,4,180914,0,
2018-09-14 5:28,,0.000258665,3.45E-07,5:28,4,180914,0,
2018-09-14 5:29,,0.000258665,3.45E-07,5:29,4,180914,0,
2018-09-14 5:30,,0.000258665,3.45E-07,5:30,4,180914,0,
2018-09-14 5:31,,0.000258665,3.45E-07,5:31,4,180914,0,
2018-09-14 5:32,,0.000258665,3.45E-07,5:32,4,180914,0,
2018-09-14 5:33,,0.000258665,3.45E-07,5:33,4,180914,0,
2018-09-14 5:34,,0.000258665,3.45E-07,5:34,4,180914,0,
2018-09-14 5:35,,0.000258665,3.45E-07,5:35,4,180914,0,
2018-09-14 5:36,,0.000258665,3.45E-07,5:36,4,180914,0,
2018-09-14 5:37,,0.000258665,3.45E-07,5:37,4,180914,0,
2018-09-14 5:38,,0.000258665,3.45E-07,5:38,4,180914,0,
2018-09-14 5:39,,0.000258665,3.45E-07,5:39,4,180914,0,
2018-09-14 5:40,,0.000258665,3.45E-07,5:40,4,180914,0,
2018-09-14 5:41,,0.000258665,3.45E-07,5:41,4,180914,0,
2018-09-14 5:42,,0.000258665,3.45E-07,5:42,4,180914,0,
2018-09-14 5:43,,0.000258665,3.45E-07,5:43,4,180914,0,
2018-09-14 5:44,,0.000258665,3.45E-07,5:44,4,180914,0,
2018-09-14 5:45,,0.000258665,3.45E-07,5:45,4,180914,0,
2018-09-14 5:46,,0.000258665,3.45E-07,5:46,4,180914,0,
2018-09-14 5:47,,0.000258665,3.45E-07,5:47,4,180914,0,
2018-09-14 5:48,,0.000258665,3.45E-07,5:48,4,180914,0,
2018-09-14 5:49,,0.000258665,3.45E-07,5:49,4,180914,0,
2018-09-14 5:50,,0.000258665,3.45E-07,5:50,4,180914,0,
2018-09-14 5:51,,0.000258665,3.45E-07,5:51,4,180914,0,
2018-09-14 5:52,,0.000258665,3.45E-07,5:52,4,180914,0,
2018-09-14 5:53,,0.000258665,3.45E-07,5:53,4,180914,0,
2018-09-14 5:54,,0.000258665,3.45E-07,5:54,4,180914,0,
2018-09-14 5:55,,0.000258665,3.45E-07,5:55,4,180914,0,
2018-09-14 5:56,,0.000258665,3.45E-07,5:56,4,180914,0,
2018-09-14 5:57,,0.000258665,3.45E-07,5:57,4,180914,0,
2018-09-14 5:58,,0.000258665,3.45E-07,5:58,4,180914,0,
2018-09-14 5:59,,0.000258665,3.45E-07,5:59,4,180914,0,
2018-09-14 6:00,,0.000258665,3.45E-07,6:00,4,180914,0,
2018-09-14 6:01,,0.000258665,3.45E-07,6:01,4,180914,0,
2018-09-14 6:02,,0.000258665,3.45E-07,6:02,4,180914,0,
2018-09-14 6:03,,0.000258665,3.45E-07,6:03,4,180914,0,
2018-09-14 6:04,,0.000258665,3.45E-07,6:04,4,180914,0,
2018-09-14 6:05,,0.000258665,3.45E-07,6:05,4,180914,0,
2018-09-14 6:06,,0.000258665,3.45E-07,6:06,4,180914,0,
2018-09-14 6:07,,0.000258665,3.45E-07,6:07,4,180914,0,
2018-09-14 6:08,,0.000258665,3.45E-07,6:08,4,180914,0,
2018-09-14 6:09,,0.000258665,3.45E-07,6:09,4,180914,0,
2018-09-14 6:10,,0.000258665,3.45E-07,6:10,4,180914,0,
2018-09-14 6:11,,0.000258665,3.45E-07,6:11,4,180914,0,
2018-09-14 6:12,,0.000258665,3.45E-07,6:12,4,180914,0,
2018-09-14 6:13,,0.000258665,3.45E-07,6:13,4,180914,0,
2018-09-14 6:14,,0.000258665,3.45E-07,6:14,4,180914,0,
2018-09-14 6:15,,0.000258665,3.45E-07,6:15,4,180914,0,
2018-09-14 6:16,,0.000258665,3.45E-07,6:16,4,180914,0,
2018-09-14 6:17,,0.000258665,3.45E-07,6:17,4,180914,0,
2018-09-14 6:18,,0.000258665,3.45E-07,6:18,4,180914,0,
2018-09-14 6:19,,0.000258665,3.45E-07,6:19,4,180914,0,
2018-09-14 6:20,,0.000258665,3.45E-07,6:20,4,180914,0,
2018-09-14 6:21,,0.000258665,3.45E-07,6:21,4,180914,0,
2018-09-14 6:22,,0.000258665,3.45E-07,6:22,4,180914,0,
2018-09-14 6:23,,0.000258665,3.45E-07,6:23,4,180914,0,
2018-09-14 6:24,,0.000258665,3.45E-07,6:24,4,180914,0,
2018-09-14 6:25,,0.000258665,3.45E-07,6:25,4,180914,0,
2018-09-14 6:26,,0.000258665,3.45E-07,6:26,4,180914,0,
2018-09-14 6:27,,0.000258665,3.45E-07,6:27,4,180914,0,
2018-09-14 6:28,,0.000258665,3.45E-07,6:28,4,180914,0,
2018-09-14 6:29,,0.000258665,3.45E-07,6:29,4,180914,0,
2018-09-14 6:30,,0.000258665,3.45E-07,6:30,4,180914,0,
2018-09-14 6:31,,0.000258665,3.45E-07,6:31,4,180914,0,
2018-09-14 6:32,,0.000258665,3.45E-07,6:32,4,180914,0,
2018-09-14 6:33,,0.000258665,3.45E-07,6:33,4,180914,0,
2018-09-14 6:34,,0.000258665,3.45E-07,6:34,4,180914,0,
2018-09-14 6:35,,0.000258665,3.45E-07,6:35,4,180914,0,
2018-09-14 6:36,,0.000258665,3.45E-07,6:36,4,180914,0,
2018-09-14 6:37,,0.000258665,3.45E-07,6:37,4,180914,0,
2018-09-14 6:38,,0.000258665,3.45E-07,6:38,4,180914,0,
2018-09-14 6:39,,0.000258665,3.45E-07,6:39,4,180914,0,
2018-09-14 6:40,,0.000258665,3.45E-07,6:40,4,180914,0,
2018-09-14 6:41,,0.000258665,3.45E-07,6:41,4,180914,0,
2018-09-14 6:42,,0.000258665,3.45E-07,6:42,4,180914,0,
2018-09-14 6:43,,0.000258665,3.45E-07,6:43,4,180914,0,
2018-09-14 6:44,,0.000258665,3.45E-07,6:44,4,180914,0,
2018-09-14 6:45,,0.000258665,3.45E-07,6:45,4,180914,0,
2018-09-14 6:46,,0.000258665,3.45E-07,6:46,4,180914,0,
2018-09-14 6:47,,0.000258665,3.45E-07,6:47,4,180914,0,
2018-09-14 6:48,,0.000258665,3.45E-07,6:48,4,180914,0,
2018-09-14 6:49,,0.000258665,3.45E-07,6:49,4,180914,0,
2018-09-14 6:50,,0.000258665,3.45E-07,6:50,4,180914,0,
2018-09-14 6:51,,0.000258665,3.45E-07,6:51,4,180914,0,
2018-09-14 6:52,,0.000258665,3.45E-07,6:52,4,180914,0,
2018-09-14 6:53,,0.000258665,3.45E-07,6:53,4,180914,0,
2018-09-14 6:54,,0.000258665,3.45E-07,6:54,4,180914,0,
2018-09-14 6:55,,0.000258665,3.45E-07,6:55,4,180914,0,
2018-09-14 6:56,,0.000258665,3.45E-07,6:56,4,180914,0,
2018-09-14 6:57,,0.000258665,3.45E-07,6:57,4,180914,0,
2018-09-14 6:58,,0.000258665,3.45E-07,6:58,4,180914,0,
2018-09-14 6:59,,0.000258665,3.45E-07,6:59,4,180914,0,
2018-09-14 7:00,,0.000258665,3.45E-07,7:00,4,180914,0,
2018-09-14 7:01,,0.000258665,3.45E-07,7:01,4,180914,0,
2018-09-14 7:02,,0.000258665,3.45E-07,7:02,4,180914,0,
2018-09-14 7:03,,0.000258665,3.45E-07,7:03,4,180914,0,
2018-09-14 7:04,,0.000258665,3.45E-07,7:04,4,180914,0,
2018-09-14 7:05,,0.000258665,3.45E-07,7:05,4,180914,0,
2018-09-14 7:06,,0.000258665,3.45E-07,7:06,4,180914,0,
2018-09-14 7:07,,0.000258665,3.45E-07,7:07,4,180914,0,
2018-09-14 7:08,,0.000258665,3.45E-07,7:08,4,180914,0,
2018-09-14 7:09,,0.000258665,3.45E-07,7:09,4,180914,0,
2018-09-14 7:10,,0.000258665,3.45E-07,7:10,4,180914,0,
2018-09-14 7:11,,0.000258665,3.45E-07,7:11,4,180914,0,
2018-09-14 7:12,,0.000258665,3.45E-07,7:12,4,180914,0,
2018-09-14 7:13,,0.000258665,3.45E-07,7:13,4,180914,0,
2018-09-14 7:14,,0.000258665,3.45E-07,7:14,4,180914,0,
2018-09-14 7:15,,0.000258665,3.45E-07,7:15,4,180914,0,
2018-09-14 7:16,,0.000258665,3.45E-07,7:16,4,180914,0,
2018-09-14 7:17,,0.000258665,3.45E-07,7:17,4,180914,0,
2018-09-14 7:18,,0.000258665,3.45E-07,7:18,4,180914,0,
2018-09-14 7:19,,0.000258665,3.45E-07,7:19,4,180914,0,
2018-09-14 7:20,,0.000258665,3.45E-07,7:20,4,180914,0,
2018-09-14 7:21,,0.000258665,3.45E-07,7:21,4,180914,0,
2018-09-14 7:22,,0.000258665,3.45E-07,7:22,4,180914,0,
2018-09-14 7:23,,0.000258665,3.45E-07,7:23,4,180914,0,
2018-09-14 7:24,,0.000258665,3.45E-07,7:24,4,180914,0,
2018-09-14 7:25,,0.000258665,3.45E-07,7:25,4,180914,0,
2018-09-14 7:26,,0.000258665,3.45E-07,7:26,4,180914,0,
2018-09-14 7:27,,0.000258665,3.45E-07,7:27,4,180914,0,
2018-09-14 7:28,,0.000258665,3.45E-07,7:28,4,180914,0,
2018-09-14 7:29,,0.000258665,3.45E-07,7:29,4,180914,0,
2018-09-14 7:30,,0.000258665,3.45E-07,7:30,4,180914,0,
2018-09-14 7:31,,0.000258665,3.45E-07,7:31,4,180914,0,
2018-09-14 7:32,,0.000258665,3.45E-07,7:32,4,180914,0,
2018-09-14 7:33,,0.000258665,3.45E-07,7:33,4,180914,0,
2018-09-14 7:34,,0.000258665,3.45E-07,7:34,4,180914,0,
2018-09-14 7:35,,0.000258665,3.45E-07,7:35,4,180914,0,
2018-09-14 7:36,,0.000258665,3.45E-07,7:36,4,180914,0,
2018-09-14 7:37,,0.000258665,3.45E-07,7:37,4,180914,0,
2018-09-14 7:38,,0.000258665,3.45E-07,7:38,4,180914,0,
2018-09-14 7:39,,0.000258665,3.45E-07,7:39,4,180914,0,
2018-09-14 7:40,,0.000258665,3.45E-07,7:40,4,180914,0,
2018-09-14 7:41,,0.000258665,3.45E-07,7:41,4,180914,0,
2018-09-14 7:42,,0.000258665,3.45E-07,7:42,4,180914,0,
2018-09-14 7:43,,0.000258665,3.45E-07,7:43,4,180914,0,
2018-09-14 7:44,,0.000258665,3.45E-07,7:44,4,180914,0,
2018-09-14 7:45,,0.000258665,3.45E-07,7:45,4,180914,0,
2018-09-14 7:46,,0.000258665,3.45E-07,7:46,4,180914,0,
2018-09-14 7:47,,0.000258665,3.45E-07,7:47,4,180914,0,
2018-09-14 7:48,,0.000258665,3.45E-07,7:48,4,180914,0,
2018-09-14 7:49,,0.000258665,3.45E-07,7:49,4,180914,0,
2018-09-14 7:50,,0.000258665,3.45E-07,7:50,4,180914,0,
2018-09-14 7:51,,0.000258665,3.45E-07,7:51,4,180914,0,
2018-09-14 7:52,,0.000258665,3.45E-07,7:52,4,180914,0,
2018-09-14 7:53,,0.000258665,3.45E-07,7:53,4,180914,0,
2018-09-14 7:54,,0.000258665,3.45E-07,7:54,4,180914,0,
2018-09-14 7:55,,0.000258665,3.45E-07,7:55,4,180914,0,
2018-09-14 7:56,,0.000258665,3.45E-07,7:56,4,180914,0,
2018-09-14 7:57,,0.000258665,3.45E-07,7:57,4,180914,0,
2018-09-14 7:58,,0.000258665,3.45E-07,7:58,4,180914,0,
2018-09-14 7:59,,0.000258665,3.45E-07,7:59,4,180914,0,
2018-09-14 8:00,,0.000258665,3.45E-07,8:00,4,180914,0,
2018-09-14 8:01,,0.000258665,3.45E-07,8:01,4,180914,0,
2018-09-14 8:02,,0.000258665,3.45E-07,8:02,4,180914,0,
2018-09-14 8:03,,0.000258665,3.45E-07,8:03,4,180914,0,
2018-09-14 8:04,,0.000258665,3.45E-07,8:04,4,180914,0,
2018-09-14 8:05,,0.000258665,3.45E-07,8:05,4,180914,0,
2018-09-14 8:06,,0.000258665,3.45E-07,8:06,4,180914,0,
2018-09-14 8:07,,0.000258665,3.45E-07,8:07,4,180914,0,
2018-09-14 8:08,,0.000258665,3.45E-07,8:08,4,180914,0,
2018-09-14 8:09,,0.000258665,3.45E-07,8:09,4,180914,0,
2018-09-14 8:10,,0.000258665,3.45E-07,8:10,4,180914,0,
2018-09-14 8:11,,0.000258665,3.45E-07,8:11,4,180914,0,
2018-09-14 8:12,,0.000258665,3.45E-07,8:12,4,180914,0,
2018-09-14 8:13,,0.000258665,3.45E-07,8:13,4,180914,0,
2018-09-14 8:14,,0.000258665,3.45E-07,8:14,4,180914,0,
2018-09-14 8:15,,0.000258665,3.45E-07,8:15,4,180914,0,
2018-09-14 8:16,,0.000258665,3.45E-07,8:16,4,180914,0,
2018-09-14 8:17,,0.000258665,3.45E-07,8:17,4,180914,0,
2018-09-14 8:18,,0.000258665,3.45E-07,8:18,4,180914,0,
2018-09-14 8:19,,0.000258665,3.45E-07,8:19,4,180914,0,
2018-09-14 8:20,,0.000258665,3.45E-07,8:20,4,180914,0,
2018-09-14 8:21,,0.000258665,3.45E-07,8:21,4,180914,0,
2018-09-14 8:22,,0.000258665,3.45E-07,8:22,4,180914,0,
2018-09-14 8:23,,0.000258665,3.45E-07,8:23,4,180914,0,
2018-09-14 8:24,,0.000258665,3.45E-07,8:24,4,180914,0,
2018-09-14 8:25,,0.000258665,3.45E-07,8:25,4,180914,0,
2018-09-14 8:26,,0.000258665,3.45E-07,8:26,4,180914,0,
2018-09-14 8:27,,0.000258665,3.45E-07,8:27,4,180914,0,
2018-09-14 8:28,,0.000258665,3.45E-07,8:28,4,180914,0,
2018-09-14 8:29,,0.000258665,3.45E-07,8:29,4,180914,0,
2018-09-14 8:30,,0.000258665,3.45E-07,8:30,4,180914,0,
2018-09-14 8:31,,0.000258665,3.45E-07,8:31,4,180914,0,
2018-09-14 8:32,,0.000258665,3.45E-07,8:32,4,180914,0,
2018-09-14 8:33,,0.000258665,3.45E-07,8:33,4,180914,0,
2018-09-14 8:34,,0.000258665,3.45E-07,8:34,4,180914,0,
2018-09-14 8:35,,0.000258665,3.45E-07,8:35,4,180914,0,
2018-09-14 8:36,,0.000258665,3.45E-07,8:36,4,180914,0,
2018-09-14 8:37,,0.000258665,3.45E-07,8:37,4,180914,0,
2018-09-14 8:38,,0.000258665,3.45E-07,8:38,4,180914,0,
2018-09-14 8:39,,0.000258665,3.45E-07,8:39,4,180914,0,
2018-09-14 8:40,,0.000258665,3.45E-07,8:40,4,180914,0,
2018-09-14 8:41,,0.000258665,3.45E-07,8:41,4,180914,0,
2018-09-14 8:42,,0.000258665,3.45E-07,8:42,4,180914,0,
2018-09-14 8:43,,0.000258665,3.45E-07,8:43,4,180914,0,
2018-09-14 8:44,,0.000258665,3.45E-07,8:44,4,180914,0,
2018-09-14 8:45,,0.000258665,3.45E-07,8:45,4,180914,0,
2018-09-14 8:46,,0.000258665,3.45E-07,8:46,4,180914,0,
2018-09-14 8:47,,0.000258665,3.45E-07,8:47,4,180914,0,
2018-09-14 8:48,,0.000258665,3.45E-07,8:48,4,180914,0,
2018-09-14 8:49,,0.000258665,3.45E-07,8:49,4,180914,0,
2018-09-14 8:50,,0.000258665,3.45E-07,8:50,4,180914,0,
2018-09-14 8:51,,0.000258665,3.45E-07,8:51,4,180914,0,
2018-09-14 8:52,,0.000258665,3.45E-07,8:52,4,180914,0,
2018-09-14 8:53,,0.000258665,3.45E-07,8:53,4,180914,0,
2018-09-14 8:54,,0.000258665,3.45E-07,8:54,4,180914,0,
2018-09-14 8:55,,0.000258665,3.45E-07,8:55,4,180914,0,
2018-09-14 8:56,,0.000258665,3.45E-07,8:56,4,180914,0,
2018-09-14 8:57,,0.000258665,3.45E-07,8:57,4,180914,0,
2018-09-14 8:58,,0.000258665,3.45E-07,8:58,4,180914,0,
2018-09-14 8:59,,0.000258665,3.45E-07,8:59,4,180914,0,
2018-09-14 9:00,,0.000258665,3.45E-07,9:00,4,180914,0,
2018-09-14 9:01,,0.000258665,3.45E-07,9:01,4,180914,0,
2018-09-14 9:02,,0.000258665,3.45E-07,9:02,4,180914,0,
2018-09-14 9:03,,0.000258665,3.45E-07,9:03,4,180914,0,
2018-09-14 9:04,,0.000258665,3.45E-07,9:04,4,180914,0,
2018-09-14 9:05,,0.000258665,3.45E-07,9:05,4,180914,0,
2018-09-14 9:06,,0.000258665,3.45E-07,9:06,4,180914,0,
2018-09-14 9:07,,0.000258665,3.45E-07,9:07,4,180914,0,
2018-09-14 9:08,,0.000258665,3.45E-07,9:08,4,180914,0,
2018-09-14 9:09,,0.000258665,3.45E-07,9:09,4,180914,0,
2018-09-14 9:10,,0.000258665,3.45E-07,9:10,4,180914,0,
2018-09-14 9:11,,0.000258665,3.45E-07,9:11,4,180914,0,
2018-09-14 9:12,,0.000258665,3.45E-07,9:12,4,180914,0,
2018-09-14 9:13,,0.000258665,3.45E-07,9:13,4,180914,0,
2018-09-14 9:14,,0.000258665,3.45E-07,9:14,4,180914,0,
2018-09-14 9:15,,0.000258665,3.45E-07,9:15,4,180914,0,
2018-09-14 9:16,,0.000258665,3.45E-07,9:16,4,180914,0,
2018-09-14 9:17,,0.000258665,3.45E-07,9:17,4,180914,0,
2018-09-14 9:18,,0.000258665,3.45E-07,9:18,4,180914,0,
2018-09-14 9:19,,0.000258665,3.45E-07,9:19,4,180914,0,
2018-09-14 9:20,,0.000258665,3.45E-07,9:20,4,180914,0,
2018-09-14 9:21,,0.000258665,3.45E-07,9:21,4,180914,0,
2018-09-14 9:22,,0.000258665,3.45E-07,9:22,4,180914,0,
2018-09-14 9:23,,0.000258665,3.45E-07,9:23,4,180914,0,
2018-09-14 9:24,,0.000258665,3.45E-07,9:24,4,180914,0,
2018-09-14 9:25,,0.000258665,3.45E-07,9:25,4,180914,0,
2018-09-14 9:26,,0.000258665,3.45E-07,9:26,4,180914,0,
2018-09-14 9:27,,0.000258665,3.45E-07,9:27,4,180914,0,
2018-09-14 9:28,,0.000258665,3.45E-07,9:28,4,180914,0,
2018-09-14 9:29,,0.000258665,3.45E-07,9:29,4,180914,0,
2018-09-14 9:30,,0.000258665,3.45E-07,9:30,4,180914,0,
2018-09-14 9:31,,0.000258665,3.45E-07,9:31,4,180914,0,
2018-09-14 9:32,,0.000258665,3.45E-07,9:32,4,180914,0,
2018-09-14 9:33,,0.000258665,3.45E-07,9:33,4,180914,0,
2018-09-14 9:34,,0.000258665,3.45E-07,9:34,4,180914,0,
2018-09-14 9:35,,0.000258665,3.45E-07,9:35,4,180914,0,
2018-09-14 9:36,,0.000258665,3.45E-07,9:36,4,180914,0,
2018-09-14 9:37,,0.000258665,3.45E-07,9:37,4,180914,0,
2018-09-14 9:38,,0.000258665,3.45E-07,9:38,4,180914,0,
2018-09-14 9:39,,0.000258665,3.45E-07,9:39,4,180914,0,
2018-09-14 9:40,,0.000258665,3.45E-07,9:40,4,180914,0,
2018-09-14 9:41,,0.000258665,3.45E-07,9:41,4,180914,0,
2018-09-14 9:42,,0.000258665,3.45E-07,9:42,4,180914,0,
2018-09-14 9:43,,0.000258665,3.45E-07,9:43,4,180914,0,
2018-09-14 9:44,,0.000258665,3.45E-07,9:44,4,180914,0,
2018-09-14 9:45,,0.000258665,3.45E-07,9:45,4,180914,0,
2018-09-14 9:46,,0.000258665,3.45E-07,9:46,4,180914,0,
2018-09-14 9:47,,0.000258665,3.45E-07,9:47,4,180914,0,
2018-09-14 9:48,,0.000258665,3.45E-07,9:48,4,180914,0,
2018-09-14 9:49,,0.000258665,3.45E-07,9:49,4,180914,0,
2018-09-14 9:50,,0.000258665,3.45E-07,9:50,4,180914,0,
2018-09-14 9:51,,0.000258665,3.45E-07,9:51,4,180914,0,
2018-09-14 9:52,,0.000258665,3.45E-07,9:52,4,180914,0,
2018-09-14 9:53,,0.000258665,3.45E-07,9:53,4,180914,0,
2018-09-14 9:54,,0.000258665,3.45E-07,9:54,4,180914,0,
2018-09-14 9:55,,0.000258665,3.45E-07,9:55,4,180914,0,
2018-09-14 9:56,,0.000258665,3.45E-07,9:56,4,180914,0,
2018-09-14 9:57,,0.000258665,3.45E-07,9:57,4,180914,0,
2018-09-14 9:58,,0.000258665,3.45E-07,9:58,4,180914,0,
2018-09-14 9:59,,0.000258665,3.45E-07,9:59,4,180914,0,
2018-09-14 10:00,,0.000258665,3.45E-07,10:00,4,180914,0,
2018-09-14 10:01,,0.000258665,3.45E-07,10:01,4,180914,0,
2018-09-14 10:02,,0.000258665,3.45E-07,10:02,4,180914,0,
2018-09-14 10:03,,0.000258665,3.45E-07,10:03,4,180914,0,
2018-09-14 10:04,,0.000258665,3.45E-07,10:04,4,180914,0,
2018-09-14 10:05,,0.000258665,3.45E-07,10:05,4,180914,0,
2018-09-14 10:06,,0.000258665,3.45E-07,10:06,4,180914,0,
2018-09-14 10:07,,0.000258665,3.45E-07,10:07,4,180914,0,
2018-09-14 10:08,,0.000258665,3.45E-07,10:08,4,180914,0,
2018-09-14 10:09,,0.000258665,3.45E-07,10:09,4,180914,0,
2018-09-14 10:10,,0.000258665,3.45E-07,10:10,4,180914,0,
2018-09-14 10:11,,0.000258665,3.45E-07,10:11,4,180914,0,
2018-09-14 10:12,,0.000258665,3.45E-07,10:12,4,180914,0,
2018-09-14 10:13,,0.000258665,3.45E-07,10:13,4,180914,0,
2018-09-14 10:14,,0.000258665,3.45E-07,10:14,4,180914,0,
2018-09-14 10:15,,0.000258665,3.45E-07,10:15,4,180914,0,
2018-09-14 10:16,,0.000258665,3.45E-07,10:16,4,180914,0,
2018-09-14 10:17,,0.000258665,3.45E-07,10:17,4,180914,0,
2018-09-14 10:18,,0.000258665,3.45E-07,10:18,4,180914,0,
2018-09-14 10:19,,0.000258665,3.45E-07,10:19,4,180914,0,
2018-09-14 10:20,,0.000258665,3.45E-07,10:20,4,180914,0,
2018-09-14 10:21,,0.000258665,3.45E-07,10:21,4,180914,0,
2018-09-14 10:22,,0.000258665,3.45E-07,10:22,4,180914,0,
2018-09-14 10:23,,0.000258665,3.45E-07,10:23,4,180914,0,
2018-09-14 10:24,,0.000258665,3.45E-07,10:24,4,180914,0,
2018-09-14 10:25,,0.000258665,3.45E-07,10:25,4,180914,0,
2018-09-14 10:26,,0.000258665,3.45E-07,10:26,4,180914,0,
2018-09-14 10:27,,0.000258665,3.45E-07,10:27,4,180914,0,
2018-09-14 10:28,,0.000258665,3.45E-07,10:28,4,180914,0,
2018-09-14 10:29,,0.000258665,3.45E-07,10:29,4,180914,0,
2018-09-14 10:30,,0.000258665,3.45E-07,10:30,4,180914,0,
2018-09-14 10:31,,0.000258665,3.45E-07,10:31,4,180914,0,
2018-09-14 10:32,,0.000258665,3.45E-07,10:32,4,180914,0,
2018-09-14 10:33,,0.000258665,3.45E-07,10:33,4,180914,0,
2018-09-14 10:34,,0.000258665,3.45E-07,10:34,4,180914,0,
2018-09-14 10:35,,0.000258665,3.45E-07,10:35,4,180914,0,
2018-09-14 10:36,,0.000258665,3.45E-07,10:36,4,180914,0,
2018-09-14 10:37,,0.000258665,3.45E-07,10:37,4,180914,0,
2018-09-14 10:38,,0.000258665,3.45E-07,10:38,4,180914,0,
2018-09-14 10:39,,0.000258665,3.45E-07,10:39,4,180914,0,
2018-09-14 10:40,,0.000258665,3.45E-07,10:40,4,180914,0,
2018-09-14 10:41,,0.000258665,3.45E-07,10:41,4,180914,0,
2018-09-14 10:42,,0.000258665,3.45E-07,10:42,4,180914,0,
2018-09-14 10:43,,0.000258665,3.45E-07,10:43,4,180914,0,
2018-09-14 10:44,,0.000258665,3.45E-07,10:44,4,180914,0,
2018-09-14 10:45,,0.000258665,3.45E-07,10:45,4,180914,0,
2018-09-14 10:46,,0.000258665,3.45E-07,10:46,4,180914,0,
2018-09-14 10:47,,0.000258665,3.45E-07,10:47,4,180914,0,
2018-09-14 10:48,,0.000258665,3.45E-07,10:48,4,180914,0,
2018-09-14 10:49,,0.000258665,3.45E-07,10:49,4,180914,0,
2018-09-14 10:50,,0.000258665,3.45E-07,10:50,4,180914,0,
2018-09-14 10:51,,0.000258665,3.45E-07,10:51,4,180914,0,
2018-09-14 10:52,,0.000258665,3.45E-07,10:52,4,180914,0,
2018-09-14 10:53,,0.000258665,3.45E-07,10:53,4,180914,0,
2018-09-14 10:54,,0.000258665,3.45E-07,10:54,4,180914,0,
2018-09-14 10:55,,0.000258665,3.45E-07,10:55,4,180914,0,
2018-09-14 10:56,,0.000258665,3.45E-07,10:56,4,180914,0,
2018-09-14 10:57,,0.000258665,3.45E-07,10:57,4,180914,0,
2018-09-14 10:58,,0.000258665,3.45E-07,10:58,4,180914,0,
2018-09-14 10:59,,0.000258665,3.45E-07,10:59,4,180914,0,
2018-09-14 11:00,,0.000258665,3.45E-07,11:00,4,180914,0,
2018-09-14 11:01,,0.000258665,3.45E-07,11:01,4,180914,0,
2018-09-14 11:02,,0.000258665,3.45E-07,11:02,4,180914,0,
2018-09-14 11:03,,0.000258665,3.45E-07,11:03,4,180914,0,
2018-09-14 11:04,,0.000258665,3.45E-07,11:04,4,180914,0,
2018-09-14 11:05,,0.000258665,3.45E-07,11:05,4,180914,0,
2018-09-14 11:06,,0.000258665,3.45E-07,11:06,4,180914,0,
2018-09-14 11:07,,0.000258665,3.45E-07,11:07,4,180914,0,
2018-09-14 11:08,,0.000258665,3.45E-07,11:08,4,180914,0,
2018-09-14 11:09,,0.000258665,3.45E-07,11:09,4,180914,0,
2018-09-14 11:10,,0.000258665,3.45E-07,11:10,4,180914,0,
2018-09-14 11:11,,0.000258665,3.45E-07,11:11,4,180914,0,
2018-09-14 11:12,,0.000258665,3.45E-07,11:12,4,180914,0,
2018-09-14 11:13,,0.000258665,3.45E-07,11:13,4,180914,0,
2018-09-14 11:14,,0.000258665,3.45E-07,11:14,4,180914,0,
2018-09-14 11:15,,0.000258665,3.45E-07,11:15,4,180914,0,
2018-09-14 11:16,,0.000258665,3.45E-07,11:16,4,180914,0,
2018-09-14 11:17,,0.000258665,3.45E-07,11:17,4,180914,0,
2018-09-14 11:18,,0.000258665,3.45E-07,11:18,4,180914,0,
2018-09-14 11:19,,0.000258665,3.45E-07,11:19,4,180914,0,
2018-09-14 11:20,,0.000258665,3.45E-07,11:20,4,180914,0,
2018-09-14 11:21,,0.000258665,3.45E-07,11:21,4,180914,0,
2018-09-14 11:22,,0.000258665,3.45E-07,11:22,4,180914,0,
2018-09-14 11:23,,0.000258665,3.45E-07,11:23,4,180914,0,
2018-09-14 11:24,,0.000258665,3.45E-07,11:24,4,180914,0,
2018-09-14 11:25,,0.000258665,3.45E-07,11:25,4,180914,0,
2018-09-14 11:26,,0.000258665,3.45E-07,11:26,4,180914,0,
2018-09-14 11:27,,0.000258665,3.45E-07,11:27,4,180914,0,
2018-09-14 11:28,,0.000258665,3.45E-07,11:28,4,180914,0,
2018-09-14 11:29,,0.000258665,3.45E-07,11:29,4,180914,0,
2018-09-14 11:30,,0.000258665,3.45E-07,11:30,4,180914,0,
2018-09-14 11:31,,0.000258665,3.45E-07,11:31,4,180914,0,
2018-09-14 11:32,,0.000258665,3.45E-07,11:32,4,180914,0,
2018-09-14 11:33,,0.000258665,3.45E-07,11:33,4,180914,0,
2018-09-14 11:34,,0.000258665,3.45E-07,11:34,4,180914,0,
2018-09-14 11:35,,0.000258665,3.45E-07,11:35,4,180914,0,
2018-09-14 11:36,,0.000258665,3.45E-07,11:36,4,180914,0,
2018-09-14 11:37,,0.000258665,3.45E-07,11:37,4,180914,0,
2018-09-14 11:38,,0.000258665,3.45E-07,11:38,4,180914,0,
2018-09-14 11:39,,0.000258665,3.45E-07,11:39,4,180914,0,
2018-09-14 11:40,,0.000258665,3.45E-07,11:40,4,180914,0,
2018-09-14 11:41,,0.000258665,3.45E-07,11:41,4,180914,0,
2018-09-14 11:42,,0.000258665,3.45E-07,11:42,4,180914,0,
2018-09-14 11:43,,0.000258665,3.45E-07,11:43,4,180914,0,
2018-09-14 11:44,,0.000258665,3.45E-07,11:44,4,180914,0,
2018-09-14 11:45,,0.000258665,3.45E-07,11:45,4,180914,0,
2018-09-14 11:46,,0.000258665,3.45E-07,11:46,4,180914,0,
2018-09-14 11:47,,0.000258665,3.45E-07,11:47,4,180914,0,
2018-09-14 11:48,,0.000258665,3.45E-07,11:48,4,180914,0,
2018-09-14 11:49,,0.000258665,3.45E-07,11:49,4,180914,0,
2018-09-14 11:50,,0.000258665,3.45E-07,11:50,4,180914,0,
2018-09-14 11:51,,0.000258665,3.45E-07,11:51,4,180914,0,
2018-09-14 11:52,,0.000258665,3.45E-07,11:52,4,180914,0,
2018-09-14 11:53,,0.000258665,3.45E-07,11:53,4,180914,0,
2018-09-14 11:54,,0.000258665,3.45E-07,11:54,4,180914,0,
2018-09-14 11:55,,0.000258665,3.45E-07,11:55,4,180914,0,
2018-09-14 11:56,,0.000258665,3.45E-07,11:56,4,180914,0,
2018-09-14 11:57,,0.000258665,3.45E-07,11:57,4,180914,0,
2018-09-14 11:58,,0.000258665,3.45E-07,11:58,4,180914,0,
2018-09-14 11:59,,0.000258665,3.45E-07,11:59,4,180914,0,
2018-09-14 12:00,,0.000258665,3.45E-07,12:00,4,180914,0,
2018-09-14 12:01,,0.000258665,3.45E-07,12:01,4,180914,0,
2018-09-14 12:02,,0.000258665,3.45E-07,12:02,4,180914,0,
2018-09-14 12:03,,0.000258665,3.45E-07,12:03,4,180914,0,
2018-09-14 12:04,,0.000258665,3.45E-07,12:04,4,180914,0,
2018-09-14 12:05,,0.000258665,3.45E-07,12:05,4,180914,0,
2018-09-14 12:06,,0.000258665,3.45E-07,12:06,4,180914,0,
2018-09-14 12:07,,0.000258665,3.45E-07,12:07,4,180914,0,
2018-09-14 12:08,,0.000258665,3.45E-07,12:08,4,180914,0,
2018-09-14 12:09,,0.000258665,3.45E-07,12:09,4,180914,0,
2018-09-14 12:10,,0.000258665,3.45E-07,12:10,4,180914,0,
2018-09-14 12:11,,0.000258665,3.45E-07,12:11,4,180914,0,
2018-09-14 12:12,,0.000258665,3.45E-07,12:12,4,180914,0,
2018-09-14 12:13,,0.000258665,3.45E-07,12:13,4,180914,0,
2018-09-14 12:14,,0.000258665,3.45E-07,12:14,4,180914,0,
2018-09-14 12:15,,0.000258665,3.45E-07,12:15,4,180914,0,
2018-09-14 12:16,,0.000258665,3.45E-07,12:16,4,180914,0,
2018-09-14 12:17,,0.000258665,3.45E-07,12:17,4,180914,0,
2018-09-14 12:18,,0.000258665,3.45E-07,12:18,4,180914,0,
2018-09-14 12:19,,0.000258665,3.45E-07,12:19,4,180914,0,
2018-09-14 12:20,,0.000258665,3.45E-07,12:20,4,180914,0,
2018-09-14 12:21,,0.000258665,3.45E-07,12:21,4,180914,0,
2018-09-14 12:22,,0.000258665,3.45E-07,12:22,4,180914,0,
2018-09-14 12:23,,0.000258665,3.45E-07,12:23,4,180914,0,
2018-09-14 12:24,,0.000258665,3.45E-07,12:24,4,180914,0,
2018-09-14 12:25,,0.000258665,3.45E-07,12:25,4,180914,0,
2018-09-14 12:26,,0.000258665,3.45E-07,12:26,4,180914,0,
2018-09-14 12:27,,0.000258665,3.45E-07,12:27,4,180914,0,
2018-09-14 12:28,,0.000258665,3.45E-07,12:28,4,180914,0,
2018-09-14 12:29,,0.000258665,3.45E-07,12:29,4,180914,0,
2018-09-14 12:30,,0.000258665,3.45E-07,12:30,4,180914,0,
2018-09-14 12:31,,0.000258665,3.45E-07,12:31,4,180914,0,
2018-09-14 12:32,,0.000258665,3.45E-07,12:32,4,180914,0,
2018-09-14 12:33,,0.000258665,3.45E-07,12:33,4,180914,0,
2018-09-14 12:34,,0.000258665,3.45E-07,12:34,4,180914,0,
2018-09-14 12:35,,0.000258665,3.45E-07,12:35,4,180914,0,
2018-09-14 12:36,,0.000258665,3.45E-07,12:36,4,180914,0,
2018-09-14 12:37,,0.000258665,3.45E-07,12:37,4,180914,0,
2018-09-14 12:38,,0.000258665,3.45E-07,12:38,4,180914,0,
2018-09-14 12:39,,0.000258665,3.45E-07,12:39,4,180914,0,
2018-09-14 12:40,,0.000258665,3.45E-07,12:40,4,180914,0,
2018-09-14 12:41,,0.000258665,3.45E-07,12:41,4,180914,0,
2018-09-14 12:42,,0.000258665,3.45E-07,12:42,4,180914,0,
2018-09-14 12:43,,0.000258665,3.45E-07,12:43,4,180914,0,
2018-09-14 12:44,,0.000258665,3.45E-07,12:44,4,180914,0,
2018-09-14 12:45,,0.000258665,3.45E-07,12:45,4,180914,0,
2018-09-14 12:46,,0.000258665,3.45E-07,12:46,4,180914,0,
2018-09-14 12:47,,0.000258665,3.45E-07,12:47,4,180914,0,
2018-09-14 12:48,,0.000258665,3.45E-07,12:48,4,180914,0,
2018-09-14 12:49,,0.000258665,3.45E-07,12:49,4,180914,0,
2018-09-14 12:50,,0.000258665,3.45E-07,12:50,4,180914,0,
2018-09-14 12:51,,0.000258665,3.45E-07,12:51,4,180914,0,
2018-09-14 12:52,,0.000258665,3.45E-07,12:52,4,180914,0,
2018-09-14 12:53,,0.000258665,3.45E-07,12:53,4,180914,0,
2018-09-14 12:54,,0.000258665,3.45E-07,12:54,4,180914,0,
2018-09-14 12:55,,0.000258665,3.45E-07,12:55,4,180914,0,
2018-09-14 12:56,,0.000258665,3.45E-07,12:56,4,180914,0,
2018-09-14 12:57,,0.000258665,3.45E-07,12:57,4,180914,0,
2018-09-14 12:58,,0.000258665,3.45E-07,12:58,4,180914,0,
2018-09-14 12:59,,0.000258665,3.45E-07,12:59,4,180914,0,
2018-09-14 13:00,,0.000258665,3.45E-07,13:00,4,180914,0,
2018-09-14 13:01,,0.000258665,3.45E-07,13:01,4,180914,0,
2018-09-14 13:02,,0.000258665,3.45E-07,13:02,4,180914,0,
2018-09-14 13:03,,0.000258665,3.45E-07,13:03,4,180914,0,
2018-09-14 13:04,,0.000258665,3.45E-07,13:04,4,180914,0,
2018-09-14 13:05,,0.000258665,3.45E-07,13:05,4,180914,0,
2018-09-14 13:06,,0.000258665,3.45E-07,13:06,4,180914,0,
2018-09-14 13:07,,0.000258665,3.45E-07,13:07,4,180914,0,
2018-09-14 13:08,,0.000258665,3.45E-07,13:08,4,180914,0,
2018-09-14 13:09,,0.000258665,3.45E-07,13:09,4,180914,0,
2018-09-14 13:10,,0.000258665,3.45E-07,13:10,4,180914,0,
2018-09-14 13:11,,0.000258665,3.45E-07,13:11,4,180914,0,
2018-09-14 13:12,,0.000258665,3.45E-07,13:12,4,180914,0,
2018-09-14 13:13,,0.000258665,3.45E-07,13:13,4,180914,0,
2018-09-14 13:14,,0.000258665,3.45E-07,13:14,4,180914,0,
2018-09-14 13:15,,0.000258665,3.45E-07,13:15,4,180914,0,
2018-09-14 13:16,,0.000258665,3.45E-07,13:16,4,180914,0,
2018-09-14 13:17,,0.000258665,3.45E-07,13:17,4,180914,0,
2018-09-14 13:18,,0.000258665,3.45E-07,13:18,4,180914,0,
2018-09-14 13:19,,0.000258665,3.45E-07,13:19,4,180914,0,
2018-09-14 13:20,,0.000258665,3.45E-07,13:20,4,180914,0,
2018-09-14 13:21,,0.000258665,3.45E-07,13:21,4,180914,0,
2018-09-14 13:22,,0.000258665,3.45E-07,13:22,4,180914,0,
2018-09-14 13:23,,0.000258665,3.45E-07,13:23,4,180914,0,
2018-09-14 13:24,,0.000258665,3.45E-07,13:24,4,180914,0,
2018-09-14 13:25,,0.000258665,3.45E-07,13:25,4,180914,0,
2018-09-14 13:26,,0.000258665,3.45E-07,13:26,4,180914,0,
2018-09-14 13:27,,0.000258665,3.45E-07,13:27,4,180914,0,
2018-09-14 13:28,,0.000258665,3.45E-07,13:28,4,180914,0,
2018-09-14 13:29,,0.000258665,3.45E-07,13:29,4,180914,0,
2018-09-14 13:30,,0.000258665,3.45E-07,13:30,4,180914,0,
2018-09-14 13:31,,0.000258665,3.45E-07,13:31,4,180914,0,
2018-09-14 13:32,,0.000258665,3.45E-07,13:32,4,180914,0,
2018-09-14 13:33,,0.000258665,3.45E-07,13:33,4,180914,0,
2018-09-14 13:34,,0.000258665,3.45E-07,13:34,4,180914,0,
2018-09-14 13:35,,0.000258665,3.45E-07,13:35,4,180914,0,
2018-09-14 13:36,,0.000258665,3.45E-07,13:36,4,180914,0,
2018-09-14 13:37,,0.000258665,3.45E-07,13:37,4,180914,0,
2018-09-14 13:38,,0.000258665,3.45E-07,13:38,4,180914,0,
2018-09-14 13:39,,0.000258665,3.45E-07,13:39,4,180914,0,
2018-09-14 13:40,,0.000258665,3.45E-07,13:40,4,180914,0,
2018-09-14 13:41,,0.000258665,3.45E-07,13:41,4,180914,0,
2018-09-14 13:42,,0.000258665,3.45E-07,13:42,4,180914,0,
2018-09-14 13:43,,0.000258665,3.45E-07,13:43,4,180914,0,
2018-09-14 13:44,,0.000258665,3.45E-07,13:44,4,180914,0,
2018-09-14 13:45,,0.000258665,3.45E-07,13:45,4,180914,0,
2018-09-14 13:46,,0.000258665,3.45E-07,13:46,4,180914,0,
2018-09-14 13:47,,0.000258665,3.45E-07,13:47,4,180914,0,
2018-09-14 13:48,,0.000258665,3.45E-07,13:48,4,180914,0,
2018-09-14 13:49,,0.000258665,3.45E-07,13:49,4,180914,0,
2018-09-14 13:50,,0.000258665,3.45E-07,13:50,4,180914,0,
2018-09-14 13:51,,0.000258665,3.45E-07,13:51,4,180914,0,
2018-09-14 13:52,,0.000258665,3.45E-07,13:52,4,180914,0,
2018-09-14 13:53,,0.000258665,3.45E-07,13:53,4,180914,0,
2018-09-14 13:54,,0.000258665,3.45E-07,13:54,4,180914,0,
2018-09-14 13:55,,0.000258665,3.45E-07,13:55,4,180914,0,
2018-09-14 13:56,,0.000258665,3.45E-07,13:56,4,180914,0,
2018-09-14 13:57,,0.000258665,3.45E-07,13:57,4,180914,0,
2018-09-14 13:58,,0.000258665,3.45E-07,13:58,4,180914,0,
2018-09-14 13:59,,0.000258665,3.45E-07,13:59,4,180914,0,
2018-09-14 14:00,,0.000258665,3.45E-07,14:00,4,180914,0,
2018-09-14 14:01,,0.000258665,3.45E-07,14:01,4,180914,0,
2018-09-14 14:02,,0.000258665,3.45E-07,14:02,4,180914,0,
2018-09-14 14:03,,0.000258665,3.45E-07,14:03,4,180914,0,
2018-09-14 14:04,,0.000258665,3.45E-07,14:04,4,180914,0,
2018-09-14 14:05,,0.000258665,3.45E-07,14:05,4,180914,0,
2018-09-14 14:06,,0.000258665,3.45E-07,14:06,4,180914,0,
2018-09-14 14:07,,0.000258665,3.45E-07,14:07,4,180914,0,
2018-09-14 14:08,1,0.000258665,3.45E-07,14:08,4,180914,0,
2018-09-14 14:09,,0.000754148,0.000350359,14:09,4,180914,0,
2018-09-14 14:10,,0.000754148,3.45E-07,14:10,4,180914,0,
2018-09-14 14:11,,0.000754148,3.45E-07,14:11,4,180914,0,
2018-09-14 14:12,,0.000754148,3.45E-07,14:12,4,180914,0,
2018-09-14 14:13,,0.000754148,3.45E-07,14:13,4,180914,0,
2018-09-14 14:14,,0.000754148,3.45E-07,14:14,4,180914,0,
2018-09-14 14:15,,0.000754148,3.45E-07,14:15,4,180914,0,
2018-09-14 14:16,,0.000754148,3.45E-07,14:16,4,180914,0,
2018-09-14 14:17,,0.000754148,3.45E-07,14:17,4,180914,0,
2018-09-14 14:18,,0.000754148,3.45E-07,14:18,4,180914,0,
2018-09-14 14:19,,0.000754148,3.45E-07,14:19,4,180914,0,
2018-09-14 14:20,,0.000754148,3.45E-07,14:20,4,180914,0,
2018-09-14 14:21,,0.000754148,3.45E-07,14:21,4,180914,0,
2018-09-14 14:22,,0.000754148,3.45E-07,14:22,4,180914,0,
2018-09-14 14:23,,0.000754148,3.45E-07,14:23,4,180914,0,
2018-09-14 14:24,,0.000754148,3.45E-07,14:24,4,180914,0,
2018-09-14 14:25,,0.000754148,3.45E-07,14:25,4,180914,0,
2018-09-14 14:26,,0.000754148,3.45E-07,14:26,4,180914,0,
2018-09-14 14:27,,0.000754148,3.45E-07,14:27,4,180914,0,
2018-09-14 14:28,,0.000754148,3.45E-07,14:28,4,180914,0,
2018-09-14 14:29,,0.000754148,3.45E-07,14:29,4,180914,0,
2018-09-14 14:30,,0.000754148,3.45E-07,14:30,4,180914,0,
2018-09-14 14:31,,0.000754148,3.45E-07,14:31,4,180914,0,
2018-09-14 14:32,,0.000754148,3.45E-07,14:32,4,180914,0,
2018-09-14 14:33,,0.000754148,3.45E-07,14:33,4,180914,0,
2018-09-14 14:34,,0.000754148,3.45E-07,14:34,4,180914,0,
2018-09-14 14:35,,0.000754148,3.45E-07,14:35,4,180914,0,
2018-09-14 14:36,,0.000754148,3.45E-07,14:36,4,180914,0,
2018-09-14 14:37,,0.000754148,3.45E-07,14:37,4,180914,0,
2018-09-14 14:38,,0.000754148,3.45E-07,14:38,4,180914,0,
2018-09-14 14:39,,0.000754148,3.45E-07,14:39,4,180914,0,
2018-09-14 14:40,,0.000754148,3.45E-07,14:40,4,180914,0,
2018-09-14 14:41,,0.000754148,3.45E-07,14:41,4,180914,0,
2018-09-14 14:42,,0.000754148,3.45E-07,14:42,4,180914,0,
2018-09-14 14:43,,0.000754148,3.45E-07,14:43,4,180914,0,
2018-09-14 14:44,,0.000754148,3.45E-07,14:44,4,180914,0,
2018-09-14 14:45,,0.000754148,3.45E-07,14:45,4,180914,0,
2018-09-14 14:46,,0.000754148,3.45E-07,14:46,4,180914,0,
2018-09-14 14:47,,0.000754148,3.45E-07,14:47,4,180914,0,
2018-09-14 14:48,,0.000754148,3.45E-07,14:48,4,180914,0,
2018-09-14 14:49,,0.000754148,3.45E-07,14:49,4,180914,0,
2018-09-14 14:50,,0.000754148,3.45E-07,14:50,4,180914,0,
2018-09-14 14:51,,0.000754148,3.45E-07,14:51,4,180914,0,
2018-09-14 14:52,,0.000754148,3.45E-07,14:52,4,180914,0,
2018-09-14 14:53,,0.000754148,3.45E-07,14:53,4,180914,0,
2018-09-14 14:54,,0.000754148,3.45E-07,14:54,4,180914,0,
2018-09-14 14:55,,0.000754148,3.45E-07,14:55,4,180914,0,
2018-09-14 14:56,,0.000754148,3.45E-07,14:56,4,180914,0,
2018-09-14 14:57,,0.000754148,3.45E-07,14:57,4,180914,0,
2018-09-14 14:58,,0.000754148,3.45E-07,14:58,4,180914,0,
2018-09-14 14:59,,0.000754148,3.45E-07,14:59,4,180914,0,
2018-09-14 15:00,,0.000754148,3.45E-07,15:00,4,180914,0,
2018-09-14 15:01,,0.000754148,3.45E-07,15:01,4,180914,0,
2018-09-14 15:02,,0.000754148,3.45E-07,15:02,4,180914,0,
2018-09-14 15:03,,0.000754148,3.45E-07,15:03,4,180914,0,
2018-09-14 15:04,,0.000754148,3.45E-07,15:04,4,180914,0,
2018-09-14 15:05,,0.000754148,3.45E-07,15:05,4,180914,0,
2018-09-14 15:06,,0.000754148,3.45E-07,15:06,4,180914,0,
2018-09-14 15:07,,0.000754148,3.45E-07,15:07,4,180914,0,
2018-09-14 15:08,,0.000754148,3.45E-07,15:08,4,180914,0,
2018-09-14 15:09,,0.000754148,3.45E-07,15:09,4,180914,0,
2018-09-14 15:10,,0.000754148,3.45E-07,15:10,4,180914,0,
2018-09-14 15:11,,0.000754148,3.45E-07,15:11,4,180914,0,
2018-09-14 15:12,,0.000754148,3.45E-07,15:12,4,180914,0,
2018-09-14 15:13,,0.000754148,3.45E-07,15:13,4,180914,0,
2018-09-14 15:14,,0.000754148,3.45E-07,15:14,4,180914,0,
2018-09-14 15:15,,0.000754148,3.45E-07,15:15,4,180914,0,
2018-09-14 15:16,,0.000754148,3.45E-07,15:16,4,180914,0,
2018-09-14 15:17,,0.000754148,3.45E-07,15:17,4,180914,0,
2018-09-14 15:18,,0.000754148,3.45E-07,15:18,4,180914,0,
2018-09-14 15:19,,0.000754148,3.45E-07,15:19,4,180914,0,
2018-09-14 15:20,,0.000754148,3.45E-07,15:20,4,180914,0,
2018-09-14 15:21,,0.000754148,3.45E-07,15:21,4,180914,0,
2018-09-14 15:22,,0.000754148,3.45E-07,15:22,4,180914,0,
2018-09-14 15:23,,0.000754148,3.45E-07,15:23,4,180914,0,
2018-09-14 15:24,,0.000754148,3.45E-07,15:24,4,180914,0,
2018-09-14 15:25,,0.000754148,3.45E-07,15:25,4,180914,0,
2018-09-14 15:26,,0.000754148,3.45E-07,15:26,4,180914,0,
2018-09-14 15:27,,0.000754148,3.45E-07,15:27,4,180914,0,
2018-09-14 15:28,,0.000754148,3.45E-07,15:28,4,180914,0,
2018-09-14 15:29,,0.000754148,3.45E-07,15:29,4,180914,0,
2018-09-14 15:30,,0.000754148,3.45E-07,15:30,4,180914,0,
2018-09-14 15:31,,0.000754148,3.45E-07,15:31,4,180914,0,
2018-09-14 15:32,,0.000754148,3.45E-07,15:32,4,180914,0,
2018-09-14 15:33,,0.000754148,3.45E-07,15:33,4,180914,0,
2018-09-14 15:34,,0.000754148,3.45E-07,15:34,4,180914,0,
2018-09-14 15:35,,0.000754148,3.45E-07,15:35,4,180914,0,
2018-09-14 15:36,,0.000754148,3.45E-07,15:36,4,180914,0,
2018-09-14 15:37,,0.000754148,3.45E-07,15:37,4,180914,0,
2018-09-14 15:38,,0.000754148,3.45E-07,15:38,4,180914,0,
2018-09-14 15:39,,0.000754148,3.45E-07,15:39,4,180914,0,
2018-09-14 15:40,,0.000754148,3.45E-07,15:40,4,180914,0,
2018-09-14 15:41,,0.000754148,3.45E-07,15:41,4,180914,0,
2018-09-14 15:42,,0.000754148,3.45E-07,15:42,4,180914,0,
2018-09-14 15:43,,0.000754148,3.45E-07,15:43,4,180914,0,
2018-09-14 15:44,,0.000754148,3.45E-07,15:44,4,180914,0,
2018-09-14 15:45,,0.000754148,3.45E-07,15:45,4,180914,0,
2018-09-14 15:46,,0.000754148,3.45E-07,15:46,4,180914,0,
2018-09-14 15:47,,0.000754148,3.45E-07,15:47,4,180914,0,
2018-09-14 15:48,,0.000754148,3.45E-07,15:48,4,180914,0,
2018-09-14 15:49,,0.000754148,3.45E-07,15:49,4,180914,0,
2018-09-14 15:50,,0.000754148,3.45E-07,15:50,4,180914,0,
2018-09-14 15:51,,0.000754148,3.45E-07,15:51,4,180914,0,
2018-09-14 15:52,,0.000754148,3.45E-07,15:52,4,180914,0,
2018-09-14 15:53,,0.000754148,3.45E-07,15:53,4,180914,0,
2018-09-14 15:54,,0.000754148,3.45E-07,15:54,4,180914,0,
2018-09-14 15:55,,0.000754148,3.45E-07,15:55,4,180914,0,
2018-09-14 15:56,,0.000754148,3.45E-07,15:56,4,180914,0,
2018-09-14 15:57,,0.000754148,3.45E-07,15:57,4,180914,0,
2018-09-14 15:58,,0.000754148,3.45E-07,15:58,4,180914,0,
2018-09-14 15:59,,0.000754148,3.45E-07,15:59,4,180914,0,
2018-09-14 16:00,,0.000754148,3.45E-07,16:00,4,180914,0,
2018-09-14 16:01,,0.000754148,3.45E-07,16:01,4,180914,0,
2018-09-14 16:02,,0.000754148,3.45E-07,16:02,4,180914,0,
2018-09-14 16:03,,0.000754148,3.45E-07,16:03,4,180914,0,
2018-09-14 16:04,,0.000754148,3.45E-07,16:04,4,180914,0,
2018-09-14 16:05,,0.000754148,3.45E-07,16:05,4,180914,0,
2018-09-14 16:06,,0.000754148,3.45E-07,16:06,4,180914,0,
2018-09-14 16:07,,0.000754148,3.45E-07,16:07,4,180914,0,
2018-09-14 16:08,,0.000754148,3.45E-07,16:08,4,180914,0,
2018-09-14 16:09,,0.000754148,3.45E-07,16:09,4,180914,0,
2018-09-14 16:10,,0.000754148,3.45E-07,16:10,4,180914,0,
2018-09-14 16:11,,0.000754148,3.45E-07,16:11,4,180914,0,
2018-09-14 16:12,,0.000754148,3.45E-07,16:12,4,180914,0,
2018-09-14 16:13,,0.000754148,3.45E-07,16:13,4,180914,0,
2018-09-14 16:14,,0.000754148,3.45E-07,16:14,4,180914,0,
2018-09-14 16:15,,0.000754148,3.45E-07,16:15,4,180914,0,
2018-09-14 16:16,,0.000754148,3.45E-07,16:16,4,180914,0,
2018-09-14 16:17,,0.000754148,3.45E-07,16:17,4,180914,0,
2018-09-14 16:18,,0.000754148,3.45E-07,16:18,4,180914,0,
2018-09-14 16:19,,0.000754148,3.45E-07,16:19,4,180914,0,
2018-09-14 16:20,,0.000754148,3.45E-07,16:20,4,180914,0,
2018-09-14 16:21,,0.000754148,3.45E-07,16:21,4,180914,0,
2018-09-14 16:22,,0.000754148,3.45E-07,16:22,4,180914,0,
2018-09-14 16:23,,0.000754148,3.45E-07,16:23,4,180914,0,
2018-09-14 16:24,,0.000754148,3.45E-07,16:24,4,180914,0,
2018-09-14 16:25,,0.000754148,3.45E-07,16:25,4,180914,0,
2018-09-14 16:26,,0.000754148,3.45E-07,16:26,4,180914,0,
2018-09-14 16:27,,0.000754148,3.45E-07,16:27,4,180914,0,
2018-09-14 16:28,,0.000754148,3.45E-07,16:28,4,180914,0,
2018-09-14 16:29,,0.000754148,3.45E-07,16:29,4,180914,0,
2018-09-14 16:30,,0.000754148,3.45E-07,16:30,4,180914,0,
2018-09-14 16:31,,0.000754148,3.45E-07,16:31,4,180914,0,
2018-09-14 16:32,,0.000754148,3.45E-07,16:32,4,180914,0,
2018-09-14 16:33,,0.000754148,3.45E-07,16:33,4,180914,0,
2018-09-14 16:34,,0.000754148,3.45E-07,16:34,4,180914,0,
2018-09-14 16:35,,0.000754148,3.45E-07,16:35,4,180914,0,
2018-09-14 16:36,,0.000754148,3.45E-07,16:36,4,180914,0,
2018-09-14 16:37,,0.000754148,3.45E-07,16:37,4,180914,0,
2018-09-14 16:38,,0.000754148,3.45E-07,16:38,4,180914,0,
2018-09-14 16:39,,0.000754148,3.45E-07,16:39,4,180914,0,
2018-09-14 16:40,,0.000754148,3.45E-07,16:40,4,180914,0,
2018-09-14 16:41,,0.000754148,3.45E-07,16:41,4,180914,0,
2018-09-14 16:42,,0.000754148,3.45E-07,16:42,4,180914,0,
2018-09-14 16:43,,0.000754148,3.45E-07,16:43,4,180914,0,
2018-09-14 16:44,,0.000754148,3.45E-07,16:44,4,180914,0,
2018-09-14 16:45,,0.000754148,3.45E-07,16:45,4,180914,0,
2018-09-14 16:46,,0.000754148,3.45E-07,16:46,4,180914,0,
2018-09-14 16:47,,0.000754148,3.45E-07,16:47,4,180914,0,
2018-09-14 16:48,,0.000754148,3.45E-07,16:48,4,180914,0,
2018-09-14 16:49,,0.000754148,3.45E-07,16:49,4,180914,0,
2018-09-14 16:50,,0.000754148,3.45E-07,16:50,4,180914,0,
2018-09-14 16:51,,0.000754148,3.45E-07,16:51,4,180914,0,
2018-09-14 16:52,,0.000754148,3.45E-07,16:52,4,180914,0,
2018-09-14 16:53,,0.000754148,3.45E-07,16:53,4,180914,0,
2018-09-14 16:54,,0.000754148,3.45E-07,16:54,4,180914,0,
2018-09-14 16:55,,0.000754148,3.45E-07,16:55,4,180914,0,
2018-09-14 16:56,,0.000754148,3.45E-07,16:56,4,180914,0,
2018-09-14 16:57,,0.000754148,3.45E-07,16:57,4,180914,0,
2018-09-14 16:58,,0.000754148,3.45E-07,16:58,4,180914,0,
2018-09-14 16:59,,0.000754148,3.45E-07,16:59,4,180914,0,
2018-09-14 17:00,,0.000754148,3.45E-07,17:00,4,180914,0,
2018-09-14 17:01,,0.000754148,3.45E-07,17:01,4,180914,0,
2018-09-14 17:02,,0.000754148,3.45E-07,17:02,4,180914,0,
2018-09-14 17:03,,0.000754148,3.45E-07,17:03,4,180914,0,
2018-09-14 17:04,,0.000754148,3.45E-07,17:04,4,180914,0,
2018-09-14 17:05,,0.000754148,3.45E-07,17:05,4,180914,0,
2018-09-14 17:06,,0.000754148,3.45E-07,17:06,4,180914,0,
2018-09-14 17:07,,0.000754148,3.45E-07,17:07,4,180914,0,
2018-09-14 17:08,,0.000754148,3.45E-07,17:08,4,180914,0,
2018-09-14 17:09,,0.000754148,3.45E-07,17:09,4,180914,0,
2018-09-14 17:10,,0.000754148,3.45E-07,17:10,4,180914,0,
2018-09-14 17:11,,0.000754148,3.45E-07,17:11,4,180914,0,
2018-09-14 17:12,,0.000754148,3.45E-07,17:12,4,180914,0,
2018-09-14 17:13,,0.000754148,3.45E-07,17:13,4,180914,0,
2018-09-14 17:14,,0.000754148,3.45E-07,17:14,4,180914,0,
2018-09-14 17:15,,0.000754148,3.45E-07,17:15,4,180914,0,
2018-09-14 17:16,,0.000754148,3.45E-07,17:16,4,180914,0,
2018-09-14 17:17,,0.000754148,3.45E-07,17:17,4,180914,0,
2018-09-14 17:18,,0.000754148,3.45E-07,17:18,4,180914,0,
2018-09-14 17:19,,0.000754148,3.45E-07,17:19,4,180914,0,
2018-09-14 17:20,,0.000754148,3.45E-07,17:20,4,180914,0,
2018-09-14 17:21,,0.000754148,3.45E-07,17:21,4,180914,0,
2018-09-14 17:22,,0.000754148,3.45E-07,17:22,4,180914,0,
2018-09-14 17:23,,0.000754148,3.45E-07,17:23,4,180914,0,
2018-09-14 17:24,,0.000754148,3.45E-07,17:24,4,180914,0,
2018-09-14 17:25,,0.000754148,3.45E-07,17:25,4,180914,0,
2018-09-14 17:26,,0.000754148,3.45E-07,17:26,4,180914,0,
2018-09-14 17:27,,0.000754148,3.45E-07,17:27,4,180914,0,
2018-09-14 17:28,,0.000754148,3.45E-07,17:28,4,180914,0,
2018-09-14 17:29,,0.000754148,3.45E-07,17:29,4,180914,0,
2018-09-14 17:30,,0.000754148,3.45E-07,17:30,4,180914,0,
2018-09-14 17:31,,0.000754148,3.45E-07,17:31,4,180914,0,
2018-09-14 17:32,,0.000754148,3.45E-07,17:32,4,180914,0,
2018-09-14 17:33,,0.000754148,3.45E-07,17:33,4,180914,0,
2018-09-14 17:34,,0.000754148,3.45E-07,17:34,4,180914,0,
2018-09-14 17:35,,0.000754148,3.45E-07,17:35,4,180914,0,
2018-09-14 17:36,,0.000754148,3.45E-07,17:36,4,180914,0,
2018-09-14 17:37,,0.000754148,3.45E-07,17:37,4,180914,0,
2018-09-14 17:38,,0.000754148,3.45E-07,17:38,4,180914,0,
2018-09-14 17:39,,0.000754148,3.45E-07,17:39,4,180914,0,
2018-09-14 17:40,,0.000754148,3.45E-07,17:40,4,180914,0,
2018-09-14 17:41,,0.000754148,3.45E-07,17:41,4,180914,0,
2018-09-14 17:42,,0.000754148,3.45E-07,17:42,4,180914,0,
2018-09-14 17:43,,0.000754148,3.45E-07,17:43,4,180914,0,
2018-09-14 17:44,,0.000754148,3.45E-07,17:44,4,180914,0,
2018-09-14 17:45,,0.000754148,3.45E-07,17:45,4,180914,0,
2018-09-14 17:46,,0.000754148,3.45E-07,17:46,4,180914,0,
2018-09-14 17:47,,0.000754148,3.45E-07,17:47,4,180914,0,
2018-09-14 17:48,,0.000754148,3.45E-07,17:48,4,180914,0,
2018-09-14 17:49,,0.000754148,3.45E-07,17:49,4,180914,0,
2018-09-14 17:50,,0.000754148,3.45E-07,17:50,4,180914,0,
2018-09-14 17:51,,0.000754148,3.45E-07,17:51,4,180914,0,
2018-09-14 17:52,,0.000754148,3.45E-07,17:52,4,180914,0,
2018-09-14 17:53,,0.000754148,3.45E-07,17:53,4,180914,0,
2018-09-14 17:54,,0.000754148,3.45E-07,17:54,4,180914,0,
2018-09-14 17:55,,0.000754148,3.45E-07,17:55,4,180914,0,
2018-09-14 17:56,,0.000754148,3.45E-07,17:56,4,180914,0,
2018-09-14 17:57,,0.000754148,3.45E-07,17:57,4,180914,0,
2018-09-14 17:58,,0.000754148,3.45E-07,17:58,4,180914,0,
2018-09-14 17:59,,0.000754148,3.45E-07,17:59,4,180914,0,
2018-09-14 18:00,,0.000754148,3.45E-07,18:00,4,180914,0,
2018-09-14 18:01,,0.000754148,3.45E-07,18:01,4,180914,0,
2018-09-14 18:02,,0.000754148,3.45E-07,18:02,4,180914,0,
2018-09-14 18:03,,0.000754148,3.45E-07,18:03,4,180914,0,
2018-09-14 18:04,,0.000754148,3.45E-07,18:04,4,180914,0,
2018-09-14 18:05,,0.000754148,3.45E-07,18:05,4,180914,0,
2018-09-14 18:06,,0.000754148,3.45E-07,18:06,4,180914,0,
2018-09-14 18:07,,0.000754148,3.45E-07,18:07,4,180914,0,
2018-09-14 18:08,,0.000754148,3.45E-07,18:08,4,180914,0,
2018-09-14 18:09,,0.000754148,3.45E-07,18:09,4,180914,0,
2018-09-14 18:10,,0.000754148,3.45E-07,18:10,4,180914,0,
2018-09-14 18:11,,0.000754148,3.45E-07,18:11,4,180914,0,
2018-09-14 18:12,,0.000754148,3.45E-07,18:12,4,180914,0,
2018-09-14 18:13,,0.000754148,3.45E-07,18:13,4,180914,0,
2018-09-14 18:14,,0.000754148,3.45E-07,18:14,4,180914,0,
2018-09-14 18:15,,0.000754148,3.45E-07,18:15,4,180914,0,
2018-09-14 18:16,,0.000754148,3.45E-07,18:16,4,180914,0,
2018-09-14 18:17,,0.000754148,3.45E-07,18:17,4,180914,0,
2018-09-14 18:18,,0.000754148,3.45E-07,18:18,4,180914,0,
2018-09-14 18:19,,0.000754148,3.45E-07,18:19,4,180914,0,
2018-09-14 18:20,,0.000754148,3.45E-07,18:20,4,180914,0,
2018-09-14 18:21,,0.000754148,3.45E-07,18:21,4,180914,0,
2018-09-14 18:22,,0.000754148,3.45E-07,18:22,4,180914,0,
2018-09-14 18:23,,0.000754148,3.45E-07,18:23,4,180914,0,
2018-09-14 18:24,,0.000754148,3.45E-07,18:24,4,180914,0,
2018-09-14 18:25,,0.000754148,3.45E-07,18:25,4,180914,0,
2018-09-14 18:26,,0.000754148,3.45E-07,18:26,4,180914,0,
2018-09-14 18:27,,0.000754148,3.45E-07,18:27,4,180914,0,
2018-09-14 18:28,,0.000754148,3.45E-07,18:28,4,180914,0,
2018-09-14 18:29,,0.000754148,3.45E-07,18:29,4,180914,0,
2018-09-14 18:30,,0.000754148,3.45E-07,18:30,4,180914,0,
2018-09-14 18:31,,0.000754148,3.45E-07,18:31,4,180914,0,
2018-09-14 18:32,,0.000754148,3.45E-07,18:32,4,180914,0,
2018-09-14 18:33,,0.000754148,3.45E-07,18:33,4,180914,0,
2018-09-14 18:34,,0.000754148,3.45E-07,18:34,4,180914,0,
2018-09-14 18:35,,0.000754148,3.45E-07,18:35,4,180914,0,
2018-09-14 18:36,,0.000754148,3.45E-07,18:36,4,180914,0,
2018-09-14 18:37,,0.000754148,3.45E-07,18:37,4,180914,0,
2018-09-14 18:38,,0.000754148,3.45E-07,18:38,4,180914,0,
2018-09-14 18:39,,0.000754148,3.45E-07,18:39,4,180914,0,
2018-09-14 18:40,,0.000754148,3.45E-07,18:40,4,180914,0,
2018-09-14 18:41,,0.000754148,3.45E-07,18:41,4,180914,0,
2018-09-14 18:42,,0.000754148,3.45E-07,18:42,4,180914,0,
2018-09-14 18:43,,0.000754148,3.45E-07,18:43,4,180914,0,
2018-09-14 18:44,,0.000754148,3.45E-07,18:44,4,180914,0,
2018-09-14 18:45,,0.000754148,3.45E-07,18:45,4,180914,0,
2018-09-14 18:46,,0.000754148,3.45E-07,18:46,4,180914,0,
2018-09-14 18:47,,0.000754148,3.45E-07,18:47,4,180914,0,
2018-09-14 18:48,,0.000754148,3.45E-07,18:48,4,180914,0,
2018-09-14 18:49,,0.000754148,3.45E-07,18:49,4,180914,0,
2018-09-14 18:50,,0.000754148,3.45E-07,18:50,4,180914,0,
2018-09-14 18:51,,0.000754148,3.45E-07,18:51,4,180914,0,
2018-09-14 18:52,,0.000754148,3.45E-07,18:52,4,180914,0,
2018-09-14 18:53,,0.000754148,3.45E-07,18:53,4,180914,0,
2018-09-14 18:54,,0.000754148,3.45E-07,18:54,4,180914,0,
2018-09-14 18:55,,0.000754148,3.45E-07,18:55,4,180914,0,
2018-09-14 18:56,,0.000754148,3.45E-07,18:56,4,180914,0,
2018-09-14 18:57,,0.000754148,3.45E-07,18:57,4,180914,0,
2018-09-14 18:58,,0.000754148,3.45E-07,18:58,4,180914,0,
2018-09-14 18:59,,0.000754148,3.45E-07,18:59,4,180914,0,
2018-09-14 19:00,,0.000754148,3.45E-07,19:00,4,180914,0,
2018-09-14 19:01,,0.000754148,3.45E-07,19:01,4,180914,0,
2018-09-14 19:02,,0.000754148,3.45E-07,19:02,4,180914,0,
2018-09-14 19:03,,0.000754148,3.45E-07,19:03,4,180914,0,
2018-09-14 19:04,,0.000754148,3.45E-07,19:04,4,180914,0,
2018-09-14 19:05,,0.000754148,3.45E-07,19:05,4,180914,0,
2018-09-14 19:06,,0.000754148,3.45E-07,19:06,4,180914,0,
2018-09-14 19:07,,0.000754148,3.45E-07,19:07,4,180914,0,
2018-09-14 19:08,,0.000754148,3.45E-07,19:08,4,180914,0,
2018-09-14 19:09,,0.000754148,3.45E-07,19:09,4,180914,0,
2018-09-14 19:10,,0.000754148,3.45E-07,19:10,4,180914,0,
2018-09-14 19:11,,0.000754148,3.45E-07,19:11,4,180914,0,
2018-09-14 19:12,,0.000754148,3.45E-07,19:12,4,180914,0,
2018-09-14 19:13,,0.000754148,3.45E-07,19:13,4,180914,0,
2018-09-14 19:14,,0.000754148,3.45E-07,19:14,4,180914,0,
2018-09-14 19:15,,0.000754148,3.45E-07,19:15,4,180914,0,
2018-09-14 19:16,,0.000754148,3.45E-07,19:16,4,180914,0,
2018-09-14 19:17,,0.000754148,3.45E-07,19:17,4,180914,0,
2018-09-14 19:18,,0.000754148,3.45E-07,19:18,4,180914,0,
2018-09-14 19:19,,0.000754148,3.45E-07,19:19,4,180914,0,
2018-09-14 19:20,,0.000754148,3.45E-07,19:20,4,180914,0,
2018-09-14 19:21,,0.000754148,3.45E-07,19:21,4,180914,0,
2018-09-14 19:22,,0.000754148,3.45E-07,19:22,4,180914,0,
2018-09-14 19:23,,0.000754148,3.45E-07,19:23,4,180914,0,
2018-09-14 19:24,,0.000754148,3.45E-07,19:24,4,180914,0,
2018-09-14 19:25,,0.000754148,3.45E-07,19:25,4,180914,0,
2018-09-14 19:26,,0.000754148,3.45E-07,19:26,4,180914,0,
2018-09-14 19:27,,0.000754148,3.45E-07,19:27,4,180914,0,
2018-09-14 19:28,,0.000754148,3.45E-07,19:28,4,180914,0,
2018-09-14 19:29,,0.000754148,3.45E-07,19:29,4,180914,0,
2018-09-14 19:30,,0.000754148,3.45E-07,19:30,4,180914,0,
2018-09-14 19:31,,0.000754148,3.45E-07,19:31,4,180914,0,
2018-09-14 19:32,,0.000754148,3.45E-07,19:32,4,180914,0,
2018-09-14 19:33,,0.000754148,3.45E-07,19:33,4,180914,0,
2018-09-14 19:34,,0.000754148,3.45E-07,19:34,4,180914,0,
2018-09-14 19:35,,0.000754148,3.45E-07,19:35,4,180914,0,
2018-09-14 19:36,,0.000754148,3.45E-07,19:36,4,180914,0,
2018-09-14 19:37,,0.000754148,3.45E-07,19:37,4,180914,0,
2018-09-14 19:38,,0.000754148,3.45E-07,19:38,4,180914,0,
2018-09-14 19:39,,0.000754148,3.45E-07,19:39,4,180914,0,
2018-09-14 19:40,,0.000754148,3.45E-07,19:40,4,180914,0,
2018-09-14 19:41,,0.000754148,3.45E-07,19:41,4,180914,0,
2018-09-14 19:42,,0.000754148,3.45E-07,19:42,4,180914,0,
2018-09-14 19:43,,0.000754148,3.45E-07,19:43,4,180914,0,
2018-09-14 19:44,,0.000754148,3.45E-07,19:44,4,180914,0,
2018-09-14 19:45,,0.000754148,3.45E-07,19:45,4,180914,0,
2018-09-14 19:46,,0.000754148,3.45E-07,19:46,4,180914,0,
2018-09-14 19:47,,0.000754148,3.45E-07,19:47,4,180914,0,
2018-09-14 19:48,,0.000754148,3.45E-07,19:48,4,180914,0,
2018-09-14 19:49,,0.000754148,3.45E-07,19:49,4,180914,0,
2018-09-14 19:50,,0.000754148,3.45E-07,19:50,4,180914,0,
2018-09-14 19:51,,0.000754148,3.45E-07,19:51,4,180914,0,
2018-09-14 19:52,,0.000754148,3.45E-07,19:52,4,180914,0,
2018-09-14 19:53,,0.000754148,3.45E-07,19:53,4,180914,0,
2018-09-14 19:54,,0.000754148,3.45E-07,19:54,4,180914,0,
2018-09-14 19:55,,0.000754148,3.45E-07,19:55,4,180914,0,
2018-09-14 19:56,,0.000754148,3.45E-07,19:56,4,180914,0,
2018-09-14 19:57,,0.000754148,3.45E-07,19:57,4,180914,0,
2018-09-14 19:58,,0.000754148,3.45E-07,19:58,4,180914,0,
2018-09-14 19:59,,0.000754148,3.45E-07,19:59,4,180914,0,
2018-09-14 20:00,,0.000754148,3.45E-07,20:00,4,180914,0,
2018-09-14 20:01,,0.000754148,3.45E-07,20:01,4,180914,0,
2018-09-14 20:02,,0.000754148,3.45E-07,20:02,4,180914,0,
2018-09-14 20:03,,0.000754148,3.45E-07,20:03,4,180914,0,
2018-09-14 20:04,,0.000754148,3.45E-07,20:04,4,180914,0,
2018-09-14 20:05,,0.000754148,3.45E-07,20:05,4,180914,0,
2018-09-14 20:06,,0.000754148,3.45E-07,20:06,4,180914,0,
2018-09-14 20:07,,0.000754148,3.45E-07,20:07,4,180914,0,
2018-09-14 20:08,,0.000754148,3.45E-07,20:08,4,180914,0,
2018-09-14 20:09,,0.000754148,3.45E-07,20:09,4,180914,0,
2018-09-14 20:10,,0.000754148,3.45E-07,20:10,4,180914,0,
2018-09-14 20:11,,0.000754148,3.45E-07,20:11,4,180914,0,
2018-09-14 20:12,,0.000754148,3.45E-07,20:12,4,180914,0,
2018-09-14 20:13,,0.000754148,3.45E-07,20:13,4,180914,0,
2018-09-14 20:14,,0.000754148,3.45E-07,20:14,4,180914,0,
2018-09-14 20:15,,0.000754148,3.45E-07,20:15,4,180914,0,
2018-09-14 20:16,,0.000754148,3.45E-07,20:16,4,180914,0,
2018-09-14 20:17,,0.000754148,3.45E-07,20:17,4,180914,0,
2018-09-14 20:18,,0.000754148,3.45E-07,20:18,4,180914,0,
2018-09-14 20:19,,0.000754148,3.45E-07,20:19,4,180914,0,
2018-09-14 20:20,,0.000754148,3.45E-07,20:20,4,180914,0,
2018-09-14 20:21,,0.000754148,3.45E-07,20:21,4,180914,0,
2018-09-14 20:22,,0.000754148,3.45E-07,20:22,4,180914,0,
2018-09-14 20:23,,0.000754148,3.45E-07,20:23,4,180914,0,
2018-09-14 20:24,,0.000754148,3.45E-07,20:24,4,180914,0,
2018-09-14 20:25,,0.000754148,3.45E-07,20:25,4,180914,0,
2018-09-14 20:26,,0.000754148,3.45E-07,20:26,4,180914,0,
2018-09-14 20:27,,0.000754148,3.45E-07,20:27,4,180914,0,
2018-09-14 20:28,,0.000754148,3.45E-07,20:28,4,180914,0,
2018-09-14 20:29,,0.000754148,3.45E-07,20:29,4,180914,0,
2018-09-14 20:30,,0.000754148,3.45E-07,20:30,4,180914,0,
2018-09-14 20:31,,0.000754148,3.45E-07,20:31,4,180914,0,
2018-09-14 20:32,,0.000754148,3.45E-07,20:32,4,180914,0,
2018-09-14 20:33,,0.000754148,3.45E-07,20:33,4,180914,0,
2018-09-14 20:34,,0.000754148,3.45E-07,20:34,4,180914,0,
2018-09-14 20:35,,0.000754148,3.45E-07,20:35,4,180914,0,
2018-09-14 20:36,,0.000754148,3.45E-07,20:36,4,180914,0,
2018-09-14 20:37,,0.000754148,3.45E-07,20:37,4,180914,0,
2018-09-14 20:38,,0.000754148,3.45E-07,20:38,4,180914,0,
2018-09-14 20:39,,0.000754148,3.45E-07,20:39,4,180914,0,
2018-09-14 20:40,,0.000754148,3.45E-07,20:40,4,180914,0,
2018-09-14 20:41,,0.000754148,3.45E-07,20:41,4,180914,0,
2018-09-14 20:42,,0.000754148,3.45E-07,20:42,4,180914,0,
2018-09-14 20:43,,0.000754148,3.45E-07,20:43,4,180914,0,
2018-09-14 20:44,,0.000754148,3.45E-07,20:44,4,180914,0,
2018-09-14 20:45,,0.000754148,3.45E-07,20:45,4,180914,0,
2018-09-14 20:46,,0.000754148,3.45E-07,20:46,4,180914,0,
2018-09-14 20:47,,0.000754148,3.45E-07,20:47,4,180914,0,
2018-09-14 20:48,,0.000754148,3.45E-07,20:48,4,180914,0,
2018-09-14 20:49,,0.000754148,3.45E-07,20:49,4,180914,0,
2018-09-14 20:50,,0.000754148,3.45E-07,20:50,4,180914,0,
2018-09-14 20:51,,0.000754148,3.45E-07,20:51,4,180914,0,
2018-09-14 20:52,,0.000754148,3.45E-07,20:52,4,180914,0,
2018-09-14 20:53,,0.000754148,3.45E-07,20:53,4,180914,0,
2018-09-14 20:54,,0.000754148,3.45E-07,20:54,4,180914,0,
2018-09-14 20:55,,0.000754148,3.45E-07,20:55,4,180914,0,
2018-09-14 20:56,,0.000754148,3.45E-07,20:56,4,180914,0,
2018-09-14 20:57,,0.000754148,3.45E-07,20:57,4,180914,0,
2018-09-14 20:58,,0.000754148,3.45E-07,20:58,4,180914,0,
2018-09-14 20:59,,0.000754148,3.45E-07,20:59,4,180914,0,
2018-09-14 21:00,,0.000754148,3.45E-07,21:00,4,180914,0,
2018-09-14 21:01,,0.000754148,3.45E-07,21:01,4,180914,0,
2018-09-14 21:02,,0.000754148,3.45E-07,21:02,4,180914,0,
2018-09-14 21:03,,0.000754148,3.45E-07,21:03,4,180914,0,
2018-09-14 21:04,,0.000754148,3.45E-07,21:04,4,180914,0,
2018-09-14 21:05,,0.000754148,3.45E-07,21:05,4,180914,0,
2018-09-14 21:06,,0.000754148,3.45E-07,21:06,4,180914,0,
2018-09-14 21:07,,0.000754148,3.45E-07,21:07,4,180914,0,
2018-09-14 21:08,,0.000754148,3.45E-07,21:08,4,180914,0,
2018-09-14 21:09,,0.000754148,3.45E-07,21:09,4,180914,0,
2018-09-14 21:10,,0.000754148,3.45E-07,21:10,4,180914,0,
2018-09-14 21:11,,0.000754148,3.45E-07,21:11,4,180914,0,
2018-09-14 21:12,,0.000754148,3.45E-07,21:12,4,180914,0,
2018-09-14 21:13,,0.000754148,3.45E-07,21:13,4,180914,0,
2018-09-14 21:14,,0.000754148,3.45E-07,21:14,4,180914,0,
2018-09-14 21:15,,0.000754148,3.45E-07,21:15,4,180914,0,
2018-09-14 21:16,,0.000754148,3.45E-07,21:16,4,180914,0,
2018-09-14 21:17,,0.000754148,3.45E-07,21:17,4,180914,0,
2018-09-14 21:18,,0.000754148,3.45E-07,21:18,4,180914,0,
2018-09-14 21:19,,0.000754148,3.45E-07,21:19,4,180914,0,
2018-09-14 21:20,,0.000754148,3.45E-07,21:20,4,180914,0,
2018-09-14 21:21,,0.000754148,3.45E-07,21:21,4,180914,0,
2018-09-14 21:22,,0.000754148,3.45E-07,21:22,4,180914,0,
2018-09-14 21:23,,0.000754148,3.45E-07,21:23,4,180914,0,
2018-09-14 21:24,,0.000754148,3.45E-07,21:24,4,180914,0,
2018-09-14 21:25,,0.000754148,3.45E-07,21:25,4,180914,0,
2018-09-14 21:26,,0.000754148,3.45E-07,21:26,4,180914,0,
2018-09-14 21:27,,0.000754148,3.45E-07,21:27,4,180914,0,
2018-09-14 21:28,,0.000754148,3.45E-07,21:28,4,180914,0,
2018-09-14 21:29,,0.000754148,3.45E-07,21:29,4,180914,0,
2018-09-14 21:30,,0.000754148,3.45E-07,21:30,4,180914,0,
2018-09-14 21:31,,0.000754148,3.45E-07,21:31,4,180914,0,
2018-09-14 21:32,,0.000754148,3.45E-07,21:32,4,180914,0,
2018-09-14 21:33,,0.000754148,3.45E-07,21:33,4,180914,0,
2018-09-14 21:34,,0.000754148,3.45E-07,21:34,4,180914,0,
2018-09-14 21:35,,0.000754148,3.45E-07,21:35,4,180914,0,
2018-09-14 21:36,,0.000754148,3.45E-07,21:36,4,180914,0,
2018-09-14 21:37,,0.000754148,3.45E-07,21:37,4,180914,0,
2018-09-14 21:38,,0.000754148,3.45E-07,21:38,4,180914,0,
2018-09-14 21:39,,0.000754148,3.45E-07,21:39,4,180914,0,
2018-09-14 21:40,,0.000754148,3.45E-07,21:40,4,180914,0,
2018-09-14 21:41,,0.000754148,3.45E-07,21:41,4,180914,0,
2018-09-14 21:42,,0.000754148,3.45E-07,21:42,4,180914,0,
2018-09-14 21:43,,0.000754148,3.45E-07,21:43,4,180914,0,
2018-09-14 21:44,,0.000754148,3.45E-07,21:44,4,180914,0,
2018-09-14 21:45,,0.000754148,3.45E-07,21:45,4,180914,0,
2018-09-14 21:46,,0.000754148,3.45E-07,21:46,4,180914,0,
2018-09-14 21:47,,0.000754148,3.45E-07,21:47,4,180914,0,
2018-09-14 21:48,,0.000754148,3.45E-07,21:48,4,180914,0,
2018-09-14 21:49,,0.000754148,3.45E-07,21:49,4,180914,0,
2018-09-14 21:50,,0.000754148,3.45E-07,21:50,4,180914,0,
2018-09-14 21:51,,0.000754148,3.45E-07,21:51,4,180914,0,
2018-09-14 21:52,,0.000754148,3.45E-07,21:52,4,180914,0,
2018-09-14 21:53,,0.000754148,3.45E-07,21:53,4,180914,0,
2018-09-14 21:54,,0.000754148,3.45E-07,21:54,4,180914,0,
2018-09-14 21:55,,0.000754148,3.45E-07,21:55,4,180914,0,
2018-09-14 21:56,,0.000754148,3.45E-07,21:56,4,180914,0,
2018-09-14 21:57,,0.000754148,3.45E-07,21:57,4,180914,0,
2018-09-14 21:58,,0.000754148,3.45E-07,21:58,4,180914,0,
2018-09-14 21:59,,0.000754148,3.45E-07,21:59,4,180914,0,
2018-09-14 22:00,,0.000754148,3.45E-07,22:00,4,180914,0,
2018-09-14 22:01,,0.000754148,3.45E-07,22:01,4,180914,0,
2018-09-14 22:02,,0.000754148,3.45E-07,22:02,4,180914,0,
2018-09-14 22:03,,0.000754148,3.45E-07,22:03,4,180914,0,
2018-09-14 22:04,,0.000754148,3.45E-07,22:04,4,180914,0,
2018-09-14 22:05,,0.000754148,3.45E-07,22:05,4,180914,0,
2018-09-14 22:06,,0.000754148,3.45E-07,22:06,4,180914,0,
2018-09-14 22:07,,0.000754148,3.45E-07,22:07,4,180914,0,
2018-09-14 22:08,,0.000754148,3.45E-07,22:08,4,180914,0,
2018-09-14 22:09,,0.000754148,3.45E-07,22:09,4,180914,0,
2018-09-14 22:10,,0.000754148,3.45E-07,22:10,4,180914,0,
2018-09-14 22:11,,0.000754148,3.45E-07,22:11,4,180914,0,
2018-09-14 22:12,,0.000754148,3.45E-07,22:12,4,180914,0,
2018-09-14 22:13,,0.000754148,3.45E-07,22:13,4,180914,0,
2018-09-14 22:14,,0.000754148,3.45E-07,22:14,4,180914,0,
2018-09-14 22:15,,0.000754148,3.45E-07,22:15,4,180914,0,
2018-09-14 22:16,,0.000754148,3.45E-07,22:16,4,180914,0,
2018-09-14 22:17,,0.000754148,3.45E-07,22:17,4,180914,0,
2018-09-14 22:18,,0.000754148,3.45E-07,22:18,4,180914,0,
2018-09-14 22:19,,0.000754148,3.45E-07,22:19,4,180914,0,
2018-09-14 22:20,,0.000754148,3.45E-07,22:20,4,180914,0,
2018-09-14 22:21,,0.000754148,3.45E-07,22:21,4,180914,0,
2018-09-14 22:22,,0.000754148,3.45E-07,22:22,4,180914,0,
2018-09-14 22:23,,0.000754148,3.45E-07,22:23,4,180914,0,
2018-09-14 22:24,,0.000754148,3.45E-07,22:24,4,180914,0,
2018-09-14 22:25,,0.000754148,3.45E-07,22:25,4,180914,0,
2018-09-14 22:26,,0.000754148,3.45E-07,22:26,4,180914,0,
2018-09-14 22:27,,0.000754148,3.45E-07,22:27,4,180914,0,
2018-09-14 22:28,,0.000754148,3.45E-07,22:28,4,180914,0,
2018-09-14 22:29,,0.000754148,3.45E-07,22:29,4,180914,0,
2018-09-14 22:30,,0.000754148,3.45E-07,22:30,4,180914,0,
2018-09-14 22:31,,0.000754148,3.45E-07,22:31,4,180914,0,
2018-09-14 22:32,,0.000754148,3.45E-07,22:32,4,180914,0,
2018-09-14 22:33,,0.000754148,3.45E-07,22:33,4,180914,0,
2018-09-14 22:34,,0.000754148,3.45E-07,22:34,4,180914,0,
2018-09-14 22:35,,0.000754148,3.45E-07,22:35,4,180914,0,
2018-09-14 22:36,,0.000754148,3.45E-07,22:36,4,180914,0,
2018-09-14 22:37,,0.000754148,3.45E-07,22:37,4,180914,0,
2018-09-14 22:38,,0.000754148,3.45E-07,22:38,4,180914,0,
2018-09-14 22:39,,0.000754148,3.45E-07,22:39,4,180914,0,
2018-09-14 22:40,,0.000754148,3.45E-07,22:40,4,180914,0,
2018-09-14 22:41,,0.000754148,3.45E-07,22:41,4,180914,0,
2018-09-14 22:42,,0.000754148,3.45E-07,22:42,4,180914,0,
2018-09-14 22:43,,0.000754148,3.45E-07,22:43,4,180914,0,
2018-09-14 22:44,,0.000754148,3.45E-07,22:44,4,180914,0,
2018-09-14 22:45,,0.000754148,3.45E-07,22:45,4,180914,0,
2018-09-14 22:46,,0.000754148,3.45E-07,22:46,4,180914,0,
2018-09-14 22:47,,0.000754148,3.45E-07,22:47,4,180914,0,
2018-09-14 22:48,,0.000754148,3.45E-07,22:48,4,180914,0,
2018-09-14 22:49,,0.000754148,3.45E-07,22:49,4,180914,0,
2018-09-14 22:50,,0.000754148,3.45E-07,22:50,4,180914,0,
2018-09-14 22:51,,0.000754148,3.45E-07,22:51,4,180914,0,
2018-09-14 22:52,,0.000754148,3.45E-07,22:52,4,180914,0,
2018-09-14 22:53,,0.000754148,3.45E-07,22:53,4,180914,0,
2018-09-14 22:54,,0.000754148,3.45E-07,22:54,4,180914,0,
2018-09-14 22:55,,0.000754148,3.45E-07,22:55,4,180914,0,
2018-09-14 22:56,,0.000754148,3.45E-07,22:56,4,180914,0,
2018-09-14 22:57,,0.000754148,3.45E-07,22:57,4,180914,0,
2018-09-14 22:58,,0.000754148,3.45E-07,22:58,4,180914,0,
2018-09-14 22:59,,0.000754148,3.45E-07,22:59,4,180914,0,
2018-09-14 23:00,,0.000754148,3.45E-07,23:00,4,180914,0,
2018-09-14 23:01,,0.000754148,3.45E-07,23:01,4,180914,0,
2018-09-14 23:02,,0.000754148,3.45E-07,23:02,4,180914,0,
2018-09-14 23:03,,0.000754148,3.45E-07,23:03,4,180914,0,
2018-09-14 23:04,,0.000754148,3.45E-07,23:04,4,180914,0,
2018-09-14 23:05,,0.000754148,3.45E-07,23:05,4,180914,0,
2018-09-14 23:06,,0.000754148,3.45E-07,23:06,4,180914,0,
2018-09-14 23:07,,0.000754148,3.45E-07,23:07,4,180914,0,
2018-09-14 23:08,,0.000754148,3.45E-07,23:08,4,180914,0,
2018-09-14 23:09,,0.000754148,3.45E-07,23:09,4,180914,0,
2018-09-14 23:10,,0.000754148,3.45E-07,23:10,4,180914,0,
2018-09-14 23:11,,0.000754148,3.45E-07,23:11,4,180914,0,
2018-09-14 23:12,,0.000754148,3.45E-07,23:12,4,180914,0,
2018-09-14 23:13,,0.000754148,3.45E-07,23:13,4,180914,0,
2018-09-14 23:14,,0.000754148,3.45E-07,23:14,4,180914,0,
2018-09-14 23:15,,0.000754148,3.45E-07,23:15,4,180914,0,
2018-09-14 23:16,,0.000754148,3.45E-07,23:16,4,180914,0,
2018-09-14 23:17,,0.000754148,3.45E-07,23:17,4,180914,0,
2018-09-14 23:18,,0.000754148,3.45E-07,23:18,4,180914,0,
2018-09-14 23:19,,0.000754148,3.45E-07,23:19,4,180914,0,
2018-09-14 23:20,,0.000754148,3.45E-07,23:20,4,180914,0,
2018-09-14 23:21,,0.000754148,3.45E-07,23:21,4,180914,0,
2018-09-14 23:22,,0.000754148,3.45E-07,23:22,4,180914,0,
2018-09-14 23:23,,0.000754148,3.45E-07,23:23,4,180914,0,
2018-09-14 23:24,,0.000754148,3.45E-07,23:24,4,180914,0,
2018-09-14 23:25,,0.000754148,3.45E-07,23:25,4,180914,0,
2018-09-14 23:26,,0.000754148,3.45E-07,23:26,4,180914,0,
2018-09-14 23:27,,0.000754148,3.45E-07,23:27,4,180914,0,
2018-09-14 23:28,,0.000754148,3.45E-07,23:28,4,180914,0,
2018-09-14 23:29,,0.000754148,3.45E-07,23:29,4,180914,0,
2018-09-14 23:30,,0.000754148,3.45E-07,23:30,4,180914,0,
2018-09-14 23:31,,0.000754148,3.45E-07,23:31,4,180914,0,
2018-09-14 23:32,,0.000754148,3.45E-07,23:32,4,180914,0,
2018-09-14 23:33,,0.000754148,3.45E-07,23:33,4,180914,0,
2018-09-14 23:34,,0.000754148,3.45E-07,23:34,4,180914,0,
2018-09-14 23:35,,0.000754148,3.45E-07,23:35,4,180914,0,
2018-09-14 23:36,,0.000754148,3.45E-07,23:36,4,180914,0,
2018-09-14 23:37,,0.000754148,3.45E-07,23:37,4,180914,0,
2018-09-14 23:38,,0.000754148,3.45E-07,23:38,4,180914,0,
2018-09-14 23:39,,0.000754148,3.45E-07,23:39,4,180914,0,
2018-09-14 23:40,,0.000754148,3.45E-07,23:40,4,180914,0,
2018-09-14 23:41,,0.000754148,3.45E-07,23:41,4,180914,0,
2018-09-14 23:42,,0.000754148,3.45E-07,23:42,4,180914,0,
2018-09-14 23:43,,0.000754148,3.45E-07,23:43,4,180914,0,
2018-09-14 23:44,,0.000754148,3.45E-07,23:44,4,180914,0,
2018-09-14 23:45,,0.000754148,3.45E-07,23:45,4,180914,0,
2018-09-14 23:46,,0.000754148,3.45E-07,23:46,4,180914,0,
2018-09-14 23:47,,0.000754148,3.45E-07,23:47,4,180914,0,
2018-09-14 23:48,,0.000754148,3.45E-07,23:48,4,180914,0,
2018-09-14 23:49,,0.000754148,3.45E-07,23:49,4,180914,0,
2018-09-14 23:50,,0.000754148,3.45E-07,23:50,4,180914,0,
2018-09-14 23:51,,0.000754148,3.45E-07,23:51,4,180914,0,
2018-09-14 23:52,,0.000754148,3.45E-07,23:52,4,180914,0,
2018-09-14 23:53,,0.000754148,3.45E-07,23:53,4,180914,0,
2018-09-14 23:54,,0.000754148,3.45E-07,23:54,4,180914,0,
2018-09-14 23:55,,0.000754148,3.45E-07,23:55,4,180914,0,
2018-09-14 23:56,,0.000754148,3.45E-07,23:56,4,180914,0,
2018-09-14 23:57,,0.000754148,3.45E-07,23:57,4,180914,0,
2018-09-14 23:58,,0.000754148,3.45E-07,23:58,4,180914,0,
2018-09-14 23:59,,0.000754148,3.45E-07,23:59,4,180914,0,
2018-09-15 0:00,,0.000754148,3.45E-07,0:00,5,180915,0,
2018-09-15 0:01,,0.000754148,3.45E-07,0:01,5,180915,0,
2018-09-15 0:02,,0.000754148,3.45E-07,0:02,5,180915,0,
2018-09-15 0:03,,0.000754148,3.45E-07,0:03,5,180915,0,
2018-09-15 0:04,,0.000754148,3.45E-07,0:04,5,180915,0,
2018-09-15 0:05,,0.000754148,3.45E-07,0:05,5,180915,0,
2018-09-15 0:06,,0.000754148,3.45E-07,0:06,5,180915,0,
2018-09-15 0:07,,0.000754148,3.45E-07,0:07,5,180915,0,
2018-09-15 0:08,,0.000754148,3.45E-07,0:08,5,180915,0,
2018-09-15 0:09,,0.000754148,3.45E-07,0:09,5,180915,0,
2018-09-15 0:10,,0.000754148,3.45E-07,0:10,5,180915,0,
2018-09-15 0:11,,0.000754148,3.45E-07,0:11,5,180915,0,
2018-09-15 0:12,,0.000754148,3.45E-07,0:12,5,180915,0,
2018-09-15 0:13,,0.000754148,3.45E-07,0:13,5,180915,0,
2018-09-15 0:14,,0.000754148,3.45E-07,0:14,5,180915,0,
2018-09-15 0:15,,0.000754148,3.45E-07,0:15,5,180915,0,
2018-09-15 0:16,,0.000754148,3.45E-07,0:16,5,180915,0,
2018-09-15 0:17,,0.000754148,3.45E-07,0:17,5,180915,0,
2018-09-15 0:18,,0.000754148,3.45E-07,0:18,5,180915,0,
2018-09-15 0:19,,0.000754148,3.45E-07,0:19,5,180915,0,
2018-09-15 0:20,,0.000754148,3.45E-07,0:20,5,180915,0,
2018-09-15 0:21,,0.000754148,3.45E-07,0:21,5,180915,0,
2018-09-15 0:22,,0.000754148,3.45E-07,0:22,5,180915,0,
2018-09-15 0:23,,0.000754148,3.45E-07,0:23,5,180915,0,
2018-09-15 0:24,,0.000754148,3.45E-07,0:24,5,180915,0,
2018-09-15 0:25,,0.000754148,3.45E-07,0:25,5,180915,0,
2018-09-15 0:26,,0.000754148,3.45E-07,0:26,5,180915,0,
2018-09-15 0:27,,0.000754148,3.45E-07,0:27,5,180915,0,
2018-09-15 0:28,,0.000754148,3.45E-07,0:28,5,180915,0,
2018-09-15 0:29,,0.000754148,3.45E-07,0:29,5,180915,0,
2018-09-15 0:30,,0.000754148,3.45E-07,0:30,5,180915,0,
2018-09-15 0:31,,0.000754148,3.45E-07,0:31,5,180915,0,
2018-09-15 0:32,,0.000754148,3.45E-07,0:32,5,180915,0,
2018-09-15 0:33,,0.000754148,3.45E-07,0:33,5,180915,0,
2018-09-15 0:34,,0.000754148,3.45E-07,0:34,5,180915,0,
2018-09-15 0:35,,0.000754148,3.45E-07,0:35,5,180915,0,
2018-09-15 0:36,,0.000754148,3.45E-07,0:36,5,180915,0,
2018-09-15 0:37,,0.000754148,3.45E-07,0:37,5,180915,0,
2018-09-15 0:38,,0.000754148,3.45E-07,0:38,5,180915,0,
2018-09-15 0:39,,0.000754148,3.45E-07,0:39,5,180915,0,
2018-09-15 0:40,,0.000754148,3.45E-07,0:40,5,180915,0,
2018-09-15 0:41,,0.000754148,3.45E-07,0:41,5,180915,0,
2018-09-15 0:42,,0.000754148,3.45E-07,0:42,5,180915,0,
2018-09-15 0:43,,0.000754148,3.45E-07,0:43,5,180915,0,
2018-09-15 0:44,,0.000754148,3.45E-07,0:44,5,180915,0,
2018-09-15 0:45,,0.000754148,3.45E-07,0:45,5,180915,0,
2018-09-15 0:46,,0.000754148,3.45E-07,0:46,5,180915,0,
2018-09-15 0:47,,0.000754148,3.45E-07,0:47,5,180915,0,
2018-09-15 0:48,,0.000754148,3.45E-07,0:48,5,180915,0,
2018-09-15 0:49,,0.000754148,3.45E-07,0:49,5,180915,0,
2018-09-15 0:50,,0.000754148,3.45E-07,0:50,5,180915,0,
2018-09-15 0:51,,0.000754148,3.45E-07,0:51,5,180915,0,
2018-09-15 0:52,,0.000754148,3.45E-07,0:52,5,180915,0,
2018-09-15 0:53,,0.000754148,3.45E-07,0:53,5,180915,0,
2018-09-15 0:54,,0.000754148,3.45E-07,0:54,5,180915,0,
2018-09-15 0:55,,0.000754148,3.45E-07,0:55,5,180915,0,
2018-09-15 0:56,,0.000754148,3.45E-07,0:56,5,180915,0,
2018-09-15 0:57,,0.000754148,3.45E-07,0:57,5,180915,0,
2018-09-15 0:58,,0.000754148,3.45E-07,0:58,5,180915,0,
2018-09-15 0:59,,0.000754148,3.45E-07,0:59,5,180915,0,
2018-09-15 1:00,,0.000754148,3.45E-07,1:00,5,180915,0,
2018-09-15 1:01,,0.000754148,3.45E-07,1:01,5,180915,0,
2018-09-15 1:02,,0.000754148,3.45E-07,1:02,5,180915,0,
2018-09-15 1:03,,0.000754148,3.45E-07,1:03,5,180915,0,
2018-09-15 1:04,,0.000754148,3.45E-07,1:04,5,180915,0,
2018-09-15 1:05,,0.000754148,3.45E-07,1:05,5,180915,0,
2018-09-15 1:06,,0.000754148,3.45E-07,1:06,5,180915,0,
2018-09-15 1:07,,0.000754148,3.45E-07,1:07,5,180915,0,
2018-09-15 1:08,,0.000754148,3.45E-07,1:08,5,180915,0,
2018-09-15 1:09,,0.000754148,3.45E-07,1:09,5,180915,0,
2018-09-15 1:10,,0.000754148,3.45E-07,1:10,5,180915,0,
2018-09-15 1:11,,0.000754148,3.45E-07,1:11,5,180915,0,
2018-09-15 1:12,,0.000754148,3.45E-07,1:12,5,180915,0,
2018-09-15 1:13,,0.000754148,3.45E-07,1:13,5,180915,0,
2018-09-15 1:14,,0.000754148,3.45E-07,1:14,5,180915,0,
2018-09-15 1:15,,0.000754148,3.45E-07,1:15,5,180915,0,
2018-09-15 1:16,,0.000754148,3.45E-07,1:16,5,180915,0,
2018-09-15 1:17,,0.000754148,3.45E-07,1:17,5,180915,0,
2018-09-15 1:18,,0.000754148,3.45E-07,1:18,5,180915,0,
2018-09-15 1:19,,0.000754148,3.45E-07,1:19,5,180915,0,
2018-09-15 1:20,,0.000754148,3.45E-07,1:20,5,180915,0,
2018-09-15 1:21,,0.000754148,3.45E-07,1:21,5,180915,0,
2018-09-15 1:22,,0.000754148,3.45E-07,1:22,5,180915,0,
2018-09-15 1:23,,0.000754148,3.45E-07,1:23,5,180915,0,
2018-09-15 1:24,,0.000754148,3.45E-07,1:24,5,180915,0,
2018-09-15 1:25,,0.000754148,3.45E-07,1:25,5,180915,0,
2018-09-15 1:26,,0.000754148,3.45E-07,1:26,5,180915,0,
2018-09-15 1:27,,0.000754148,3.45E-07,1:27,5,180915,0,
2018-09-15 1:28,,0.000754148,3.45E-07,1:28,5,180915,0,
2018-09-15 1:29,,0.000754148,3.45E-07,1:29,5,180915,0,
2018-09-15 1:30,,0.000754148,3.45E-07,1:30,5,180915,0,
2018-09-15 1:31,,0.000754148,3.45E-07,1:31,5,180915,0,
2018-09-15 1:32,,0.000754148,3.45E-07,1:32,5,180915,0,
2018-09-15 1:33,,0.000754148,3.45E-07,1:33,5,180915,0,
2018-09-15 1:34,,0.000754148,3.45E-07,1:34,5,180915,0,
2018-09-15 1:35,,0.000754148,3.45E-07,1:35,5,180915,0,
2018-09-15 1:36,,0.000754148,3.45E-07,1:36,5,180915,0,
2018-09-15 1:37,,0.000754148,3.45E-07,1:37,5,180915,0,
2018-09-15 1:38,,0.000754148,3.45E-07,1:38,5,180915,0,
2018-09-15 1:39,,0.000754148,3.45E-07,1:39,5,180915,0,
2018-09-15 1:40,,0.000754148,3.45E-07,1:40,5,180915,0,
2018-09-15 1:41,,0.000754148,3.45E-07,1:41,5,180915,0,
2018-09-15 1:42,,0.000754148,3.45E-07,1:42,5,180915,0,
2018-09-15 1:43,,0.000754148,3.45E-07,1:43,5,180915,0,
2018-09-15 1:44,,0.000754148,3.45E-07,1:44,5,180915,0,
2018-09-15 1:45,,0.000754148,3.45E-07,1:45,5,180915,0,
2018-09-15 1:46,,0.000754148,3.45E-07,1:46,5,180915,0,
2018-09-15 1:47,,0.000754148,3.45E-07,1:47,5,180915,0,
2018-09-15 1:48,,0.000754148,3.45E-07,1:48,5,180915,0,
2018-09-15 1:49,,0.000754148,3.45E-07,1:49,5,180915,0,
2018-09-15 1:50,,0.000754148,3.45E-07,1:50,5,180915,0,
2018-09-15 1:51,,0.000754148,3.45E-07,1:51,5,180915,0,
2018-09-15 1:52,,0.000754148,3.45E-07,1:52,5,180915,0,
2018-09-15 1:53,,0.000754148,3.45E-07,1:53,5,180915,0,
2018-09-15 1:54,,0.000754148,3.45E-07,1:54,5,180915,0,
2018-09-15 1:55,,0.000754148,3.45E-07,1:55,5,180915,0,
2018-09-15 1:56,,0.000754148,3.45E-07,1:56,5,180915,0,
2018-09-15 1:57,,0.000754148,3.45E-07,1:57,5,180915,0,
2018-09-15 1:58,,0.000754148,3.45E-07,1:58,5,180915,0,
2018-09-15 1:59,,0.000754148,3.45E-07,1:59,5,180915,0,
2018-09-15 2:00,,0.000754148,3.45E-07,2:00,5,180915,0,
2018-09-15 2:01,,0.000754148,3.45E-07,2:01,5,180915,0,
2018-09-15 2:02,,0.000754148,3.45E-07,2:02,5,180915,0,
2018-09-15 2:03,,0.000754148,3.45E-07,2:03,5,180915,0,
2018-09-15 2:04,,0.000754148,3.45E-07,2:04,5,180915,0,
2018-09-15 2:05,,0.000754148,3.45E-07,2:05,5,180915,0,
2018-09-15 2:06,,0.000754148,3.45E-07,2:06,5,180915,0,
2018-09-15 2:07,,0.000754148,3.45E-07,2:07,5,180915,0,
2018-09-15 2:08,,0.000754148,3.45E-07,2:08,5,180915,0,
2018-09-15 2:09,,0.000754148,3.45E-07,2:09,5,180915,0,
2018-09-15 2:10,,0.000754148,3.45E-07,2:10,5,180915,0,
2018-09-15 2:11,,0.000754148,3.45E-07,2:11,5,180915,0,
2018-09-15 2:12,,0.000754148,3.45E-07,2:12,5,180915,0,
2018-09-15 2:13,,0.000754148,3.45E-07,2:13,5,180915,0,
2018-09-15 2:14,,0.000754148,3.45E-07,2:14,5,180915,0,
2018-09-15 2:15,,0.000754148,3.45E-07,2:15,5,180915,0,
2018-09-15 2:16,,0.000754148,3.45E-07,2:16,5,180915,0,
2018-09-15 2:17,,0.000754148,3.45E-07,2:17,5,180915,0,
2018-09-15 2:18,,0.000754148,3.45E-07,2:18,5,180915,0,
2018-09-15 2:19,,0.000754148,3.45E-07,2:19,5,180915,0,
2018-09-15 2:20,,0.000754148,3.45E-07,2:20,5,180915,0,
2018-09-15 2:21,,0.000754148,3.45E-07,2:21,5,180915,0,
2018-09-15 2:22,,0.000754148,3.45E-07,2:22,5,180915,0,
2018-09-15 2:23,,0.000754148,3.45E-07,2:23,5,180915,0,
2018-09-15 2:24,,0.000754148,3.45E-07,2:24,5,180915,0,
2018-09-15 2:25,,0.000754148,3.45E-07,2:25,5,180915,0,
2018-09-15 2:26,,0.000754148,3.45E-07,2:26,5,180915,0,
2018-09-15 2:27,,0.000754148,3.45E-07,2:27,5,180915,0,
2018-09-15 2:28,,0.000754148,3.45E-07,2:28,5,180915,0,
2018-09-15 2:29,,0.000754148,3.45E-07,2:29,5,180915,0,
2018-09-15 2:30,,0.000754148,3.45E-07,2:30,5,180915,0,
2018-09-15 2:31,,0.000754148,3.45E-07,2:31,5,180915,0,
2018-09-15 2:32,,0.000754148,3.45E-07,2:32,5,180915,0,
2018-09-15 2:33,,0.000754148,3.45E-07,2:33,5,180915,0,
2018-09-15 2:34,,0.000754148,3.45E-07,2:34,5,180915,0,
2018-09-15 2:35,,0.000754148,3.45E-07,2:35,5,180915,0,
2018-09-15 2:36,,0.000754148,3.45E-07,2:36,5,180915,0,
2018-09-15 2:37,,0.000754148,3.45E-07,2:37,5,180915,0,
2018-09-15 2:38,,0.000754148,3.45E-07,2:38,5,180915,0,
2018-09-15 2:39,,0.000754148,3.45E-07,2:39,5,180915,0,
2018-09-15 2:40,,0.000754148,3.45E-07,2:40,5,180915,0,
2018-09-15 2:41,,0.000754148,3.45E-07,2:41,5,180915,0,
2018-09-15 2:42,,0.000754148,3.45E-07,2:42,5,180915,0,
2018-09-15 2:43,,0.000754148,3.45E-07,2:43,5,180915,0,
2018-09-15 2:44,,0.000754148,3.45E-07,2:44,5,180915,0,
2018-09-15 2:45,,0.000754148,3.45E-07,2:45,5,180915,0,
2018-09-15 2:46,,0.000754148,3.45E-07,2:46,5,180915,0,
2018-09-15 2:47,,0.000754148,3.45E-07,2:47,5,180915,0,
2018-09-15 2:48,,0.000754148,3.45E-07,2:48,5,180915,0,
2018-09-15 2:49,,0.000754148,3.45E-07,2:49,5,180915,0,
2018-09-15 2:50,,0.000754148,3.45E-07,2:50,5,180915,0,
2018-09-15 2:51,,0.000754148,3.45E-07,2:51,5,180915,0,
2018-09-15 2:52,,0.000754148,3.45E-07,2:52,5,180915,0,
2018-09-15 2:53,,0.000754148,3.45E-07,2:53,5,180915,0,
2018-09-15 2:54,,0.000754148,3.45E-07,2:54,5,180915,0,
2018-09-15 2:55,,0.000754148,3.45E-07,2:55,5,180915,0,
2018-09-15 2:56,,0.000754148,3.45E-07,2:56,5,180915,0,
2018-09-15 2:57,,0.000754148,3.45E-07,2:57,5,180915,0,
2018-09-15 2:58,,0.000754148,3.45E-07,2:58,5,180915,0,
2018-09-15 2:59,,0.000754148,3.45E-07,2:59,5,180915,0,
2018-09-15 3:00,,0.000754148,3.45E-07,3:00,5,180915,0,
2018-09-15 3:01,,0.000754148,3.45E-07,3:01,5,180915,0,
2018-09-15 3:02,,0.000754148,3.45E-07,3:02,5,180915,0,
2018-09-15 3:03,,0.000754148,3.45E-07,3:03,5,180915,0,
2018-09-15 3:04,,0.000754148,3.45E-07,3:04,5,180915,0,
2018-09-15 3:05,,0.000754148,3.45E-07,3:05,5,180915,0,
2018-09-15 3:06,,0.000754148,3.45E-07,3:06,5,180915,0,
2018-09-15 3:07,,0.000754148,3.45E-07,3:07,5,180915,0,
2018-09-15 3:08,,0.000754148,3.45E-07,3:08,5,180915,0,
2018-09-15 3:09,,0.000754148,3.45E-07,3:09,5,180915,0,
2018-09-15 3:10,,0.000754148,3.45E-07,3:10,5,180915,0,
2018-09-15 3:11,,0.000754148,3.45E-07,3:11,5,180915,0,
2018-09-15 3:12,,0.000754148,3.45E-07,3:12,5,180915,0,
2018-09-15 3:13,,0.000754148,3.45E-07,3:13,5,180915,0,
2018-09-15 3:14,,0.000754148,3.45E-07,3:14,5,180915,0,
2018-09-15 3:15,,0.000754148,3.45E-07,3:15,5,180915,0,
2018-09-15 3:16,,0.000754148,3.45E-07,3:16,5,180915,0,
2018-09-15 3:17,,0.000754148,3.45E-07,3:17,5,180915,0,
2018-09-15 3:18,,0.000754148,3.45E-07,3:18,5,180915,0,
2018-09-15 3:19,,0.000754148,3.45E-07,3:19,5,180915,0,
2018-09-15 3:20,,0.000754148,3.45E-07,3:20,5,180915,0,
2018-09-15 3:21,,0.000754148,3.45E-07,3:21,5,180915,0,
2018-09-15 3:22,,0.000754148,3.45E-07,3:22,5,180915,0,
2018-09-15 3:23,,0.000754148,3.45E-07,3:23,5,180915,0,
2018-09-15 3:24,,0.000754148,3.45E-07,3:24,5,180915,0,
2018-09-15 3:25,,0.000754148,3.45E-07,3:25,5,180915,0,
2018-09-15 3:26,,0.000754148,3.45E-07,3:26,5,180915,0,
2018-09-15 3:27,,0.000754148,3.45E-07,3:27,5,180915,0,
2018-09-15 3:28,,0.000754148,3.45E-07,3:28,5,180915,0,
2018-09-15 3:29,,0.000754148,3.45E-07,3:29,5,180915,0,
2018-09-15 3:30,,0.000754148,3.45E-07,3:30,5,180915,0,
2018-09-15 3:31,,0.000754148,3.45E-07,3:31,5,180915,0,
2018-09-15 3:32,,0.000754148,3.45E-07,3:32,5,180915,0,
2018-09-15 3:33,,0.000754148,3.45E-07,3:33,5,180915,0,
2018-09-15 3:34,,0.000754148,3.45E-07,3:34,5,180915,0,
2018-09-15 3:35,,0.000754148,3.45E-07,3:35,5,180915,0,
2018-09-15 3:36,,0.000754148,3.45E-07,3:36,5,180915,0,
2018-09-15 3:37,,0.000754148,3.45E-07,3:37,5,180915,0,
2018-09-15 3:38,,0.000754148,3.45E-07,3:38,5,180915,0,
2018-09-15 3:39,,0.000754148,3.45E-07,3:39,5,180915,0,
2018-09-15 3:40,,0.000754148,3.45E-07,3:40,5,180915,0,
2018-09-15 3:41,,0.000754148,3.45E-07,3:41,5,180915,0,
2018-09-15 3:42,,0.000754148,3.45E-07,3:42,5,180915,0,
2018-09-15 3:43,,0.000754148,3.45E-07,3:43,5,180915,0,
2018-09-15 3:44,,0.000754148,3.45E-07,3:44,5,180915,0,
2018-09-15 3:45,,0.000754148,3.45E-07,3:45,5,180915,0,
2018-09-15 3:46,,0.000754148,3.45E-07,3:46,5,180915,0,
2018-09-15 3:47,,0.000754148,3.45E-07,3:47,5,180915,0,
2018-09-15 3:48,,0.000754148,3.45E-07,3:48,5,180915,0,
2018-09-15 3:49,,0.000754148,3.45E-07,3:49,5,180915,0,
2018-09-15 3:50,,0.000754148,3.45E-07,3:50,5,180915,0,
2018-09-15 3:51,,0.000754148,3.45E-07,3:51,5,180915,0,
2018-09-15 3:52,,0.000754148,3.45E-07,3:52,5,180915,0,
2018-09-15 3:53,,0.000754148,3.45E-07,3:53,5,180915,0,
2018-09-15 3:54,,0.000754148,3.45E-07,3:54,5,180915,0,
2018-09-15 3:55,,0.000754148,3.45E-07,3:55,5,180915,0,
2018-09-15 3:56,,0.000754148,3.45E-07,3:56,5,180915,0,
2018-09-15 3:57,,0.000754148,3.45E-07,3:57,5,180915,0,
2018-09-15 3:58,,0.000754148,3.45E-07,3:58,5,180915,0,
2018-09-15 3:59,,0.000754148,3.45E-07,3:59,5,180915,0,
2018-09-15 4:00,,0.000754148,3.45E-07,4:00,5,180915,0,
2018-09-15 4:01,,0.000754148,3.45E-07,4:01,5,180915,0,
2018-09-15 4:02,,0.000754148,3.45E-07,4:02,5,180915,0,
2018-09-15 4:03,,0.000754148,3.45E-07,4:03,5,180915,0,
2018-09-15 4:04,,0.000754148,3.45E-07,4:04,5,180915,0,
2018-09-15 4:05,,0.000754148,3.45E-07,4:05,5,180915,0,
2018-09-15 4:06,,0.000754148,3.45E-07,4:06,5,180915,0,
2018-09-15 4:07,,0.000754148,3.45E-07,4:07,5,180915,0,
2018-09-15 4:08,,0.000754148,3.45E-07,4:08,5,180915,0,
2018-09-15 4:09,,0.000754148,3.45E-07,4:09,5,180915,0,
2018-09-15 4:10,,0.000754148,3.45E-07,4:10,5,180915,0,
2018-09-15 4:11,,0.000754148,3.45E-07,4:11,5,180915,0,
2018-09-15 4:12,,0.000754148,3.45E-07,4:12,5,180915,0,
2018-09-15 4:13,,0.000754148,3.45E-07,4:13,5,180915,0,
2018-09-15 4:14,,0.000754148,3.45E-07,4:14,5,180915,0,
2018-09-15 4:15,,0.000754148,3.45E-07,4:15,5,180915,0,
2018-09-15 4:16,,0.000754148,3.45E-07,4:16,5,180915,0,
2018-09-15 4:17,,0.000754148,3.45E-07,4:17,5,180915,0,
2018-09-15 4:18,,0.000754148,3.45E-07,4:18,5,180915,0,
2018-09-15 4:19,,0.000754148,3.45E-07,4:19,5,180915,0,
2018-09-15 4:20,,0.000754148,3.45E-07,4:20,5,180915,0,
2018-09-15 4:21,,0.000754148,3.45E-07,4:21,5,180915,0,
2018-09-15 4:22,,0.000754148,3.45E-07,4:22,5,180915,0,
2018-09-15 4:23,,0.000754148,3.45E-07,4:23,5,180915,0,
2018-09-15 4:24,,0.000754148,3.45E-07,4:24,5,180915,0,
2018-09-15 4:25,,0.000754148,3.45E-07,4:25,5,180915,0,
2018-09-15 4:26,,0.000754148,3.45E-07,4:26,5,180915,0,
2018-09-15 4:27,,0.000754148,3.45E-07,4:27,5,180915,0,
2018-09-15 4:28,,0.000754148,3.45E-07,4:28,5,180915,0,
2018-09-15 4:29,,0.000754148,3.45E-07,4:29,5,180915,0,
2018-09-15 4:30,,0.000754148,3.45E-07,4:30,5,180915,0,
2018-09-15 4:31,,0.000754148,3.45E-07,4:31,5,180915,0,
2018-09-15 4:32,,0.000754148,3.45E-07,4:32,5,180915,0,
2018-09-15 4:33,,0.000754148,3.45E-07,4:33,5,180915,0,
2018-09-15 4:34,,0.000754148,3.45E-07,4:34,5,180915,0,
2018-09-15 4:35,,0.000754148,3.45E-07,4:35,5,180915,0,
2018-09-15 4:36,,0.000754148,3.45E-07,4:36,5,180915,0,
2018-09-15 4:37,,0.000754148,3.45E-07,4:37,5,180915,0,
2018-09-15 4:38,,0.000754148,3.45E-07,4:38,5,180915,0,
2018-09-15 4:39,,0.000754148,3.45E-07,4:39,5,180915,0,
2018-09-15 4:40,,0.000754148,3.45E-07,4:40,5,180915,0,
2018-09-15 4:41,,0.000754148,3.45E-07,4:41,5,180915,0,
2018-09-15 4:42,,0.000754148,3.45E-07,4:42,5,180915,0,
2018-09-15 4:43,,0.000754148,3.45E-07,4:43,5,180915,0,
2018-09-15 4:44,,0.000754148,3.45E-07,4:44,5,180915,0,
2018-09-15 4:45,,0.000754148,3.45E-07,4:45,5,180915,0,
2018-09-15 4:46,,0.000754148,3.45E-07,4:46,5,180915,0,
2018-09-15 4:47,,0.000754148,3.45E-07,4:47,5,180915,0,
2018-09-15 4:48,,0.000754148,3.45E-07,4:48,5,180915,0,
2018-09-15 4:49,,0.000754148,3.45E-07,4:49,5,180915,0,
2018-09-15 4:50,,0.000754148,3.45E-07,4:50,5,180915,0,
2018-09-15 4:51,,0.000754148,3.45E-07,4:51,5,180915,0,
2018-09-15 4:52,,0.000754148,3.45E-07,4:52,5,180915,0,
2018-09-15 4:53,,0.000754148,3.45E-07,4:53,5,180915,0,
2018-09-15 4:54,,0.000754148,3.45E-07,4:54,5,180915,0,
2018-09-15 4:55,,0.000754148,3.45E-07,4:55,5,180915,0,
2018-09-15 4:56,,0.000754148,3.45E-07,4:56,5,180915,0,
2018-09-15 4:57,,0.000754148,3.45E-07,4:57,5,180915,0,
2018-09-15 4:58,,0.000754148,3.45E-07,4:58,5,180915,0,
2018-09-15 4:59,,0.000754148,3.45E-07,4:59,5,180915,0,
2018-09-15 5:00,,0.000754148,3.45E-07,5:00,5,180915,0,
2018-09-15 5:01,,0.000754148,3.45E-07,5:01,5,180915,0,
2018-09-15 5:02,,0.000754148,3.45E-07,5:02,5,180915,0,
2018-09-15 5:03,,0.000754148,3.45E-07,5:03,5,180915,0,
2018-09-15 5:04,,0.000754148,3.45E-07,5:04,5,180915,0,
2018-09-15 5:05,,0.000754148,3.45E-07,5:05,5,180915,0,
2018-09-15 5:06,,0.000754148,3.45E-07,5:06,5,180915,0,
2018-09-15 5:07,,0.000754148,3.45E-07,5:07,5,180915,0,
2018-09-15 5:08,,0.000754148,3.45E-07,5:08,5,180915,0,
2018-09-15 5:09,,0.000754148,3.45E-07,5:09,5,180915,0,
2018-09-15 5:10,,0.000754148,3.45E-07,5:10,5,180915,0,
2018-09-15 5:11,,0.000754148,3.45E-07,5:11,5,180915,0,
2018-09-15 5:12,,0.000754148,3.45E-07,5:12,5,180915,0,
2018-09-15 5:13,,0.000754148,3.45E-07,5:13,5,180915,0,
2018-09-15 5:14,,0.000754148,3.45E-07,5:14,5,180915,0,
2018-09-15 5:15,,0.000754148,3.45E-07,5:15,5,180915,0,
2018-09-15 5:16,,0.000754148,3.45E-07,5:16,5,180915,0,
2018-09-15 5:17,,0.000754148,3.45E-07,5:17,5,180915,0,
2018-09-15 5:18,,0.000754148,3.45E-07,5:18,5,180915,0,
2018-09-15 5:19,,0.000754148,3.45E-07,5:19,5,180915,0,
2018-09-15 5:20,,0.000754148,3.45E-07,5:20,5,180915,0,
2018-09-15 5:21,,0.000754148,3.45E-07,5:21,5,180915,0,
2018-09-15 5:22,,0.000754148,3.45E-07,5:22,5,180915,0,
2018-09-15 5:23,,0.000754148,3.45E-07,5:23,5,180915,0,
2018-09-15 5:24,,0.000754148,3.45E-07,5:24,5,180915,0,
2018-09-15 5:25,,0.000754148,3.45E-07,5:25,5,180915,0,
2018-09-15 5:26,,0.000754148,3.45E-07,5:26,5,180915,0,
2018-09-15 5:27,,0.000754148,3.45E-07,5:27,5,180915,0,
2018-09-15 5:28,,0.000754148,3.45E-07,5:28,5,180915,0,
2018-09-15 5:29,,0.000754148,3.45E-07,5:29,5,180915,0,
2018-09-15 5:30,,0.000754148,3.45E-07,5:30,5,180915,0,
2018-09-15 5:31,,0.000754148,3.45E-07,5:31,5,180915,0,
2018-09-15 5:32,,0.000754148,3.45E-07,5:32,5,180915,0,
2018-09-15 5:33,,0.000754148,3.45E-07,5:33,5,180915,0,
2018-09-15 5:34,,0.000754148,3.45E-07,5:34,5,180915,0,
2018-09-15 5:35,,0.000754148,3.45E-07,5:35,5,180915,0,
2018-09-15 5:36,,0.000754148,3.45E-07,5:36,5,180915,0,
2018-09-15 5:37,,0.000754148,3.45E-07,5:37,5,180915,0,
2018-09-15 5:38,,0.000754148,3.45E-07,5:38,5,180915,0,
2018-09-15 5:39,,0.000754148,3.45E-07,5:39,5,180915,0,
2018-09-15 5:40,,0.000754148,3.45E-07,5:40,5,180915,0,
2018-09-15 5:41,,0.000754148,3.45E-07,5:41,5,180915,0,
2018-09-15 5:42,,0.000754148,3.45E-07,5:42,5,180915,0,
2018-09-15 5:43,,0.000754148,3.45E-07,5:43,5,180915,0,
2018-09-15 5:44,,0.000754148,3.45E-07,5:44,5,180915,0,
2018-09-15 5:45,,0.000754148,3.45E-07,5:45,5,180915,0,
2018-09-15 5:46,,0.000754148,3.45E-07,5:46,5,180915,0,
2018-09-15 5:47,,0.000754148,3.45E-07,5:47,5,180915,0,
2018-09-15 5:48,,0.000754148,3.45E-07,5:48,5,180915,0,
2018-09-15 5:49,,0.000754148,3.45E-07,5:49,5,180915,0,
2018-09-15 5:50,,0.000754148,3.45E-07,5:50,5,180915,0,
2018-09-15 5:51,,0.000754148,3.45E-07,5:51,5,180915,0,
2018-09-15 5:52,,0.000754148,3.45E-07,5:52,5,180915,0,
2018-09-15 5:53,,0.000754148,3.45E-07,5:53,5,180915,0,
2018-09-15 5:54,,0.000754148,3.45E-07,5:54,5,180915,0,
2018-09-15 5:55,,0.000754148,3.45E-07,5:55,5,180915,0,
2018-09-15 5:56,,0.000754148,3.45E-07,5:56,5,180915,0,
2018-09-15 5:57,,0.000754148,3.45E-07,5:57,5,180915,0,
2018-09-15 5:58,,0.000754148,3.45E-07,5:58,5,180915,0,
2018-09-15 5:59,,0.000754148,3.45E-07,5:59,5,180915,0,
2018-09-15 6:00,,0.000754148,3.45E-07,6:00,5,180915,0,
2018-09-15 6:01,,0.000754148,3.45E-07,6:01,5,180915,0,
2018-09-15 6:02,,0.000754148,3.45E-07,6:02,5,180915,0,
2018-09-15 6:03,,0.000754148,3.45E-07,6:03,5,180915,0,
2018-09-15 6:04,,0.000754148,3.45E-07,6:04,5,180915,0,
2018-09-15 6:05,,0.000754148,3.45E-07,6:05,5,180915,0,
2018-09-15 6:06,,0.000754148,3.45E-07,6:06,5,180915,0,
2018-09-15 6:07,,0.000754148,3.45E-07,6:07,5,180915,0,
2018-09-15 6:08,,0.000754148,3.45E-07,6:08,5,180915,0,
2018-09-15 6:09,,0.000754148,3.45E-07,6:09,5,180915,0,
2018-09-15 6:10,,0.000754148,3.45E-07,6:10,5,180915,0,
2018-09-15 6:11,,0.000754148,3.45E-07,6:11,5,180915,0,
2018-09-15 6:12,,0.000754148,3.45E-07,6:12,5,180915,0,
2018-09-15 6:13,,0.000754148,3.45E-07,6:13,5,180915,0,
2018-09-15 6:14,,0.000754148,3.45E-07,6:14,5,180915,0,
2018-09-15 6:15,,0.000754148,3.45E-07,6:15,5,180915,0,
2018-09-15 6:16,,0.000754148,3.45E-07,6:16,5,180915,0,
2018-09-15 6:17,,0.000754148,3.45E-07,6:17,5,180915,0,
2018-09-15 6:18,,0.000754148,3.45E-07,6:18,5,180915,0,
2018-09-15 6:19,,0.000754148,3.45E-07,6:19,5,180915,0,
2018-09-15 6:20,,0.000754148,3.45E-07,6:20,5,180915,0,
2018-09-15 6:21,,0.000754148,3.45E-07,6:21,5,180915,0,
2018-09-15 6:22,,0.000754148,3.45E-07,6:22,5,180915,0,
2018-09-15 6:23,,0.000754148,3.45E-07,6:23,5,180915,0,
2018-09-15 6:24,,0.000754148,3.45E-07,6:24,5,180915,0,
2018-09-15 6:25,,0.000754148,3.45E-07,6:25,5,180915,0,
2018-09-15 6:26,,0.000754148,3.45E-07,6:26,5,180915,0,
2018-09-15 6:27,,0.000754148,3.45E-07,6:27,5,180915,0,
2018-09-15 6:28,,0.000754148,3.45E-07,6:28,5,180915,0,
2018-09-15 6:29,,0.000754148,3.45E-07,6:29,5,180915,0,
2018-09-15 6:30,,0.000754148,3.45E-07,6:30,5,180915,0,
2018-09-15 6:31,,0.000754148,3.45E-07,6:31,5,180915,0,
2018-09-15 6:32,,0.000754148,3.45E-07,6:32,5,180915,0,
2018-09-15 6:33,,0.000754148,3.45E-07,6:33,5,180915,0,
2018-09-15 6:34,,0.000754148,3.45E-07,6:34,5,180915,0,
2018-09-15 6:35,,0.000754148,3.45E-07,6:35,5,180915,0,
2018-09-15 6:36,,0.000754148,3.45E-07,6:36,5,180915,0,
2018-09-15 6:37,,0.000754148,3.45E-07,6:37,5,180915,0,
2018-09-15 6:38,,0.000754148,3.45E-07,6:38,5,180915,0,
2018-09-15 6:39,,0.000754148,3.45E-07,6:39,5,180915,0,
2018-09-15 6:40,,0.000754148,3.45E-07,6:40,5,180915,0,
2018-09-15 6:41,,0.000754148,3.45E-07,6:41,5,180915,0,
2018-09-15 6:42,,0.000754148,3.45E-07,6:42,5,180915,0,
2018-09-15 6:43,,0.000754148,3.45E-07,6:43,5,180915,0,
2018-09-15 6:44,,0.000754148,3.45E-07,6:44,5,180915,0,
2018-09-15 6:45,,0.000754148,3.45E-07,6:45,5,180915,0,
2018-09-15 6:46,,0.000754148,3.45E-07,6:46,5,180915,0,
2018-09-15 6:47,,0.000754148,3.45E-07,6:47,5,180915,0,
2018-09-15 6:48,,0.000754148,3.45E-07,6:48,5,180915,0,
2018-09-15 6:49,,0.000754148,3.45E-07,6:49,5,180915,0,
2018-09-15 6:50,,0.000754148,3.45E-07,6:50,5,180915,0,
2018-09-15 6:51,,0.000754148,3.45E-07,6:51,5,180915,0,
2018-09-15 6:52,,0.000754148,3.45E-07,6:52,5,180915,0,
2018-09-15 6:53,,0.000754148,3.45E-07,6:53,5,180915,0,
2018-09-15 6:54,,0.000754148,3.45E-07,6:54,5,180915,0,
2018-09-15 6:55,,0.000754148,3.45E-07,6:55,5,180915,0,
2018-09-15 6:56,,0.000754148,3.45E-07,6:56,5,180915,0,
2018-09-15 6:57,,0.000754148,3.45E-07,6:57,5,180915,0,
2018-09-15 6:58,,0.000754148,3.45E-07,6:58,5,180915,0,
2018-09-15 6:59,,0.000754148,3.45E-07,6:59,5,180915,0,
2018-09-15 7:00,,0.000754148,3.45E-07,7:00,5,180915,0,
2018-09-15 7:01,,0.000754148,3.45E-07,7:01,5,180915,0,
2018-09-15 7:02,,0.000754148,3.45E-07,7:02,5,180915,0,
2018-09-15 7:03,,0.000754148,3.45E-07,7:03,5,180915,0,
2018-09-15 7:04,,0.000754148,3.45E-07,7:04,5,180915,0,
2018-09-15 7:05,,0.000754148,3.45E-07,7:05,5,180915,0,
2018-09-15 7:06,,0.000754148,3.45E-07,7:06,5,180915,0,
2018-09-15 7:07,,0.000754148,3.45E-07,7:07,5,180915,0,
2018-09-15 7:08,,0.000754148,3.45E-07,7:08,5,180915,0,
2018-09-15 7:09,,0.000754148,3.45E-07,7:09,5,180915,0,
2018-09-15 7:10,,0.000754148,3.45E-07,7:10,5,180915,0,
2018-09-15 7:11,,0.000754148,3.45E-07,7:11,5,180915,0,
2018-09-15 7:12,,0.000754148,3.45E-07,7:12,5,180915,0,
2018-09-15 7:13,,0.000754148,3.45E-07,7:13,5,180915,0,
2018-09-15 7:14,,0.000754148,3.45E-07,7:14,5,180915,0,
2018-09-15 7:15,,0.000754148,3.45E-07,7:15,5,180915,0,
2018-09-15 7:16,,0.000754148,3.45E-07,7:16,5,180915,0,
2018-09-15 7:17,,0.000754148,3.45E-07,7:17,5,180915,0,
2018-09-15 7:18,,0.000754148,3.45E-07,7:18,5,180915,0,
2018-09-15 7:19,,0.000754148,3.45E-07,7:19,5,180915,0,
2018-09-15 7:20,,0.000754148,3.45E-07,7:20,5,180915,0,
2018-09-15 7:21,,0.000754148,3.45E-07,7:21,5,180915,0,
2018-09-15 7:22,,0.000754148,3.45E-07,7:22,5,180915,0,
2018-09-15 7:23,,0.000754148,3.45E-07,7:23,5,180915,0,
2018-09-15 7:24,,0.000754148,3.45E-07,7:24,5,180915,0,
2018-09-15 7:25,,0.000754148,3.45E-07,7:25,5,180915,0,
2018-09-15 7:26,,0.000754148,3.45E-07,7:26,5,180915,0,
2018-09-15 7:27,,0.000754148,3.45E-07,7:27,5,180915,0,
2018-09-15 7:28,,0.000754148,3.45E-07,7:28,5,180915,0,
2018-09-15 7:29,,0.000754148,3.45E-07,7:29,5,180915,0,
2018-09-15 7:30,,0.000754148,3.45E-07,7:30,5,180915,0,
2018-09-15 7:31,,0.000754148,3.45E-07,7:31,5,180915,0,
2018-09-15 7:32,,0.000754148,3.45E-07,7:32,5,180915,0,
2018-09-15 7:33,,0.000754148,3.45E-07,7:33,5,180915,0,
2018-09-15 7:34,,0.000754148,3.45E-07,7:34,5,180915,0,
2018-09-15 7:35,,0.000754148,3.45E-07,7:35,5,180915,0,
2018-09-15 7:36,,0.000754148,3.45E-07,7:36,5,180915,0,
2018-09-15 7:37,,0.000754148,3.45E-07,7:37,5,180915,0,
2018-09-15 7:38,,0.000754148,3.45E-07,7:38,5,180915,0,
2018-09-15 7:39,,0.000754148,3.45E-07,7:39,5,180915,0,
2018-09-15 7:40,,0.000754148,3.45E-07,7:40,5,180915,0,
2018-09-15 7:41,,0.000754148,3.45E-07,7:41,5,180915,0,
2018-09-15 7:42,,0.000754148,3.45E-07,7:42,5,180915,0,
2018-09-15 7:43,,0.000754148,3.45E-07,7:43,5,180915,0,
2018-09-15 7:44,,0.000754148,3.45E-07,7:44,5,180915,0,
2018-09-15 7:45,,0.000754148,3.45E-07,7:45,5,180915,0,
2018-09-15 7:46,,0.000754148,3.45E-07,7:46,5,180915,0,
2018-09-15 7:47,,0.000754148,3.45E-07,7:47,5,180915,0,
2018-09-15 7:48,,0.000754148,3.45E-07,7:48,5,180915,0,
2018-09-15 7:49,,0.000754148,3.45E-07,7:49,5,180915,0,
2018-09-15 7:50,,0.000754148,3.45E-07,7:50,5,180915,0,
2018-09-15 7:51,,0.000754148,3.45E-07,7:51,5,180915,0,
2018-09-15 7:52,,0.000754148,3.45E-07,7:52,5,180915,0,
2018-09-15 7:53,,0.000754148,3.45E-07,7:53,5,180915,0,
2018-09-15 7:54,,0.000754148,3.45E-07,7:54,5,180915,0,
2018-09-15 7:55,,0.000754148,3.45E-07,7:55,5,180915,0,
2018-09-15 7:56,,0.000754148,3.45E-07,7:56,5,180915,0,
2018-09-15 7:57,,0.000754148,3.45E-07,7:57,5,180915,0,
2018-09-15 7:58,,0.000754148,3.45E-07,7:58,5,180915,0,
2018-09-15 7:59,,0.000754148,3.45E-07,7:59,5,180915,0,
2018-09-15 8:00,,0.000754148,3.45E-07,8:00,5,180915,0,
2018-09-15 8:01,,0.000754148,3.45E-07,8:01,5,180915,0,
2018-09-15 8:02,,0.000754148,3.45E-07,8:02,5,180915,0,
2018-09-15 8:03,,0.000754148,3.45E-07,8:03,5,180915,0,
2018-09-15 8:04,,0.000754148,3.45E-07,8:04,5,180915,0,
2018-09-15 8:05,,0.000754148,3.45E-07,8:05,5,180915,0,
2018-09-15 8:06,,0.000754148,3.45E-07,8:06,5,180915,0,
2018-09-15 8:07,,0.000754148,3.45E-07,8:07,5,180915,0,
2018-09-15 8:08,,0.000754148,3.45E-07,8:08,5,180915,0,
2018-09-15 8:09,,0.000754148,3.45E-07,8:09,5,180915,0,
2018-09-15 8:10,,0.000754148,3.45E-07,8:10,5,180915,0,
2018-09-15 8:11,,0.000754148,3.45E-07,8:11,5,180915,0,
2018-09-15 8:12,,0.000754148,3.45E-07,8:12,5,180915,0,
2018-09-15 8:13,,0.000754148,3.45E-07,8:13,5,180915,0,
2018-09-15 8:14,,0.000754148,3.45E-07,8:14,5,180915,0,
2018-09-15 8:15,,0.000754148,3.45E-07,8:15,5,180915,0,
2018-09-15 8:16,,0.000754148,3.45E-07,8:16,5,180915,0,
2018-09-15 8:17,,0.000754148,3.45E-07,8:17,5,180915,0,
2018-09-15 8:18,,0.000754148,3.45E-07,8:18,5,180915,0,
2018-09-15 8:19,,0.000754148,3.45E-07,8:19,5,180915,0,
2018-09-15 8:20,,0.000754148,3.45E-07,8:20,5,180915,0,
2018-09-15 8:21,,0.000754148,3.45E-07,8:21,5,180915,0,
2018-09-15 8:22,,0.000754148,3.45E-07,8:22,5,180915,0,
2018-09-15 8:23,,0.000754148,3.45E-07,8:23,5,180915,0,
2018-09-15 8:24,,0.000754148,3.45E-07,8:24,5,180915,0,
2018-09-15 8:25,,0.000754148,3.45E-07,8:25,5,180915,0,
2018-09-15 8:26,,0.000754148,3.45E-07,8:26,5,180915,0,
2018-09-15 8:27,,0.000754148,3.45E-07,8:27,5,180915,0,
2018-09-15 8:28,,0.000754148,3.45E-07,8:28,5,180915,0,
2018-09-15 8:29,,0.000754148,3.45E-07,8:29,5,180915,0,
2018-09-15 8:30,,0.000754148,3.45E-07,8:30,5,180915,0,
2018-09-15 8:31,,0.000754148,3.45E-07,8:31,5,180915,0,
2018-09-15 8:32,,0.000754148,3.45E-07,8:32,5,180915,0,
2018-09-15 8:33,,0.000754148,3.45E-07,8:33,5,180915,0,
2018-09-15 8:34,,0.000754148,3.45E-07,8:34,5,180915,0,
2018-09-15 8:35,,0.000754148,3.45E-07,8:35,5,180915,0,
2018-09-15 8:36,,0.000754148,3.45E-07,8:36,5,180915,0,
2018-09-15 8:37,,0.000754148,3.45E-07,8:37,5,180915,0,
2018-09-15 8:38,,0.000754148,3.45E-07,8:38,5,180915,0,
2018-09-15 8:39,,0.000754148,3.45E-07,8:39,5,180915,0,
2018-09-15 8:40,,0.000754148,3.45E-07,8:40,5,180915,0,
2018-09-15 8:41,,0.000754148,3.45E-07,8:41,5,180915,0,
2018-09-15 8:42,,0.000754148,3.45E-07,8:42,5,180915,0,
2018-09-15 8:43,,0.000754148,3.45E-07,8:43,5,180915,0,
2018-09-15 8:44,,0.000754148,3.45E-07,8:44,5,180915,0,
2018-09-15 8:45,,0.000754148,3.45E-07,8:45,5,180915,0,
2018-09-15 8:46,,0.000754148,3.45E-07,8:46,5,180915,0,
2018-09-15 8:47,,0.000754148,3.45E-07,8:47,5,180915,0,
2018-09-15 8:48,,0.000754148,3.45E-07,8:48,5,180915,0,
2018-09-15 8:49,,0.000754148,3.45E-07,8:49,5,180915,0,
2018-09-15 8:50,,0.000754148,3.45E-07,8:50,5,180915,0,
2018-09-15 8:51,,0.000754148,3.45E-07,8:51,5,180915,0,
2018-09-15 8:52,,0.000754148,3.45E-07,8:52,5,180915,0,
2018-09-15 8:53,,0.000754148,3.45E-07,8:53,5,180915,0,
2018-09-15 8:54,,0.000754148,3.45E-07,8:54,5,180915,0,
2018-09-15 8:55,,0.000754148,3.45E-07,8:55,5,180915,0,
2018-09-15 8:56,,0.000754148,3.45E-07,8:56,5,180915,0,
2018-09-15 8:57,,0.000754148,3.45E-07,8:57,5,180915,0,
2018-09-15 8:58,,0.000754148,3.45E-07,8:58,5,180915,0,
2018-09-15 8:59,,0.000754148,3.45E-07,8:59,5,180915,0,
2018-09-15 9:00,,0.000754148,3.45E-07,9:00,5,180915,0,
2018-09-15 9:01,,0.000754148,3.45E-07,9:01,5,180915,0,
2018-09-15 9:02,,0.000754148,3.45E-07,9:02,5,180915,0,
2018-09-15 9:03,,0.000754148,3.45E-07,9:03,5,180915,0,
2018-09-15 9:04,,0.000754148,3.45E-07,9:04,5,180915,0,
2018-09-15 9:05,,0.000754148,3.45E-07,9:05,5,180915,0,
2018-09-15 9:06,,0.000754148,3.45E-07,9:06,5,180915,0,
2018-09-15 9:07,,0.000754148,3.45E-07,9:07,5,180915,0,
2018-09-15 9:08,,0.000754148,3.45E-07,9:08,5,180915,0,
2018-09-15 9:09,,0.000754148,3.45E-07,9:09,5,180915,0,
2018-09-15 9:10,,0.000754148,3.45E-07,9:10,5,180915,0,
2018-09-15 9:11,,0.000754148,3.45E-07,9:11,5,180915,0,
2018-09-15 9:12,,0.000754148,3.45E-07,9:12,5,180915,0,
2018-09-15 9:13,,0.000754148,3.45E-07,9:13,5,180915,0,
2018-09-15 9:14,,0.000754148,3.45E-07,9:14,5,180915,0,
2018-09-15 9:15,,0.000754148,3.45E-07,9:15,5,180915,0,
2018-09-15 9:16,,0.000754148,3.45E-07,9:16,5,180915,0,
2018-09-15 9:17,,0.000754148,3.45E-07,9:17,5,180915,0,
2018-09-15 9:18,,0.000754148,3.45E-07,9:18,5,180915,0,
2018-09-15 9:19,,0.000754148,3.45E-07,9:19,5,180915,0,
2018-09-15 9:20,,0.000754148,3.45E-07,9:20,5,180915,0,
2018-09-15 9:21,,0.000754148,3.45E-07,9:21,5,180915,0,
2018-09-15 9:22,,0.000754148,3.45E-07,9:22,5,180915,0,
2018-09-15 9:23,,0.000754148,3.45E-07,9:23,5,180915,0,
2018-09-15 9:24,,0.000754148,3.45E-07,9:24,5,180915,0,
2018-09-15 9:25,,0.000754148,3.45E-07,9:25,5,180915,0,
2018-09-15 9:26,,0.000754148,3.45E-07,9:26,5,180915,0,
2018-09-15 9:27,,0.000754148,3.45E-07,9:27,5,180915,0,
2018-09-15 9:28,,0.000754148,3.45E-07,9:28,5,180915,0,
2018-09-15 9:29,,0.000754148,3.45E-07,9:29,5,180915,0,
2018-09-15 9:30,,0.000754148,3.45E-07,9:30,5,180915,0,
2018-09-15 9:31,,0.000754148,3.45E-07,9:31,5,180915,0,
2018-09-15 9:32,,0.000754148,3.45E-07,9:32,5,180915,0,
2018-09-15 9:33,,0.000754148,3.45E-07,9:33,5,180915,0,
2018-09-15 9:34,,0.000754148,3.45E-07,9:34,5,180915,0,
2018-09-15 9:35,,0.000754148,3.45E-07,9:35,5,180915,0,
2018-09-15 9:36,,0.000754148,3.45E-07,9:36,5,180915,0,
2018-09-15 9:37,,0.000754148,3.45E-07,9:37,5,180915,0,
2018-09-15 9:38,,0.000754148,3.45E-07,9:38,5,180915,0,
2018-09-15 9:39,,0.000754148,3.45E-07,9:39,5,180915,0,
2018-09-15 9:40,,0.000754148,3.45E-07,9:40,5,180915,0,
2018-09-15 9:41,,0.000754148,3.45E-07,9:41,5,180915,0,
2018-09-15 9:42,,0.000754148,3.45E-07,9:42,5,180915,0,
2018-09-15 9:43,,0.000754148,3.45E-07,9:43,5,180915,0,
2018-09-15 9:44,,0.000754148,3.45E-07,9:44,5,180915,0,
2018-09-15 9:45,,0.000754148,3.45E-07,9:45,5,180915,0,
2018-09-15 9:46,,0.000754148,3.45E-07,9:46,5,180915,0,
2018-09-15 9:47,,0.000754148,3.45E-07,9:47,5,180915,0,
2018-09-15 9:48,,0.000754148,3.45E-07,9:48,5,180915,0,
2018-09-15 9:49,,0.000754148,3.45E-07,9:49,5,180915,0,
2018-09-15 9:50,,0.000754148,3.45E-07,9:50,5,180915,0,
2018-09-15 9:51,,0.000754148,3.45E-07,9:51,5,180915,0,
2018-09-15 9:52,,0.000754148,3.45E-07,9:52,5,180915,0,
2018-09-15 9:53,,0.000754148,3.45E-07,9:53,5,180915,0,
2018-09-15 9:54,,0.000754148,3.45E-07,9:54,5,180915,0,
2018-09-15 9:55,,0.000754148,3.45E-07,9:55,5,180915,0,
2018-09-15 9:56,,0.000754148,3.45E-07,9:56,5,180915,0,
2018-09-15 9:57,,0.000754148,3.45E-07,9:57,5,180915,0,
2018-09-15 9:58,,0.000754148,3.45E-07,9:58,5,180915,0,
2018-09-15 9:59,,0.000754148,3.45E-07,9:59,5,180915,0,
2018-09-15 10:00,,0.000754148,3.45E-07,10:00,5,180915,0,
2018-09-15 10:01,,0.000754148,3.45E-07,10:01,5,180915,0,
2018-09-15 10:02,,0.000754148,3.45E-07,10:02,5,180915,0,
2018-09-15 10:03,,0.000754148,3.45E-07,10:03,5,180915,0,
2018-09-15 10:04,,0.000754148,3.45E-07,10:04,5,180915,0,
2018-09-15 10:05,,0.000754148,3.45E-07,10:05,5,180915,0,
2018-09-15 10:06,,0.000754148,3.45E-07,10:06,5,180915,0,
2018-09-15 10:07,,0.000754148,3.45E-07,10:07,5,180915,0,
2018-09-15 10:08,,0.000754148,3.45E-07,10:08,5,180915,0,
2018-09-15 10:09,,0.000754148,3.45E-07,10:09,5,180915,0,
2018-09-15 10:10,,0.000754148,3.45E-07,10:10,5,180915,0,
2018-09-15 10:11,,0.000754148,3.45E-07,10:11,5,180915,0,
2018-09-15 10:12,,0.000754148,3.45E-07,10:12,5,180915,0,
2018-09-15 10:13,,0.000754148,3.45E-07,10:13,5,180915,0,
2018-09-15 10:14,,0.000754148,3.45E-07,10:14,5,180915,0,
2018-09-15 10:15,,0.000754148,3.45E-07,10:15,5,180915,0,
2018-09-15 10:16,,0.000754148,3.45E-07,10:16,5,180915,0,
2018-09-15 10:17,,0.000754148,3.45E-07,10:17,5,180915,0,
2018-09-15 10:18,,0.000754148,3.45E-07,10:18,5,180915,0,
2018-09-15 10:19,,0.000754148,3.45E-07,10:19,5,180915,0,
2018-09-15 10:20,,0.000754148,3.45E-07,10:20,5,180915,0,
2018-09-15 10:21,,0.000754148,3.45E-07,10:21,5,180915,0,
2018-09-15 10:22,,0.000754148,3.45E-07,10:22,5,180915,0,
2018-09-15 10:23,,0.000754148,3.45E-07,10:23,5,180915,0,
2018-09-15 10:24,,0.000754148,3.45E-07,10:24,5,180915,0,
2018-09-15 10:25,,0.000754148,3.45E-07,10:25,5,180915,0,
2018-09-15 10:26,,0.000754148,3.45E-07,10:26,5,180915,0,
2018-09-15 10:27,,0.000754148,3.45E-07,10:27,5,180915,0,
2018-09-15 10:28,,0.000754148,3.45E-07,10:28,5,180915,0,
2018-09-15 10:29,,0.000754148,3.45E-07,10:29,5,180915,0,
2018-09-15 10:30,,0.000754148,3.45E-07,10:30,5,180915,0,
2018-09-15 10:31,,0.000754148,3.45E-07,10:31,5,180915,0,
2018-09-15 10:32,,0.000754148,3.45E-07,10:32,5,180915,0,
2018-09-15 10:33,,0.000754148,3.45E-07,10:33,5,180915,0,
2018-09-15 10:34,,0.000754148,3.45E-07,10:34,5,180915,0,
2018-09-15 10:35,,0.000754148,3.45E-07,10:35,5,180915,0,
2018-09-15 10:36,,0.000754148,3.45E-07,10:36,5,180915,0,
2018-09-15 10:37,,0.000754148,3.45E-07,10:37,5,180915,0,
2018-09-15 10:38,,0.000754148,3.45E-07,10:38,5,180915,0,
2018-09-15 10:39,,0.000754148,3.45E-07,10:39,5,180915,0,
2018-09-15 10:40,,0.000754148,3.45E-07,10:40,5,180915,0,
2018-09-15 10:41,,0.000754148,3.45E-07,10:41,5,180915,0,
2018-09-15 10:42,,0.000754148,3.45E-07,10:42,5,180915,0,
2018-09-15 10:43,,0.000754148,3.45E-07,10:43,5,180915,0,
2018-09-15 10:44,,0.000754148,3.45E-07,10:44,5,180915,0,
2018-09-15 10:45,,0.000754148,3.45E-07,10:45,5,180915,0,
2018-09-15 10:46,,0.000754148,3.45E-07,10:46,5,180915,0,
2018-09-15 10:47,,0.000754148,3.45E-07,10:47,5,180915,0,
2018-09-15 10:48,,0.000754148,3.45E-07,10:48,5,180915,0,
2018-09-15 10:49,,0.000754148,3.45E-07,10:49,5,180915,0,
2018-09-15 10:50,,0.000754148,3.45E-07,10:50,5,180915,0,
2018-09-15 10:51,,0.000754148,3.45E-07,10:51,5,180915,0,
2018-09-15 10:52,,0.000754148,3.45E-07,10:52,5,180915,0,
2018-09-15 10:53,,0.000754148,3.45E-07,10:53,5,180915,0,
2018-09-15 10:54,,0.000754148,3.45E-07,10:54,5,180915,0,
2018-09-15 10:55,,0.000754148,3.45E-07,10:55,5,180915,0,
2018-09-15 10:56,,0.000754148,3.45E-07,10:56,5,180915,0,
2018-09-15 10:57,,0.000754148,3.45E-07,10:57,5,180915,0,
2018-09-15 10:58,,0.000754148,3.45E-07,10:58,5,180915,0,
2018-09-15 10:59,,0.000754148,3.45E-07,10:59,5,180915,0,
2018-09-15 11:00,,0.000754148,3.45E-07,11:00,5,180915,0,
2018-09-15 11:01,,0.000754148,3.45E-07,11:01,5,180915,0,
2018-09-15 11:02,,0.000754148,3.45E-07,11:02,5,180915,0,
2018-09-15 11:03,,0.000754148,3.45E-07,11:03,5,180915,0,
2018-09-15 11:04,,0.000754148,3.45E-07,11:04,5,180915,0,
2018-09-15 11:05,,0.000754148,3.45E-07,11:05,5,180915,0,
2018-09-15 11:06,,0.000754148,3.45E-07,11:06,5,180915,0,
2018-09-15 11:07,,0.000754148,3.45E-07,11:07,5,180915,0,
2018-09-15 11:08,,0.000754148,3.45E-07,11:08,5,180915,0,
2018-09-15 11:09,,0.000754148,3.45E-07,11:09,5,180915,0,
2018-09-15 11:10,,0.000754148,3.45E-07,11:10,5,180915,0,
2018-09-15 11:11,,0.000754148,3.45E-07,11:11,5,180915,0,
2018-09-15 11:12,,0.000754148,3.45E-07,11:12,5,180915,0,
2018-09-15 11:13,,0.000754148,3.45E-07,11:13,5,180915,0,
2018-09-15 11:14,,0.000754148,3.45E-07,11:14,5,180915,0,
2018-09-15 11:15,,0.000754148,3.45E-07,11:15,5,180915,0,
2018-09-15 11:16,,0.000754148,3.45E-07,11:16,5,180915,0,
2018-09-15 11:17,,0.000754148,3.45E-07,11:17,5,180915,0,
2018-09-15 11:18,,0.000754148,3.45E-07,11:18,5,180915,0,
2018-09-15 11:19,,0.000754148,3.45E-07,11:19,5,180915,0,
2018-09-15 11:20,,0.000754148,3.45E-07,11:20,5,180915,0,
2018-09-15 11:21,,0.000754148,3.45E-07,11:21,5,180915,0,
2018-09-15 11:22,,0.000754148,3.45E-07,11:22,5,180915,0,
2018-09-15 11:23,,0.000754148,3.45E-07,11:23,5,180915,0,
2018-09-15 11:24,,0.000754148,3.45E-07,11:24,5,180915,0,
2018-09-15 11:25,,0.000754148,3.45E-07,11:25,5,180915,0,
2018-09-15 11:26,,0.000754148,3.45E-07,11:26,5,180915,0,
2018-09-15 11:27,,0.000754148,3.45E-07,11:27,5,180915,0,
2018-09-15 11:28,,0.000754148,3.45E-07,11:28,5,180915,0,
2018-09-15 11:29,,0.000754148,3.45E-07,11:29,5,180915,0,
2018-09-15 11:30,,0.000754148,3.45E-07,11:30,5,180915,0,
2018-09-15 11:31,,0.000754148,3.45E-07,11:31,5,180915,0,
2018-09-15 11:32,,0.000754148,3.45E-07,11:32,5,180915,0,
2018-09-15 11:33,,0.000754148,3.45E-07,11:33,5,180915,0,
2018-09-15 11:34,,0.000754148,3.45E-07,11:34,5,180915,0,
2018-09-15 11:35,,0.000754148,3.45E-07,11:35,5,180915,0,
2018-09-15 11:36,,0.000754148,3.45E-07,11:36,5,180915,0,
2018-09-15 11:37,,0.000754148,3.45E-07,11:37,5,180915,0,
2018-09-15 11:38,,0.000754148,3.45E-07,11:38,5,180915,0,
2018-09-15 11:39,,0.000754148,3.45E-07,11:39,5,180915,0,
2018-09-15 11:40,,0.000754148,3.45E-07,11:40,5,180915,0,
2018-09-15 11:41,,0.000754148,3.45E-07,11:41,5,180915,0,
2018-09-15 11:42,,0.000754148,3.45E-07,11:42,5,180915,0,
2018-09-15 11:43,,0.000754148,3.45E-07,11:43,5,180915,0,
2018-09-15 11:44,,0.000754148,3.45E-07,11:44,5,180915,0,
2018-09-15 11:45,,0.000754148,3.45E-07,11:45,5,180915,0,
2018-09-15 11:46,,0.000754148,3.45E-07,11:46,5,180915,0,
2018-09-15 11:47,,0.000754148,3.45E-07,11:47,5,180915,0,
2018-09-15 11:48,,0.000754148,3.45E-07,11:48,5,180915,0,
2018-09-15 11:49,,0.000754148,3.45E-07,11:49,5,180915,0,
2018-09-15 11:50,,0.000754148,3.45E-07,11:50,5,180915,0,
2018-09-15 11:51,,0.000754148,3.45E-07,11:51,5,180915,0,
2018-09-15 11:52,,0.000754148,3.45E-07,11:52,5,180915,0,
2018-09-15 11:53,,0.000754148,3.45E-07,11:53,5,180915,0,
2018-09-15 11:54,,0.000754148,3.45E-07,11:54,5,180915,0,
2018-09-15 11:55,,0.000754148,3.45E-07,11:55,5,180915,0,
2018-09-15 11:56,,0.000754148,3.45E-07,11:56,5,180915,0,
2018-09-15 11:57,,0.000754148,3.45E-07,11:57,5,180915,0,
2018-09-15 11:58,,0.000754148,3.45E-07,11:58,5,180915,0,
2018-09-15 11:59,,0.000754148,3.45E-07,11:59,5,180915,0,
2018-09-15 12:00,,0.000754148,3.45E-07,12:00,5,180915,0,
2018-09-15 12:01,,0.000754148,3.45E-07,12:01,5,180915,0,
2018-09-15 12:02,,0.000754148,3.45E-07,12:02,5,180915,0,
2018-09-15 12:03,,0.000754148,3.45E-07,12:03,5,180915,0,
2018-09-15 12:04,,0.000754148,3.45E-07,12:04,5,180915,0,
2018-09-15 12:05,,0.000754148,3.45E-07,12:05,5,180915,0,
2018-09-15 12:06,,0.000754148,3.45E-07,12:06,5,180915,0,
2018-09-15 12:07,,0.000754148,3.45E-07,12:07,5,180915,0,
2018-09-15 12:08,,0.000754148,3.45E-07,12:08,5,180915,0,
2018-09-15 12:09,,0.000754148,3.45E-07,12:09,5,180915,0,
2018-09-15 12:10,,0.000754148,3.45E-07,12:10,5,180915,0,
2018-09-15 12:11,,0.000754148,3.45E-07,12:11,5,180915,0,
2018-09-15 12:12,,0.000754148,3.45E-07,12:12,5,180915,0,
2018-09-15 12:13,,0.000754148,3.45E-07,12:13,5,180915,0,
2018-09-15 12:14,1,0.000754148,3.45E-07,12:14,5,180915,0,
2018-09-15 12:15,,0.016393443,0.011058651,12:15,5,180915,0,
2018-09-15 12:16,,0.016393443,3.45E-07,12:16,5,180915,0,
2018-09-15 12:17,,0.016393443,3.45E-07,12:17,5,180915,0,
2018-09-15 12:18,,0.016393443,3.45E-07,12:18,5,180915,0,
2018-09-15 12:19,,0.016393443,3.45E-07,12:19,5,180915,0,
2018-09-15 12:20,,0.016393443,3.45E-07,12:20,5,180915,0,
2018-09-15 12:21,,0.016393443,3.45E-07,12:21,5,180915,0,
2018-09-15 12:22,,0.016393443,3.45E-07,12:22,5,180915,0,
2018-09-15 12:23,,0.016393443,3.45E-07,12:23,5,180915,0,
2018-09-15 12:24,,0.016393443,3.45E-07,12:24,5,180915,0,
2018-09-15 12:25,,0.016393443,3.45E-07,12:25,5,180915,0,
2018-09-15 12:26,,0.016393443,3.45E-07,12:26,5,180915,0,
2018-09-15 12:27,,0.016393443,3.45E-07,12:27,5,180915,0,
2018-09-15 12:28,,0.016393443,3.45E-07,12:28,5,180915,0,
2018-09-15 12:29,,0.016393443,3.45E-07,12:29,5,180915,0,
2018-09-15 12:30,,0.016393443,3.45E-07,12:30,5,180915,0,
2018-09-15 12:31,,0.016393443,3.45E-07,12:31,5,180915,0,
2018-09-15 12:32,,0.016393443,3.45E-07,12:32,5,180915,0,
2018-09-15 12:33,,0.016393443,3.45E-07,12:33,5,180915,0,
2018-09-15 12:34,,0.016393443,3.45E-07,12:34,5,180915,0,
2018-09-15 12:35,,0.016393443,3.45E-07,12:35,5,180915,0,
2018-09-15 12:36,,0.016393443,3.45E-07,12:36,5,180915,0,
2018-09-15 12:37,,0.016393443,3.45E-07,12:37,5,180915,0,
2018-09-15 12:38,,0.016393443,3.45E-07,12:38,5,180915,0,
2018-09-15 12:39,,0.016393443,3.45E-07,12:39,5,180915,0,
2018-09-15 12:40,,0.016393443,3.45E-07,12:40,5,180915,0,
2018-09-15 12:41,,0.016393443,3.45E-07,12:41,5,180915,0,
2018-09-15 12:42,,0.016393443,3.45E-07,12:42,5,180915,0,
2018-09-15 12:43,,0.016393443,3.45E-07,12:43,5,180915,0,
2018-09-15 12:44,,0.016393443,3.45E-07,12:44,5,180915,0,
2018-09-15 12:45,,0.016393443,3.45E-07,12:45,5,180915,0,
2018-09-15 12:46,,0.016393443,3.45E-07,12:46,5,180915,0,
2018-09-15 12:47,,0.016393443,3.45E-07,12:47,5,180915,0,
2018-09-15 12:48,,0.016393443,3.45E-07,12:48,5,180915,0,
2018-09-15 12:49,,0.016393443,3.45E-07,12:49,5,180915,0,
2018-09-15 12:50,,0.016393443,3.45E-07,12:50,5,180915,0,
2018-09-15 12:51,,0.016393443,3.45E-07,12:51,5,180915,0,
2018-09-15 12:52,,0.016393443,3.45E-07,12:52,5,180915,0,
2018-09-15 12:53,,0.016393443,3.45E-07,12:53,5,180915,0,
2018-09-15 12:54,,0.016393443,3.45E-07,12:54,5,180915,0,
2018-09-15 12:55,,0.016393443,3.45E-07,12:55,5,180915,0,
2018-09-15 12:56,,0.016393443,3.45E-07,12:56,5,180915,0,
2018-09-15 12:57,,0.016393443,3.45E-07,12:57,5,180915,0,
2018-09-15 12:58,,0.016393443,3.45E-07,12:58,5,180915,0,
2018-09-15 12:59,,0.016393443,3.45E-07,12:59,5,180915,0,
2018-09-15 13:00,,0.016393443,3.45E-07,13:00,5,180915,0,
2018-09-15 13:01,,0.016393443,3.45E-07,13:01,5,180915,0,
2018-09-15 13:02,,0.016393443,3.45E-07,13:02,5,180915,0,
2018-09-15 13:03,,0.016393443,3.45E-07,13:03,5,180915,0,
2018-09-15 13:04,,0.016393443,3.45E-07,13:04,5,180915,0,
2018-09-15 13:05,,0.016393443,3.45E-07,13:05,5,180915,0,
2018-09-15 13:06,,0.016393443,3.45E-07,13:06,5,180915,0,
2018-09-15 13:07,,0.016393443,3.45E-07,13:07,5,180915,0,
2018-09-15 13:08,,0.016393443,3.45E-07,13:08,5,180915,0,
2018-09-15 13:09,,0.016393443,3.45E-07,13:09,5,180915,0,
2018-09-15 13:10,,0.016393443,3.45E-07,13:10,5,180915,0,
2018-09-15 13:11,,0.016393443,3.45E-07,13:11,5,180915,0,
2018-09-15 13:12,,0.016393443,3.45E-07,13:12,5,180915,0,
2018-09-15 13:13,,0.016393443,3.45E-07,13:13,5,180915,0,
2018-09-15 13:14,,0.016393443,3.45E-07,13:14,5,180915,0,
2018-09-15 13:15,1,0.016393443,3.45E-07,13:15,5,180915,0,
2018-09-15 13:16,,0.016129032,0.000186967,13:16,5,180915,0,
2018-09-15 13:17,,0.016129032,3.45E-07,13:17,5,180915,0,
2018-09-15 13:18,,0.016129032,3.45E-07,13:18,5,180915,0,
2018-09-15 13:19,,0.016129032,3.45E-07,13:19,5,180915,0,
2018-09-15 13:20,,0.016129032,3.45E-07,13:20,5,180915,0,
2018-09-15 13:21,,0.016129032,3.45E-07,13:21,5,180915,0,
2018-09-15 13:22,,0.016129032,3.45E-07,13:22,5,180915,0,
2018-09-15 13:23,,0.016129032,3.45E-07,13:23,5,180915,0,
2018-09-15 13:24,,0.016129032,3.45E-07,13:24,5,180915,0,
2018-09-15 13:25,,0.016129032,3.45E-07,13:25,5,180915,0,
2018-09-15 13:26,,0.016129032,3.45E-07,13:26,5,180915,0,
2018-09-15 13:27,,0.016129032,3.45E-07,13:27,5,180915,0,
2018-09-15 13:28,,0.016129032,3.45E-07,13:28,5,180915,0,
2018-09-15 13:29,,0.016129032,3.45E-07,13:29,5,180915,0,
2018-09-15 13:30,,0.016129032,3.45E-07,13:30,5,180915,0,
2018-09-15 13:31,,0.016129032,3.45E-07,13:31,5,180915,0,
2018-09-15 13:32,,0.016129032,3.45E-07,13:32,5,180915,0,
2018-09-15 13:33,,0.016129032,3.45E-07,13:33,5,180915,0,
2018-09-15 13:34,,0.016129032,3.45E-07,13:34,5,180915,0,
2018-09-15 13:35,,0.016129032,3.45E-07,13:35,5,180915,0,
2018-09-15 13:36,,0.016129032,3.45E-07,13:36,5,180915,0,
2018-09-15 13:37,,0.016129032,3.45E-07,13:37,5,180915,0,
2018-09-15 13:38,,0.016129032,3.45E-07,13:38,5,180915,0,
2018-09-15 13:39,,0.016129032,3.45E-07,13:39,5,180915,0,
2018-09-15 13:40,,0.016129032,3.45E-07,13:40,5,180915,0,
2018-09-15 13:41,,0.016129032,3.45E-07,13:41,5,180915,0,
2018-09-15 13:42,,0.016129032,3.45E-07,13:42,5,180915,0,
2018-09-15 13:43,,0.016129032,3.45E-07,13:43,5,180915,0,
2018-09-15 13:44,,0.016129032,3.45E-07,13:44,5,180915,0,
2018-09-15 13:45,,0.016129032,3.45E-07,13:45,5,180915,0,
2018-09-15 13:46,,0.016129032,3.45E-07,13:46,5,180915,0,
2018-09-15 13:47,,0.016129032,3.45E-07,13:47,5,180915,0,
2018-09-15 13:48,,0.016129032,3.45E-07,13:48,5,180915,0,
2018-09-15 13:49,,0.016129032,3.45E-07,13:49,5,180915,0,
2018-09-15 13:50,,0.016129032,3.45E-07,13:50,5,180915,0,
2018-09-15 13:51,,0.016129032,3.45E-07,13:51,5,180915,0,
2018-09-15 13:52,,0.016129032,3.45E-07,13:52,5,180915,0,
2018-09-15 13:53,,0.016129032,3.45E-07,13:53,5,180915,0,
2018-09-15 13:54,,0.016129032,3.45E-07,13:54,5,180915,0,
2018-09-15 13:55,,0.016129032,3.45E-07,13:55,5,180915,0,
2018-09-15 13:56,,0.016129032,3.45E-07,13:56,5,180915,0,
2018-09-15 13:57,,0.016129032,3.45E-07,13:57,5,180915,0,
2018-09-15 13:58,,0.016129032,3.45E-07,13:58,5,180915,0,
2018-09-15 13:59,,0.016129032,3.45E-07,13:59,5,180915,0,
2018-09-15 14:00,,0.016129032,3.45E-07,14:00,5,180915,0,
2018-09-15 14:01,,0.016129032,3.45E-07,14:01,5,180915,0,
2018-09-15 14:02,,0.016129032,3.45E-07,14:02,5,180915,0,
2018-09-15 14:03,,0.016129032,3.45E-07,14:03,5,180915,0,
2018-09-15 14:04,,0.016129032,3.45E-07,14:04,5,180915,0,
2018-09-15 14:05,,0.016129032,3.45E-07,14:05,5,180915,0,
2018-09-15 14:06,,0.016129032,3.45E-07,14:06,5,180915,0,
2018-09-15 14:07,,0.016129032,3.45E-07,14:07,5,180915,0,
2018-09-15 14:08,,0.016129032,3.45E-07,14:08,5,180915,0,
2018-09-15 14:09,,0.016129032,3.45E-07,14:09,5,180915,0,
2018-09-15 14:10,,0.016129032,3.45E-07,14:10,5,180915,0,
2018-09-15 14:11,,0.016129032,3.45E-07,14:11,5,180915,0,
2018-09-15 14:12,,0.016129032,3.45E-07,14:12,5,180915,0,
2018-09-15 14:13,,0.016129032,3.45E-07,14:13,5,180915,0,
2018-09-15 14:14,,0.016129032,3.45E-07,14:14,5,180915,0,
2018-09-15 14:15,,0.016129032,3.45E-07,14:15,5,180915,0,
2018-09-15 14:16,,0.016129032,3.45E-07,14:16,5,180915,0,
2018-09-15 14:17,1,0.016129032,3.45E-07,14:17,5,180915,0,
2018-09-15 14:18,,0.166666667,0.106446182,14:18,5,180915,0,
2018-09-15 14:19,,0.166666667,3.42E-07,14:19,5,180915,0,
2018-09-15 14:20,,0.166666667,3.42E-07,14:20,5,180915,0,
2018-09-15 14:21,,0.166666667,3.42E-07,14:21,5,180915,0,
2018-09-15 14:22,,0.166666667,3.42E-07,14:22,5,180915,0,
2018-09-15 14:23,,0.166666667,3.42E-07,14:23,5,180915,0,
2018-09-15 14:24,,0.166666667,3.42E-07,14:24,5,180915,0,
2018-09-15 14:25,,0.166666667,3.42E-07,14:25,5,180915,0,
2018-09-15 14:26,,0.166666667,3.42E-07,14:26,5,180915,0,
2018-09-15 14:27,,0.166666667,3.42E-07,14:27,5,180915,0,
2018-09-15 14:28,,0.166666667,3.42E-07,14:28,5,180915,0,
2018-09-15 14:29,2,0.166666667,3.42E-07,14:29,5,180915,0,1
2018-09-15 14:30,6,6.5,4.478342948,14:30,5,180915,1,1
2018-09-15 14:31,7,6.5,1.69E-07,14:31,5,180915,1,1
2018-09-15 14:32,9,9.333333333,2.003469213,14:32,5,180915,1,1
2018-09-15 14:33,9,9.333333333,0,14:33,5,180915,1,1
2018-09-15 14:34,10,9.333333333,0,14:34,5,180915,1,1
2018-09-15 14:35,11,11.33333333,1.414213562,14:35,5,180915,1,1
2018-09-15 14:36,11,11.33333333,0,14:36,5,180915,1,1
2018-09-15 14:37,12,11.33333333,0,14:37,5,180915,1,1
2018-09-15 14:38,12,12.5,0.824957911,14:38,5,180915,1,1
2018-09-15 14:39,13,12.5,0,14:39,5,180915,1,1
2018-09-15 14:40,13,13.33333333,0.589255651,14:40,5,180915,1,1
2018-09-15 14:41,13,13.33333333,0,14:41,5,180915,1,1
2018-09-15 14:42,14,13.33333333,0,14:42,5,180915,1,1
2018-09-15 14:43,14,14.5,0.824957911,14:43,5,180915,1,1
2018-09-15 14:44,15,14.5,0,14:44,5,180915,1,1
2018-09-15 14:45,15,14.5,0,14:45,5,180915,1,1
2018-09-15 14:46,14,14.5,0,14:46,5,180915,1,1
2018-09-15 14:47,14,7,5.303300859,14:47,5,180915,1,1
2018-09-15 14:48,,7,1.19E-07,14:48,5,180915,1,
2018-09-15 14:49,,1.2,4.101219331,14:49,5,180915,0,
2018-09-15 14:50,,1.2,3.10E-07,14:50,5,180915,0,
2018-09-15 14:51,,1.2,3.10E-07,14:51,5,180915,0,
2018-09-15 14:52,,1.2,3.10E-07,14:52,5,180915,0,
2018-09-15 14:53,,1.2,3.10E-07,14:53,5,180915,0,
2018-09-15 14:54,,1.2,3.10E-07,14:54,5,180915,0,
2018-09-15 14:55,,1.2,3.10E-07,14:55,5,180915,0,
2018-09-15 14:56,,1.2,3.10E-07,14:56,5,180915,0,
2018-09-15 14:57,,1.2,3.10E-07,14:57,5,180915,0,
2018-09-15 14:58,12,1.2,3.10E-07,14:58,5,180915,0,1
2018-09-15 14:59,11,10.5,6.576093065,14:59,5,180915,1,1
2018-09-15 15:00,10,10.5,0,15:00,5,180915,1,1
2018-09-15 15:01,10,10.5,0,15:01,5,180915,1,1
2018-09-15 15:02,11,10.5,0,15:02,5,180915,1,1
2018-09-15 15:03,10,10.5,0,15:03,5,180915,1,1
2018-09-15 15:04,11,10.5,0,15:04,5,180915,1,1
2018-09-15 15:05,11,10.66666667,0.11785113,15:05,5,180915,1,1
2018-09-15 15:06,11,10.66666667,0,15:06,5,180915,1,1
2018-09-15 15:07,10,10.66666667,0,15:07,5,180915,1,1
2018-09-15 15:08,11,10.75,0.058925565,15:08,5,180915,1,1
2018-09-15 15:09,11,10.75,0,15:09,5,180915,1,1
2018-09-15 15:10,11,10.75,0,15:10,5,180915,1,1
2018-09-15 15:11,10,10.75,0,15:11,5,180915,1,1
2018-09-15 15:12,11,10.88888889,0.098209275,15:12,5,180915,1,1
2018-09-15 15:13,11,10.88888889,0,15:13,5,180915,1,1
2018-09-15 15:14,11,10.88888889,0,15:14,5,180915,1,1
2018-09-15 15:15,11,10.88888889,0,15:15,5,180915,1,1
2018-09-15 15:16,11,10.88888889,0,15:16,5,180915,1,1
2018-09-15 15:17,11,10.88888889,0,15:17,5,180915,1,1
2018-09-15 15:18,11,10.88888889,0,15:18,5,180915,1,1
2018-09-15 15:19,11,10.88888889,0,15:19,5,180915,1,1
2018-09-15 15:20,10,10.88888889,0,15:20,5,180915,1,1
2018-09-15 15:21,11,11.07692308,0.132960249,15:21,5,180915,1,1
2018-09-15 15:22,11,11.07692308,0,15:22,5,180915,1,1
2018-09-15 15:23,11,11.07692308,0,15:23,5,180915,1,1
2018-09-15 15:24,11,11.07692308,0,15:24,5,180915,1,1
2018-09-15 15:25,11,11.07692308,0,15:25,5,180915,1,1
2018-09-15 15:26,11,11.07692308,0,15:26,5,180915,1,1
2018-09-15 15:27,11,11.07692308,0,15:27,5,180915,1,1
2018-09-15 15:28,11,11.07692308,0,15:28,5,180915,1,1
2018-09-15 15:29,11,11.07692308,0,15:29,5,180915,1,1
2018-09-15 15:30,11,11.07692308,0,15:30,5,180915,1,1
2018-09-15 15:31,11,11.07692308,0,15:31,5,180915,1,1
2018-09-15 15:32,11,11.07692308,0,15:32,5,180915,1,1
2018-09-15 15:33,12,11.07692308,0,15:33,5,180915,1,1
2018-09-15 15:34,11,10.66666667,0.29009509,15:34,5,180915,1,1
2018-09-15 15:35,11,10.66666667,0,15:35,5,180915,1,1
2018-09-15 15:36,10,10.66666667,0,15:36,5,180915,1,1
2018-09-15 15:37,11,10.75,0.058925565,15:37,5,180915,1,1
2018-09-15 15:38,11,10.75,0,15:38,5,180915,1,1
2018-09-15 15:39,11,10.75,0,15:39,5,180915,1,1
2018-09-15 15:40,10,10.75,0,15:40,5,180915,1,1
2018-09-15 15:41,11,10.5,0.176776695,15:41,5,180915,1,1
2018-09-15 15:42,10,10.5,0,15:42,5,180915,1,1
2018-09-15 15:43,10,10.5,0,15:43,5,180915,1,1
2018-09-15 15:44,11,10.5,0,15:44,5,180915,1,1
2018-09-15 15:45,10,10.33333333,0.11785113,15:45,5,180915,1,1
2018-09-15 15:46,10,10.33333333,0,15:46,5,180915,1,1
2018-09-15 15:47,11,10.33333333,0,15:47,5,180915,1,1
2018-09-15 15:48,10,9.75,0.412478956,15:48,5,180915,1,1
2018-09-15 15:49,10,9.75,6.58E-08,15:49,5,180915,1,1
2018-09-15 15:50,10,9.75,6.58E-08,15:50,5,180915,1,1
2018-09-15 15:51,9,9.75,6.58E-08,15:51,5,180915,1,1
2018-09-15 15:52,10,9.8,0.035355339,15:52,5,180915,1,1
2018-09-15 15:53,10,9.8,5.23E-08,15:53,5,180915,1,1
2018-09-15 15:54,10,9.8,5.23E-08,15:54,5,180915,1,1
2018-09-15 15:55,10,9.8,5.23E-08,15:55,5,180915,1,1
2018-09-15 15:56,9,9.8,5.23E-08,15:56,5,180915,1,1
2018-09-15 15:57,10,9.666666667,0.094280904,15:57,5,180915,1,1
2018-09-15 15:58,10,9.666666667,8.07E-08,15:58,5,180915,1,1
2018-09-15 15:59,9,9.666666667,8.07E-08,15:59,5,180915,1,1
2018-09-15 16:00,10,9.667,0.000235702,16:00,5,180915,1,1
2018-09-15 16:01,10,9.667,8.07E-08,16:01,5,180915,1,1
2018-09-15 16:02,9.001,9.667,8.07E-08,16:02,5,180915,1,1
2018-09-15 16:03,9.999,9.9995,0.235113005,16:03,5,180915,1,1
2018-09-15 16:04,10,9.9995,0,16:04,5,180915,1,1
2018-09-15 16:05,9,9.5,0.353199837,16:05,5,180915,1,1
2018-09-15 16:06,10,9.5,1.19E-07,16:06,5,180915,1,1
2018-09-15 16:07,10,9.5,1.19E-07,16:07,5,180915,1,1
2018-09-15 16:08,9,9.5,1.19E-07,16:08,5,180915,1,1
2018-09-15 16:09,10,9.999666667,0.353317688,16:09,5,180915,1,1
2018-09-15 16:10,10,9.999666667,0,16:10,5,180915,1,1
2018-09-15 16:11,9.999,9.999666667,0,16:11,5,180915,1,1
2018-09-15 16:12,9.001,9.5,0.353317688,16:12,5,180915,1,1
2018-09-15 16:13,9.999,9.5,1.33E-07,16:13,5,180915,1,1
2018-09-15 16:14,10,9.99975,0.353376614,16:14,5,180915,1,1
2018-09-15 16:15,10,9.99975,0,16:15,5,180915,1,1
2018-09-15 16:16,10,9.99975,0,16:16,5,180915,1,1
2018-09-15 16:17,9.999,9.99975,0,16:17,5,180915,1,1
2018-09-15 16:18,10,9.99975,0,16:18,5,180915,1,1
2018-09-15 16:19,10,9.99975,0,16:19,5,180915,1,1
2018-09-15 16:20,10,9.99975,0,16:20,5,180915,1,1
2018-09-15 16:21,9.999,9.99975,0,16:21,5,180915,1,1
2018-09-15 16:22,10,10.25,0.176953472,16:22,5,180915,1,1
2018-09-15 16:23,10,10.25,0,16:23,5,180915,1,1
2018-09-15 16:24,10,10.25,0,16:24,5,180915,1,1
2018-09-15 16:25,11,10.25,0,16:25,5,180915,1,1
2018-09-15 16:26,10,9.9995,0.177130249,16:26,5,180915,1,1
2018-09-15 16:27,9.999,9.9995,0,16:27,5,180915,1,1
2018-09-15 16:28,10,10.5005,0.354260497,16:28,5,180915,1,1
2018-09-15 16:29,11.001,10.5005,0,16:29,5,180915,1,1
2018-09-15 16:30,9.999,9.9995,0.354260497,16:30,5,180915,1,1
2018-09-15 16:31,10,9.9995,0,16:31,5,180915,1,1
2018-09-15 16:32,11,10.5,0.353906944,16:32,5,180915,1,1
2018-09-15 16:33,10,10.5,0,16:33,5,180915,1,1
2018-09-15 16:34,11.001,10.5,0,16:34,5,180915,1,1
2018-09-15 16:35,9.999,10.5,0,16:35,5,180915,1,1
2018-09-15 16:36,10,10.33333333,0.11785113,16:36,5,180915,1,1
2018-09-15 16:37,10,10.33333333,0,16:37,5,180915,1,1
2018-09-15 16:38,11,10.33333333,0,16:38,5,180915,1,1
2018-09-15 16:39,10,10.33333333,0,16:39,5,180915,1,1
2018-09-15 16:40,10,10.33333333,0,16:40,5,180915,1,1
2018-09-15 16:41,11,10.33333333,0,16:41,5,180915,1,1
2018-09-15 16:42,,10.0005,0.235348707,16:42,5,180915,1,1
2018-09-15 16:43,20.001,10.0005,5.69E-08,16:43,5,180915,1,1
2018-09-15 16:44,9.999,10.5,0.353199837,16:44,5,180915,1,1
2018-09-15 16:45,11.001,10.5,0,16:45,5,180915,1,1
2018-09-15 16:46,9.999,9.9995,0.353906944,16:46,5,180915,1,1
2018-09-15 16:47,10,9.9995,3.91E-08,16:47,5,180915,1,1
2018-09-15 16:48,11,8,1.413860009,16:48,5,180915,1,1
2018-09-15 16:49,5,8,2.82E-07,16:49,5,180915,1,1
2018-09-15 16:50,1,0.666666667,5.185449729,16:50,5,180915,0,1
2018-09-15 16:51,1,0.666666667,6.25E-07,16:51,5,180915,0,1
2018-09-15 16:52,,0.666666667,6.25E-07,16:52,5,180915,0,
2018-09-15 16:53,,0.1998,0.330124586,16:53,5,180915,0,
2018-09-15 16:54,,0.1998,6.42E-07,16:54,5,180915,0,
2018-09-15 16:55,,0.1998,6.42E-07,16:55,5,180915,0,
2018-09-15 16:56,,0.1998,6.42E-07,16:56,5,180915,0,
2018-09-15 16:57,0.999,0.1998,6.42E-07,16:57,5,180915,0,
2018-09-15 16:58,,0.1,0.070569257,16:58,5,180915,0,
2018-09-15 16:59,,0.1,6.45E-07,16:59,5,180915,0,
2018-09-15 17:00,,0.1,6.45E-07,17:00,5,180915,0,
2018-09-15 17:01,,0.1,6.45E-07,17:01,5,180915,0,
2018-09-15 17:02,,0.1,6.45E-07,17:02,5,180915,0,
2018-09-15 17:03,,0.1,6.45E-07,17:03,5,180915,0,
2018-09-15 17:04,,0.1,6.45E-07,17:04,5,180915,0,
2018-09-15 17:05,,0.1,6.45E-07,17:05,5,180915,0,
2018-09-15 17:06,,0.1,6.45E-07,17:06,5,180915,0,
2018-09-15 17:07,1,0.1,6.45E-07,17:07,5,180915,0,
2018-09-15 17:08,,0.124875,0.017589281,17:08,5,180915,0,
2018-09-15 17:09,,0.124875,6.45E-07,17:09,5,180915,0,
2018-09-15 17:10,,0.124875,6.45E-07,17:10,5,180915,0,
2018-09-15 17:11,,0.124875,6.45E-07,17:11,5,180915,0,
2018-09-15 17:12,,0.124875,6.45E-07,17:12,5,180915,0,
2018-09-15 17:13,,0.124875,6.45E-07,17:13,5,180915,0,
2018-09-15 17:14,,0.124875,6.45E-07,17:14,5,180915,0,
2018-09-15 17:15,0.999,0.124875,6.45E-07,17:15,5,180915,0,
2018-09-15 17:16,,0.125,8.84E-05,17:16,5,180915,0,
2018-09-15 17:17,,0.125,6.45E-07,17:17,5,180915,0,
2018-09-15 17:18,,0.125,6.45E-07,17:18,5,180915,0,
2018-09-15 17:19,,0.125,6.45E-07,17:19,5,180915,0,
2018-09-15 17:20,,0.125,6.45E-07,17:20,5,180915,0,
2018-09-15 17:21,,0.125,6.45E-07,17:21,5,180915,0,
2018-09-15 17:22,,0.125,6.45E-07,17:22,5,180915,0,
2018-09-15 17:23,1,0.125,6.45E-07,17:23,5,180915,0,
2018-09-15 17:24,,0.0999,0.01774838,17:24,5,180915,0,
2018-09-15 17:25,,0.0999,6.45E-07,17:25,5,180915,0,
2018-09-15 17:26,,0.0999,6.45E-07,17:26,5,180915,0,
2018-09-15 17:27,,0.0999,6.45E-07,17:27,5,180915,0,
2018-09-15 17:28,,0.0999,6.45E-07,17:28,5,180915,0,
2018-09-15 17:29,,0.0999,6.45E-07,17:29,5,180915,0,
2018-09-15 17:30,,0.0999,6.45E-07,17:30,5,180915,0,
2018-09-15 17:31,,0.0999,6.45E-07,17:31,5,180915,0,
2018-09-15 17:32,,0.0999,6.45E-07,17:32,5,180915,0,
2018-09-15 17:33,0.999,0.0999,6.45E-07,17:33,5,180915,0,
2018-09-15 17:34,,0.000573394,0.070234516,17:34,5,180915,0,
2018-09-15 17:35,,0.000573394,6.49E-07,17:35,5,180915,0,
2018-09-15 17:36,,0.000573394,6.49E-07,17:36,5,180915,0,
2018-09-15 17:37,,0.000573394,6.49E-07,17:37,5,180915,0,
2018-09-15 17:38,,0.000573394,6.49E-07,17:38,5,180915,0,
2018-09-15 17:39,,0.000573394,6.49E-07,17:39,5,180915,0,
2018-09-15 17:40,,0.000573394,6.49E-07,17:40,5,180915,0,
2018-09-15 17:41,,0.000573394,6.49E-07,17:41,5,180915,0,
2018-09-15 17:42,,0.000573394,6.49E-07,17:42,5,180915,0,
2018-09-15 17:43,,0.000573394,6.49E-07,17:43,5,180915,0,
2018-09-15 17:44,,0.000573394,6.49E-07,17:44,5,180915,0,
2018-09-15 17:45,,0.000573394,6.49E-07,17:45,5,180915,0,
2018-09-15 17:46,,0.000573394,6.49E-07,17:46,5,180915,0,
2018-09-15 17:47,,0.000573394,6.49E-07,17:47,5,180915,0,
2018-09-15 17:48,,0.000573394,6.49E-07,17:48,5,180915,0,
2018-09-15 17:49,,0.000573394,6.49E-07,17:49,5,180915,0,
2018-09-15 17:50,,0.000573394,6.49E-07,17:50,5,180915,0,
2018-09-15 17:51,,0.000573394,6.49E-07,17:51,5,180915,0,
2018-09-15 17:52,,0.000573394,6.49E-07,17:52,5,180915,0,
2018-09-15 17:53,,0.000573394,6.49E-07,17:53,5,180915,0,
2018-09-15 17:54,,0.000573394,6.49E-07,17:54,5,180915,0,
2018-09-15 17:55,,0.000573394,6.49E-07,17:55,5,180915,0,
2018-09-15 17:56,,0.000573394,6.49E-07,17:56,5,180915,0,
2018-09-15 17:57,,0.000573394,6.49E-07,17:57,5,180915,0,
2018-09-15 17:58,,0.000573394,6.49E-07,17:58,5,180915,0,
2018-09-15 17:59,,0.000573394,6.49E-07,17:59,5,180915,0,
2018-09-15 18:00,,0.000573394,6.49E-07,18:00,5,180915,0,
2018-09-15 18:01,,0.000573394,6.49E-07,18:01,5,180915,0,
2018-09-15 18:02,,0.000573394,6.49E-07,18:02,5,180915,0,
2018-09-15 18:03,,0.000573394,6.49E-07,18:03,5,180915,0,
2018-09-15 18:04,,0.000573394,6.49E-07,18:04,5,180915,0,
2018-09-15 18:05,,0.000573394,6.49E-07,18:05,5,180915,0,
2018-09-15 18:06,,0.000573394,6.49E-07,18:06,5,180915,0,
2018-09-15 18:07,,0.000573394,6.49E-07,18:07,5,180915,0,
2018-09-15 18:08,,0.000573394,6.49E-07,18:08,5,180915,0,
2018-09-15 18:09,,0.000573394,6.49E-07,18:09,5,180915,0,
2018-09-15 18:10,,0.000573394,6.49E-07,18:10,5,180915,0,
2018-09-15 18:11,,0.000573394,6.49E-07,18:11,5,180915,0,
2018-09-15 18:12,,0.000573394,6.49E-07,18:12,5,180915,0,
2018-09-15 18:13,,0.000573394,6.49E-07,18:13,5,180915,0,
2018-09-15 18:14,,0.000573394,6.49E-07,18:14,5,180915,0,
2018-09-15 18:15,,0.000573394,6.49E-07,18:15,5,180915,0,
2018-09-15 18:16,,0.000573394,6.49E-07,18:16,5,180915,0,
2018-09-15 18:17,,0.000573394,6.49E-07,18:17,5,180915,0,
2018-09-15 18:18,,0.000573394,6.49E-07,18:18,5,180915,0,
2018-09-15 18:19,,0.000573394,6.49E-07,18:19,5,180915,0,
2018-09-15 18:20,,0.000573394,6.49E-07,18:20,5,180915,0,
2018-09-15 18:21,,0.000573394,6.49E-07,18:21,5,180915,0,
2018-09-15 18:22,,0.000573394,6.49E-07,18:22,5,180915,0,
2018-09-15 18:23,,0.000573394,6.49E-07,18:23,5,180915,0,
2018-09-15 18:24,,0.000573394,6.49E-07,18:24,5,180915,0,
2018-09-15 18:25,,0.000573394,6.49E-07,18:25,5,180915,0,
2018-09-15 18:26,,0.000573394,6.49E-07,18:26,5,180915,0,
2018-09-15 18:27,,0.000573394,6.49E-07,18:27,5,180915,0,
2018-09-15 18:28,,0.000573394,6.49E-07,18:28,5,180915,0,
2018-09-15 18:29,,0.000573394,6.49E-07,18:29,5,180915,0,
2018-09-15 18:30,,0.000573394,6.49E-07,18:30,5,180915,0,
2018-09-15 18:31,,0.000573394,6.49E-07,18:31,5,180915,0,
2018-09-15 18:32,,0.000573394,6.49E-07,18:32,5,180915,0,
2018-09-15 18:33,,0.000573394,6.49E-07,18:33,5,180915,0,
2018-09-15 18:34,,0.000573394,6.49E-07,18:34,5,180915,0,
2018-09-15 18:35,,0.000573394,6.49E-07,18:35,5,180915,0,
2018-09-15 18:36,,0.000573394,6.49E-07,18:36,5,180915,0,
2018-09-15 18:37,,0.000573394,6.49E-07,18:37,5,180915,0,
2018-09-15 18:38,,0.000573394,6.49E-07,18:38,5,180915,0,
2018-09-15 18:39,,0.000573394,6.49E-07,18:39,5,180915,0,
2018-09-15 18:40,,0.000573394,6.49E-07,18:40,5,180915,0,
2018-09-15 18:41,,0.000573394,6.49E-07,18:41,5,180915,0,
2018-09-15 18:42,,0.000573394,6.49E-07,18:42,5,180915,0,
2018-09-15 18:43,,0.000573394,6.49E-07,18:43,5,180915,0,
2018-09-15 18:44,,0.000573394,6.49E-07,18:44,5,180915,0,
2018-09-15 18:45,,0.000573394,6.49E-07,18:45,5,180915,0,
2018-09-15 18:46,,0.000573394,6.49E-07,18:46,5,180915,0,
2018-09-15 18:47,,0.000573394,6.49E-07,18:47,5,180915,0,
2018-09-15 18:48,,0.000573394,6.49E-07,18:48,5,180915,0,
2018-09-15 18:49,,0.000573394,6.49E-07,18:49,5,180915,0,
2018-09-15 18:50,,0.000573394,6.49E-07,18:50,5,180915,0,
2018-09-15 18:51,,0.000573394,6.49E-07,18:51,5,180915,0,
2018-09-15 18:52,,0.000573394,6.49E-07,18:52,5,180915,0,
2018-09-15 18:53,,0.000573394,6.49E-07,18:53,5,180915,0,
2018-09-15 18:54,,0.000573394,6.49E-07,18:54,5,180915,0,
2018-09-15 18:55,,0.000573394,6.49E-07,18:55,5,180915,0,
2018-09-15 18:56,,0.000573394,6.49E-07,18:56,5,180915,0,
2018-09-15 18:57,,0.000573394,6.49E-07,18:57,5,180915,0,
2018-09-15 18:58,,0.000573394,6.49E-07,18:58,5,180915,0,
2018-09-15 18:59,,0.000573394,6.49E-07,18:59,5,180915,0,
2018-09-15 19:00,,0.000573394,6.49E-07,19:00,5,180915,0,
2018-09-15 19:01,,0.000573394,6.49E-07,19:01,5,180915,0,
2018-09-15 19:02,,0.000573394,6.49E-07,19:02,5,180915,0,
2018-09-15 19:03,,0.000573394,6.49E-07,19:03,5,180915,0,
2018-09-15 19:04,,0.000573394,6.49E-07,19:04,5,180915,0,
2018-09-15 19:05,,0.000573394,6.49E-07,19:05,5,180915,0,
2018-09-15 19:06,,0.000573394,6.49E-07,19:06,5,180915,0,
2018-09-15 19:07,,0.000573394,6.49E-07,19:07,5,180915,0,
2018-09-15 19:08,,0.000573394,6.49E-07,19:08,5,180915,0,
2018-09-15 19:09,,0.000573394,6.49E-07,19:09,5,180915,0,
2018-09-15 19:10,,0.000573394,6.49E-07,19:10,5,180915,0,
2018-09-15 19:11,,0.000573394,6.49E-07,19:11,5,180915,0,
2018-09-15 19:12,,0.000573394,6.49E-07,19:12,5,180915,0,
2018-09-15 19:13,,0.000573394,6.49E-07,19:13,5,180915,0,
2018-09-15 19:14,,0.000573394,6.49E-07,19:14,5,180915,0,
2018-09-15 19:15,,0.000573394,6.49E-07,19:15,5,180915,0,
2018-09-15 19:16,,0.000573394,6.49E-07,19:16,5,180915,0,
2018-09-15 19:17,,0.000573394,6.49E-07,19:17,5,180915,0,
2018-09-15 19:18,,0.000573394,6.49E-07,19:18,5,180915,0,
2018-09-15 19:19,,0.000573394,6.49E-07,19:19,5,180915,0,
2018-09-15 19:20,,0.000573394,6.49E-07,19:20,5,180915,0,
2018-09-15 19:21,,0.000573394,6.49E-07,19:21,5,180915,0,
2018-09-15 19:22,,0.000573394,6.49E-07,19:22,5,180915,0,
2018-09-15 19:23,,0.000573394,6.49E-07,19:23,5,180915,0,
2018-09-15 19:24,,0.000573394,6.49E-07,19:24,5,180915,0,
2018-09-15 19:25,,0.000573394,6.49E-07,19:25,5,180915,0,
2018-09-15 19:26,,0.000573394,6.49E-07,19:26,5,180915,0,
2018-09-15 19:27,,0.000573394,6.49E-07,19:27,5,180915,0,
2018-09-15 19:28,,0.000573394,6.49E-07,19:28,5,180915,0,
2018-09-15 19:29,,0.000573394,6.49E-07,19:29,5,180915,0,
2018-09-15 19:30,,0.000573394,6.49E-07,19:30,5,180915,0,
2018-09-15 19:31,,0.000573394,6.49E-07,19:31,5,180915,0,
2018-09-15 19:32,,0.000573394,6.49E-07,19:32,5,180915,0,
2018-09-15 19:33,,0.000573394,6.49E-07,19:33,5,180915,0,
2018-09-15 19:34,,0.000573394,6.49E-07,19:34,5,180915,0,
2018-09-15 19:35,,0.000573394,6.49E-07,19:35,5,180915,0,
2018-09-15 19:36,,0.000573394,6.49E-07,19:36,5,180915,0,
2018-09-15 19:37,,0.000573394,6.49E-07,19:37,5,180915,0,
2018-09-15 19:38,,0.000573394,6.49E-07,19:38,5,180915,0,
2018-09-15 19:39,,0.000573394,6.49E-07,19:39,5,180915,0,
2018-09-15 19:40,,0.000573394,6.49E-07,19:40,5,180915,0,
2018-09-15 19:41,,0.000573394,6.49E-07,19:41,5,180915,0,
2018-09-15 19:42,,0.000573394,6.49E-07,19:42,5,180915,0,
2018-09-15 19:43,,0.000573394,6.49E-07,19:43,5,180915,0,
2018-09-15 19:44,,0.000573394,6.49E-07,19:44,5,180915,0,
2018-09-15 19:45,,0.000573394,6.49E-07,19:45,5,180915,0,
2018-09-15 19:46,,0.000573394,6.49E-07,19:46,5,180915,0,
2018-09-15 19:47,,0.000573394,6.49E-07,19:47,5,180915,0,
2018-09-15 19:48,,0.000573394,6.49E-07,19:48,5,180915,0,
2018-09-15 19:49,,0.000573394,6.49E-07,19:49,5,180915,0,
2018-09-15 19:50,,0.000573394,6.49E-07,19:50,5,180915,0,
2018-09-15 19:51,,0.000573394,6.49E-07,19:51,5,180915,0,
2018-09-15 19:52,,0.000573394,6.49E-07,19:52,5,180915,0,
2018-09-15 19:53,,0.000573394,6.49E-07,19:53,5,180915,0,
2018-09-15 19:54,,0.000573394,6.49E-07,19:54,5,180915,0,
2018-09-15 19:55,,0.000573394,6.49E-07,19:55,5,180915,0,
2018-09-15 19:56,,0.000573394,6.49E-07,19:56,5,180915,0,
2018-09-15 19:57,,0.000573394,6.49E-07,19:57,5,180915,0,
2018-09-15 19:58,,0.000573394,6.49E-07,19:58,5,180915,0,
2018-09-15 19:59,,0.000573394,6.49E-07,19:59,5,180915,0,
2018-09-15 20:00,,0.000573394,6.49E-07,20:00,5,180915,0,
2018-09-15 20:01,,0.000573394,6.49E-07,20:01,5,180915,0,
2018-09-15 20:02,,0.000573394,6.49E-07,20:02,5,180915,0,
2018-09-15 20:03,,0.000573394,6.49E-07,20:03,5,180915,0,
2018-09-15 20:04,,0.000573394,6.49E-07,20:04,5,180915,0,
2018-09-15 20:05,,0.000573394,6.49E-07,20:05,5,180915,0,
2018-09-15 20:06,,0.000573394,6.49E-07,20:06,5,180915,0,
2018-09-15 20:07,,0.000573394,6.49E-07,20:07,5,180915,0,
2018-09-15 20:08,,0.000573394,6.49E-07,20:08,5,180915,0,
2018-09-15 20:09,,0.000573394,6.49E-07,20:09,5,180915,0,
2018-09-15 20:10,,0.000573394,6.49E-07,20:10,5,180915,0,
2018-09-15 20:11,,0.000573394,6.49E-07,20:11,5,180915,0,
2018-09-15 20:12,,0.000573394,6.49E-07,20:12,5,180915,0,
2018-09-15 20:13,,0.000573394,6.49E-07,20:13,5,180915,0,
2018-09-15 20:14,,0.000573394,6.49E-07,20:14,5,180915,0,
2018-09-15 20:15,,0.000573394,6.49E-07,20:15,5,180915,0,
2018-09-15 20:16,,0.000573394,6.49E-07,20:16,5,180915,0,
2018-09-15 20:17,,0.000573394,6.49E-07,20:17,5,180915,0,
2018-09-15 20:18,,0.000573394,6.49E-07,20:18,5,180915,0,
2018-09-15 20:19,,0.000573394,6.49E-07,20:19,5,180915,0,
2018-09-15 20:20,,0.000573394,6.49E-07,20:20,5,180915,0,
2018-09-15 20:21,,0.000573394,6.49E-07,20:21,5,180915,0,
2018-09-15 20:22,,0.000573394,6.49E-07,20:22,5,180915,0,
2018-09-15 20:23,,0.000573394,6.49E-07,20:23,5,180915,0,
2018-09-15 20:24,,0.000573394,6.49E-07,20:24,5,180915,0,
2018-09-15 20:25,,0.000573394,6.49E-07,20:25,5,180915,0,
2018-09-15 20:26,,0.000573394,6.49E-07,20:26,5,180915,0,
2018-09-15 20:27,,0.000573394,6.49E-07,20:27,5,180915,0,
2018-09-15 20:28,,0.000573394,6.49E-07,20:28,5,180915,0,
2018-09-15 20:29,,0.000573394,6.49E-07,20:29,5,180915,0,
2018-09-15 20:30,,0.000573394,6.49E-07,20:30,5,180915,0,
2018-09-15 20:31,,0.000573394,6.49E-07,20:31,5,180915,0,
2018-09-15 20:32,,0.000573394,6.49E-07,20:32,5,180915,0,
2018-09-15 20:33,,0.000573394,6.49E-07,20:33,5,180915,0,
2018-09-15 20:34,,0.000573394,6.49E-07,20:34,5,180915,0,
2018-09-15 20:35,,0.000573394,6.49E-07,20:35,5,180915,0,
2018-09-15 20:36,,0.000573394,6.49E-07,20:36,5,180915,0,
2018-09-15 20:37,,0.000573394,6.49E-07,20:37,5,180915,0,
2018-09-15 20:38,,0.000573394,6.49E-07,20:38,5,180915,0,
2018-09-15 20:39,,0.000573394,6.49E-07,20:39,5,180915,0,
2018-09-15 20:40,,0.000573394,6.49E-07,20:40,5,180915,0,
2018-09-15 20:41,,0.000573394,6.49E-07,20:41,5,180915,0,
2018-09-15 20:42,,0.000573394,6.49E-07,20:42,5,180915,0,
2018-09-15 20:43,,0.000573394,6.49E-07,20:43,5,180915,0,
2018-09-15 20:44,,0.000573394,6.49E-07,20:44,5,180915,0,
2018-09-15 20:45,,0.000573394,6.49E-07,20:45,5,180915,0,
2018-09-15 20:46,,0.000573394,6.49E-07,20:46,5,180915,0,
2018-09-15 20:47,,0.000573394,6.49E-07,20:47,5,180915,0,
2018-09-15 20:48,,0.000573394,6.49E-07,20:48,5,180915,0,
2018-09-15 20:49,,0.000573394,6.49E-07,20:49,5,180915,0,
2018-09-15 20:50,,0.000573394,6.49E-07,20:50,5,180915,0,
2018-09-15 20:51,,0.000573394,6.49E-07,20:51,5,180915,0,
2018-09-15 20:52,,0.000573394,6.49E-07,20:52,5,180915,0,
2018-09-15 20:53,,0.000573394,6.49E-07,20:53,5,180915,0,
2018-09-15 20:54,,0.000573394,6.49E-07,20:54,5,180915,0,
2018-09-15 20:55,,0.000573394,6.49E-07,20:55,5,180915,0,
2018-09-15 20:56,,0.000573394,6.49E-07,20:56,5,180915,0,
2018-09-15 20:57,,0.000573394,6.49E-07,20:57,5,180915,0,
2018-09-15 20:58,,0.000573394,6.49E-07,20:58,5,180915,0,
2018-09-15 20:59,,0.000573394,6.49E-07,20:59,5,180915,0,
2018-09-15 21:00,,0.000573394,6.49E-07,21:00,5,180915,0,
2018-09-15 21:01,,0.000573394,6.49E-07,21:01,5,180915,0,
2018-09-15 21:02,,0.000573394,6.49E-07,21:02,5,180915,0,
2018-09-15 21:03,,0.000573394,6.49E-07,21:03,5,180915,0,
2018-09-15 21:04,,0.000573394,6.49E-07,21:04,5,180915,0,
2018-09-15 21:05,,0.000573394,6.49E-07,21:05,5,180915,0,
2018-09-15 21:06,,0.000573394,6.49E-07,21:06,5,180915,0,
2018-09-15 21:07,,0.000573394,6.49E-07,21:07,5,180915,0,
2018-09-15 21:08,,0.000573394,6.49E-07,21:08,5,180915,0,
2018-09-15 21:09,,0.000573394,6.49E-07,21:09,5,180915,0,
2018-09-15 21:10,,0.000573394,6.49E-07,21:10,5,180915,0,
2018-09-15 21:11,,0.000573394,6.49E-07,21:11,5,180915,0,
2018-09-15 21:12,,0.000573394,6.49E-07,21:12,5,180915,0,
2018-09-15 21:13,,0.000573394,6.49E-07,21:13,5,180915,0,
2018-09-15 21:14,,0.000573394,6.49E-07,21:14,5,180915,0,
2018-09-15 21:15,,0.000573394,6.49E-07,21:15,5,180915,0,
2018-09-15 21:16,,0.000573394,6.49E-07,21:16,5,180915,0,
2018-09-15 21:17,,0.000573394,6.49E-07,21:17,5,180915,0,
2018-09-15 21:18,,0.000573394,6.49E-07,21:18,5,180915,0,
2018-09-15 21:19,,0.000573394,6.49E-07,21:19,5,180915,0,
2018-09-15 21:20,,0.000573394,6.49E-07,21:20,5,180915,0,
2018-09-15 21:21,,0.000573394,6.49E-07,21:21,5,180915,0,
2018-09-15 21:22,,0.000573394,6.49E-07,21:22,5,180915,0,
2018-09-15 21:23,,0.000573394,6.49E-07,21:23,5,180915,0,
2018-09-15 21:24,,0.000573394,6.49E-07,21:24,5,180915,0,
2018-09-15 21:25,,0.000573394,6.49E-07,21:25,5,180915,0,
2018-09-15 21:26,,0.000573394,6.49E-07,21:26,5,180915,0,
2018-09-15 21:27,,0.000573394,6.49E-07,21:27,5,180915,0,
2018-09-15 21:28,,0.000573394,6.49E-07,21:28,5,180915,0,
2018-09-15 21:29,,0.000573394,6.49E-07,21:29,5,180915,0,
2018-09-15 21:30,,0.000573394,6.49E-07,21:30,5,180915,0,
2018-09-15 21:31,,0.000573394,6.49E-07,21:31,5,180915,0,
2018-09-15 21:32,,0.000573394,6.49E-07,21:32,5,180915,0,
2018-09-15 21:33,,0.000573394,6.49E-07,21:33,5,180915,0,
2018-09-15 21:34,,0.000573394,6.49E-07,21:34,5,180915,0,
2018-09-15 21:35,,0.000573394,6.49E-07,21:35,5,180915,0,
2018-09-15 21:36,,0.000573394,6.49E-07,21:36,5,180915,0,
2018-09-15 21:37,,0.000573394,6.49E-07,21:37,5,180915,0,
2018-09-15 21:38,,0.000573394,6.49E-07,21:38,5,180915,0,
2018-09-15 21:39,,0.000573394,6.49E-07,21:39,5,180915,0,
2018-09-15 21:40,,0.000573394,6.49E-07,21:40,5,180915,0,
2018-09-15 21:41,,0.000573394,6.49E-07,21:41,5,180915,0,
2018-09-15 21:42,,0.000573394,6.49E-07,21:42,5,180915,0,
2018-09-15 21:43,,0.000573394,6.49E-07,21:43,5,180915,0,
2018-09-15 21:44,,0.000573394,6.49E-07,21:44,5,180915,0,
2018-09-15 21:45,,0.000573394,6.49E-07,21:45,5,180915,0,
2018-09-15 21:46,,0.000573394,6.49E-07,21:46,5,180915,0,
2018-09-15 21:47,,0.000573394,6.49E-07,21:47,5,180915,0,
2018-09-15 21:48,,0.000573394,6.49E-07,21:48,5,180915,0,
2018-09-15 21:49,,0.000573394,6.49E-07,21:49,5,180915,0,
2018-09-15 21:50,,0.000573394,6.49E-07,21:50,5,180915,0,
2018-09-15 21:51,,0.000573394,6.49E-07,21:51,5,180915,0,
2018-09-15 21:52,,0.000573394,6.49E-07,21:52,5,180915,0,
2018-09-15 21:53,,0.000573394,6.49E-07,21:53,5,180915,0,
2018-09-15 21:54,,0.000573394,6.49E-07,21:54,5,180915,0,
2018-09-15 21:55,,0.000573394,6.49E-07,21:55,5,180915,0,
2018-09-15 21:56,,0.000573394,6.49E-07,21:56,5,180915,0,
2018-09-15 21:57,,0.000573394,6.49E-07,21:57,5,180915,0,
2018-09-15 21:58,,0.000573394,6.49E-07,21:58,5,180915,0,
2018-09-15 21:59,,0.000573394,6.49E-07,21:59,5,180915,0,
2018-09-15 22:00,,0.000573394,6.49E-07,22:00,5,180915,0,
2018-09-15 22:01,,0.000573394,6.49E-07,22:01,5,180915,0,
2018-09-15 22:02,,0.000573394,6.49E-07,22:02,5,180915,0,
2018-09-15 22:03,,0.000573394,6.49E-07,22:03,5,180915,0,
2018-09-15 22:04,,0.000573394,6.49E-07,22:04,5,180915,0,
2018-09-15 22:05,,0.000573394,6.49E-07,22:05,5,180915,0,
2018-09-15 22:06,,0.000573394,6.49E-07,22:06,5,180915,0,
2018-09-15 22:07,,0.000573394,6.49E-07,22:07,5,180915,0,
2018-09-15 22:08,,0.000573394,6.49E-07,22:08,5,180915,0,
2018-09-15 22:09,,0.000573394,6.49E-07,22:09,5,180915,0,
2018-09-15 22:10,,0.000573394,6.49E-07,22:10,5,180915,0,
2018-09-15 22:11,,0.000573394,6.49E-07,22:11,5,180915,0,
2018-09-15 22:12,,0.000573394,6.49E-07,22:12,5,180915,0,
2018-09-15 22:13,,0.000573394,6.49E-07,22:13,5,180915,0,
2018-09-15 22:14,,0.000573394,6.49E-07,22:14,5,180915,0,
2018-09-15 22:15,,0.000573394,6.49E-07,22:15,5,180915,0,
2018-09-15 22:16,,0.000573394,6.49E-07,22:16,5,180915,0,
2018-09-15 22:17,,0.000573394,6.49E-07,22:17,5,180915,0,
2018-09-15 22:18,,0.000573394,6.49E-07,22:18,5,180915,0,
2018-09-15 22:19,,0.000573394,6.49E-07,22:19,5,180915,0,
2018-09-15 22:20,,0.000573394,6.49E-07,22:20,5,180915,0,
2018-09-15 22:21,,0.000573394,6.49E-07,22:21,5,180915,0,
2018-09-15 22:22,,0.000573394,6.49E-07,22:22,5,180915,0,
2018-09-15 22:23,,0.000573394,6.49E-07,22:23,5,180915,0,
2018-09-15 22:24,,0.000573394,6.49E-07,22:24,5,180915,0,
2018-09-15 22:25,,0.000573394,6.49E-07,22:25,5,180915,0,
2018-09-15 22:26,,0.000573394,6.49E-07,22:26,5,180915,0,
2018-09-15 22:27,,0.000573394,6.49E-07,22:27,5,180915,0,
2018-09-15 22:28,,0.000573394,6.49E-07,22:28,5,180915,0,
2018-09-15 22:29,,0.000573394,6.49E-07,22:29,5,180915,0,
2018-09-15 22:30,,0.000573394,6.49E-07,22:30,5,180915,0,
2018-09-15 22:31,,0.000573394,6.49E-07,22:31,5,180915,0,
2018-09-15 22:32,,0.000573394,6.49E-07,22:32,5,180915,0,
2018-09-15 22:33,,0.000573394,6.49E-07,22:33,5,180915,0,
2018-09-15 22:34,,0.000573394,6.49E-07,22:34,5,180915,0,
2018-09-15 22:35,,0.000573394,6.49E-07,22:35,5,180915,0,
2018-09-15 22:36,,0.000573394,6.49E-07,22:36,5,180915,0,
2018-09-15 22:37,,0.000573394,6.49E-07,22:37,5,180915,0,
2018-09-15 22:38,,0.000573394,6.49E-07,22:38,5,180915,0,
2018-09-15 22:39,,0.000573394,6.49E-07,22:39,5,180915,0,
2018-09-15 22:40,,0.000573394,6.49E-07,22:40,5,180915,0,
2018-09-15 22:41,,0.000573394,6.49E-07,22:41,5,180915,0,
2018-09-15 22:42,,0.000573394,6.49E-07,22:42,5,180915,0,
2018-09-15 22:43,,0.000573394,6.49E-07,22:43,5,180915,0,
2018-09-15 22:44,,0.000573394,6.49E-07,22:44,5,180915,0,
2018-09-15 22:45,,0.000573394,6.49E-07,22:45,5,180915,0,
2018-09-15 22:46,,0.000573394,6.49E-07,22:46,5,180915,0,
2018-09-15 22:47,,0.000573394,6.49E-07,22:47,5,180915,0,
2018-09-15 22:48,,0.000573394,6.49E-07,22:48,5,180915,0,
2018-09-15 22:49,,0.000573394,6.49E-07,22:49,5,180915,0,
2018-09-15 22:50,,0.000573394,6.49E-07,22:50,5,180915,0,
2018-09-15 22:51,,0.000573394,6.49E-07,22:51,5,180915,0,
2018-09-15 22:52,,0.000573394,6.49E-07,22:52,5,180915,0,
2018-09-15 22:53,,0.000573394,6.49E-07,22:53,5,180915,0,
2018-09-15 22:54,,0.000573394,6.49E-07,22:54,5,180915,0,
2018-09-15 22:55,,0.000573394,6.49E-07,22:55,5,180915,0,
2018-09-15 22:56,,0.000573394,6.49E-07,22:56,5,180915,0,
2018-09-15 22:57,,0.000573394,6.49E-07,22:57,5,180915,0,
2018-09-15 22:58,,0.000573394,6.49E-07,22:58,5,180915,0,
2018-09-15 22:59,,0.000573394,6.49E-07,22:59,5,180915,0,
2018-09-15 23:00,,0.000573394,6.49E-07,23:00,5,180915,0,
2018-09-15 23:01,,0.000573394,6.49E-07,23:01,5,180915,0,
2018-09-15 23:02,,0.000573394,6.49E-07,23:02,5,180915,0,
2018-09-15 23:03,,0.000573394,6.49E-07,23:03,5,180915,0,
2018-09-15 23:04,,0.000573394,6.49E-07,23:04,5,180915,0,
2018-09-15 23:05,,0.000573394,6.49E-07,23:05,5,180915,0,
2018-09-15 23:06,,0.000573394,6.49E-07,23:06,5,180915,0,
2018-09-15 23:07,,0.000573394,6.49E-07,23:07,5,180915,0,
2018-09-15 23:08,,0.000573394,6.49E-07,23:08,5,180915,0,
2018-09-15 23:09,,0.000573394,6.49E-07,23:09,5,180915,0,
2018-09-15 23:10,,0.000573394,6.49E-07,23:10,5,180915,0,
2018-09-15 23:11,,0.000573394,6.49E-07,23:11,5,180915,0,
2018-09-15 23:12,,0.000573394,6.49E-07,23:12,5,180915,0,
2018-09-15 23:13,,0.000573394,6.49E-07,23:13,5,180915,0,
2018-09-15 23:14,,0.000573394,6.49E-07,23:14,5,180915,0,
2018-09-15 23:15,,0.000573394,6.49E-07,23:15,5,180915,0,
2018-09-15 23:16,,0.000573394,6.49E-07,23:16,5,180915,0,
2018-09-15 23:17,,0.000573394,6.49E-07,23:17,5,180915,0,
2018-09-15 23:18,,0.000573394,6.49E-07,23:18,5,180915,0,
2018-09-15 23:19,,0.000573394,6.49E-07,23:19,5,180915,0,
2018-09-15 23:20,,0.000573394,6.49E-07,23:20,5,180915,0,
2018-09-15 23:21,,0.000573394,6.49E-07,23:21,5,180915,0,
2018-09-15 23:22,,0.000573394,6.49E-07,23:22,5,180915,0,
2018-09-15 23:23,,0.000573394,6.49E-07,23:23,5,180915,0,
2018-09-15 23:24,,0.000573394,6.49E-07,23:24,5,180915,0,
2018-09-15 23:25,,0.000573394,6.49E-07,23:25,5,180915,0,
2018-09-15 23:26,,0.000573394,6.49E-07,23:26,5,180915,0,
2018-09-15 23:27,,0.000573394,6.49E-07,23:27,5,180915,0,
2018-09-15 23:28,,0.000573394,6.49E-07,23:28,5,180915,0,
2018-09-15 23:29,,0.000573394,6.49E-07,23:29,5,180915,0,
2018-09-15 23:30,,0.000573394,6.49E-07,23:30,5,180915,0,
2018-09-15 23:31,,0.000573394,6.49E-07,23:31,5,180915,0,
2018-09-15 23:32,,0.000573394,6.49E-07,23:32,5,180915,0,
2018-09-15 23:33,,0.000573394,6.49E-07,23:33,5,180915,0,
2018-09-15 23:34,,0.000573394,6.49E-07,23:34,5,180915,0,
2018-09-15 23:35,,0.000573394,6.49E-07,23:35,5,180915,0,
2018-09-15 23:36,,0.000573394,6.49E-07,23:36,5,180915,0,
2018-09-15 23:37,,0.000573394,6.49E-07,23:37,5,180915,0,
2018-09-15 23:38,,0.000573394,6.49E-07,23:38,5,180915,0,
2018-09-15 23:39,,0.000573394,6.49E-07,23:39,5,180915,0,
2018-09-15 23:40,,0.000573394,6.49E-07,23:40,5,180915,0,
2018-09-15 23:41,,0.000573394,6.49E-07,23:41,5,180915,0,
2018-09-15 23:42,,0.000573394,6.49E-07,23:42,5,180915,0,
2018-09-15 23:43,,0.000573394,6.49E-07,23:43,5,180915,0,
2018-09-15 23:44,,0.000573394,6.49E-07,23:44,5,180915,0,
2018-09-15 23:45,,0.000573394,6.49E-07,23:45,5,180915,0,
2018-09-15 23:46,,0.000573394,6.49E-07,23:46,5,180915,0,
2018-09-15 23:47,,0.000573394,6.49E-07,23:47,5,180915,0,
2018-09-15 23:48,,0.000573394,6.49E-07,23:48,5,180915,0,
2018-09-15 23:49,,0.000573394,6.49E-07,23:49,5,180915,0,
2018-09-15 23:50,,0.000573394,6.49E-07,23:50,5,180915,0,
2018-09-15 23:51,,0.000573394,6.49E-07,23:51,5,180915,0,
2018-09-15 23:52,,0.000573394,6.49E-07,23:52,5,180915,0,
2018-09-15 23:53,,0.000573394,6.49E-07,23:53,5,180915,0,
2018-09-15 23:54,,0.000573394,6.49E-07,23:54,5,180915,0,
2018-09-15 23:55,,0.000573394,6.49E-07,23:55,5,180915,0,
2018-09-15 23:56,,0.000573394,6.49E-07,23:56,5,180915,0,
2018-09-15 23:57,,0.000573394,6.49E-07,23:57,5,180915,0,
2018-09-15 23:58,,0.000573394,6.49E-07,23:58,5,180915,0,
2018-09-15 23:59,,0.000573394,6.49E-07,23:59,5,180915,0,
2018-09-16 0:00,,0.000573394,6.49E-07,0:00,6,180916,0,
2018-09-16 0:01,,0.000573394,6.49E-07,0:01,6,180916,0,
2018-09-16 0:02,,0.000573394,6.49E-07,0:02,6,180916,0,
2018-09-16 0:03,,0.000573394,6.49E-07,0:03,6,180916,0,
2018-09-16 0:04,,0.000573394,6.49E-07,0:04,6,180916,0,
2018-09-16 0:05,,0.000573394,6.49E-07,0:05,6,180916,0,
2018-09-16 0:06,,0.000573394,6.49E-07,0:06,6,180916,0,
2018-09-16 0:07,,0.000573394,6.49E-07,0:07,6,180916,0,
2018-09-16 0:08,,0.000573394,6.49E-07,0:08,6,180916,0,
2018-09-16 0:09,,0.000573394,6.49E-07,0:09,6,180916,0,
2018-09-16 0:10,,0.000573394,6.49E-07,0:10,6,180916,0,
2018-09-16 0:11,,0.000573394,6.49E-07,0:11,6,180916,0,
2018-09-16 0:12,,0.000573394,6.49E-07,0:12,6,180916,0,
2018-09-16 0:13,,0.000573394,6.49E-07,0:13,6,180916,0,
2018-09-16 0:14,,0.000573394,6.49E-07,0:14,6,180916,0,
2018-09-16 0:15,,0.000573394,6.49E-07,0:15,6,180916,0,
2018-09-16 0:16,,0.000573394,6.49E-07,0:16,6,180916,0,
2018-09-16 0:17,,0.000573394,6.49E-07,0:17,6,180916,0,
2018-09-16 0:18,,0.000573394,6.49E-07,0:18,6,180916,0,
2018-09-16 0:19,,0.000573394,6.49E-07,0:19,6,180916,0,
2018-09-16 0:20,,0.000573394,6.49E-07,0:20,6,180916,0,
2018-09-16 0:21,,0.000573394,6.49E-07,0:21,6,180916,0,
2018-09-16 0:22,,0.000573394,6.49E-07,0:22,6,180916,0,
2018-09-16 0:23,,0.000573394,6.49E-07,0:23,6,180916,0,
2018-09-16 0:24,,0.000573394,6.49E-07,0:24,6,180916,0,
2018-09-16 0:25,,0.000573394,6.49E-07,0:25,6,180916,0,
2018-09-16 0:26,,0.000573394,6.49E-07,0:26,6,180916,0,
2018-09-16 0:27,,0.000573394,6.49E-07,0:27,6,180916,0,
2018-09-16 0:28,,0.000573394,6.49E-07,0:28,6,180916,0,
2018-09-16 0:29,,0.000573394,6.49E-07,0:29,6,180916,0,
2018-09-16 0:30,,0.000573394,6.49E-07,0:30,6,180916,0,
2018-09-16 0:31,,0.000573394,6.49E-07,0:31,6,180916,0,
2018-09-16 0:32,,0.000573394,6.49E-07,0:32,6,180916,0,
2018-09-16 0:33,,0.000573394,6.49E-07,0:33,6,180916,0,
2018-09-16 0:34,,0.000573394,6.49E-07,0:34,6,180916,0,
2018-09-16 0:35,,0.000573394,6.49E-07,0:35,6,180916,0,
2018-09-16 0:36,,0.000573394,6.49E-07,0:36,6,180916,0,
2018-09-16 0:37,,0.000573394,6.49E-07,0:37,6,180916,0,
2018-09-16 0:38,,0.000573394,6.49E-07,0:38,6,180916,0,
2018-09-16 0:39,,0.000573394,6.49E-07,0:39,6,180916,0,
2018-09-16 0:40,,0.000573394,6.49E-07,0:40,6,180916,0,
2018-09-16 0:41,,0.000573394,6.49E-07,0:41,6,180916,0,
2018-09-16 0:42,,0.000573394,6.49E-07,0:42,6,180916,0,
2018-09-16 0:43,,0.000573394,6.49E-07,0:43,6,180916,0,
2018-09-16 0:44,,0.000573394,6.49E-07,0:44,6,180916,0,
2018-09-16 0:45,,0.000573394,6.49E-07,0:45,6,180916,0,
2018-09-16 0:46,,0.000573394,6.49E-07,0:46,6,180916,0,
2018-09-16 0:47,,0.000573394,6.49E-07,0:47,6,180916,0,
2018-09-16 0:48,,0.000573394,6.49E-07,0:48,6,180916,0,
2018-09-16 0:49,,0.000573394,6.49E-07,0:49,6,180916,0,
2018-09-16 0:50,,0.000573394,6.49E-07,0:50,6,180916,0,
2018-09-16 0:51,,0.000573394,6.49E-07,0:51,6,180916,0,
2018-09-16 0:52,,0.000573394,6.49E-07,0:52,6,180916,0,
2018-09-16 0:53,,0.000573394,6.49E-07,0:53,6,180916,0,
2018-09-16 0:54,,0.000573394,6.49E-07,0:54,6,180916,0,
2018-09-16 0:55,,0.000573394,6.49E-07,0:55,6,180916,0,
2018-09-16 0:56,,0.000573394,6.49E-07,0:56,6,180916,0,
2018-09-16 0:57,,0.000573394,6.49E-07,0:57,6,180916,0,
2018-09-16 0:58,,0.000573394,6.49E-07,0:58,6,180916,0,
2018-09-16 0:59,,0.000573394,6.49E-07,0:59,6,180916,0,
2018-09-16 1:00,,0.000573394,6.49E-07,1:00,6,180916,0,
2018-09-16 1:01,,0.000573394,6.49E-07,1:01,6,180916,0,
2018-09-16 1:02,,0.000573394,6.49E-07,1:02,6,180916,0,
2018-09-16 1:03,,0.000573394,6.49E-07,1:03,6,180916,0,
2018-09-16 1:04,,0.000573394,6.49E-07,1:04,6,180916,0,
2018-09-16 1:05,,0.000573394,6.49E-07,1:05,6,180916,0,
2018-09-16 1:06,,0.000573394,6.49E-07,1:06,6,180916,0,
2018-09-16 1:07,,0.000573394,6.49E-07,1:07,6,180916,0,
2018-09-16 1:08,,0.000573394,6.49E-07,1:08,6,180916,0,
2018-09-16 1:09,,0.000573394,6.49E-07,1:09,6,180916,0,
2018-09-16 1:10,,0.000573394,6.49E-07,1:10,6,180916,0,
2018-09-16 1:11,,0.000573394,6.49E-07,1:11,6,180916,0,
2018-09-16 1:12,,0.000573394,6.49E-07,1:12,6,180916,0,
2018-09-16 1:13,,0.000573394,6.49E-07,1:13,6,180916,0,
2018-09-16 1:14,,0.000573394,6.49E-07,1:14,6,180916,0,
2018-09-16 1:15,,0.000573394,6.49E-07,1:15,6,180916,0,
2018-09-16 1:16,,0.000573394,6.49E-07,1:16,6,180916,0,
2018-09-16 1:17,,0.000573394,6.49E-07,1:17,6,180916,0,
2018-09-16 1:18,,0.000573394,6.49E-07,1:18,6,180916,0,
2018-09-16 1:19,,0.000573394,6.49E-07,1:19,6,180916,0,
2018-09-16 1:20,,0.000573394,6.49E-07,1:20,6,180916,0,
2018-09-16 1:21,,0.000573394,6.49E-07,1:21,6,180916,0,
2018-09-16 1:22,,0.000573394,6.49E-07,1:22,6,180916,0,
2018-09-16 1:23,,0.000573394,6.49E-07,1:23,6,180916,0,
2018-09-16 1:24,,0.000573394,6.49E-07,1:24,6,180916,0,
2018-09-16 1:25,,0.000573394,6.49E-07,1:25,6,180916,0,
2018-09-16 1:26,,0.000573394,6.49E-07,1:26,6,180916,0,
2018-09-16 1:27,,0.000573394,6.49E-07,1:27,6,180916,0,
2018-09-16 1:28,,0.000573394,6.49E-07,1:28,6,180916,0,
2018-09-16 1:29,,0.000573394,6.49E-07,1:29,6,180916,0,
2018-09-16 1:30,,0.000573394,6.49E-07,1:30,6,180916,0,
2018-09-16 1:31,,0.000573394,6.49E-07,1:31,6,180916,0,
2018-09-16 1:32,,0.000573394,6.49E-07,1:32,6,180916,0,
2018-09-16 1:33,,0.000573394,6.49E-07,1:33,6,180916,0,
2018-09-16 1:34,,0.000573394,6.49E-07,1:34,6,180916,0,
2018-09-16 1:35,,0.000573394,6.49E-07,1:35,6,180916,0,
2018-09-16 1:36,,0.000573394,6.49E-07,1:36,6,180916,0,
2018-09-16 1:37,,0.000573394,6.49E-07,1:37,6,180916,0,
2018-09-16 1:38,,0.000573394,6.49E-07,1:38,6,180916,0,
2018-09-16 1:39,,0.000573394,6.49E-07,1:39,6,180916,0,
2018-09-16 1:40,,0.000573394,6.49E-07,1:40,6,180916,0,
2018-09-16 1:41,,0.000573394,6.49E-07,1:41,6,180916,0,
2018-09-16 1:42,,0.000573394,6.49E-07,1:42,6,180916,0,
2018-09-16 1:43,,0.000573394,6.49E-07,1:43,6,180916,0,
2018-09-16 1:44,,0.000573394,6.49E-07,1:44,6,180916,0,
2018-09-16 1:45,,0.000573394,6.49E-07,1:45,6,180916,0,
2018-09-16 1:46,,0.000573394,6.49E-07,1:46,6,180916,0,
2018-09-16 1:47,,0.000573394,6.49E-07,1:47,6,180916,0,
2018-09-16 1:48,,0.000573394,6.49E-07,1:48,6,180916,0,
2018-09-16 1:49,,0.000573394,6.49E-07,1:49,6,180916,0,
2018-09-16 1:50,,0.000573394,6.49E-07,1:50,6,180916,0,
2018-09-16 1:51,,0.000573394,6.49E-07,1:51,6,180916,0,
2018-09-16 1:52,,0.000573394,6.49E-07,1:52,6,180916,0,
2018-09-16 1:53,,0.000573394,6.49E-07,1:53,6,180916,0,
2018-09-16 1:54,,0.000573394,6.49E-07,1:54,6,180916,0,
2018-09-16 1:55,,0.000573394,6.49E-07,1:55,6,180916,0,
2018-09-16 1:56,,0.000573394,6.49E-07,1:56,6,180916,0,
2018-09-16 1:57,,0.000573394,6.49E-07,1:57,6,180916,0,
2018-09-16 1:58,,0.000573394,6.49E-07,1:58,6,180916,0,
2018-09-16 1:59,,0.000573394,6.49E-07,1:59,6,180916,0,
2018-09-16 2:00,,0.000573394,6.49E-07,2:00,6,180916,0,
2018-09-16 2:01,,0.000573394,6.49E-07,2:01,6,180916,0,
2018-09-16 2:02,,0.000573394,6.49E-07,2:02,6,180916,0,
2018-09-16 2:03,,0.000573394,6.49E-07,2:03,6,180916,0,
2018-09-16 2:04,,0.000573394,6.49E-07,2:04,6,180916,0,
2018-09-16 2:05,,0.000573394,6.49E-07,2:05,6,180916,0,
2018-09-16 2:06,,0.000573394,6.49E-07,2:06,6,180916,0,
2018-09-16 2:07,,0.000573394,6.49E-07,2:07,6,180916,0,
2018-09-16 2:08,,0.000573394,6.49E-07,2:08,6,180916,0,
2018-09-16 2:09,,0.000573394,6.49E-07,2:09,6,180916,0,
2018-09-16 2:10,,0.000573394,6.49E-07,2:10,6,180916,0,
2018-09-16 2:11,,0.000573394,6.49E-07,2:11,6,180916,0,
2018-09-16 2:12,,0.000573394,6.49E-07,2:12,6,180916,0,
2018-09-16 2:13,,0.000573394,6.49E-07,2:13,6,180916,0,
2018-09-16 2:14,,0.000573394,6.49E-07,2:14,6,180916,0,
2018-09-16 2:15,,0.000573394,6.49E-07,2:15,6,180916,0,
2018-09-16 2:16,,0.000573394,6.49E-07,2:16,6,180916,0,
2018-09-16 2:17,,0.000573394,6.49E-07,2:17,6,180916,0,
2018-09-16 2:18,,0.000573394,6.49E-07,2:18,6,180916,0,
2018-09-16 2:19,,0.000573394,6.49E-07,2:19,6,180916,0,
2018-09-16 2:20,,0.000573394,6.49E-07,2:20,6,180916,0,
2018-09-16 2:21,,0.000573394,6.49E-07,2:21,6,180916,0,
2018-09-16 2:22,,0.000573394,6.49E-07,2:22,6,180916,0,
2018-09-16 2:23,,0.000573394,6.49E-07,2:23,6,180916,0,
2018-09-16 2:24,,0.000573394,6.49E-07,2:24,6,180916,0,
2018-09-16 2:25,,0.000573394,6.49E-07,2:25,6,180916,0,
2018-09-16 2:26,,0.000573394,6.49E-07,2:26,6,180916,0,
2018-09-16 2:27,,0.000573394,6.49E-07,2:27,6,180916,0,
2018-09-16 2:28,,0.000573394,6.49E-07,2:28,6,180916,0,
2018-09-16 2:29,,0.000573394,6.49E-07,2:29,6,180916,0,
2018-09-16 2:30,,0.000573394,6.49E-07,2:30,6,180916,0,
2018-09-16 2:31,,0.000573394,6.49E-07,2:31,6,180916,0,
2018-09-16 2:32,,0.000573394,6.49E-07,2:32,6,180916,0,
2018-09-16 2:33,,0.000573394,6.49E-07,2:33,6,180916,0,
2018-09-16 2:34,,0.000573394,6.49E-07,2:34,6,180916,0,
2018-09-16 2:35,,0.000573394,6.49E-07,2:35,6,180916,0,
2018-09-16 2:36,,0.000573394,6.49E-07,2:36,6,180916,0,
2018-09-16 2:37,,0.000573394,6.49E-07,2:37,6,180916,0,
2018-09-16 2:38,,0.000573394,6.49E-07,2:38,6,180916,0,
2018-09-16 2:39,,0.000573394,6.49E-07,2:39,6,180916,0,
2018-09-16 2:40,,0.000573394,6.49E-07,2:40,6,180916,0,
2018-09-16 2:41,,0.000573394,6.49E-07,2:41,6,180916,0,
2018-09-16 2:42,,0.000573394,6.49E-07,2:42,6,180916,0,
2018-09-16 2:43,,0.000573394,6.49E-07,2:43,6,180916,0,
2018-09-16 2:44,,0.000573394,6.49E-07,2:44,6,180916,0,
2018-09-16 2:45,,0.000573394,6.49E-07,2:45,6,180916,0,
2018-09-16 2:46,,0.000573394,6.49E-07,2:46,6,180916,0,
2018-09-16 2:47,,0.000573394,6.49E-07,2:47,6,180916,0,
2018-09-16 2:48,,0.000573394,6.49E-07,2:48,6,180916,0,
2018-09-16 2:49,,0.000573394,6.49E-07,2:49,6,180916,0,
2018-09-16 2:50,,0.000573394,6.49E-07,2:50,6,180916,0,
2018-09-16 2:51,,0.000573394,6.49E-07,2:51,6,180916,0,
2018-09-16 2:52,,0.000573394,6.49E-07,2:52,6,180916,0,
2018-09-16 2:53,,0.000573394,6.49E-07,2:53,6,180916,0,
2018-09-16 2:54,,0.000573394,6.49E-07,2:54,6,180916,0,
2018-09-16 2:55,,0.000573394,6.49E-07,2:55,6,180916,0,
2018-09-16 2:56,,0.000573394,6.49E-07,2:56,6,180916,0,
2018-09-16 2:57,,0.000573394,6.49E-07,2:57,6,180916,0,
2018-09-16 2:58,,0.000573394,6.49E-07,2:58,6,180916,0,
2018-09-16 2:59,,0.000573394,6.49E-07,2:59,6,180916,0,
2018-09-16 3:00,,0.000573394,6.49E-07,3:00,6,180916,0,
2018-09-16 3:01,,0.000573394,6.49E-07,3:01,6,180916,0,
2018-09-16 3:02,,0.000573394,6.49E-07,3:02,6,180916,0,
2018-09-16 3:03,,0.000573394,6.49E-07,3:03,6,180916,0,
2018-09-16 3:04,,0.000573394,6.49E-07,3:04,6,180916,0,
2018-09-16 3:05,,0.000573394,6.49E-07,3:05,6,180916,0,
2018-09-16 3:06,,0.000573394,6.49E-07,3:06,6,180916,0,
2018-09-16 3:07,,0.000573394,6.49E-07,3:07,6,180916,0,
2018-09-16 3:08,,0.000573394,6.49E-07,3:08,6,180916,0,
2018-09-16 3:09,,0.000573394,6.49E-07,3:09,6,180916,0,
2018-09-16 3:10,,0.000573394,6.49E-07,3:10,6,180916,0,
2018-09-16 3:11,,0.000573394,6.49E-07,3:11,6,180916,0,
2018-09-16 3:12,,0.000573394,6.49E-07,3:12,6,180916,0,
2018-09-16 3:13,,0.000573394,6.49E-07,3:13,6,180916,0,
2018-09-16 3:14,,0.000573394,6.49E-07,3:14,6,180916,0,
2018-09-16 3:15,,0.000573394,6.49E-07,3:15,6,180916,0,
2018-09-16 3:16,,0.000573394,6.49E-07,3:16,6,180916,0,
2018-09-16 3:17,,0.000573394,6.49E-07,3:17,6,180916,0,
2018-09-16 3:18,,0.000573394,6.49E-07,3:18,6,180916,0,
2018-09-16 3:19,,0.000573394,6.49E-07,3:19,6,180916,0,
2018-09-16 3:20,,0.000573394,6.49E-07,3:20,6,180916,0,
2018-09-16 3:21,,0.000573394,6.49E-07,3:21,6,180916,0,
2018-09-16 3:22,,0.000573394,6.49E-07,3:22,6,180916,0,
2018-09-16 3:23,,0.000573394,6.49E-07,3:23,6,180916,0,
2018-09-16 3:24,,0.000573394,6.49E-07,3:24,6,180916,0,
2018-09-16 3:25,,0.000573394,6.49E-07,3:25,6,180916,0,
2018-09-16 3:26,,0.000573394,6.49E-07,3:26,6,180916,0,
2018-09-16 3:27,,0.000573394,6.49E-07,3:27,6,180916,0,
2018-09-16 3:28,,0.000573394,6.49E-07,3:28,6,180916,0,
2018-09-16 3:29,,0.000573394,6.49E-07,3:29,6,180916,0,
2018-09-16 3:30,,0.000573394,6.49E-07,3:30,6,180916,0,
2018-09-16 3:31,,0.000573394,6.49E-07,3:31,6,180916,0,
2018-09-16 3:32,,0.000573394,6.49E-07,3:32,6,180916,0,
2018-09-16 3:33,,0.000573394,6.49E-07,3:33,6,180916,0,
2018-09-16 3:34,,0.000573394,6.49E-07,3:34,6,180916,0,
2018-09-16 3:35,,0.000573394,6.49E-07,3:35,6,180916,0,
2018-09-16 3:36,,0.000573394,6.49E-07,3:36,6,180916,0,
2018-09-16 3:37,,0.000573394,6.49E-07,3:37,6,180916,0,
2018-09-16 3:38,,0.000573394,6.49E-07,3:38,6,180916,0,
2018-09-16 3:39,,0.000573394,6.49E-07,3:39,6,180916,0,
2018-09-16 3:40,,0.000573394,6.49E-07,3:40,6,180916,0,
2018-09-16 3:41,,0.000573394,6.49E-07,3:41,6,180916,0,
2018-09-16 3:42,,0.000573394,6.49E-07,3:42,6,180916,0,
2018-09-16 3:43,,0.000573394,6.49E-07,3:43,6,180916,0,
2018-09-16 3:44,,0.000573394,6.49E-07,3:44,6,180916,0,
2018-09-16 3:45,,0.000573394,6.49E-07,3:45,6,180916,0,
2018-09-16 3:46,,0.000573394,6.49E-07,3:46,6,180916,0,
2018-09-16 3:47,,0.000573394,6.49E-07,3:47,6,180916,0,
2018-09-16 3:48,,0.000573394,6.49E-07,3:48,6,180916,0,
2018-09-16 3:49,,0.000573394,6.49E-07,3:49,6,180916,0,
2018-09-16 3:50,,0.000573394,6.49E-07,3:50,6,180916,0,
2018-09-16 3:51,,0.000573394,6.49E-07,3:51,6,180916,0,
2018-09-16 3:52,,0.000573394,6.49E-07,3:52,6,180916,0,
2018-09-16 3:53,,0.000573394,6.49E-07,3:53,6,180916,0,
2018-09-16 3:54,,0.000573394,6.49E-07,3:54,6,180916,0,
2018-09-16 3:55,,0.000573394,6.49E-07,3:55,6,180916,0,
2018-09-16 3:56,,0.000573394,6.49E-07,3:56,6,180916,0,
2018-09-16 3:57,,0.000573394,6.49E-07,3:57,6,180916,0,
2018-09-16 3:58,,0.000573394,6.49E-07,3:58,6,180916,0,
2018-09-16 3:59,,0.000573394,6.49E-07,3:59,6,180916,0,
2018-09-16 4:00,,0.000573394,6.49E-07,4:00,6,180916,0,
2018-09-16 4:01,,0.000573394,6.49E-07,4:01,6,180916,0,
2018-09-16 4:02,,0.000573394,6.49E-07,4:02,6,180916,0,
2018-09-16 4:03,,0.000573394,6.49E-07,4:03,6,180916,0,
2018-09-16 4:04,,0.000573394,6.49E-07,4:04,6,180916,0,
2018-09-16 4:05,,0.000573394,6.49E-07,4:05,6,180916,0,
2018-09-16 4:06,,0.000573394,6.49E-07,4:06,6,180916,0,
2018-09-16 4:07,,0.000573394,6.49E-07,4:07,6,180916,0,
2018-09-16 4:08,,0.000573394,6.49E-07,4:08,6,180916,0,
2018-09-16 4:09,,0.000573394,6.49E-07,4:09,6,180916,0,
2018-09-16 4:10,,0.000573394,6.49E-07,4:10,6,180916,0,
2018-09-16 4:11,,0.000573394,6.49E-07,4:11,6,180916,0,
2018-09-16 4:12,,0.000573394,6.49E-07,4:12,6,180916,0,
2018-09-16 4:13,,0.000573394,6.49E-07,4:13,6,180916,0,
2018-09-16 4:14,,0.000573394,6.49E-07,4:14,6,180916,0,
2018-09-16 4:15,,0.000573394,6.49E-07,4:15,6,180916,0,
2018-09-16 4:16,,0.000573394,6.49E-07,4:16,6,180916,0,
2018-09-16 4:17,,0.000573394,6.49E-07,4:17,6,180916,0,
2018-09-16 4:18,,0.000573394,6.49E-07,4:18,6,180916,0,
2018-09-16 4:19,,0.000573394,6.49E-07,4:19,6,180916,0,
2018-09-16 4:20,,0.000573394,6.49E-07,4:20,6,180916,0,
2018-09-16 4:21,,0.000573394,6.49E-07,4:21,6,180916,0,
2018-09-16 4:22,,0.000573394,6.49E-07,4:22,6,180916,0,
2018-09-16 4:23,,0.000573394,6.49E-07,4:23,6,180916,0,
2018-09-16 4:24,,0.000573394,6.49E-07,4:24,6,180916,0,
2018-09-16 4:25,,0.000573394,6.49E-07,4:25,6,180916,0,
2018-09-16 4:26,,0.000573394,6.49E-07,4:26,6,180916,0,
2018-09-16 4:27,,0.000573394,6.49E-07,4:27,6,180916,0,
2018-09-16 4:28,,0.000573394,6.49E-07,4:28,6,180916,0,
2018-09-16 4:29,,0.000573394,6.49E-07,4:29,6,180916,0,
2018-09-16 4:30,,0.000573394,6.49E-07,4:30,6,180916,0,
2018-09-16 4:31,,0.000573394,6.49E-07,4:31,6,180916,0,
2018-09-16 4:32,,0.000573394,6.49E-07,4:32,6,180916,0,
2018-09-16 4:33,,0.000573394,6.49E-07,4:33,6,180916,0,
2018-09-16 4:34,,0.000573394,6.49E-07,4:34,6,180916,0,
2018-09-16 4:35,,0.000573394,6.49E-07,4:35,6,180916,0,
2018-09-16 4:36,,0.000573394,6.49E-07,4:36,6,180916,0,
2018-09-16 4:37,,0.000573394,6.49E-07,4:37,6,180916,0,
2018-09-16 4:38,,0.000573394,6.49E-07,4:38,6,180916,0,
2018-09-16 4:39,,0.000573394,6.49E-07,4:39,6,180916,0,
2018-09-16 4:40,,0.000573394,6.49E-07,4:40,6,180916,0,
2018-09-16 4:41,,0.000573394,6.49E-07,4:41,6,180916,0,
2018-09-16 4:42,,0.000573394,6.49E-07,4:42,6,180916,0,
2018-09-16 4:43,,0.000573394,6.49E-07,4:43,6,180916,0,
2018-09-16 4:44,,0.000573394,6.49E-07,4:44,6,180916,0,
2018-09-16 4:45,,0.000573394,6.49E-07,4:45,6,180916,0,
2018-09-16 4:46,,0.000573394,6.49E-07,4:46,6,180916,0,
2018-09-16 4:47,,0.000573394,6.49E-07,4:47,6,180916,0,
2018-09-16 4:48,,0.000573394,6.49E-07,4:48,6,180916,0,
2018-09-16 4:49,,0.000573394,6.49E-07,4:49,6,180916,0,
2018-09-16 4:50,,0.000573394,6.49E-07,4:50,6,180916,0,
2018-09-16 4:51,,0.000573394,6.49E-07,4:51,6,180916,0,
2018-09-16 4:52,,0.000573394,6.49E-07,4:52,6,180916,0,
2018-09-16 4:53,,0.000573394,6.49E-07,4:53,6,180916,0,
2018-09-16 4:54,,0.000573394,6.49E-07,4:54,6,180916,0,
2018-09-16 4:55,,0.000573394,6.49E-07,4:55,6,180916,0,
2018-09-16 4:56,,0.000573394,6.49E-07,4:56,6,180916,0,
2018-09-16 4:57,,0.000573394,6.49E-07,4:57,6,180916,0,
2018-09-16 4:58,,0.000573394,6.49E-07,4:58,6,180916,0,
2018-09-16 4:59,,0.000573394,6.49E-07,4:59,6,180916,0,
2018-09-16 5:00,,0.000573394,6.49E-07,5:00,6,180916,0,
2018-09-16 5:01,,0.000573394,6.49E-07,5:01,6,180916,0,
2018-09-16 5:02,,0.000573394,6.49E-07,5:02,6,180916,0,
2018-09-16 5:03,,0.000573394,6.49E-07,5:03,6,180916,0,
2018-09-16 5:04,,0.000573394,6.49E-07,5:04,6,180916,0,
2018-09-16 5:05,,0.000573394,6.49E-07,5:05,6,180916,0,
2018-09-16 5:06,,0.000573394,6.49E-07,5:06,6,180916,0,
2018-09-16 5:07,,0.000573394,6.49E-07,5:07,6,180916,0,
2018-09-16 5:08,,0.000573394,6.49E-07,5:08,6,180916,0,
2018-09-16 5:09,,0.000573394,6.49E-07,5:09,6,180916,0,
2018-09-16 5:10,,0.000573394,6.49E-07,5:10,6,180916,0,
2018-09-16 5:11,,0.000573394,6.49E-07,5:11,6,180916,0,
2018-09-16 5:12,,0.000573394,6.49E-07,5:12,6,180916,0,
2018-09-16 5:13,,0.000573394,6.49E-07,5:13,6,180916,0,
2018-09-16 5:14,,0.000573394,6.49E-07,5:14,6,180916,0,
2018-09-16 5:15,,0.000573394,6.49E-07,5:15,6,180916,0,
2018-09-16 5:16,,0.000573394,6.49E-07,5:16,6,180916,0,
2018-09-16 5:17,,0.000573394,6.49E-07,5:17,6,180916,0,
2018-09-16 5:18,,0.000573394,6.49E-07,5:18,6,180916,0,
2018-09-16 5:19,,0.000573394,6.49E-07,5:19,6,180916,0,
2018-09-16 5:20,,0.000573394,6.49E-07,5:20,6,180916,0,
2018-09-16 5:21,,0.000573394,6.49E-07,5:21,6,180916,0,
2018-09-16 5:22,,0.000573394,6.49E-07,5:22,6,180916,0,
2018-09-16 5:23,,0.000573394,6.49E-07,5:23,6,180916,0,
2018-09-16 5:24,,0.000573394,6.49E-07,5:24,6,180916,0,
2018-09-16 5:25,,0.000573394,6.49E-07,5:25,6,180916,0,
2018-09-16 5:26,,0.000573394,6.49E-07,5:26,6,180916,0,
2018-09-16 5:27,,0.000573394,6.49E-07,5:27,6,180916,0,
2018-09-16 5:28,,0.000573394,6.49E-07,5:28,6,180916,0,
2018-09-16 5:29,,0.000573394,6.49E-07,5:29,6,180916,0,
2018-09-16 5:30,,0.000573394,6.49E-07,5:30,6,180916,0,
2018-09-16 5:31,,0.000573394,6.49E-07,5:31,6,180916,0,
2018-09-16 5:32,,0.000573394,6.49E-07,5:32,6,180916,0,
2018-09-16 5:33,,0.000573394,6.49E-07,5:33,6,180916,0,
2018-09-16 5:34,,0.000573394,6.49E-07,5:34,6,180916,0,
2018-09-16 5:35,,0.000573394,6.49E-07,5:35,6,180916,0,
2018-09-16 5:36,,0.000573394,6.49E-07,5:36,6,180916,0,
2018-09-16 5:37,,0.000573394,6.49E-07,5:37,6,180916,0,
2018-09-16 5:38,,0.000573394,6.49E-07,5:38,6,180916,0,
2018-09-16 5:39,,0.000573394,6.49E-07,5:39,6,180916,0,
2018-09-16 5:40,,0.000573394,6.49E-07,5:40,6,180916,0,
2018-09-16 5:41,,0.000573394,6.49E-07,5:41,6,180916,0,
2018-09-16 5:42,,0.000573394,6.49E-07,5:42,6,180916,0,
2018-09-16 5:43,,0.000573394,6.49E-07,5:43,6,180916,0,
2018-09-16 5:44,,0.000573394,6.49E-07,5:44,6,180916,0,
2018-09-16 5:45,,0.000573394,6.49E-07,5:45,6,180916,0,
2018-09-16 5:46,,0.000573394,6.49E-07,5:46,6,180916,0,
2018-09-16 5:47,,0.000573394,6.49E-07,5:47,6,180916,0,
2018-09-16 5:48,,0.000573394,6.49E-07,5:48,6,180916,0,
2018-09-16 5:49,,0.000573394,6.49E-07,5:49,6,180916,0,
2018-09-16 5:50,,0.000573394,6.49E-07,5:50,6,180916,0,
2018-09-16 5:51,,0.000573394,6.49E-07,5:51,6,180916,0,
2018-09-16 5:52,,0.000573394,6.49E-07,5:52,6,180916,0,
2018-09-16 5:53,,0.000573394,6.49E-07,5:53,6,180916,0,
2018-09-16 5:54,,0.000573394,6.49E-07,5:54,6,180916,0,
2018-09-16 5:55,,0.000573394,6.49E-07,5:55,6,180916,0,
2018-09-16 5:56,,0.000573394,6.49E-07,5:56,6,180916,0,
2018-09-16 5:57,,0.000573394,6.49E-07,5:57,6,180916,0,
2018-09-16 5:58,,0.000573394,6.49E-07,5:58,6,180916,0,
2018-09-16 5:59,,0.000573394,6.49E-07,5:59,6,180916,0,
2018-09-16 6:00,,0.000573394,6.49E-07,6:00,6,180916,0,
2018-09-16 6:01,,0.000573394,6.49E-07,6:01,6,180916,0,
2018-09-16 6:02,,0.000573394,6.49E-07,6:02,6,180916,0,
2018-09-16 6:03,,0.000573394,6.49E-07,6:03,6,180916,0,
2018-09-16 6:04,,0.000573394,6.49E-07,6:04,6,180916,0,
2018-09-16 6:05,,0.000573394,6.49E-07,6:05,6,180916,0,
2018-09-16 6:06,,0.000573394,6.49E-07,6:06,6,180916,0,
2018-09-16 6:07,,0.000573394,6.49E-07,6:07,6,180916,0,
2018-09-16 6:08,,0.000573394,6.49E-07,6:08,6,180916,0,
2018-09-16 6:09,,0.000573394,6.49E-07,6:09,6,180916,0,
2018-09-16 6:10,,0.000573394,6.49E-07,6:10,6,180916,0,
2018-09-16 6:11,,0.000573394,6.49E-07,6:11,6,180916,0,
2018-09-16 6:12,,0.000573394,6.49E-07,6:12,6,180916,0,
2018-09-16 6:13,,0.000573394,6.49E-07,6:13,6,180916,0,
2018-09-16 6:14,,0.000573394,6.49E-07,6:14,6,180916,0,
2018-09-16 6:15,,0.000573394,6.49E-07,6:15,6,180916,0,
2018-09-16 6:16,,0.000573394,6.49E-07,6:16,6,180916,0,
2018-09-16 6:17,,0.000573394,6.49E-07,6:17,6,180916,0,
2018-09-16 6:18,,0.000573394,6.49E-07,6:18,6,180916,0,
2018-09-16 6:19,,0.000573394,6.49E-07,6:19,6,180916,0,
2018-09-16 6:20,,0.000573394,6.49E-07,6:20,6,180916,0,
2018-09-16 6:21,,0.000573394,6.49E-07,6:21,6,180916,0,
2018-09-16 6:22,,0.000573394,6.49E-07,6:22,6,180916,0,
2018-09-16 6:23,,0.000573394,6.49E-07,6:23,6,180916,0,
2018-09-16 6:24,,0.000573394,6.49E-07,6:24,6,180916,0,
2018-09-16 6:25,,0.000573394,6.49E-07,6:25,6,180916,0,
2018-09-16 6:26,,0.000573394,6.49E-07,6:26,6,180916,0,
2018-09-16 6:27,,0.000573394,6.49E-07,6:27,6,180916,0,
2018-09-16 6:28,,0.000573394,6.49E-07,6:28,6,180916,0,
2018-09-16 6:29,,0.000573394,6.49E-07,6:29,6,180916,0,
2018-09-16 6:30,,0.000573394,6.49E-07,6:30,6,180916,0,
2018-09-16 6:31,,0.000573394,6.49E-07,6:31,6,180916,0,
2018-09-16 6:32,,0.000573394,6.49E-07,6:32,6,180916,0,
2018-09-16 6:33,,0.000573394,6.49E-07,6:33,6,180916,0,
2018-09-16 6:34,,0.000573394,6.49E-07,6:34,6,180916,0,
2018-09-16 6:35,,0.000573394,6.49E-07,6:35,6,180916,0,
2018-09-16 6:36,,0.000573394,6.49E-07,6:36,6,180916,0,
2018-09-16 6:37,,0.000573394,6.49E-07,6:37,6,180916,0,
2018-09-16 6:38,,0.000573394,6.49E-07,6:38,6,180916,0,
2018-09-16 6:39,,0.000573394,6.49E-07,6:39,6,180916,0,
2018-09-16 6:40,,0.000573394,6.49E-07,6:40,6,180916,0,
2018-09-16 6:41,,0.000573394,6.49E-07,6:41,6,180916,0,
2018-09-16 6:42,,0.000573394,6.49E-07,6:42,6,180916,0,
2018-09-16 6:43,,0.000573394,6.49E-07,6:43,6,180916,0,
2018-09-16 6:44,,0.000573394,6.49E-07,6:44,6,180916,0,
2018-09-16 6:45,,0.000573394,6.49E-07,6:45,6,180916,0,
2018-09-16 6:46,,0.000573394,6.49E-07,6:46,6,180916,0,
2018-09-16 6:47,,0.000573394,6.49E-07,6:47,6,180916,0,
2018-09-16 6:48,,0.000573394,6.49E-07,6:48,6,180916,0,
2018-09-16 6:49,,0.000573394,6.49E-07,6:49,6,180916,0,
2018-09-16 6:50,,0.000573394,6.49E-07,6:50,6,180916,0,
2018-09-16 6:51,,0.000573394,6.49E-07,6:51,6,180916,0,
2018-09-16 6:52,,0.000573394,6.49E-07,6:52,6,180916,0,
2018-09-16 6:53,,0.000573394,6.49E-07,6:53,6,180916,0,
2018-09-16 6:54,,0.000573394,6.49E-07,6:54,6,180916,0,
2018-09-16 6:55,,0.000573394,6.49E-07,6:55,6,180916,0,
2018-09-16 6:56,,0.000573394,6.49E-07,6:56,6,180916,0,
2018-09-16 6:57,,0.000573394,6.49E-07,6:57,6,180916,0,
2018-09-16 6:58,,0.000573394,6.49E-07,6:58,6,180916,0,
2018-09-16 6:59,,0.000573394,6.49E-07,6:59,6,180916,0,
2018-09-16 7:00,,0.000573394,6.49E-07,7:00,6,180916,0,
2018-09-16 7:01,,0.000573394,6.49E-07,7:01,6,180916,0,
2018-09-16 7:02,,0.000573394,6.49E-07,7:02,6,180916,0,
2018-09-16 7:03,,0.000573394,6.49E-07,7:03,6,180916,0,
2018-09-16 7:04,,0.000573394,6.49E-07,7:04,6,180916,0,
2018-09-16 7:05,,0.000573394,6.49E-07,7:05,6,180916,0,
2018-09-16 7:06,,0.000573394,6.49E-07,7:06,6,180916,0,
2018-09-16 7:07,,0.000573394,6.49E-07,7:07,6,180916,0,
2018-09-16 7:08,,0.000573394,6.49E-07,7:08,6,180916,0,
2018-09-16 7:09,,0.000573394,6.49E-07,7:09,6,180916,0,
2018-09-16 7:10,,0.000573394,6.49E-07,7:10,6,180916,0,
2018-09-16 7:11,,0.000573394,6.49E-07,7:11,6,180916,0,
2018-09-16 7:12,,0.000573394,6.49E-07,7:12,6,180916,0,
2018-09-16 7:13,,0.000573394,6.49E-07,7:13,6,180916,0,
2018-09-16 7:14,,0.000573394,6.49E-07,7:14,6,180916,0,
2018-09-16 7:15,,0.000573394,6.49E-07,7:15,6,180916,0,
2018-09-16 7:16,,0.000573394,6.49E-07,7:16,6,180916,0,
2018-09-16 7:17,,0.000573394,6.49E-07,7:17,6,180916,0,
2018-09-16 7:18,,0.000573394,6.49E-07,7:18,6,180916,0,
2018-09-16 7:19,,0.000573394,6.49E-07,7:19,6,180916,0,
2018-09-16 7:20,,0.000573394,6.49E-07,7:20,6,180916,0,
2018-09-16 7:21,,0.000573394,6.49E-07,7:21,6,180916,0,
2018-09-16 7:22,,0.000573394,6.49E-07,7:22,6,180916,0,
2018-09-16 7:23,,0.000573394,6.49E-07,7:23,6,180916,0,
2018-09-16 7:24,,0.000573394,6.49E-07,7:24,6,180916,0,
2018-09-16 7:25,,0.000573394,6.49E-07,7:25,6,180916,0,
2018-09-16 7:26,,0.000573394,6.49E-07,7:26,6,180916,0,
2018-09-16 7:27,,0.000573394,6.49E-07,7:27,6,180916,0,
2018-09-16 7:28,,0.000573394,6.49E-07,7:28,6,180916,0,
2018-09-16 7:29,,0.000573394,6.49E-07,7:29,6,180916,0,
2018-09-16 7:30,,0.000573394,6.49E-07,7:30,6,180916,0,
2018-09-16 7:31,,0.000573394,6.49E-07,7:31,6,180916,0,
2018-09-16 7:32,,0.000573394,6.49E-07,7:32,6,180916,0,
2018-09-16 7:33,,0.000573394,6.49E-07,7:33,6,180916,0,
2018-09-16 7:34,,0.000573394,6.49E-07,7:34,6,180916,0,
2018-09-16 7:35,,0.000573394,6.49E-07,7:35,6,180916,0,
2018-09-16 7:36,,0.000573394,6.49E-07,7:36,6,180916,0,
2018-09-16 7:37,,0.000573394,6.49E-07,7:37,6,180916,0,
2018-09-16 7:38,,0.000573394,6.49E-07,7:38,6,180916,0,
2018-09-16 7:39,,0.000573394,6.49E-07,7:39,6,180916,0,
2018-09-16 7:40,,0.000573394,6.49E-07,7:40,6,180916,0,
2018-09-16 7:41,,0.000573394,6.49E-07,7:41,6,180916,0,
2018-09-16 7:42,,0.000573394,6.49E-07,7:42,6,180916,0,
2018-09-16 7:43,,0.000573394,6.49E-07,7:43,6,180916,0,
2018-09-16 7:44,,0.000573394,6.49E-07,7:44,6,180916,0,
2018-09-16 7:45,,0.000573394,6.49E-07,7:45,6,180916,0,
2018-09-16 7:46,,0.000573394,6.49E-07,7:46,6,180916,0,
2018-09-16 7:47,,0.000573394,6.49E-07,7:47,6,180916,0,
2018-09-16 7:48,,0.000573394,6.49E-07,7:48,6,180916,0,
2018-09-16 7:49,,0.000573394,6.49E-07,7:49,6,180916,0,
2018-09-16 7:50,,0.000573394,6.49E-07,7:50,6,180916,0,
2018-09-16 7:51,,0.000573394,6.49E-07,7:51,6,180916,0,
2018-09-16 7:52,,0.000573394,6.49E-07,7:52,6,180916,0,
2018-09-16 7:53,,0.000573394,6.49E-07,7:53,6,180916,0,
2018-09-16 7:54,,0.000573394,6.49E-07,7:54,6,180916,0,
2018-09-16 7:55,,0.000573394,6.49E-07,7:55,6,180916,0,
2018-09-16 7:56,,0.000573394,6.49E-07,7:56,6,180916,0,
2018-09-16 7:57,,0.000573394,6.49E-07,7:57,6,180916,0,
2018-09-16 7:58,,0.000573394,6.49E-07,7:58,6,180916,0,
2018-09-16 7:59,,0.000573394,6.49E-07,7:59,6,180916,0,
2018-09-16 8:00,,0.000573394,6.49E-07,8:00,6,180916,0,
2018-09-16 8:01,,0.000573394,6.49E-07,8:01,6,180916,0,
2018-09-16 8:02,,0.000573394,6.49E-07,8:02,6,180916,0,
2018-09-16 8:03,,0.000573394,6.49E-07,8:03,6,180916,0,
2018-09-16 8:04,,0.000573394,6.49E-07,8:04,6,180916,0,
2018-09-16 8:05,,0.000573394,6.49E-07,8:05,6,180916,0,
2018-09-16 8:06,,0.000573394,6.49E-07,8:06,6,180916,0,
2018-09-16 8:07,,0.000573394,6.49E-07,8:07,6,180916,0,
2018-09-16 8:08,,0.000573394,6.49E-07,8:08,6,180916,0,
2018-09-16 8:09,,0.000573394,6.49E-07,8:09,6,180916,0,
2018-09-16 8:10,,0.000573394,6.49E-07,8:10,6,180916,0,
2018-09-16 8:11,,0.000573394,6.49E-07,8:11,6,180916,0,
2018-09-16 8:12,,0.000573394,6.49E-07,8:12,6,180916,0,
2018-09-16 8:13,,0.000573394,6.49E-07,8:13,6,180916,0,
2018-09-16 8:14,,0.000573394,6.49E-07,8:14,6,180916,0,
2018-09-16 8:15,,0.000573394,6.49E-07,8:15,6,180916,0,
2018-09-16 8:16,,0.000573394,6.49E-07,8:16,6,180916,0,
2018-09-16 8:17,,0.000573394,6.49E-07,8:17,6,180916,0,
2018-09-16 8:18,,0.000573394,6.49E-07,8:18,6,180916,0,
2018-09-16 8:19,,0.000573394,6.49E-07,8:19,6,180916,0,
2018-09-16 8:20,,0.000573394,6.49E-07,8:20,6,180916,0,
2018-09-16 8:21,,0.000573394,6.49E-07,8:21,6,180916,0,
2018-09-16 8:22,,0.000573394,6.49E-07,8:22,6,180916,0,
2018-09-16 8:23,,0.000573394,6.49E-07,8:23,6,180916,0,
2018-09-16 8:24,,0.000573394,6.49E-07,8:24,6,180916,0,
2018-09-16 8:25,,0.000573394,6.49E-07,8:25,6,180916,0,
2018-09-16 8:26,,0.000573394,6.49E-07,8:26,6,180916,0,
2018-09-16 8:27,,0.000573394,6.49E-07,8:27,6,180916,0,
2018-09-16 8:28,,0.000573394,6.49E-07,8:28,6,180916,0,
2018-09-16 8:29,,0.000573394,6.49E-07,8:29,6,180916,0,
2018-09-16 8:30,,0.000573394,6.49E-07,8:30,6,180916,0,
2018-09-16 8:31,,0.000573394,6.49E-07,8:31,6,180916,0,
2018-09-16 8:32,,0.000573394,6.49E-07,8:32,6,180916,0,
2018-09-16 8:33,,0.000573394,6.49E-07,8:33,6,180916,0,
2018-09-16 8:34,,0.000573394,6.49E-07,8:34,6,180916,0,
2018-09-16 8:35,,0.000573394,6.49E-07,8:35,6,180916,0,
2018-09-16 8:36,,0.000573394,6.49E-07,8:36,6,180916,0,
2018-09-16 8:37,,0.000573394,6.49E-07,8:37,6,180916,0,
2018-09-16 8:38,,0.000573394,6.49E-07,8:38,6,180916,0,
2018-09-16 8:39,,0.000573394,6.49E-07,8:39,6,180916,0,
2018-09-16 8:40,,0.000573394,6.49E-07,8:40,6,180916,0,
2018-09-16 8:41,,0.000573394,6.49E-07,8:41,6,180916,0,
2018-09-16 8:42,,0.000573394,6.49E-07,8:42,6,180916,0,
2018-09-16 8:43,,0.000573394,6.49E-07,8:43,6,180916,0,
2018-09-16 8:44,,0.000573394,6.49E-07,8:44,6,180916,0,
2018-09-16 8:45,,0.000573394,6.49E-07,8:45,6,180916,0,
2018-09-16 8:46,,0.000573394,6.49E-07,8:46,6,180916,0,
2018-09-16 8:47,,0.000573394,6.49E-07,8:47,6,180916,0,
2018-09-16 8:48,,0.000573394,6.49E-07,8:48,6,180916,0,
2018-09-16 8:49,,0.000573394,6.49E-07,8:49,6,180916,0,
2018-09-16 8:50,,0.000573394,6.49E-07,8:50,6,180916,0,
2018-09-16 8:51,,0.000573394,6.49E-07,8:51,6,180916,0,
2018-09-16 8:52,,0.000573394,6.49E-07,8:52,6,180916,0,
2018-09-16 8:53,,0.000573394,6.49E-07,8:53,6,180916,0,
2018-09-16 8:54,,0.000573394,6.49E-07,8:54,6,180916,0,
2018-09-16 8:55,,0.000573394,6.49E-07,8:55,6,180916,0,
2018-09-16 8:56,,0.000573394,6.49E-07,8:56,6,180916,0,
2018-09-16 8:57,,0.000573394,6.49E-07,8:57,6,180916,0,
2018-09-16 8:58,,0.000573394,6.49E-07,8:58,6,180916,0,
2018-09-16 8:59,,0.000573394,6.49E-07,8:59,6,180916,0,
2018-09-16 9:00,,0.000573394,6.49E-07,9:00,6,180916,0,
2018-09-16 9:01,,0.000573394,6.49E-07,9:01,6,180916,0,
2018-09-16 9:02,,0.000573394,6.49E-07,9:02,6,180916,0,
2018-09-16 9:03,,0.000573394,6.49E-07,9:03,6,180916,0,
2018-09-16 9:04,,0.000573394,6.49E-07,9:04,6,180916,0,
2018-09-16 9:05,,0.000573394,6.49E-07,9:05,6,180916,0,
2018-09-16 9:06,,0.000573394,6.49E-07,9:06,6,180916,0,
2018-09-16 9:07,,0.000573394,6.49E-07,9:07,6,180916,0,
2018-09-16 9:08,,0.000573394,6.49E-07,9:08,6,180916,0,
2018-09-16 9:09,,0.000573394,6.49E-07,9:09,6,180916,0,
2018-09-16 9:10,,0.000573394,6.49E-07,9:10,6,180916,0,
2018-09-16 9:11,,0.000573394,6.49E-07,9:11,6,180916,0,
2018-09-16 9:12,,0.000573394,6.49E-07,9:12,6,180916,0,
2018-09-16 9:13,,0.000573394,6.49E-07,9:13,6,180916,0,
2018-09-16 9:14,,0.000573394,6.49E-07,9:14,6,180916,0,
2018-09-16 9:15,,0.000573394,6.49E-07,9:15,6,180916,0,
2018-09-16 9:16,,0.000573394,6.49E-07,9:16,6,180916,0,
2018-09-16 9:17,,0.000573394,6.49E-07,9:17,6,180916,0,
2018-09-16 9:18,,0.000573394,6.49E-07,9:18,6,180916,0,
2018-09-16 9:19,,0.000573394,6.49E-07,9:19,6,180916,0,
2018-09-16 9:20,,0.000573394,6.49E-07,9:20,6,180916,0,
2018-09-16 9:21,,0.000573394,6.49E-07,9:21,6,180916,0,
2018-09-16 9:22,,0.000573394,6.49E-07,9:22,6,180916,0,
2018-09-16 9:23,,0.000573394,6.49E-07,9:23,6,180916,0,
2018-09-16 9:24,,0.000573394,6.49E-07,9:24,6,180916,0,
2018-09-16 9:25,,0.000573394,6.49E-07,9:25,6,180916,0,
2018-09-16 9:26,,0.000573394,6.49E-07,9:26,6,180916,0,
2018-09-16 9:27,,0.000573394,6.49E-07,9:27,6,180916,0,
2018-09-16 9:28,,0.000573394,6.49E-07,9:28,6,180916,0,
2018-09-16 9:29,,0.000573394,6.49E-07,9:29,6,180916,0,
2018-09-16 9:30,,0.000573394,6.49E-07,9:30,6,180916,0,
2018-09-16 9:31,,0.000573394,6.49E-07,9:31,6,180916,0,
2018-09-16 9:32,,0.000573394,6.49E-07,9:32,6,180916,0,
2018-09-16 9:33,,0.000573394,6.49E-07,9:33,6,180916,0,
2018-09-16 9:34,,0.000573394,6.49E-07,9:34,6,180916,0,
2018-09-16 9:35,,0.000573394,6.49E-07,9:35,6,180916,0,
2018-09-16 9:36,,0.000573394,6.49E-07,9:36,6,180916,0,
2018-09-16 9:37,,0.000573394,6.49E-07,9:37,6,180916,0,
2018-09-16 9:38,,0.000573394,6.49E-07,9:38,6,180916,0,
2018-09-16 9:39,,0.000573394,6.49E-07,9:39,6,180916,0,
2018-09-16 9:40,,0.000573394,6.49E-07,9:40,6,180916,0,
2018-09-16 9:41,,0.000573394,6.49E-07,9:41,6,180916,0,
2018-09-16 9:42,,0.000573394,6.49E-07,9:42,6,180916,0,
2018-09-16 9:43,,0.000573394,6.49E-07,9:43,6,180916,0,
2018-09-16 9:44,,0.000573394,6.49E-07,9:44,6,180916,0,
2018-09-16 9:45,,0.000573394,6.49E-07,9:45,6,180916,0,
2018-09-16 9:46,,0.000573394,6.49E-07,9:46,6,180916,0,
2018-09-16 9:47,,0.000573394,6.49E-07,9:47,6,180916,0,
2018-09-16 9:48,,0.000573394,6.49E-07,9:48,6,180916,0,
2018-09-16 9:49,,0.000573394,6.49E-07,9:49,6,180916,0,
2018-09-16 9:50,,0.000573394,6.49E-07,9:50,6,180916,0,
2018-09-16 9:51,,0.000573394,6.49E-07,9:51,6,180916,0,
2018-09-16 9:52,,0.000573394,6.49E-07,9:52,6,180916,0,
2018-09-16 9:53,,0.000573394,6.49E-07,9:53,6,180916,0,
2018-09-16 9:54,,0.000573394,6.49E-07,9:54,6,180916,0,
2018-09-16 9:55,,0.000573394,6.49E-07,9:55,6,180916,0,
2018-09-16 9:56,,0.000573394,6.49E-07,9:56,6,180916,0,
2018-09-16 9:57,,0.000573394,6.49E-07,9:57,6,180916,0,
2018-09-16 9:58,,0.000573394,6.49E-07,9:58,6,180916,0,
2018-09-16 9:59,,0.000573394,6.49E-07,9:59,6,180916,0,
2018-09-16 10:00,,0.000573394,6.49E-07,10:00,6,180916,0,
2018-09-16 10:01,,0.000573394,6.49E-07,10:01,6,180916,0,
2018-09-16 10:02,,0.000573394,6.49E-07,10:02,6,180916,0,
2018-09-16 10:03,,0.000573394,6.49E-07,10:03,6,180916,0,
2018-09-16 10:04,,0.000573394,6.49E-07,10:04,6,180916,0,
2018-09-16 10:05,,0.000573394,6.49E-07,10:05,6,180916,0,
2018-09-16 10:06,,0.000573394,6.49E-07,10:06,6,180916,0,
2018-09-16 10:07,,0.000573394,6.49E-07,10:07,6,180916,0,
2018-09-16 10:08,,0.000573394,6.49E-07,10:08,6,180916,0,
2018-09-16 10:09,,0.000573394,6.49E-07,10:09,6,180916,0,
2018-09-16 10:10,,0.000573394,6.49E-07,10:10,6,180916,0,
2018-09-16 10:11,,0.000573394,6.49E-07,10:11,6,180916,0,
2018-09-16 10:12,,0.000573394,6.49E-07,10:12,6,180916,0,
2018-09-16 10:13,,0.000573394,6.49E-07,10:13,6,180916,0,
2018-09-16 10:14,,0.000573394,6.49E-07,10:14,6,180916,0,
2018-09-16 10:15,,0.000573394,6.49E-07,10:15,6,180916,0,
2018-09-16 10:16,,0.000573394,6.49E-07,10:16,6,180916,0,
2018-09-16 10:17,,0.000573394,6.49E-07,10:17,6,180916,0,
2018-09-16 10:18,,0.000573394,6.49E-07,10:18,6,180916,0,
2018-09-16 10:19,,0.000573394,6.49E-07,10:19,6,180916,0,
2018-09-16 10:20,,0.000573394,6.49E-07,10:20,6,180916,0,
2018-09-16 10:21,,0.000573394,6.49E-07,10:21,6,180916,0,
2018-09-16 10:22,,0.000573394,6.49E-07,10:22,6,180916,0,
2018-09-16 10:23,,0.000573394,6.49E-07,10:23,6,180916,0,
2018-09-16 10:24,,0.000573394,6.49E-07,10:24,6,180916,0,
2018-09-16 10:25,,0.000573394,6.49E-07,10:25,6,180916,0,
2018-09-16 10:26,,0.000573394,6.49E-07,10:26,6,180916,0,
2018-09-16 10:27,,0.000573394,6.49E-07,10:27,6,180916,0,
2018-09-16 10:28,,0.000573394,6.49E-07,10:28,6,180916,0,
2018-09-16 10:29,,0.000573394,6.49E-07,10:29,6,180916,0,
2018-09-16 10:30,,0.000573394,6.49E-07,10:30,6,180916,0,
2018-09-16 10:31,,0.000573394,6.49E-07,10:31,6,180916,0,
2018-09-16 10:32,,0.000573394,6.49E-07,10:32,6,180916,0,
2018-09-16 10:33,,0.000573394,6.49E-07,10:33,6,180916,0,
2018-09-16 10:34,,0.000573394,6.49E-07,10:34,6,180916,0,
2018-09-16 10:35,,0.000573394,6.49E-07,10:35,6,180916,0,
2018-09-16 10:36,,0.000573394,6.49E-07,10:36,6,180916,0,
2018-09-16 10:37,,0.000573394,6.49E-07,10:37,6,180916,0,
2018-09-16 10:38,,0.000573394,6.49E-07,10:38,6,180916,0,
2018-09-16 10:39,,0.000573394,6.49E-07,10:39,6,180916,0,
2018-09-16 10:40,,0.000573394,6.49E-07,10:40,6,180916,0,
2018-09-16 10:41,,0.000573394,6.49E-07,10:41,6,180916,0,
2018-09-16 10:42,,0.000573394,6.49E-07,10:42,6,180916,0,
2018-09-16 10:43,,0.000573394,6.49E-07,10:43,6,180916,0,
2018-09-16 10:44,,0.000573394,6.49E-07,10:44,6,180916,0,
2018-09-16 10:45,,0.000573394,6.49E-07,10:45,6,180916,0,
2018-09-16 10:46,,0.000573394,6.49E-07,10:46,6,180916,0,
2018-09-16 10:47,,0.000573394,6.49E-07,10:47,6,180916,0,
2018-09-16 10:48,,0.000573394,6.49E-07,10:48,6,180916,0,
2018-09-16 10:49,,0.000573394,6.49E-07,10:49,6,180916,0,
2018-09-16 10:50,,0.000573394,6.49E-07,10:50,6,180916,0,
2018-09-16 10:51,,0.000573394,6.49E-07,10:51,6,180916,0,
2018-09-16 10:52,,0.000573394,6.49E-07,10:52,6,180916,0,
2018-09-16 10:53,,0.000573394,6.49E-07,10:53,6,180916,0,
2018-09-16 10:54,,0.000573394,6.49E-07,10:54,6,180916,0,
2018-09-16 10:55,,0.000573394,6.49E-07,10:55,6,180916,0,
2018-09-16 10:56,,0.000573394,6.49E-07,10:56,6,180916,0,
2018-09-16 10:57,,0.000573394,6.49E-07,10:57,6,180916,0,
2018-09-16 10:58,,0.000573394,6.49E-07,10:58,6,180916,0,
2018-09-16 10:59,,0.000573394,6.49E-07,10:59,6,180916,0,
2018-09-16 11:00,,0.000573394,6.49E-07,11:00,6,180916,0,
2018-09-16 11:01,,0.000573394,6.49E-07,11:01,6,180916,0,
2018-09-16 11:02,,0.000573394,6.49E-07,11:02,6,180916,0,
2018-09-16 11:03,,0.000573394,6.49E-07,11:03,6,180916,0,
2018-09-16 11:04,,0.000573394,6.49E-07,11:04,6,180916,0,
2018-09-16 11:05,,0.000573394,6.49E-07,11:05,6,180916,0,
2018-09-16 11:06,,0.000573394,6.49E-07,11:06,6,180916,0,
2018-09-16 11:07,,0.000573394,6.49E-07,11:07,6,180916,0,
2018-09-16 11:08,,0.000573394,6.49E-07,11:08,6,180916,0,
2018-09-16 11:09,,0.000573394,6.49E-07,11:09,6,180916,0,
2018-09-16 11:10,,0.000573394,6.49E-07,11:10,6,180916,0,
2018-09-16 11:11,,0.000573394,6.49E-07,11:11,6,180916,0,
2018-09-16 11:12,,0.000573394,6.49E-07,11:12,6,180916,0,
2018-09-16 11:13,,0.000573394,6.49E-07,11:13,6,180916,0,
2018-09-16 11:14,,0.000573394,6.49E-07,11:14,6,180916,0,
2018-09-16 11:15,,0.000573394,6.49E-07,11:15,6,180916,0,
2018-09-16 11:16,,0.000573394,6.49E-07,11:16,6,180916,0,
2018-09-16 11:17,,0.000573394,6.49E-07,11:17,6,180916,0,
2018-09-16 11:18,,0.000573394,6.49E-07,11:18,6,180916,0,
2018-09-16 11:19,,0.000573394,6.49E-07,11:19,6,180916,0,
2018-09-16 11:20,,0.000573394,6.49E-07,11:20,6,180916,0,
2018-09-16 11:21,,0.000573394,6.49E-07,11:21,6,180916,0,
2018-09-16 11:22,,0.000573394,6.49E-07,11:22,6,180916,0,
2018-09-16 11:23,,0.000573394,6.49E-07,11:23,6,180916,0,
2018-09-16 11:24,,0.000573394,6.49E-07,11:24,6,180916,0,
2018-09-16 11:25,,0.000573394,6.49E-07,11:25,6,180916,0,
2018-09-16 11:26,,0.000573394,6.49E-07,11:26,6,180916,0,
2018-09-16 11:27,,0.000573394,6.49E-07,11:27,6,180916,0,
2018-09-16 11:28,,0.000573394,6.49E-07,11:28,6,180916,0,
2018-09-16 11:29,,0.000573394,6.49E-07,11:29,6,180916,0,
2018-09-16 11:30,,0.000573394,6.49E-07,11:30,6,180916,0,
2018-09-16 11:31,,0.000573394,6.49E-07,11:31,6,180916,0,
2018-09-16 11:32,,0.000573394,6.49E-07,11:32,6,180916,0,
2018-09-16 11:33,,0.000573394,6.49E-07,11:33,6,180916,0,
2018-09-16 11:34,,0.000573394,6.49E-07,11:34,6,180916,0,
2018-09-16 11:35,,0.000573394,6.49E-07,11:35,6,180916,0,
2018-09-16 11:36,,0.000573394,6.49E-07,11:36,6,180916,0,
2018-09-16 11:37,,0.000573394,6.49E-07,11:37,6,180916,0,
2018-09-16 11:38,,0.000573394,6.49E-07,11:38,6,180916,0,
2018-09-16 11:39,,0.000573394,6.49E-07,11:39,6,180916,0,
2018-09-16 11:40,,0.000573394,6.49E-07,11:40,6,180916,0,
2018-09-16 11:41,,0.000573394,6.49E-07,11:41,6,180916,0,
2018-09-16 11:42,,0.000573394,6.49E-07,11:42,6,180916,0,
2018-09-16 11:43,,0.000573394,6.49E-07,11:43,6,180916,0,
2018-09-16 11:44,,0.000573394,6.49E-07,11:44,6,180916,0,
2018-09-16 11:45,,0.000573394,6.49E-07,11:45,6,180916,0,
2018-09-16 11:46,,0.000573394,6.49E-07,11:46,6,180916,0,
2018-09-16 11:47,,0.000573394,6.49E-07,11:47,6,180916,0,
2018-09-16 11:48,,0.000573394,6.49E-07,11:48,6,180916,0,
2018-09-16 11:49,,0.000573394,6.49E-07,11:49,6,180916,0,
2018-09-16 11:50,,0.000573394,6.49E-07,11:50,6,180916,0,
2018-09-16 11:51,,0.000573394,6.49E-07,11:51,6,180916,0,
2018-09-16 11:52,,0.000573394,6.49E-07,11:52,6,180916,0,
2018-09-16 11:53,,0.000573394,6.49E-07,11:53,6,180916,0,
2018-09-16 11:54,,0.000573394,6.49E-07,11:54,6,180916,0,
2018-09-16 11:55,,0.000573394,6.49E-07,11:55,6,180916,0,
2018-09-16 11:56,,0.000573394,6.49E-07,11:56,6,180916,0,
2018-09-16 11:57,,0.000573394,6.49E-07,11:57,6,180916,0,
2018-09-16 11:58,,0.000573394,6.49E-07,11:58,6,180916,0,
2018-09-16 11:59,,0.000573394,6.49E-07,11:59,6,180916,0,
2018-09-16 12:00,,0.000573394,6.49E-07,12:00,6,180916,0,
2018-09-16 12:01,,0.000573394,6.49E-07,12:01,6,180916,0,
2018-09-16 12:02,,0.000573394,6.49E-07,12:02,6,180916,0,
2018-09-16 12:03,,0.000573394,6.49E-07,12:03,6,180916,0,
2018-09-16 12:04,,0.000573394,6.49E-07,12:04,6,180916,0,
2018-09-16 12:05,,0.000573394,6.49E-07,12:05,6,180916,0,
2018-09-16 12:06,,0.000573394,6.49E-07,12:06,6,180916,0,
2018-09-16 12:07,,0.000573394,6.49E-07,12:07,6,180916,0,
2018-09-16 12:08,,0.000573394,6.49E-07,12:08,6,180916,0,
2018-09-16 12:09,,0.000573394,6.49E-07,12:09,6,180916,0,
2018-09-16 12:10,,0.000573394,6.49E-07,12:10,6,180916,0,
2018-09-16 12:11,,0.000573394,6.49E-07,12:11,6,180916,0,
2018-09-16 12:12,,0.000573394,6.49E-07,12:12,6,180916,0,
2018-09-16 12:13,,0.000573394,6.49E-07,12:13,6,180916,0,
2018-09-16 12:14,,0.000573394,6.49E-07,12:14,6,180916,0,
2018-09-16 12:15,,0.000573394,6.49E-07,12:15,6,180916,0,
2018-09-16 12:16,,0.000573394,6.49E-07,12:16,6,180916,0,
2018-09-16 12:17,,0.000573394,6.49E-07,12:17,6,180916,0,
2018-09-16 12:18,,0.000573394,6.49E-07,12:18,6,180916,0,
2018-09-16 12:19,,0.000573394,6.49E-07,12:19,6,180916,0,
2018-09-16 12:20,,0.000573394,6.49E-07,12:20,6,180916,0,
2018-09-16 12:21,,0.000573394,6.49E-07,12:21,6,180916,0,
2018-09-16 12:22,,0.000573394,6.49E-07,12:22,6,180916,0,
2018-09-16 12:23,,0.000573394,6.49E-07,12:23,6,180916,0,
2018-09-16 12:24,,0.000573394,6.49E-07,12:24,6,180916,0,
2018-09-16 12:25,,0.000573394,6.49E-07,12:25,6,180916,0,
2018-09-16 12:26,,0.000573394,6.49E-07,12:26,6,180916,0,
2018-09-16 12:27,,0.000573394,6.49E-07,12:27,6,180916,0,
2018-09-16 12:28,,0.000573394,6.49E-07,12:28,6,180916,0,
2018-09-16 12:29,,0.000573394,6.49E-07,12:29,6,180916,0,
2018-09-16 12:30,,0.000573394,6.49E-07,12:30,6,180916,0,
2018-09-16 12:31,,0.000573394,6.49E-07,12:31,6,180916,0,
2018-09-16 12:32,,0.000573394,6.49E-07,12:32,6,180916,0,
2018-09-16 12:33,,0.000573394,6.49E-07,12:33,6,180916,0,
2018-09-16 12:34,,0.000573394,6.49E-07,12:34,6,180916,0,
2018-09-16 12:35,,0.000573394,6.49E-07,12:35,6,180916,0,
2018-09-16 12:36,,0.000573394,6.49E-07,12:36,6,180916,0,
2018-09-16 12:37,,0.000573394,6.49E-07,12:37,6,180916,0,
2018-09-16 12:38,,0.000573394,6.49E-07,12:38,6,180916,0,
2018-09-16 12:39,,0.000573394,6.49E-07,12:39,6,180916,0,
2018-09-16 12:40,,0.000573394,6.49E-07,12:40,6,180916,0,
2018-09-16 12:41,,0.000573394,6.49E-07,12:41,6,180916,0,
2018-09-16 12:42,,0.000573394,6.49E-07,12:42,6,180916,0,
2018-09-16 12:43,,0.000573394,6.49E-07,12:43,6,180916,0,
2018-09-16 12:44,,0.000573394,6.49E-07,12:44,6,180916,0,
2018-09-16 12:45,,0.000573394,6.49E-07,12:45,6,180916,0,
2018-09-16 12:46,,0.000573394,6.49E-07,12:46,6,180916,0,
2018-09-16 12:47,,0.000573394,6.49E-07,12:47,6,180916,0,
2018-09-16 12:48,,0.000573394,6.49E-07,12:48,6,180916,0,
2018-09-16 12:49,,0.000573394,6.49E-07,12:49,6,180916,0,
2018-09-16 12:50,,0.000573394,6.49E-07,12:50,6,180916,0,
2018-09-16 12:51,,0.000573394,6.49E-07,12:51,6,180916,0,
2018-09-16 12:52,,0.000573394,6.49E-07,12:52,6,180916,0,
2018-09-16 12:53,,0.000573394,6.49E-07,12:53,6,180916,0,
2018-09-16 12:54,,0.000573394,6.49E-07,12:54,6,180916,0,
2018-09-16 12:55,,0.000573394,6.49E-07,12:55,6,180916,0,
2018-09-16 12:56,,0.000573394,6.49E-07,12:56,6,180916,0,
2018-09-16 12:57,,0.000573394,6.49E-07,12:57,6,180916,0,
2018-09-16 12:58,,0.000573394,6.49E-07,12:58,6,180916,0,
2018-09-16 12:59,,0.000573394,6.49E-07,12:59,6,180916,0,
2018-09-16 13:00,,0.000573394,6.49E-07,13:00,6,180916,0,
2018-09-16 13:01,,0.000573394,6.49E-07,13:01,6,180916,0,
2018-09-16 13:02,,0.000573394,6.49E-07,13:02,6,180916,0,
2018-09-16 13:03,,0.000573394,6.49E-07,13:03,6,180916,0,
2018-09-16 13:04,,0.000573394,6.49E-07,13:04,6,180916,0,
2018-09-16 13:05,,0.000573394,6.49E-07,13:05,6,180916,0,
2018-09-16 13:06,,0.000573394,6.49E-07,13:06,6,180916,0,
2018-09-16 13:07,,0.000573394,6.49E-07,13:07,6,180916,0,
2018-09-16 13:08,,0.000573394,6.49E-07,13:08,6,180916,0,
2018-09-16 13:09,,0.000573394,6.49E-07,13:09,6,180916,0,
2018-09-16 13:10,,0.000573394,6.49E-07,13:10,6,180916,0,
2018-09-16 13:11,,0.000573394,6.49E-07,13:11,6,180916,0,
2018-09-16 13:12,,0.000573394,6.49E-07,13:12,6,180916,0,
2018-09-16 13:13,,0.000573394,6.49E-07,13:13,6,180916,0,
2018-09-16 13:14,,0.000573394,6.49E-07,13:14,6,180916,0,
2018-09-16 13:15,,0.000573394,6.49E-07,13:15,6,180916,0,
2018-09-16 13:16,,0.000573394,6.49E-07,13:16,6,180916,0,
2018-09-16 13:17,,0.000573394,6.49E-07,13:17,6,180916,0,
2018-09-16 13:18,,0.000573394,6.49E-07,13:18,6,180916,0,
2018-09-16 13:19,,0.000573394,6.49E-07,13:19,6,180916,0,
2018-09-16 13:20,,0.000573394,6.49E-07,13:20,6,180916,0,
2018-09-16 13:21,,0.000573394,6.49E-07,13:21,6,180916,0,
2018-09-16 13:22,,0.000573394,6.49E-07,13:22,6,180916,0,
2018-09-16 13:23,,0.000573394,6.49E-07,13:23,6,180916,0,
2018-09-16 13:24,,0.000573394,6.49E-07,13:24,6,180916,0,
2018-09-16 13:25,,0.000573394,6.49E-07,13:25,6,180916,0,
2018-09-16 13:26,,0.000573394,6.49E-07,13:26,6,180916,0,
2018-09-16 13:27,,0.000573394,6.49E-07,13:27,6,180916,0,
2018-09-16 13:28,,0.000573394,6.49E-07,13:28,6,180916,0,
2018-09-16 13:29,,0.000573394,6.49E-07,13:29,6,180916,0,
2018-09-16 13:30,,0.000573394,6.49E-07,13:30,6,180916,0,
2018-09-16 13:31,,0.000573394,6.49E-07,13:31,6,180916,0,
2018-09-16 13:32,,0.000573394,6.49E-07,13:32,6,180916,0,
2018-09-16 13:33,,0.000573394,6.49E-07,13:33,6,180916,0,
2018-09-16 13:34,,0.000573394,6.49E-07,13:34,6,180916,0,
2018-09-16 13:35,,0.000573394,6.49E-07,13:35,6,180916,0,
2018-09-16 13:36,,0.000573394,6.49E-07,13:36,6,180916,0,
2018-09-16 13:37,,0.000573394,6.49E-07,13:37,6,180916,0,
2018-09-16 13:38,,0.000573394,6.49E-07,13:38,6,180916,0,
2018-09-16 13:39,,0.000573394,6.49E-07,13:39,6,180916,0,
2018-09-16 13:40,,0.000573394,6.49E-07,13:40,6,180916,0,
2018-09-16 13:41,,0.000573394,6.49E-07,13:41,6,180916,0,
2018-09-16 13:42,,0.000573394,6.49E-07,13:42,6,180916,0,
2018-09-16 13:43,,0.000573394,6.49E-07,13:43,6,180916,0,
2018-09-16 13:44,,0.000573394,6.49E-07,13:44,6,180916,0,
2018-09-16 13:45,,0.000573394,6.49E-07,13:45,6,180916,0,
2018-09-16 13:46,,0.000573394,6.49E-07,13:46,6,180916,0,
2018-09-16 13:47,,0.000573394,6.49E-07,13:47,6,180916,0,
2018-09-16 13:48,,0.000573394,6.49E-07,13:48,6,180916,0,
2018-09-16 13:49,,0.000573394,6.49E-07,13:49,6,180916,0,
2018-09-16 13:50,,0.000573394,6.49E-07,13:50,6,180916,0,
2018-09-16 13:51,,0.000573394,6.49E-07,13:51,6,180916,0,
2018-09-16 13:52,,0.000573394,6.49E-07,13:52,6,180916,0,
2018-09-16 13:53,,0.000573394,6.49E-07,13:53,6,180916,0,
2018-09-16 13:54,,0.000573394,6.49E-07,13:54,6,180916,0,
2018-09-16 13:55,,0.000573394,6.49E-07,13:55,6,180916,0,
2018-09-16 13:56,,0.000573394,6.49E-07,13:56,6,180916,0,
2018-09-16 13:57,,0.000573394,6.49E-07,13:57,6,180916,0,
2018-09-16 13:58,,0.000573394,6.49E-07,13:58,6,180916,0,
2018-09-16 13:59,,0.000573394,6.49E-07,13:59,6,180916,0,
2018-09-16 14:00,,0.000573394,6.49E-07,14:00,6,180916,0,
2018-09-16 14:01,,0.000573394,6.49E-07,14:01,6,180916,0,
2018-09-16 14:02,,0.000573394,6.49E-07,14:02,6,180916,0,
2018-09-16 14:03,,0.000573394,6.49E-07,14:03,6,180916,0,
2018-09-16 14:04,,0.000573394,6.49E-07,14:04,6,180916,0,
2018-09-16 14:05,,0.000573394,6.49E-07,14:05,6,180916,0,
2018-09-16 14:06,,0.000573394,6.49E-07,14:06,6,180916,0,
2018-09-16 14:07,,0.000573394,6.49E-07,14:07,6,180916,0,
2018-09-16 14:08,,0.000573394,6.49E-07,14:08,6,180916,0,
2018-09-16 14:09,,0.000573394,6.49E-07,14:09,6,180916,0,
2018-09-16 14:10,,0.000573394,6.49E-07,14:10,6,180916,0,
2018-09-16 14:11,,0.000573394,6.49E-07,14:11,6,180916,0,
2018-09-16 14:12,,0.000573394,6.49E-07,14:12,6,180916,0,
2018-09-16 14:13,,0.000573394,6.49E-07,14:13,6,180916,0,
2018-09-16 14:14,,0.000573394,6.49E-07,14:14,6,180916,0,
2018-09-16 14:15,,0.000573394,6.49E-07,14:15,6,180916,0,
2018-09-16 14:16,,0.000573394,6.49E-07,14:16,6,180916,0,
2018-09-16 14:17,,0.000573394,6.49E-07,14:17,6,180916,0,
2018-09-16 14:18,,0.000573394,6.49E-07,14:18,6,180916,0,
2018-09-16 14:19,,0.000573394,6.49E-07,14:19,6,180916,0,
2018-09-16 14:20,,0.000573394,6.49E-07,14:20,6,180916,0,
2018-09-16 14:21,,0.000573394,6.49E-07,14:21,6,180916,0,
2018-09-16 14:22,,0.000573394,6.49E-07,14:22,6,180916,0,
2018-09-16 14:23,,0.000573394,6.49E-07,14:23,6,180916,0,
2018-09-16 14:24,,0.000573394,6.49E-07,14:24,6,180916,0,
2018-09-16 14:25,,0.000573394,6.49E-07,14:25,6,180916,0,
2018-09-16 14:26,,0.000573394,6.49E-07,14:26,6,180916,0,
2018-09-16 14:27,,0.000573394,6.49E-07,14:27,6,180916,0,
2018-09-16 14:28,,0.000573394,6.49E-07,14:28,6,180916,0,
2018-09-16 14:29,,0.000573394,6.49E-07,14:29,6,180916,0,
2018-09-16 14:30,,0.000573394,6.49E-07,14:30,6,180916,0,
2018-09-16 14:31,,0.000573394,6.49E-07,14:31,6,180916,0,
2018-09-16 14:32,,0.000573394,6.49E-07,14:32,6,180916,0,
2018-09-16 14:33,,0.000573394,6.49E-07,14:33,6,180916,0,
2018-09-16 14:34,,0.000573394,6.49E-07,14:34,6,180916,0,
2018-09-16 14:35,,0.000573394,6.49E-07,14:35,6,180916,0,
2018-09-16 14:36,,0.000573394,6.49E-07,14:36,6,180916,0,
2018-09-16 14:37,,0.000573394,6.49E-07,14:37,6,180916,0,
2018-09-16 14:38,,0.000573394,6.49E-07,14:38,6,180916,0,
2018-09-16 14:39,,0.000573394,6.49E-07,14:39,6,180916,0,
2018-09-16 14:40,,0.000573394,6.49E-07,14:40,6,180916,0,
2018-09-16 14:41,,0.000573394,6.49E-07,14:41,6,180916,0,
2018-09-16 14:42,,0.000573394,6.49E-07,14:42,6,180916,0,
2018-09-16 14:43,,0.000573394,6.49E-07,14:43,6,180916,0,
2018-09-16 14:44,,0.000573394,6.49E-07,14:44,6,180916,0,
2018-09-16 14:45,,0.000573394,6.49E-07,14:45,6,180916,0,
2018-09-16 14:46,,0.000573394,6.49E-07,14:46,6,180916,0,
2018-09-16 14:47,,0.000573394,6.49E-07,14:47,6,180916,0,
2018-09-16 14:48,,0.000573394,6.49E-07,14:48,6,180916,0,
2018-09-16 14:49,,0.000573394,6.49E-07,14:49,6,180916,0,
2018-09-16 14:50,,0.000573394,6.49E-07,14:50,6,180916,0,
2018-09-16 14:51,,0.000573394,6.49E-07,14:51,6,180916,0,
2018-09-16 14:52,,0.000573394,6.49E-07,14:52,6,180916,0,
2018-09-16 14:53,,0.000573394,6.49E-07,14:53,6,180916,0,
2018-09-16 14:54,,0.000573394,6.49E-07,14:54,6,180916,0,
2018-09-16 14:55,,0.000573394,6.49E-07,14:55,6,180916,0,
2018-09-16 14:56,,0.000573394,6.49E-07,14:56,6,180916,0,
2018-09-16 14:57,,0.000573394,6.49E-07,14:57,6,180916,0,
2018-09-16 14:58,,0.000573394,6.49E-07,14:58,6,180916,0,
2018-09-16 14:59,,0.000573394,6.49E-07,14:59,6,180916,0,
2018-09-16 15:00,,0.000573394,6.49E-07,15:00,6,180916,0,
2018-09-16 15:01,,0.000573394,6.49E-07,15:01,6,180916,0,
2018-09-16 15:02,,0.000573394,6.49E-07,15:02,6,180916,0,
2018-09-16 15:03,,0.000573394,6.49E-07,15:03,6,180916,0,
2018-09-16 15:04,,0.000573394,6.49E-07,15:04,6,180916,0,
2018-09-16 15:05,,0.000573394,6.49E-07,15:05,6,180916,0,
2018-09-16 15:06,,0.000573394,6.49E-07,15:06,6,180916,0,
2018-09-16 15:07,,0.000573394,6.49E-07,15:07,6,180916,0,
2018-09-16 15:08,,0.000573394,6.49E-07,15:08,6,180916,0,
2018-09-16 15:09,,0.000573394,6.49E-07,15:09,6,180916,0,
2018-09-16 15:10,,0.000573394,6.49E-07,15:10,6,180916,0,
2018-09-16 15:11,,0.000573394,6.49E-07,15:11,6,180916,0,
2018-09-16 15:12,,0.000573394,6.49E-07,15:12,6,180916,0,
2018-09-16 15:13,,0.000573394,6.49E-07,15:13,6,180916,0,
2018-09-16 15:14,,0.000573394,6.49E-07,15:14,6,180916,0,
2018-09-16 15:15,,0.000573394,6.49E-07,15:15,6,180916,0,
2018-09-16 15:16,,0.000573394,6.49E-07,15:16,6,180916,0,
2018-09-16 15:17,,0.000573394,6.49E-07,15:17,6,180916,0,
2018-09-16 15:18,,0.000573394,6.49E-07,15:18,6,180916,0,
2018-09-16 15:19,,0.000573394,6.49E-07,15:19,6,180916,0,
2018-09-16 15:20,,0.000573394,6.49E-07,15:20,6,180916,0,
2018-09-16 15:21,,0.000573394,6.49E-07,15:21,6,180916,0,
2018-09-16 15:22,,0.000573394,6.49E-07,15:22,6,180916,0,
2018-09-16 15:23,,0.000573394,6.49E-07,15:23,6,180916,0,
2018-09-16 15:24,,0.000573394,6.49E-07,15:24,6,180916,0,
2018-09-16 15:25,,0.000573394,6.49E-07,15:25,6,180916,0,
2018-09-16 15:26,,0.000573394,6.49E-07,15:26,6,180916,0,
2018-09-16 15:27,,0.000573394,6.49E-07,15:27,6,180916,0,
2018-09-16 15:28,,0.000573394,6.49E-07,15:28,6,180916,0,
2018-09-16 15:29,,0.000573394,6.49E-07,15:29,6,180916,0,
2018-09-16 15:30,,0.000573394,6.49E-07,15:30,6,180916,0,
2018-09-16 15:31,,0.000573394,6.49E-07,15:31,6,180916,0,
2018-09-16 15:32,,0.000573394,6.49E-07,15:32,6,180916,0,
2018-09-16 15:33,,0.000573394,6.49E-07,15:33,6,180916,0,
2018-09-16 15:34,,0.000573394,6.49E-07,15:34,6,180916,0,
2018-09-16 15:35,,0.000573394,6.49E-07,15:35,6,180916,0,
2018-09-16 15:36,,0.000573394,6.49E-07,15:36,6,180916,0,
2018-09-16 15:37,,0.000573394,6.49E-07,15:37,6,180916,0,
2018-09-16 15:38,,0.000573394,6.49E-07,15:38,6,180916,0,
2018-09-16 15:39,,0.000573394,6.49E-07,15:39,6,180916,0,
2018-09-16 15:40,,0.000573394,6.49E-07,15:40,6,180916,0,
2018-09-16 15:41,,0.000573394,6.49E-07,15:41,6,180916,0,
2018-09-16 15:42,,0.000573394,6.49E-07,15:42,6,180916,0,
2018-09-16 15:43,,0.000573394,6.49E-07,15:43,6,180916,0,
2018-09-16 15:44,,0.000573394,6.49E-07,15:44,6,180916,0,
2018-09-16 15:45,,0.000573394,6.49E-07,15:45,6,180916,0,
2018-09-16 15:46,,0.000573394,6.49E-07,15:46,6,180916,0,
2018-09-16 15:47,,0.000573394,6.49E-07,15:47,6,180916,0,
2018-09-16 15:48,,0.000573394,6.49E-07,15:48,6,180916,0,
2018-09-16 15:49,,0.000573394,6.49E-07,15:49,6,180916,0,
2018-09-16 15:50,,0.000573394,6.49E-07,15:50,6,180916,0,
2018-09-16 15:51,,0.000573394,6.49E-07,15:51,6,180916,0,
2018-09-16 15:52,,0.000573394,6.49E-07,15:52,6,180916,0,
2018-09-16 15:53,,0.000573394,6.49E-07,15:53,6,180916,0,
2018-09-16 15:54,,0.000573394,6.49E-07,15:54,6,180916,0,
2018-09-16 15:55,,0.000573394,6.49E-07,15:55,6,180916,0,
2018-09-16 15:56,,0.000573394,6.49E-07,15:56,6,180916,0,
2018-09-16 15:57,,0.000573394,6.49E-07,15:57,6,180916,0,
2018-09-16 15:58,,0.000573394,6.49E-07,15:58,6,180916,0,
2018-09-16 15:59,,0.000573394,6.49E-07,15:59,6,180916,0,
2018-09-16 16:00,,0.000573394,6.49E-07,16:00,6,180916,0,
2018-09-16 16:01,,0.000573394,6.49E-07,16:01,6,180916,0,
2018-09-16 16:02,,0.000573394,6.49E-07,16:02,6,180916,0,
2018-09-16 16:03,,0.000573394,6.49E-07,16:03,6,180916,0,
2018-09-16 16:04,,0.000573394,6.49E-07,16:04,6,180916,0,
2018-09-16 16:05,,0.000573394,6.49E-07,16:05,6,180916,0,
2018-09-16 16:06,,0.000573394,6.49E-07,16:06,6,180916,0,
2018-09-16 16:07,,0.000573394,6.49E-07,16:07,6,180916,0,
2018-09-16 16:08,,0.000573394,6.49E-07,16:08,6,180916,0,
2018-09-16 16:09,,0.000573394,6.49E-07,16:09,6,180916,0,
2018-09-16 16:10,,0.000573394,6.49E-07,16:10,6,180916,0,
2018-09-16 16:11,,0.000573394,6.49E-07,16:11,6,180916,0,
2018-09-16 16:12,,0.000573394,6.49E-07,16:12,6,180916,0,
2018-09-16 16:13,,0.000573394,6.49E-07,16:13,6,180916,0,
2018-09-16 16:14,,0.000573394,6.49E-07,16:14,6,180916,0,
2018-09-16 16:15,,0.000573394,6.49E-07,16:15,6,180916,0,
2018-09-16 16:16,,0.000573394,6.49E-07,16:16,6,180916,0,
2018-09-16 16:17,,0.000573394,6.49E-07,16:17,6,180916,0,
2018-09-16 16:18,,0.000573394,6.49E-07,16:18,6,180916,0,
2018-09-16 16:19,,0.000573394,6.49E-07,16:19,6,180916,0,
2018-09-16 16:20,,0.000573394,6.49E-07,16:20,6,180916,0,
2018-09-16 16:21,,0.000573394,6.49E-07,16:21,6,180916,0,
2018-09-16 16:22,,0.000573394,6.49E-07,16:22,6,180916,0,
2018-09-16 16:23,,0.000573394,6.49E-07,16:23,6,180916,0,
2018-09-16 16:24,,0.000573394,6.49E-07,16:24,6,180916,0,
2018-09-16 16:25,,0.000573394,6.49E-07,16:25,6,180916,0,
2018-09-16 16:26,,0.000573394,6.49E-07,16:26,6,180916,0,
2018-09-16 16:27,,0.000573394,6.49E-07,16:27,6,180916,0,
2018-09-16 16:28,,0.000573394,6.49E-07,16:28,6,180916,0,
2018-09-16 16:29,,0.000573394,6.49E-07,16:29,6,180916,0,
2018-09-16 16:30,,0.000573394,6.49E-07,16:30,6,180916,0,
2018-09-16 16:31,,0.000573394,6.49E-07,16:31,6,180916,0,
2018-09-16 16:32,,0.000573394,6.49E-07,16:32,6,180916,0,
2018-09-16 16:33,,0.000573394,6.49E-07,16:33,6,180916,0,
2018-09-16 16:34,,0.000573394,6.49E-07,16:34,6,180916,0,
2018-09-16 16:35,,0.000573394,6.49E-07,16:35,6,180916,0,
2018-09-16 16:36,,0.000573394,6.49E-07,16:36,6,180916,0,
2018-09-16 16:37,,0.000573394,6.49E-07,16:37,6,180916,0,
2018-09-16 16:38,,0.000573394,6.49E-07,16:38,6,180916,0,
2018-09-16 16:39,,0.000573394,6.49E-07,16:39,6,180916,0,
2018-09-16 16:40,,0.000573394,6.49E-07,16:40,6,180916,0,
2018-09-16 16:41,,0.000573394,6.49E-07,16:41,6,180916,0,
2018-09-16 16:42,,0.000573394,6.49E-07,16:42,6,180916,0,
2018-09-16 16:43,,0.000573394,6.49E-07,16:43,6,180916,0,
2018-09-16 16:44,,0.000573394,6.49E-07,16:44,6,180916,0,
2018-09-16 16:45,,0.000573394,6.49E-07,16:45,6,180916,0,
2018-09-16 16:46,,0.000573394,6.49E-07,16:46,6,180916,0,
2018-09-16 16:47,,0.000573394,6.49E-07,16:47,6,180916,0,
2018-09-16 16:48,,0.000573394,6.49E-07,16:48,6,180916,0,
2018-09-16 16:49,,0.000573394,6.49E-07,16:49,6,180916,0,
2018-09-16 16:50,,0.000573394,6.49E-07,16:50,6,180916,0,
2018-09-16 16:51,,0.000573394,6.49E-07,16:51,6,180916,0,
2018-09-16 16:52,,0.000573394,6.49E-07,16:52,6,180916,0,
2018-09-16 16:53,,0.000573394,6.49E-07,16:53,6,180916,0,
2018-09-16 16:54,,0.000573394,6.49E-07,16:54,6,180916,0,
2018-09-16 16:55,,0.000573394,6.49E-07,16:55,6,180916,0,
2018-09-16 16:56,,0.000573394,6.49E-07,16:56,6,180916,0,
2018-09-16 16:57,,0.000573394,6.49E-07,16:57,6,180916,0,
2018-09-16 16:58,,0.000573394,6.49E-07,16:58,6,180916,0,
2018-09-16 16:59,,0.000573394,6.49E-07,16:59,6,180916,0,
2018-09-16 17:00,,0.000573394,6.49E-07,17:00,6,180916,0,
2018-09-16 17:01,,0.000573394,6.49E-07,17:01,6,180916,0,
2018-09-16 17:02,,0.000573394,6.49E-07,17:02,6,180916,0,
2018-09-16 17:03,,0.000573394,6.49E-07,17:03,6,180916,0,
2018-09-16 17:04,,0.000573394,6.49E-07,17:04,6,180916,0,
2018-09-16 17:05,,0.000573394,6.49E-07,17:05,6,180916,0,
2018-09-16 17:06,,0.000573394,6.49E-07,17:06,6,180916,0,
2018-09-16 17:07,,0.000573394,6.49E-07,17:07,6,180916,0,
2018-09-16 17:08,,0.000573394,6.49E-07,17:08,6,180916,0,
2018-09-16 17:09,,0.000573394,6.49E-07,17:09,6,180916,0,
2018-09-16 17:10,,0.000573394,6.49E-07,17:10,6,180916,0,
2018-09-16 17:11,,0.000573394,6.49E-07,17:11,6,180916,0,
2018-09-16 17:12,,0.000573394,6.49E-07,17:12,6,180916,0,
2018-09-16 17:13,,0.000573394,6.49E-07,17:13,6,180916,0,
2018-09-16 17:14,,0.000573394,6.49E-07,17:14,6,180916,0,
2018-09-16 17:15,,0.000573394,6.49E-07,17:15,6,180916,0,
2018-09-16 17:16,,0.000573394,6.49E-07,17:16,6,180916,0,
2018-09-16 17:17,,0.000573394,6.49E-07,17:17,6,180916,0,
2018-09-16 17:18,,0.000573394,6.49E-07,17:18,6,180916,0,
2018-09-16 17:19,,0.000573394,6.49E-07,17:19,6,180916,0,
2018-09-16 17:20,,0.000573394,6.49E-07,17:20,6,180916,0,
2018-09-16 17:21,,0.000573394,6.49E-07,17:21,6,180916,0,
2018-09-16 17:22,,0.000573394,6.49E-07,17:22,6,180916,0,
2018-09-16 17:23,,0.000573394,6.49E-07,17:23,6,180916,0,
2018-09-16 17:24,,0.000573394,6.49E-07,17:24,6,180916,0,
2018-09-16 17:25,,0.000573394,6.49E-07,17:25,6,180916,0,
2018-09-16 17:26,,0.000573394,6.49E-07,17:26,6,180916,0,
2018-09-16 17:27,,0.000573394,6.49E-07,17:27,6,180916,0,
2018-09-16 17:28,,0.000573394,6.49E-07,17:28,6,180916,0,
2018-09-16 17:29,,0.000573394,6.49E-07,17:29,6,180916,0,
2018-09-16 17:30,,0.000573394,6.49E-07,17:30,6,180916,0,
2018-09-16 17:31,,0.000573394,6.49E-07,17:31,6,180916,0,
2018-09-16 17:32,,0.000573394,6.49E-07,17:32,6,180916,0,
2018-09-16 17:33,,0.000573394,6.49E-07,17:33,6,180916,0,
2018-09-16 17:34,,0.000573394,6.49E-07,17:34,6,180916,0,
2018-09-16 17:35,,0.000573394,6.49E-07,17:35,6,180916,0,
2018-09-16 17:36,,0.000573394,6.49E-07,17:36,6,180916,0,
2018-09-16 17:37,,0.000573394,6.49E-07,17:37,6,180916,0,
2018-09-16 17:38,,0.000573394,6.49E-07,17:38,6,180916,0,
2018-09-16 17:39,,0.000573394,6.49E-07,17:39,6,180916,0,
2018-09-16 17:40,,0.000573394,6.49E-07,17:40,6,180916,0,
2018-09-16 17:41,,0.000573394,6.49E-07,17:41,6,180916,0,
2018-09-16 17:42,,0.000573394,6.49E-07,17:42,6,180916,0,
2018-09-16 17:43,,0.000573394,6.49E-07,17:43,6,180916,0,
2018-09-16 17:44,,0.000573394,6.49E-07,17:44,6,180916,0,
2018-09-16 17:45,,0.000573394,6.49E-07,17:45,6,180916,0,
2018-09-16 17:46,,0.000573394,6.49E-07,17:46,6,180916,0,
2018-09-16 17:47,,0.000573394,6.49E-07,17:47,6,180916,0,
2018-09-16 17:48,,0.000573394,6.49E-07,17:48,6,180916,0,
2018-09-16 17:49,,0.000573394,6.49E-07,17:49,6,180916,0,
2018-09-16 17:50,,0.000573394,6.49E-07,17:50,6,180916,0,
2018-09-16 17:51,,0.000573394,6.49E-07,17:51,6,180916,0,
2018-09-16 17:52,,0.000573394,6.49E-07,17:52,6,180916,0,
2018-09-16 17:53,,0.000573394,6.49E-07,17:53,6,180916,0,
2018-09-16 17:54,,0.000573394,6.49E-07,17:54,6,180916,0,
2018-09-16 17:55,,0.000573394,6.49E-07,17:55,6,180916,0,
2018-09-16 17:56,,0.000573394,6.49E-07,17:56,6,180916,0,
2018-09-16 17:57,,0.000573394,6.49E-07,17:57,6,180916,0,
2018-09-16 17:58,,0.000573394,6.49E-07,17:58,6,180916,0,
2018-09-16 17:59,,0.000573394,6.49E-07,17:59,6,180916,0,
2018-09-16 18:00,,0.000573394,6.49E-07,18:00,6,180916,0,
2018-09-16 18:01,,0.000573394,6.49E-07,18:01,6,180916,0,
2018-09-16 18:02,,0.000573394,6.49E-07,18:02,6,180916,0,
2018-09-16 18:03,,0.000573394,6.49E-07,18:03,6,180916,0,
2018-09-16 18:04,,0.000573394,6.49E-07,18:04,6,180916,0,
2018-09-16 18:05,,0.000573394,6.49E-07,18:05,6,180916,0,
2018-09-16 18:06,,0.000573394,6.49E-07,18:06,6,180916,0,
2018-09-16 18:07,,0.000573394,6.49E-07,18:07,6,180916,0,
2018-09-16 18:08,,0.000573394,6.49E-07,18:08,6,180916,0,
2018-09-16 18:09,,0.000573394,6.49E-07,18:09,6,180916,0,
2018-09-16 18:10,,0.000573394,6.49E-07,18:10,6,180916,0,
2018-09-16 18:11,,0.000573394,6.49E-07,18:11,6,180916,0,
2018-09-16 18:12,,0.000573394,6.49E-07,18:12,6,180916,0,
2018-09-16 18:13,,0.000573394,6.49E-07,18:13,6,180916,0,
2018-09-16 18:14,,0.000573394,6.49E-07,18:14,6,180916,0,
2018-09-16 18:15,,0.000573394,6.49E-07,18:15,6,180916,0,
2018-09-16 18:16,,0.000573394,6.49E-07,18:16,6,180916,0,
2018-09-16 18:17,,0.000573394,6.49E-07,18:17,6,180916,0,
2018-09-16 18:18,,0.000573394,6.49E-07,18:18,6,180916,0,
2018-09-16 18:19,,0.000573394,6.49E-07,18:19,6,180916,0,
2018-09-16 18:20,,0.000573394,6.49E-07,18:20,6,180916,0,
2018-09-16 18:21,,0.000573394,6.49E-07,18:21,6,180916,0,
2018-09-16 18:22,,0.000573394,6.49E-07,18:22,6,180916,0,
2018-09-16 18:23,,0.000573394,6.49E-07,18:23,6,180916,0,
2018-09-16 18:24,,0.000573394,6.49E-07,18:24,6,180916,0,
2018-09-16 18:25,,0.000573394,6.49E-07,18:25,6,180916,0,
2018-09-16 18:26,,0.000573394,6.49E-07,18:26,6,180916,0,
2018-09-16 18:27,,0.000573394,6.49E-07,18:27,6,180916,0,
2018-09-16 18:28,,0.000573394,6.49E-07,18:28,6,180916,0,
2018-09-16 18:29,,0.000573394,6.49E-07,18:29,6,180916,0,
2018-09-16 18:30,,0.000573394,6.49E-07,18:30,6,180916,0,
2018-09-16 18:31,,0.000573394,6.49E-07,18:31,6,180916,0,
2018-09-16 18:32,,0.000573394,6.49E-07,18:32,6,180916,0,
2018-09-16 18:33,,0.000573394,6.49E-07,18:33,6,180916,0,
2018-09-16 18:34,,0.000573394,6.49E-07,18:34,6,180916,0,
2018-09-16 18:35,,0.000573394,6.49E-07,18:35,6,180916,0,
2018-09-16 18:36,,0.000573394,6.49E-07,18:36,6,180916,0,
2018-09-16 18:37,,0.000573394,6.49E-07,18:37,6,180916,0,
2018-09-16 18:38,,0.000573394,6.49E-07,18:38,6,180916,0,
2018-09-16 18:39,,0.000573394,6.49E-07,18:39,6,180916,0,
2018-09-16 18:40,,0.000573394,6.49E-07,18:40,6,180916,0,
2018-09-16 18:41,,0.000573394,6.49E-07,18:41,6,180916,0,
2018-09-16 18:42,,0.000573394,6.49E-07,18:42,6,180916,0,
2018-09-16 18:43,,0.000573394,6.49E-07,18:43,6,180916,0,
2018-09-16 18:44,,0.000573394,6.49E-07,18:44,6,180916,0,
2018-09-16 18:45,,0.000573394,6.49E-07,18:45,6,180916,0,
2018-09-16 18:46,,0.000573394,6.49E-07,18:46,6,180916,0,
2018-09-16 18:47,,0.000573394,6.49E-07,18:47,6,180916,0,
2018-09-16 18:48,,0.000573394,6.49E-07,18:48,6,180916,0,
2018-09-16 18:49,,0.000573394,6.49E-07,18:49,6,180916,0,
2018-09-16 18:50,,0.000573394,6.49E-07,18:50,6,180916,0,
2018-09-16 18:51,,0.000573394,6.49E-07,18:51,6,180916,0,
2018-09-16 18:52,,0.000573394,6.49E-07,18:52,6,180916,0,
2018-09-16 18:53,,0.000573394,6.49E-07,18:53,6,180916,0,
2018-09-16 18:54,,0.000573394,6.49E-07,18:54,6,180916,0,
2018-09-16 18:55,,0.000573394,6.49E-07,18:55,6,180916,0,
2018-09-16 18:56,,0.000573394,6.49E-07,18:56,6,180916,0,
2018-09-16 18:57,,0.000573394,6.49E-07,18:57,6,180916,0,
2018-09-16 18:58,,0.000573394,6.49E-07,18:58,6,180916,0,
2018-09-16 18:59,,0.000573394,6.49E-07,18:59,6,180916,0,
2018-09-16 19:00,,0.000573394,6.49E-07,19:00,6,180916,0,
2018-09-16 19:01,,0.000573394,6.49E-07,19:01,6,180916,0,
2018-09-16 19:02,,0.000573394,6.49E-07,19:02,6,180916,0,
2018-09-16 19:03,,0.000573394,6.49E-07,19:03,6,180916,0,
2018-09-16 19:04,,0.000573394,6.49E-07,19:04,6,180916,0,
2018-09-16 19:05,,0.000573394,6.49E-07,19:05,6,180916,0,
2018-09-16 19:06,,0.000573394,6.49E-07,19:06,6,180916,0,
2018-09-16 19:07,,0.000573394,6.49E-07,19:07,6,180916,0,
2018-09-16 19:08,,0.000573394,6.49E-07,19:08,6,180916,0,
2018-09-16 19:09,,0.000573394,6.49E-07,19:09,6,180916,0,
2018-09-16 19:10,,0.000573394,6.49E-07,19:10,6,180916,0,
2018-09-16 19:11,,0.000573394,6.49E-07,19:11,6,180916,0,
2018-09-16 19:12,,0.000573394,6.49E-07,19:12,6,180916,0,
2018-09-16 19:13,,0.000573394,6.49E-07,19:13,6,180916,0,
2018-09-16 19:14,,0.000573394,6.49E-07,19:14,6,180916,0,
2018-09-16 19:15,,0.000573394,6.49E-07,19:15,6,180916,0,
2018-09-16 19:16,,0.000573394,6.49E-07,19:16,6,180916,0,
2018-09-16 19:17,,0.000573394,6.49E-07,19:17,6,180916,0,
2018-09-16 19:18,,0.000573394,6.49E-07,19:18,6,180916,0,
2018-09-16 19:19,,0.000573394,6.49E-07,19:19,6,180916,0,
2018-09-16 19:20,,0.000573394,6.49E-07,19:20,6,180916,0,
2018-09-16 19:21,,0.000573394,6.49E-07,19:21,6,180916,0,
2018-09-16 19:22,,0.000573394,6.49E-07,19:22,6,180916,0,
2018-09-16 19:23,,0.000573394,6.49E-07,19:23,6,180916,0,
2018-09-16 19:24,,0.000573394,6.49E-07,19:24,6,180916,0,
2018-09-16 19:25,,0.000573394,6.49E-07,19:25,6,180916,0,
2018-09-16 19:26,,0.000573394,6.49E-07,19:26,6,180916,0,
2018-09-16 19:27,,0.000573394,6.49E-07,19:27,6,180916,0,
2018-09-16 19:28,,0.000573394,6.49E-07,19:28,6,180916,0,
2018-09-16 19:29,,0.000573394,6.49E-07,19:29,6,180916,0,
2018-09-16 19:30,,0.000573394,6.49E-07,19:30,6,180916,0,
2018-09-16 19:31,,0.000573394,6.49E-07,19:31,6,180916,0,
2018-09-16 19:32,,0.000573394,6.49E-07,19:32,6,180916,0,
2018-09-16 19:33,,0.000573394,6.49E-07,19:33,6,180916,0,
2018-09-16 19:34,,0.000573394,6.49E-07,19:34,6,180916,0,
2018-09-16 19:35,,0.000573394,6.49E-07,19:35,6,180916,0,
2018-09-16 19:36,,0.000573394,6.49E-07,19:36,6,180916,0,
2018-09-16 19:37,,0.000573394,6.49E-07,19:37,6,180916,0,
2018-09-16 19:38,,0.000573394,6.49E-07,19:38,6,180916,0,
2018-09-16 19:39,,0.000573394,6.49E-07,19:39,6,180916,0,
2018-09-16 19:40,,0.000573394,6.49E-07,19:40,6,180916,0,
2018-09-16 19:41,,0.000573394,6.49E-07,19:41,6,180916,0,
2018-09-16 19:42,,0.000573394,6.49E-07,19:42,6,180916,0,
2018-09-16 19:43,,0.000573394,6.49E-07,19:43,6,180916,0,
2018-09-16 19:44,,0.000573394,6.49E-07,19:44,6,180916,0,
2018-09-16 19:45,,0.000573394,6.49E-07,19:45,6,180916,0,
2018-09-16 19:46,,0.000573394,6.49E-07,19:46,6,180916,0,
2018-09-16 19:47,,0.000573394,6.49E-07,19:47,6,180916,0,
2018-09-16 19:48,,0.000573394,6.49E-07,19:48,6,180916,0,
2018-09-16 19:49,,0.000573394,6.49E-07,19:49,6,180916,0,
2018-09-16 19:50,,0.000573394,6.49E-07,19:50,6,180916,0,
2018-09-16 19:51,,0.000573394,6.49E-07,19:51,6,180916,0,
2018-09-16 19:52,,0.000573394,6.49E-07,19:52,6,180916,0,
2018-09-16 19:53,,0.000573394,6.49E-07,19:53,6,180916,0,
2018-09-16 19:54,,0.000573394,6.49E-07,19:54,6,180916,0,
2018-09-16 19:55,,0.000573394,6.49E-07,19:55,6,180916,0,
2018-09-16 19:56,,0.000573394,6.49E-07,19:56,6,180916,0,
2018-09-16 19:57,,0.000573394,6.49E-07,19:57,6,180916,0,
2018-09-16 19:58,,0.000573394,6.49E-07,19:58,6,180916,0,
2018-09-16 19:59,,0.000573394,6.49E-07,19:59,6,180916,0,
2018-09-16 20:00,,0.000573394,6.49E-07,20:00,6,180916,0,
2018-09-16 20:01,,0.000573394,6.49E-07,20:01,6,180916,0,
2018-09-16 20:02,,0.000573394,6.49E-07,20:02,6,180916,0,
2018-09-16 20:03,,0.000573394,6.49E-07,20:03,6,180916,0,
2018-09-16 20:04,,0.000573394,6.49E-07,20:04,6,180916,0,
2018-09-16 20:05,,0.000573394,6.49E-07,20:05,6,180916,0,
2018-09-16 20:06,,0.000573394,6.49E-07,20:06,6,180916,0,
2018-09-16 20:07,,0.000573394,6.49E-07,20:07,6,180916,0,
2018-09-16 20:08,,0.000573394,6.49E-07,20:08,6,180916,0,
2018-09-16 20:09,,0.000573394,6.49E-07,20:09,6,180916,0,
2018-09-16 20:10,,0.000573394,6.49E-07,20:10,6,180916,0,
2018-09-16 20:11,,0.000573394,6.49E-07,20:11,6,180916,0,
2018-09-16 20:12,,0.000573394,6.49E-07,20:12,6,180916,0,
2018-09-16 20:13,,0.000573394,6.49E-07,20:13,6,180916,0,
2018-09-16 20:14,,0.000573394,6.49E-07,20:14,6,180916,0,
2018-09-16 20:15,,0.000573394,6.49E-07,20:15,6,180916,0,
2018-09-16 20:16,,0.000573394,6.49E-07,20:16,6,180916,0,
2018-09-16 20:17,,0.000573394,6.49E-07,20:17,6,180916,0,
2018-09-16 20:18,,0.000573394,6.49E-07,20:18,6,180916,0,
2018-09-16 20:19,,0.000573394,6.49E-07,20:19,6,180916,0,
2018-09-16 20:20,,0.000573394,6.49E-07,20:20,6,180916,0,
2018-09-16 20:21,,0.000573394,6.49E-07,20:21,6,180916,0,
2018-09-16 20:22,,0.000573394,6.49E-07,20:22,6,180916,0,
2018-09-16 20:23,,0.000573394,6.49E-07,20:23,6,180916,0,
2018-09-16 20:24,,0.000573394,6.49E-07,20:24,6,180916,0,
2018-09-16 20:25,,0.000573394,6.49E-07,20:25,6,180916,0,
2018-09-16 20:26,,0.000573394,6.49E-07,20:26,6,180916,0,
2018-09-16 20:27,,0.000573394,6.49E-07,20:27,6,180916,0,
2018-09-16 20:28,,0.000573394,6.49E-07,20:28,6,180916,0,
2018-09-16 20:29,,0.000573394,6.49E-07,20:29,6,180916,0,
2018-09-16 20:30,,0.000573394,6.49E-07,20:30,6,180916,0,
2018-09-16 20:31,,0.000573394,6.49E-07,20:31,6,180916,0,
2018-09-16 20:32,,0.000573394,6.49E-07,20:32,6,180916,0,
2018-09-16 20:33,,0.000573394,6.49E-07,20:33,6,180916,0,
2018-09-16 20:34,,0.000573394,6.49E-07,20:34,6,180916,0,
2018-09-16 20:35,,0.000573394,6.49E-07,20:35,6,180916,0,
2018-09-16 20:36,,0.000573394,6.49E-07,20:36,6,180916,0,
2018-09-16 20:37,,0.000573394,6.49E-07,20:37,6,180916,0,
2018-09-16 20:38,,0.000573394,6.49E-07,20:38,6,180916,0,
2018-09-16 20:39,,0.000573394,6.49E-07,20:39,6,180916,0,
2018-09-16 20:40,,0.000573394,6.49E-07,20:40,6,180916,0,
2018-09-16 20:41,,0.000573394,6.49E-07,20:41,6,180916,0,
2018-09-16 20:42,,0.000573394,6.49E-07,20:42,6,180916,0,
2018-09-16 20:43,,0.000573394,6.49E-07,20:43,6,180916,0,
2018-09-16 20:44,,0.000573394,6.49E-07,20:44,6,180916,0,
2018-09-16 20:45,,0.000573394,6.49E-07,20:45,6,180916,0,
2018-09-16 20:46,,0.000573394,6.49E-07,20:46,6,180916,0,
2018-09-16 20:47,,0.000573394,6.49E-07,20:47,6,180916,0,
2018-09-16 20:48,,0.000573394,6.49E-07,20:48,6,180916,0,
2018-09-16 20:49,,0.000573394,6.49E-07,20:49,6,180916,0,
2018-09-16 20:50,,0.000573394,6.49E-07,20:50,6,180916,0,
2018-09-16 20:51,,0.000573394,6.49E-07,20:51,6,180916,0,
2018-09-16 20:52,,0.000573394,6.49E-07,20:52,6,180916,0,
2018-09-16 20:53,,0.000573394,6.49E-07,20:53,6,180916,0,
2018-09-16 20:54,,0.000573394,6.49E-07,20:54,6,180916,0,
2018-09-16 20:55,,0.000573394,6.49E-07,20:55,6,180916,0,
2018-09-16 20:56,,0.000573394,6.49E-07,20:56,6,180916,0,
2018-09-16 20:57,,0.000573394,6.49E-07,20:57,6,180916,0,
2018-09-16 20:58,,0.000573394,6.49E-07,20:58,6,180916,0,
2018-09-16 20:59,,0.000573394,6.49E-07,20:59,6,180916,0,
2018-09-16 21:00,,0.000573394,6.49E-07,21:00,6,180916,0,
2018-09-16 21:01,,0.000573394,6.49E-07,21:01,6,180916,0,
2018-09-16 21:02,,0.000573394,6.49E-07,21:02,6,180916,0,
2018-09-16 21:03,,0.000573394,6.49E-07,21:03,6,180916,0,
2018-09-16 21:04,,0.000573394,6.49E-07,21:04,6,180916,0,
2018-09-16 21:05,,0.000573394,6.49E-07,21:05,6,180916,0,
2018-09-16 21:06,,0.000573394,6.49E-07,21:06,6,180916,0,
2018-09-16 21:07,,0.000573394,6.49E-07,21:07,6,180916,0,
2018-09-16 21:08,,0.000573394,6.49E-07,21:08,6,180916,0,
2018-09-16 21:09,,0.000573394,6.49E-07,21:09,6,180916,0,
2018-09-16 21:10,,0.000573394,6.49E-07,21:10,6,180916,0,
2018-09-16 21:11,,0.000573394,6.49E-07,21:11,6,180916,0,
2018-09-16 21:12,,0.000573394,6.49E-07,21:12,6,180916,0,
2018-09-16 21:13,,0.000573394,6.49E-07,21:13,6,180916,0,
2018-09-16 21:14,,0.000573394,6.49E-07,21:14,6,180916,0,
2018-09-16 21:15,,0.000573394,6.49E-07,21:15,6,180916,0,
2018-09-16 21:16,,0.000573394,6.49E-07,21:16,6,180916,0,
2018-09-16 21:17,,0.000573394,6.49E-07,21:17,6,180916,0,
2018-09-16 21:18,,0.000573394,6.49E-07,21:18,6,180916,0,
2018-09-16 21:19,,0.000573394,6.49E-07,21:19,6,180916,0,
2018-09-16 21:20,,0.000573394,6.49E-07,21:20,6,180916,0,
2018-09-16 21:21,,0.000573394,6.49E-07,21:21,6,180916,0,
2018-09-16 21:22,,0.000573394,6.49E-07,21:22,6,180916,0,
2018-09-16 21:23,,0.000573394,6.49E-07,21:23,6,180916,0,
2018-09-16 21:24,,0.000573394,6.49E-07,21:24,6,180916,0,
2018-09-16 21:25,,0.000573394,6.49E-07,21:25,6,180916,0,
2018-09-16 21:26,,0.000573394,6.49E-07,21:26,6,180916,0,
2018-09-16 21:27,,0.000573394,6.49E-07,21:27,6,180916,0,
2018-09-16 21:28,,0.000573394,6.49E-07,21:28,6,180916,0,
2018-09-16 21:29,,0.000573394,6.49E-07,21:29,6,180916,0,
2018-09-16 21:30,,0.000573394,6.49E-07,21:30,6,180916,0,
2018-09-16 21:31,,0.000573394,6.49E-07,21:31,6,180916,0,
2018-09-16 21:32,,0.000573394,6.49E-07,21:32,6,180916,0,
2018-09-16 21:33,,0.000573394,6.49E-07,21:33,6,180916,0,
2018-09-16 21:34,,0.000573394,6.49E-07,21:34,6,180916,0,
2018-09-16 21:35,,0.000573394,6.49E-07,21:35,6,180916,0,
2018-09-16 21:36,,0.000573394,6.49E-07,21:36,6,180916,0,
2018-09-16 21:37,,0.000573394,6.49E-07,21:37,6,180916,0,
2018-09-16 21:38,,0.000573394,6.49E-07,21:38,6,180916,0,
2018-09-16 21:39,,0.000573394,6.49E-07,21:39,6,180916,0,
2018-09-16 21:40,,0.000573394,6.49E-07,21:40,6,180916,0,
2018-09-16 21:41,,0.000573394,6.49E-07,21:41,6,180916,0,
2018-09-16 21:42,,0.000573394,6.49E-07,21:42,6,180916,0,
2018-09-16 21:43,,0.000573394,6.49E-07,21:43,6,180916,0,
2018-09-16 21:44,,0.000573394,6.49E-07,21:44,6,180916,0,
2018-09-16 21:45,,0.000573394,6.49E-07,21:45,6,180916,0,
2018-09-16 21:46,,0.000573394,6.49E-07,21:46,6,180916,0,
2018-09-16 21:47,,0.000573394,6.49E-07,21:47,6,180916,0,
2018-09-16 21:48,,0.000573394,6.49E-07,21:48,6,180916,0,
2018-09-16 21:49,,0.000573394,6.49E-07,21:49,6,180916,0,
2018-09-16 21:50,,0.000573394,6.49E-07,21:50,6,180916,0,
2018-09-16 21:51,,0.000573394,6.49E-07,21:51,6,180916,0,
2018-09-16 21:52,,0.000573394,6.49E-07,21:52,6,180916,0,
2018-09-16 21:53,,0.000573394,6.49E-07,21:53,6,180916,0,
2018-09-16 21:54,,0.000573394,6.49E-07,21:54,6,180916,0,
2018-09-16 21:55,,0.000573394,6.49E-07,21:55,6,180916,0,
2018-09-16 21:56,,0.000573394,6.49E-07,21:56,6,180916,0,
2018-09-16 21:57,,0.000573394,6.49E-07,21:57,6,180916,0,
2018-09-16 21:58,,0.000573394,6.49E-07,21:58,6,180916,0,
2018-09-16 21:59,,0.000573394,6.49E-07,21:59,6,180916,0,
2018-09-16 22:00,,0.000573394,6.49E-07,22:00,6,180916,0,
2018-09-16 22:01,,0.000573394,6.49E-07,22:01,6,180916,0,
2018-09-16 22:02,,0.000573394,6.49E-07,22:02,6,180916,0,
2018-09-16 22:03,,0.000573394,6.49E-07,22:03,6,180916,0,
2018-09-16 22:04,,0.000573394,6.49E-07,22:04,6,180916,0,
2018-09-16 22:05,,0.000573394,6.49E-07,22:05,6,180916,0,
2018-09-16 22:06,,0.000573394,6.49E-07,22:06,6,180916,0,
2018-09-16 22:07,,0.000573394,6.49E-07,22:07,6,180916,0,
2018-09-16 22:08,,0.000573394,6.49E-07,22:08,6,180916,0,
2018-09-16 22:09,,0.000573394,6.49E-07,22:09,6,180916,0,
2018-09-16 22:10,,0.000573394,6.49E-07,22:10,6,180916,0,
2018-09-16 22:11,,0.000573394,6.49E-07,22:11,6,180916,0,
2018-09-16 22:12,,0.000573394,6.49E-07,22:12,6,180916,0,
2018-09-16 22:13,,0.000573394,6.49E-07,22:13,6,180916,0,
2018-09-16 22:14,,0.000573394,6.49E-07,22:14,6,180916,0,
2018-09-16 22:15,,0.000573394,6.49E-07,22:15,6,180916,0,
2018-09-16 22:16,,0.000573394,6.49E-07,22:16,6,180916,0,
2018-09-16 22:17,,0.000573394,6.49E-07,22:17,6,180916,0,
2018-09-16 22:18,,0.000573394,6.49E-07,22:18,6,180916,0,
2018-09-16 22:19,,0.000573394,6.49E-07,22:19,6,180916,0,
2018-09-16 22:20,,0.000573394,6.49E-07,22:20,6,180916,0,
2018-09-16 22:21,,0.000573394,6.49E-07,22:21,6,180916,0,
2018-09-16 22:22,,0.000573394,6.49E-07,22:22,6,180916,0,
2018-09-16 22:23,,0.000573394,6.49E-07,22:23,6,180916,0,
2018-09-16 22:24,,0.000573394,6.49E-07,22:24,6,180916,0,
2018-09-16 22:25,,0.000573394,6.49E-07,22:25,6,180916,0,
2018-09-16 22:26,,0.000573394,6.49E-07,22:26,6,180916,0,
2018-09-16 22:27,,0.000573394,6.49E-07,22:27,6,180916,0,
2018-09-16 22:28,,0.000573394,6.49E-07,22:28,6,180916,0,
2018-09-16 22:29,,0.000573394,6.49E-07,22:29,6,180916,0,
2018-09-16 22:30,,0.000573394,6.49E-07,22:30,6,180916,0,
2018-09-16 22:31,,0.000573394,6.49E-07,22:31,6,180916,0,
2018-09-16 22:32,,0.000573394,6.49E-07,22:32,6,180916,0,
2018-09-16 22:33,,0.000573394,6.49E-07,22:33,6,180916,0,
2018-09-16 22:34,,0.000573394,6.49E-07,22:34,6,180916,0,
2018-09-16 22:35,,0.000573394,6.49E-07,22:35,6,180916,0,
2018-09-16 22:36,,0.000573394,6.49E-07,22:36,6,180916,0,
2018-09-16 22:37,1,0.000573394,6.49E-07,22:37,6,180916,0,
2018-09-16 22:38,,0.000259134,0.000222216,22:38,6,180916,0,
2018-09-16 22:39,,0.000259134,6.49E-07,22:39,6,180916,0,
2018-09-16 22:40,,0.000259134,6.49E-07,22:40,6,180916,0,
2018-09-16 22:41,,0.000259134,6.49E-07,22:41,6,180916,0,
2018-09-16 22:42,,0.000259134,6.49E-07,22:42,6,180916,0,
2018-09-16 22:43,,0.000259134,6.49E-07,22:43,6,180916,0,
2018-09-16 22:44,,0.000259134,6.49E-07,22:44,6,180916,0,
2018-09-16 22:45,,0.000259134,6.49E-07,22:45,6,180916,0,
2018-09-16 22:46,,0.000259134,6.49E-07,22:46,6,180916,0,
2018-09-16 22:47,,0.000259134,6.49E-07,22:47,6,180916,0,
2018-09-16 22:48,,0.000259134,6.49E-07,22:48,6,180916,0,
2018-09-16 22:49,,0.000259134,6.49E-07,22:49,6,180916,0,
2018-09-16 22:50,,0.000259134,6.49E-07,22:50,6,180916,0,
2018-09-16 22:51,,0.000259134,6.49E-07,22:51,6,180916,0,
2018-09-16 22:52,,0.000259134,6.49E-07,22:52,6,180916,0,
2018-09-16 22:53,,0.000259134,6.49E-07,22:53,6,180916,0,
2018-09-16 22:54,,0.000259134,6.49E-07,22:54,6,180916,0,
2018-09-16 22:55,,0.000259134,6.49E-07,22:55,6,180916,0,
2018-09-16 22:56,,0.000259134,6.49E-07,22:56,6,180916,0,
2018-09-16 22:57,,0.000259134,6.49E-07,22:57,6,180916,0,
2018-09-16 22:58,,0.000259134,6.49E-07,22:58,6,180916,0,
2018-09-16 22:59,,0.000259134,6.49E-07,22:59,6,180916,0,
2018-09-16 23:00,,0.000259134,6.49E-07,23:00,6,180916,0,
2018-09-16 23:01,,0.000259134,6.49E-07,23:01,6,180916,0,
2018-09-16 23:02,,0.000259134,6.49E-07,23:02,6,180916,0,
2018-09-16 23:03,,0.000259134,6.49E-07,23:03,6,180916,0,
2018-09-16 23:04,,0.000259134,6.49E-07,23:04,6,180916,0,
2018-09-16 23:05,,0.000259134,6.49E-07,23:05,6,180916,0,
2018-09-16 23:06,,0.000259134,6.49E-07,23:06,6,180916,0,
2018-09-16 23:07,,0.000259134,6.49E-07,23:07,6,180916,0,
2018-09-16 23:08,,0.000259134,6.49E-07,23:08,6,180916,0,
2018-09-16 23:09,,0.000259134,6.49E-07,23:09,6,180916,0,
2018-09-16 23:10,,0.000259134,6.49E-07,23:10,6,180916,0,
2018-09-16 23:11,,0.000259134,6.49E-07,23:11,6,180916,0,
2018-09-16 23:12,,0.000259134,6.49E-07,23:12,6,180916,0,
2018-09-16 23:13,,0.000259134,6.49E-07,23:13,6,180916,0,
2018-09-16 23:14,,0.000259134,6.49E-07,23:14,6,180916,0,
2018-09-16 23:15,,0.000259134,6.49E-07,23:15,6,180916,0,
2018-09-16 23:16,,0.000259134,6.49E-07,23:16,6,180916,0,
2018-09-16 23:17,,0.000259134,6.49E-07,23:17,6,180916,0,
2018-09-16 23:18,,0.000259134,6.49E-07,23:18,6,180916,0,
2018-09-16 23:19,,0.000259134,6.49E-07,23:19,6,180916,0,
2018-09-16 23:20,,0.000259134,6.49E-07,23:20,6,180916,0,
2018-09-16 23:21,,0.000259134,6.49E-07,23:21,6,180916,0,
2018-09-16 23:22,,0.000259134,6.49E-07,23:22,6,180916,0,
2018-09-16 23:23,,0.000259134,6.49E-07,23:23,6,180916,0,
2018-09-16 23:24,,0.000259134,6.49E-07,23:24,6,180916,0,
2018-09-16 23:25,,0.000259134,6.49E-07,23:25,6,180916,0,
2018-09-16 23:26,,0.000259134,6.49E-07,23:26,6,180916,0,
2018-09-16 23:27,,0.000259134,6.49E-07,23:27,6,180916,0,
2018-09-16 23:28,,0.000259134,6.49E-07,23:28,6,180916,0,
2018-09-16 23:29,,0.000259134,6.49E-07,23:29,6,180916,0,
2018-09-16 23:30,,0.000259134,6.49E-07,23:30,6,180916,0,
2018-09-16 23:31,,0.000259134,6.49E-07,23:31,6,180916,0,
2018-09-16 23:32,,0.000259134,6.49E-07,23:32,6,180916,0,
2018-09-16 23:33,,0.000259134,6.49E-07,23:33,6,180916,0,
2018-09-16 23:34,,0.000259134,6.49E-07,23:34,6,180916,0,
2018-09-16 23:35,,0.000259134,6.49E-07,23:35,6,180916,0,
2018-09-16 23:36,,0.000259134,6.49E-07,23:36,6,180916,0,
2018-09-16 23:37,,0.000259134,6.49E-07,23:37,6,180916,0,
2018-09-16 23:38,,0.000259134,6.49E-07,23:38,6,180916,0,
2018-09-16 23:39,,0.000259134,6.49E-07,23:39,6,180916,0,
2018-09-16 23:40,,0.000259134,6.49E-07,23:40,6,180916,0,
2018-09-16 23:41,,0.000259134,6.49E-07,23:41,6,180916,0,
2018-09-16 23:42,,0.000259134,6.49E-07,23:42,6,180916,0,
2018-09-16 23:43,,0.000259134,6.49E-07,23:43,6,180916,0,
2018-09-16 23:44,,0.000259134,6.49E-07,23:44,6,180916,0,
2018-09-16 23:45,,0.000259134,6.49E-07,23:45,6,180916,0,
2018-09-16 23:46,,0.000259134,6.49E-07,23:46,6,180916,0,
2018-09-16 23:47,,0.000259134,6.49E-07,23:47,6,180916,0,
2018-09-16 23:48,,0.000259134,6.49E-07,23:48,6,180916,0,
2018-09-16 23:49,,0.000259134,6.49E-07,23:49,6,180916,0,
2018-09-16 23:50,,0.000259134,6.49E-07,23:50,6,180916,0,
2018-09-16 23:51,,0.000259134,6.49E-07,23:51,6,180916,0,
2018-09-16 23:52,,0.000259134,6.49E-07,23:52,6,180916,0,
2018-09-16 23:53,,0.000259134,6.49E-07,23:53,6,180916,0,
2018-09-16 23:54,,0.000259134,6.49E-07,23:54,6,180916,0,
2018-09-16 23:55,,0.000259134,6.49E-07,23:55,6,180916,0,
2018-09-16 23:56,,0.000259134,6.49E-07,23:56,6,180916,0,
2018-09-16 23:57,,0.000259134,6.49E-07,23:57,6,180916,0,
2018-09-16 23:58,,0.000259134,6.49E-07,23:58,6,180916,0,
2018-09-16 23:59,,0.000259134,6.49E-07,23:59,6,180916,0,
2018-09-17 0:00,,0.000259134,6.49E-07,0:00,0,180917,0,
2018-09-17 0:01,,0.000259134,6.49E-07,0:01,0,180917,0,
2018-09-17 0:02,,0.000259134,6.49E-07,0:02,0,180917,0,
2018-09-17 0:03,,0.000259134,6.49E-07,0:03,0,180917,0,
2018-09-17 0:04,,0.000259134,6.49E-07,0:04,0,180917,0,
2018-09-17 0:05,,0.000259134,6.49E-07,0:05,0,180917,0,
2018-09-17 0:06,,0.000259134,6.49E-07,0:06,0,180917,0,
2018-09-17 0:07,,0.000259134,6.49E-07,0:07,0,180917,0,
2018-09-17 0:08,,0.000259134,6.49E-07,0:08,0,180917,0,
2018-09-17 0:09,,0.000259134,6.49E-07,0:09,0,180917,0,
2018-09-17 0:10,,0.000259134,6.49E-07,0:10,0,180917,0,
2018-09-17 0:11,,0.000259134,6.49E-07,0:11,0,180917,0,
2018-09-17 0:12,,0.000259134,6.49E-07,0:12,0,180917,0,
2018-09-17 0:13,,0.000259134,6.49E-07,0:13,0,180917,0,
2018-09-17 0:14,,0.000259134,6.49E-07,0:14,0,180917,0,
2018-09-17 0:15,,0.000259134,6.49E-07,0:15,0,180917,0,
2018-09-17 0:16,,0.000259134,6.49E-07,0:16,0,180917,0,
2018-09-17 0:17,,0.000259134,6.49E-07,0:17,0,180917,0,
2018-09-17 0:18,,0.000259134,6.49E-07,0:18,0,180917,0,
2018-09-17 0:19,,0.000259134,6.49E-07,0:19,0,180917,0,
2018-09-17 0:20,,0.000259134,6.49E-07,0:20,0,180917,0,
2018-09-17 0:21,,0.000259134,6.49E-07,0:21,0,180917,0,
2018-09-17 0:22,,0.000259134,6.49E-07,0:22,0,180917,0,
2018-09-17 0:23,,0.000259134,6.49E-07,0:23,0,180917,0,
2018-09-17 0:24,,0.000259134,6.49E-07,0:24,0,180917,0,
2018-09-17 0:25,,0.000259134,6.49E-07,0:25,0,180917,0,
2018-09-17 0:26,,0.000259134,6.49E-07,0:26,0,180917,0,
2018-09-17 0:27,,0.000259134,6.49E-07,0:27,0,180917,0,
2018-09-17 0:28,,0.000259134,6.49E-07,0:28,0,180917,0,
2018-09-17 0:29,,0.000259134,6.49E-07,0:29,0,180917,0,
2018-09-17 0:30,,0.000259134,6.49E-07,0:30,0,180917,0,
2018-09-17 0:31,,0.000259134,6.49E-07,0:31,0,180917,0,
2018-09-17 0:32,,0.000259134,6.49E-07,0:32,0,180917,0,
2018-09-17 0:33,,0.000259134,6.49E-07,0:33,0,180917,0,
2018-09-17 0:34,,0.000259134,6.49E-07,0:34,0,180917,0,
2018-09-17 0:35,,0.000259134,6.49E-07,0:35,0,180917,0,
2018-09-17 0:36,,0.000259134,6.49E-07,0:36,0,180917,0,
2018-09-17 0:37,,0.000259134,6.49E-07,0:37,0,180917,0,
2018-09-17 0:38,,0.000259134,6.49E-07,0:38,0,180917,0,
2018-09-17 0:39,,0.000259134,6.49E-07,0:39,0,180917,0,
2018-09-17 0:40,,0.000259134,6.49E-07,0:40,0,180917,0,
2018-09-17 0:41,,0.000259134,6.49E-07,0:41,0,180917,0,
2018-09-17 0:42,,0.000259134,6.49E-07,0:42,0,180917,0,
2018-09-17 0:43,,0.000259134,6.49E-07,0:43,0,180917,0,
2018-09-17 0:44,,0.000259134,6.49E-07,0:44,0,180917,0,
2018-09-17 0:45,,0.000259134,6.49E-07,0:45,0,180917,0,
2018-09-17 0:46,,0.000259134,6.49E-07,0:46,0,180917,0,
2018-09-17 0:47,,0.000259134,6.49E-07,0:47,0,180917,0,
2018-09-17 0:48,,0.000259134,6.49E-07,0:48,0,180917,0,
2018-09-17 0:49,,0.000259134,6.49E-07,0:49,0,180917,0,
2018-09-17 0:50,,0.000259134,6.49E-07,0:50,0,180917,0,
2018-09-17 0:51,,0.000259134,6.49E-07,0:51,0,180917,0,
2018-09-17 0:52,,0.000259134,6.49E-07,0:52,0,180917,0,
2018-09-17 0:53,,0.000259134,6.49E-07,0:53,0,180917,0,
2018-09-17 0:54,,0.000259134,6.49E-07,0:54,0,180917,0,
2018-09-17 0:55,,0.000259134,6.49E-07,0:55,0,180917,0,
2018-09-17 0:56,,0.000259134,6.49E-07,0:56,0,180917,0,
2018-09-17 0:57,,0.000259134,6.49E-07,0:57,0,180917,0,
2018-09-17 0:58,,0.000259134,6.49E-07,0:58,0,180917,0,
2018-09-17 0:59,,0.000259134,6.49E-07,0:59,0,180917,0,
2018-09-17 1:00,,0.000259134,6.49E-07,1:00,0,180917,0,
2018-09-17 1:01,,0.000259134,6.49E-07,1:01,0,180917,0,
2018-09-17 1:02,,0.000259134,6.49E-07,1:02,0,180917,0,
2018-09-17 1:03,,0.000259134,6.49E-07,1:03,0,180917,0,
2018-09-17 1:04,,0.000259134,6.49E-07,1:04,0,180917,0,
2018-09-17 1:05,,0.000259134,6.49E-07,1:05,0,180917,0,
2018-09-17 1:06,,0.000259134,6.49E-07,1:06,0,180917,0,
2018-09-17 1:07,,0.000259134,6.49E-07,1:07,0,180917,0,
2018-09-17 1:08,,0.000259134,6.49E-07,1:08,0,180917,0,
2018-09-17 1:09,,0.000259134,6.49E-07,1:09,0,180917,0,
2018-09-17 1:10,,0.000259134,6.49E-07,1:10,0,180917,0,
2018-09-17 1:11,,0.000259134,6.49E-07,1:11,0,180917,0,
2018-09-17 1:12,,0.000259134,6.49E-07,1:12,0,180917,0,
2018-09-17 1:13,,0.000259134,6.49E-07,1:13,0,180917,0,
2018-09-17 1:14,,0.000259134,6.49E-07,1:14,0,180917,0,
2018-09-17 1:15,,0.000259134,6.49E-07,1:15,0,180917,0,
2018-09-17 1:16,,0.000259134,6.49E-07,1:16,0,180917,0,
2018-09-17 1:17,,0.000259134,6.49E-07,1:17,0,180917,0,
2018-09-17 1:18,,0.000259134,6.49E-07,1:18,0,180917,0,
2018-09-17 1:19,,0.000259134,6.49E-07,1:19,0,180917,0,
2018-09-17 1:20,,0.000259134,6.49E-07,1:20,0,180917,0,
2018-09-17 1:21,,0.000259134,6.49E-07,1:21,0,180917,0,
2018-09-17 1:22,,0.000259134,6.49E-07,1:22,0,180917,0,
2018-09-17 1:23,,0.000259134,6.49E-07,1:23,0,180917,0,
2018-09-17 1:24,,0.000259134,6.49E-07,1:24,0,180917,0,
2018-09-17 1:25,,0.000259134,6.49E-07,1:25,0,180917,0,
2018-09-17 1:26,,0.000259134,6.49E-07,1:26,0,180917,0,
2018-09-17 1:27,,0.000259134,6.49E-07,1:27,0,180917,0,
2018-09-17 1:28,,0.000259134,6.49E-07,1:28,0,180917,0,
2018-09-17 1:29,,0.000259134,6.49E-07,1:29,0,180917,0,
2018-09-17 1:30,,0.000259134,6.49E-07,1:30,0,180917,0,
2018-09-17 1:31,,0.000259134,6.49E-07,1:31,0,180917,0,
2018-09-17 1:32,,0.000259134,6.49E-07,1:32,0,180917,0,
2018-09-17 1:33,,0.000259134,6.49E-07,1:33,0,180917,0,
2018-09-17 1:34,,0.000259134,6.49E-07,1:34,0,180917,0,
2018-09-17 1:35,,0.000259134,6.49E-07,1:35,0,180917,0,
2018-09-17 1:36,,0.000259134,6.49E-07,1:36,0,180917,0,
2018-09-17 1:37,,0.000259134,6.49E-07,1:37,0,180917,0,
2018-09-17 1:38,,0.000259134,6.49E-07,1:38,0,180917,0,
2018-09-17 1:39,,0.000259134,6.49E-07,1:39,0,180917,0,
2018-09-17 1:40,,0.000259134,6.49E-07,1:40,0,180917,0,
2018-09-17 1:41,,0.000259134,6.49E-07,1:41,0,180917,0,
2018-09-17 1:42,,0.000259134,6.49E-07,1:42,0,180917,0,
2018-09-17 1:43,,0.000259134,6.49E-07,1:43,0,180917,0,
2018-09-17 1:44,,0.000259134,6.49E-07,1:44,0,180917,0,
2018-09-17 1:45,,0.000259134,6.49E-07,1:45,0,180917,0,
2018-09-17 1:46,,0.000259134,6.49E-07,1:46,0,180917,0,
2018-09-17 1:47,,0.000259134,6.49E-07,1:47,0,180917,0,
2018-09-17 1:48,,0.000259134,6.49E-07,1:48,0,180917,0,
2018-09-17 1:49,,0.000259134,6.49E-07,1:49,0,180917,0,
2018-09-17 1:50,,0.000259134,6.49E-07,1:50,0,180917,0,
2018-09-17 1:51,,0.000259134,6.49E-07,1:51,0,180917,0,
2018-09-17 1:52,,0.000259134,6.49E-07,1:52,0,180917,0,
2018-09-17 1:53,,0.000259134,6.49E-07,1:53,0,180917,0,
2018-09-17 1:54,,0.000259134,6.49E-07,1:54,0,180917,0,
2018-09-17 1:55,,0.000259134,6.49E-07,1:55,0,180917,0,
2018-09-17 1:56,,0.000259134,6.49E-07,1:56,0,180917,0,
2018-09-17 1:57,,0.000259134,6.49E-07,1:57,0,180917,0,
2018-09-17 1:58,,0.000259134,6.49E-07,1:58,0,180917,0,
2018-09-17 1:59,,0.000259134,6.49E-07,1:59,0,180917,0,
2018-09-17 2:00,,0.000259134,6.49E-07,2:00,0,180917,0,
2018-09-17 2:01,,0.000259134,6.49E-07,2:01,0,180917,0,
2018-09-17 2:02,,0.000259134,6.49E-07,2:02,0,180917,0,
2018-09-17 2:03,,0.000259134,6.49E-07,2:03,0,180917,0,
2018-09-17 2:04,,0.000259134,6.49E-07,2:04,0,180917,0,
2018-09-17 2:05,,0.000259134,6.49E-07,2:05,0,180917,0,
2018-09-17 2:06,,0.000259134,6.49E-07,2:06,0,180917,0,
2018-09-17 2:07,,0.000259134,6.49E-07,2:07,0,180917,0,
2018-09-17 2:08,,0.000259134,6.49E-07,2:08,0,180917,0,
2018-09-17 2:09,,0.000259134,6.49E-07,2:09,0,180917,0,
2018-09-17 2:10,,0.000259134,6.49E-07,2:10,0,180917,0,
2018-09-17 2:11,,0.000259134,6.49E-07,2:11,0,180917,0,
2018-09-17 2:12,,0.000259134,6.49E-07,2:12,0,180917,0,
2018-09-17 2:13,,0.000259134,6.49E-07,2:13,0,180917,0,
2018-09-17 2:14,,0.000259134,6.49E-07,2:14,0,180917,0,
2018-09-17 2:15,,0.000259134,6.49E-07,2:15,0,180917,0,
2018-09-17 2:16,,0.000259134,6.49E-07,2:16,0,180917,0,
2018-09-17 2:17,,0.000259134,6.49E-07,2:17,0,180917,0,
2018-09-17 2:18,,0.000259134,6.49E-07,2:18,0,180917,0,
2018-09-17 2:19,,0.000259134,6.49E-07,2:19,0,180917,0,
2018-09-17 2:20,,0.000259134,6.49E-07,2:20,0,180917,0,
2018-09-17 2:21,,0.000259134,6.49E-07,2:21,0,180917,0,
2018-09-17 2:22,,0.000259134,6.49E-07,2:22,0,180917,0,
2018-09-17 2:23,,0.000259134,6.49E-07,2:23,0,180917,0,
2018-09-17 2:24,,0.000259134,6.49E-07,2:24,0,180917,0,
2018-09-17 2:25,,0.000259134,6.49E-07,2:25,0,180917,0,
2018-09-17 2:26,,0.000259134,6.49E-07,2:26,0,180917,0,
2018-09-17 2:27,,0.000259134,6.49E-07,2:27,0,180917,0,
2018-09-17 2:28,,0.000259134,6.49E-07,2:28,0,180917,0,
2018-09-17 2:29,,0.000259134,6.49E-07,2:29,0,180917,0,
2018-09-17 2:30,,0.000259134,6.49E-07,2:30,0,180917,0,
2018-09-17 2:31,,0.000259134,6.49E-07,2:31,0,180917,0,
2018-09-17 2:32,,0.000259134,6.49E-07,2:32,0,180917,0,
2018-09-17 2:33,,0.000259134,6.49E-07,2:33,0,180917,0,
2018-09-17 2:34,,0.000259134,6.49E-07,2:34,0,180917,0,
2018-09-17 2:35,,0.000259134,6.49E-07,2:35,0,180917,0,
2018-09-17 2:36,,0.000259134,6.49E-07,2:36,0,180917,0,
2018-09-17 2:37,,0.000259134,6.49E-07,2:37,0,180917,0,
2018-09-17 2:38,,0.000259134,6.49E-07,2:38,0,180917,0,
2018-09-17 2:39,,0.000259134,6.49E-07,2:39,0,180917,0,
2018-09-17 2:40,,0.000259134,6.49E-07,2:40,0,180917,0,
2018-09-17 2:41,,0.000259134,6.49E-07,2:41,0,180917,0,
2018-09-17 2:42,,0.000259134,6.49E-07,2:42,0,180917,0,
2018-09-17 2:43,,0.000259134,6.49E-07,2:43,0,180917,0,
2018-09-17 2:44,,0.000259134,6.49E-07,2:44,0,180917,0,
2018-09-17 2:45,,0.000259134,6.49E-07,2:45,0,180917,0,
2018-09-17 2:46,,0.000259134,6.49E-07,2:46,0,180917,0,
2018-09-17 2:47,,0.000259134,6.49E-07,2:47,0,180917,0,
2018-09-17 2:48,,0.000259134,6.49E-07,2:48,0,180917,0,
2018-09-17 2:49,,0.000259134,6.49E-07,2:49,0,180917,0,
2018-09-17 2:50,,0.000259134,6.49E-07,2:50,0,180917,0,
2018-09-17 2:51,,0.000259134,6.49E-07,2:51,0,180917,0,
2018-09-17 2:52,,0.000259134,6.49E-07,2:52,0,180917,0,
2018-09-17 2:53,,0.000259134,6.49E-07,2:53,0,180917,0,
2018-09-17 2:54,,0.000259134,6.49E-07,2:54,0,180917,0,
2018-09-17 2:55,,0.000259134,6.49E-07,2:55,0,180917,0,
2018-09-17 2:56,,0.000259134,6.49E-07,2:56,0,180917,0,
2018-09-17 2:57,,0.000259134,6.49E-07,2:57,0,180917,0,
2018-09-17 2:58,,0.000259134,6.49E-07,2:58,0,180917,0,
2018-09-17 2:59,,0.000259134,6.49E-07,2:59,0,180917,0,
2018-09-17 3:00,,0.000259134,6.49E-07,3:00,0,180917,0,
2018-09-17 3:01,,0.000259134,6.49E-07,3:01,0,180917,0,
2018-09-17 3:02,,0.000259134,6.49E-07,3:02,0,180917,0,
2018-09-17 3:03,,0.000259134,6.49E-07,3:03,0,180917,0,
2018-09-17 3:04,,0.000259134,6.49E-07,3:04,0,180917,0,
2018-09-17 3:05,,0.000259134,6.49E-07,3:05,0,180917,0,
2018-09-17 3:06,,0.000259134,6.49E-07,3:06,0,180917,0,
2018-09-17 3:07,,0.000259134,6.49E-07,3:07,0,180917,0,
2018-09-17 3:08,,0.000259134,6.49E-07,3:08,0,180917,0,
2018-09-17 3:09,,0.000259134,6.49E-07,3:09,0,180917,0,
2018-09-17 3:10,,0.000259134,6.49E-07,3:10,0,180917,0,
2018-09-17 3:11,,0.000259134,6.49E-07,3:11,0,180917,0,
2018-09-17 3:12,,0.000259134,6.49E-07,3:12,0,180917,0,
2018-09-17 3:13,,0.000259134,6.49E-07,3:13,0,180917,0,
2018-09-17 3:14,,0.000259134,6.49E-07,3:14,0,180917,0,
2018-09-17 3:15,,0.000259134,6.49E-07,3:15,0,180917,0,
2018-09-17 3:16,,0.000259134,6.49E-07,3:16,0,180917,0,
2018-09-17 3:17,,0.000259134,6.49E-07,3:17,0,180917,0,
2018-09-17 3:18,,0.000259134,6.49E-07,3:18,0,180917,0,
2018-09-17 3:19,,0.000259134,6.49E-07,3:19,0,180917,0,
2018-09-17 3:20,,0.000259134,6.49E-07,3:20,0,180917,0,
2018-09-17 3:21,,0.000259134,6.49E-07,3:21,0,180917,0,
2018-09-17 3:22,,0.000259134,6.49E-07,3:22,0,180917,0,
2018-09-17 3:23,,0.000259134,6.49E-07,3:23,0,180917,0,
2018-09-17 3:24,,0.000259134,6.49E-07,3:24,0,180917,0,
2018-09-17 3:25,,0.000259134,6.49E-07,3:25,0,180917,0,
2018-09-17 3:26,,0.000259134,6.49E-07,3:26,0,180917,0,
2018-09-17 3:27,,0.000259134,6.49E-07,3:27,0,180917,0,
2018-09-17 3:28,,0.000259134,6.49E-07,3:28,0,180917,0,
2018-09-17 3:29,,0.000259134,6.49E-07,3:29,0,180917,0,
2018-09-17 3:30,,0.000259134,6.49E-07,3:30,0,180917,0,
2018-09-17 3:31,,0.000259134,6.49E-07,3:31,0,180917,0,
2018-09-17 3:32,,0.000259134,6.49E-07,3:32,0,180917,0,
2018-09-17 3:33,,0.000259134,6.49E-07,3:33,0,180917,0,
2018-09-17 3:34,,0.000259134,6.49E-07,3:34,0,180917,0,
2018-09-17 3:35,,0.000259134,6.49E-07,3:35,0,180917,0,
2018-09-17 3:36,,0.000259134,6.49E-07,3:36,0,180917,0,
2018-09-17 3:37,,0.000259134,6.49E-07,3:37,0,180917,0,
2018-09-17 3:38,,0.000259134,6.49E-07,3:38,0,180917,0,
2018-09-17 3:39,,0.000259134,6.49E-07,3:39,0,180917,0,
2018-09-17 3:40,,0.000259134,6.49E-07,3:40,0,180917,0,
2018-09-17 3:41,,0.000259134,6.49E-07,3:41,0,180917,0,
2018-09-17 3:42,,0.000259134,6.49E-07,3:42,0,180917,0,
2018-09-17 3:43,,0.000259134,6.49E-07,3:43,0,180917,0,
2018-09-17 3:44,,0.000259134,6.49E-07,3:44,0,180917,0,
2018-09-17 3:45,,0.000259134,6.49E-07,3:45,0,180917,0,
2018-09-17 3:46,,0.000259134,6.49E-07,3:46,0,180917,0,
2018-09-17 3:47,,0.000259134,6.49E-07,3:47,0,180917,0,
2018-09-17 3:48,,0.000259134,6.49E-07,3:48,0,180917,0,
2018-09-17 3:49,,0.000259134,6.49E-07,3:49,0,180917,0,
2018-09-17 3:50,,0.000259134,6.49E-07,3:50,0,180917,0,
2018-09-17 3:51,,0.000259134,6.49E-07,3:51,0,180917,0,
2018-09-17 3:52,,0.000259134,6.49E-07,3:52,0,180917,0,
2018-09-17 3:53,,0.000259134,6.49E-07,3:53,0,180917,0,
2018-09-17 3:54,,0.000259134,6.49E-07,3:54,0,180917,0,
2018-09-17 3:55,,0.000259134,6.49E-07,3:55,0,180917,0,
2018-09-17 3:56,,0.000259134,6.49E-07,3:56,0,180917,0,
2018-09-17 3:57,,0.000259134,6.49E-07,3:57,0,180917,0,
2018-09-17 3:58,,0.000259134,6.49E-07,3:58,0,180917,0,
2018-09-17 3:59,,0.000259134,6.49E-07,3:59,0,180917,0,
2018-09-17 4:00,,0.000259134,6.49E-07,4:00,0,180917,0,
2018-09-17 4:01,,0.000259134,6.49E-07,4:01,0,180917,0,
2018-09-17 4:02,,0.000259134,6.49E-07,4:02,0,180917,0,
2018-09-17 4:03,,0.000259134,6.49E-07,4:03,0,180917,0,
2018-09-17 4:04,,0.000259134,6.49E-07,4:04,0,180917,0,
2018-09-17 4:05,,0.000259134,6.49E-07,4:05,0,180917,0,
2018-09-17 4:06,,0.000259134,6.49E-07,4:06,0,180917,0,
2018-09-17 4:07,,0.000259134,6.49E-07,4:07,0,180917,0,
2018-09-17 4:08,,0.000259134,6.49E-07,4:08,0,180917,0,
2018-09-17 4:09,,0.000259134,6.49E-07,4:09,0,180917,0,
2018-09-17 4:10,,0.000259134,6.49E-07,4:10,0,180917,0,
2018-09-17 4:11,,0.000259134,6.49E-07,4:11,0,180917,0,
2018-09-17 4:12,,0.000259134,6.49E-07,4:12,0,180917,0,
2018-09-17 4:13,,0.000259134,6.49E-07,4:13,0,180917,0,
2018-09-17 4:14,,0.000259134,6.49E-07,4:14,0,180917,0,
2018-09-17 4:15,,0.000259134,6.49E-07,4:15,0,180917,0,
2018-09-17 4:16,,0.000259134,6.49E-07,4:16,0,180917,0,
2018-09-17 4:17,,0.000259134,6.49E-07,4:17,0,180917,0,
2018-09-17 4:18,,0.000259134,6.49E-07,4:18,0,180917,0,
2018-09-17 4:19,,0.000259134,6.49E-07,4:19,0,180917,0,
2018-09-17 4:20,,0.000259134,6.49E-07,4:20,0,180917,0,
2018-09-17 4:21,,0.000259134,6.49E-07,4:21,0,180917,0,
2018-09-17 4:22,,0.000259134,6.49E-07,4:22,0,180917,0,
2018-09-17 4:23,,0.000259134,6.49E-07,4:23,0,180917,0,
2018-09-17 4:24,,0.000259134,6.49E-07,4:24,0,180917,0,
2018-09-17 4:25,,0.000259134,6.49E-07,4:25,0,180917,0,
2018-09-17 4:26,,0.000259134,6.49E-07,4:26,0,180917,0,
2018-09-17 4:27,,0.000259134,6.49E-07,4:27,0,180917,0,
2018-09-17 4:28,,0.000259134,6.49E-07,4:28,0,180917,0,
2018-09-17 4:29,,0.000259134,6.49E-07,4:29,0,180917,0,
2018-09-17 4:30,,0.000259134,6.49E-07,4:30,0,180917,0,
2018-09-17 4:31,,0.000259134,6.49E-07,4:31,0,180917,0,
2018-09-17 4:32,,0.000259134,6.49E-07,4:32,0,180917,0,
2018-09-17 4:33,,0.000259134,6.49E-07,4:33,0,180917,0,
2018-09-17 4:34,,0.000259134,6.49E-07,4:34,0,180917,0,
2018-09-17 4:35,,0.000259134,6.49E-07,4:35,0,180917,0,
2018-09-17 4:36,,0.000259134,6.49E-07,4:36,0,180917,0,
2018-09-17 4:37,,0.000259134,6.49E-07,4:37,0,180917,0,
2018-09-17 4:38,,0.000259134,6.49E-07,4:38,0,180917,0,
2018-09-17 4:39,,0.000259134,6.49E-07,4:39,0,180917,0,
2018-09-17 4:40,,0.000259134,6.49E-07,4:40,0,180917,0,
2018-09-17 4:41,,0.000259134,6.49E-07,4:41,0,180917,0,
2018-09-17 4:42,,0.000259134,6.49E-07,4:42,0,180917,0,
2018-09-17 4:43,,0.000259134,6.49E-07,4:43,0,180917,0,
2018-09-17 4:44,,0.000259134,6.49E-07,4:44,0,180917,0,
2018-09-17 4:45,,0.000259134,6.49E-07,4:45,0,180917,0,
2018-09-17 4:46,,0.000259134,6.49E-07,4:46,0,180917,0,
2018-09-17 4:47,,0.000259134,6.49E-07,4:47,0,180917,0,
2018-09-17 4:48,,0.000259134,6.49E-07,4:48,0,180917,0,
2018-09-17 4:49,,0.000259134,6.49E-07,4:49,0,180917,0,
2018-09-17 4:50,,0.000259134,6.49E-07,4:50,0,180917,0,
2018-09-17 4:51,,0.000259134,6.49E-07,4:51,0,180917,0,
2018-09-17 4:52,,0.000259134,6.49E-07,4:52,0,180917,0,
2018-09-17 4:53,,0.000259134,6.49E-07,4:53,0,180917,0,
2018-09-17 4:54,,0.000259134,6.49E-07,4:54,0,180917,0,
2018-09-17 4:55,,0.000259134,6.49E-07,4:55,0,180917,0,
2018-09-17 4:56,,0.000259134,6.49E-07,4:56,0,180917,0,
2018-09-17 4:57,,0.000259134,6.49E-07,4:57,0,180917,0,
2018-09-17 4:58,,0.000259134,6.49E-07,4:58,0,180917,0,
2018-09-17 4:59,,0.000259134,6.49E-07,4:59,0,180917,0,
2018-09-17 5:00,,0.000259134,6.49E-07,5:00,0,180917,0,
2018-09-17 5:01,,0.000259134,6.49E-07,5:01,0,180917,0,
2018-09-17 5:02,,0.000259134,6.49E-07,5:02,0,180917,0,
2018-09-17 5:03,,0.000259134,6.49E-07,5:03,0,180917,0,
2018-09-17 5:04,,0.000259134,6.49E-07,5:04,0,180917,0,
2018-09-17 5:05,,0.000259134,6.49E-07,5:05,0,180917,0,
2018-09-17 5:06,,0.000259134,6.49E-07,5:06,0,180917,0,
2018-09-17 5:07,,0.000259134,6.49E-07,5:07,0,180917,0,
2018-09-17 5:08,,0.000259134,6.49E-07,5:08,0,180917,0,
2018-09-17 5:09,,0.000259134,6.49E-07,5:09,0,180917,0,
2018-09-17 5:10,,0.000259134,6.49E-07,5:10,0,180917,0,
2018-09-17 5:11,,0.000259134,6.49E-07,5:11,0,180917,0,
2018-09-17 5:12,,0.000259134,6.49E-07,5:12,0,180917,0,
2018-09-17 5:13,,0.000259134,6.49E-07,5:13,0,180917,0,
2018-09-17 5:14,,0.000259134,6.49E-07,5:14,0,180917,0,
2018-09-17 5:15,,0.000259134,6.49E-07,5:15,0,180917,0,
2018-09-17 5:16,,0.000259134,6.49E-07,5:16,0,180917,0,
2018-09-17 5:17,,0.000259134,6.49E-07,5:17,0,180917,0,
2018-09-17 5:18,,0.000259134,6.49E-07,5:18,0,180917,0,
2018-09-17 5:19,,0.000259134,6.49E-07,5:19,0,180917,0,
2018-09-17 5:20,,0.000259134,6.49E-07,5:20,0,180917,0,
2018-09-17 5:21,,0.000259134,6.49E-07,5:21,0,180917,0,
2018-09-17 5:22,,0.000259134,6.49E-07,5:22,0,180917,0,
2018-09-17 5:23,,0.000259134,6.49E-07,5:23,0,180917,0,
2018-09-17 5:24,,0.000259134,6.49E-07,5:24,0,180917,0,
2018-09-17 5:25,,0.000259134,6.49E-07,5:25,0,180917,0,
2018-09-17 5:26,,0.000259134,6.49E-07,5:26,0,180917,0,
2018-09-17 5:27,,0.000259134,6.49E-07,5:27,0,180917,0,
2018-09-17 5:28,,0.000259134,6.49E-07,5:28,0,180917,0,
2018-09-17 5:29,,0.000259134,6.49E-07,5:29,0,180917,0,
2018-09-17 5:30,,0.000259134,6.49E-07,5:30,0,180917,0,
2018-09-17 5:31,,0.000259134,6.49E-07,5:31,0,180917,0,
2018-09-17 5:32,,0.000259134,6.49E-07,5:32,0,180917,0,
2018-09-17 5:33,,0.000259134,6.49E-07,5:33,0,180917,0,
2018-09-17 5:34,,0.000259134,6.49E-07,5:34,0,180917,0,
2018-09-17 5:35,,0.000259134,6.49E-07,5:35,0,180917,0,
2018-09-17 5:36,,0.000259134,6.49E-07,5:36,0,180917,0,
2018-09-17 5:37,,0.000259134,6.49E-07,5:37,0,180917,0,
2018-09-17 5:38,,0.000259134,6.49E-07,5:38,0,180917,0,
2018-09-17 5:39,,0.000259134,6.49E-07,5:39,0,180917,0,
2018-09-17 5:40,,0.000259134,6.49E-07,5:40,0,180917,0,
2018-09-17 5:41,,0.000259134,6.49E-07,5:41,0,180917,0,
2018-09-17 5:42,,0.000259134,6.49E-07,5:42,0,180917,0,
2018-09-17 5:43,,0.000259134,6.49E-07,5:43,0,180917,0,
2018-09-17 5:44,,0.000259134,6.49E-07,5:44,0,180917,0,
2018-09-17 5:45,,0.000259134,6.49E-07,5:45,0,180917,0,
2018-09-17 5:46,,0.000259134,6.49E-07,5:46,0,180917,0,
2018-09-17 5:47,,0.000259134,6.49E-07,5:47,0,180917,0,
2018-09-17 5:48,,0.000259134,6.49E-07,5:48,0,180917,0,
2018-09-17 5:49,,0.000259134,6.49E-07,5:49,0,180917,0,
2018-09-17 5:50,,0.000259134,6.49E-07,5:50,0,180917,0,
2018-09-17 5:51,,0.000259134,6.49E-07,5:51,0,180917,0,
2018-09-17 5:52,,0.000259134,6.49E-07,5:52,0,180917,0,
2018-09-17 5:53,,0.000259134,6.49E-07,5:53,0,180917,0,
2018-09-17 5:54,,0.000259134,6.49E-07,5:54,0,180917,0,
2018-09-17 5:55,,0.000259134,6.49E-07,5:55,0,180917,0,
2018-09-17 5:56,,0.000259134,6.49E-07,5:56,0,180917,0,
2018-09-17 5:57,,0.000259134,6.49E-07,5:57,0,180917,0,
2018-09-17 5:58,,0.000259134,6.49E-07,5:58,0,180917,0,
2018-09-17 5:59,,0.000259134,6.49E-07,5:59,0,180917,0,
2018-09-17 6:00,,0.000259134,6.49E-07,6:00,0,180917,0,
2018-09-17 6:01,,0.000259134,6.49E-07,6:01,0,180917,0,
2018-09-17 6:02,,0.000259134,6.49E-07,6:02,0,180917,0,
2018-09-17 6:03,,0.000259134,6.49E-07,6:03,0,180917,0,
2018-09-17 6:04,,0.000259134,6.49E-07,6:04,0,180917,0,
2018-09-17 6:05,,0.000259134,6.49E-07,6:05,0,180917,0,
2018-09-17 6:06,,0.000259134,6.49E-07,6:06,0,180917,0,
2018-09-17 6:07,,0.000259134,6.49E-07,6:07,0,180917,0,
2018-09-17 6:08,,0.000259134,6.49E-07,6:08,0,180917,0,
2018-09-17 6:09,,0.000259134,6.49E-07,6:09,0,180917,0,
2018-09-17 6:10,,0.000259134,6.49E-07,6:10,0,180917,0,
2018-09-17 6:11,,0.000259134,6.49E-07,6:11,0,180917,0,
2018-09-17 6:12,,0.000259134,6.49E-07,6:12,0,180917,0,
2018-09-17 6:13,,0.000259134,6.49E-07,6:13,0,180917,0,
2018-09-17 6:14,,0.000259134,6.49E-07,6:14,0,180917,0,
2018-09-17 6:15,,0.000259134,6.49E-07,6:15,0,180917,0,
2018-09-17 6:16,,0.000259134,6.49E-07,6:16,0,180917,0,
2018-09-17 6:17,,0.000259134,6.49E-07,6:17,0,180917,0,
2018-09-17 6:18,,0.000259134,6.49E-07,6:18,0,180917,0,
2018-09-17 6:19,,0.000259134,6.49E-07,6:19,0,180917,0,
2018-09-17 6:20,,0.000259134,6.49E-07,6:20,0,180917,0,
2018-09-17 6:21,,0.000259134,6.49E-07,6:21,0,180917,0,
2018-09-17 6:22,,0.000259134,6.49E-07,6:22,0,180917,0,
2018-09-17 6:23,,0.000259134,6.49E-07,6:23,0,180917,0,
2018-09-17 6:24,,0.000259134,6.49E-07,6:24,0,180917,0,
2018-09-17 6:25,,0.000259134,6.49E-07,6:25,0,180917,0,
2018-09-17 6:26,,0.000259134,6.49E-07,6:26,0,180917,0,
2018-09-17 6:27,,0.000259134,6.49E-07,6:27,0,180917,0,
2018-09-17 6:28,,0.000259134,6.49E-07,6:28,0,180917,0,
2018-09-17 6:29,,0.000259134,6.49E-07,6:29,0,180917,0,
2018-09-17 6:30,,0.000259134,6.49E-07,6:30,0,180917,0,
2018-09-17 6:31,,0.000259134,6.49E-07,6:31,0,180917,0,
2018-09-17 6:32,,0.000259134,6.49E-07,6:32,0,180917,0,
2018-09-17 6:33,,0.000259134,6.49E-07,6:33,0,180917,0,
2018-09-17 6:34,,0.000259134,6.49E-07,6:34,0,180917,0,
2018-09-17 6:35,,0.000259134,6.49E-07,6:35,0,180917,0,
2018-09-17 6:36,,0.000259134,6.49E-07,6:36,0,180917,0,
2018-09-17 6:37,,0.000259134,6.49E-07,6:37,0,180917,0,
2018-09-17 6:38,,0.000259134,6.49E-07,6:38,0,180917,0,
2018-09-17 6:39,,0.000259134,6.49E-07,6:39,0,180917,0,
2018-09-17 6:40,,0.000259134,6.49E-07,6:40,0,180917,0,
2018-09-17 6:41,,0.000259134,6.49E-07,6:41,0,180917,0,
2018-09-17 6:42,,0.000259134,6.49E-07,6:42,0,180917,0,
2018-09-17 6:43,,0.000259134,6.49E-07,6:43,0,180917,0,
2018-09-17 6:44,,0.000259134,6.49E-07,6:44,0,180917,0,
2018-09-17 6:45,,0.000259134,6.49E-07,6:45,0,180917,0,
2018-09-17 6:46,,0.000259134,6.49E-07,6:46,0,180917,0,
2018-09-17 6:47,,0.000259134,6.49E-07,6:47,0,180917,0,
2018-09-17 6:48,,0.000259134,6.49E-07,6:48,0,180917,0,
2018-09-17 6:49,,0.000259134,6.49E-07,6:49,0,180917,0,
2018-09-17 6:50,,0.000259134,6.49E-07,6:50,0,180917,0,
2018-09-17 6:51,,0.000259134,6.49E-07,6:51,0,180917,0,
2018-09-17 6:52,,0.000259134,6.49E-07,6:52,0,180917,0,
2018-09-17 6:53,,0.000259134,6.49E-07,6:53,0,180917,0,
2018-09-17 6:54,,0.000259134,6.49E-07,6:54,0,180917,0,
2018-09-17 6:55,,0.000259134,6.49E-07,6:55,0,180917,0,
2018-09-17 6:56,,0.000259134,6.49E-07,6:56,0,180917,0,
2018-09-17 6:57,,0.000259134,6.49E-07,6:57,0,180917,0,
2018-09-17 6:58,,0.000259134,6.49E-07,6:58,0,180917,0,
2018-09-17 6:59,,0.000259134,6.49E-07,6:59,0,180917,0,
2018-09-17 7:00,,0.000259134,6.49E-07,7:00,0,180917,0,
2018-09-17 7:01,,0.000259134,6.49E-07,7:01,0,180917,0,
2018-09-17 7:02,,0.000259134,6.49E-07,7:02,0,180917,0,
2018-09-17 7:03,,0.000259134,6.49E-07,7:03,0,180917,0,
2018-09-17 7:04,,0.000259134,6.49E-07,7:04,0,180917,0,
2018-09-17 7:05,,0.000259134,6.49E-07,7:05,0,180917,0,
2018-09-17 7:06,,0.000259134,6.49E-07,7:06,0,180917,0,
2018-09-17 7:07,,0.000259134,6.49E-07,7:07,0,180917,0,
2018-09-17 7:08,,0.000259134,6.49E-07,7:08,0,180917,0,
2018-09-17 7:09,,0.000259134,6.49E-07,7:09,0,180917,0,
2018-09-17 7:10,,0.000259134,6.49E-07,7:10,0,180917,0,
2018-09-17 7:11,,0.000259134,6.49E-07,7:11,0,180917,0,
2018-09-17 7:12,,0.000259134,6.49E-07,7:12,0,180917,0,
2018-09-17 7:13,,0.000259134,6.49E-07,7:13,0,180917,0,
2018-09-17 7:14,,0.000259134,6.49E-07,7:14,0,180917,0,
2018-09-17 7:15,,0.000259134,6.49E-07,7:15,0,180917,0,
2018-09-17 7:16,,0.000259134,6.49E-07,7:16,0,180917,0,
2018-09-17 7:17,,0.000259134,6.49E-07,7:17,0,180917,0,
2018-09-17 7:18,,0.000259134,6.49E-07,7:18,0,180917,0,
2018-09-17 7:19,,0.000259134,6.49E-07,7:19,0,180917,0,
2018-09-17 7:20,,0.000259134,6.49E-07,7:20,0,180917,0,
2018-09-17 7:21,,0.000259134,6.49E-07,7:21,0,180917,0,
2018-09-17 7:22,,0.000259134,6.49E-07,7:22,0,180917,0,
2018-09-17 7:23,,0.000259134,6.49E-07,7:23,0,180917,0,
2018-09-17 7:24,,0.000259134,6.49E-07,7:24,0,180917,0,
2018-09-17 7:25,,0.000259134,6.49E-07,7:25,0,180917,0,
2018-09-17 7:26,,0.000259134,6.49E-07,7:26,0,180917,0,
2018-09-17 7:27,,0.000259134,6.49E-07,7:27,0,180917,0,
2018-09-17 7:28,,0.000259134,6.49E-07,7:28,0,180917,0,
2018-09-17 7:29,,0.000259134,6.49E-07,7:29,0,180917,0,
2018-09-17 7:30,,0.000259134,6.49E-07,7:30,0,180917,0,
2018-09-17 7:31,,0.000259134,6.49E-07,7:31,0,180917,0,
2018-09-17 7:32,,0.000259134,6.49E-07,7:32,0,180917,0,
2018-09-17 7:33,,0.000259134,6.49E-07,7:33,0,180917,0,
2018-09-17 7:34,,0.000259134,6.49E-07,7:34,0,180917,0,
2018-09-17 7:35,,0.000259134,6.49E-07,7:35,0,180917,0,
2018-09-17 7:36,,0.000259134,6.49E-07,7:36,0,180917,0,
2018-09-17 7:37,,0.000259134,6.49E-07,7:37,0,180917,0,
2018-09-17 7:38,,0.000259134,6.49E-07,7:38,0,180917,0,
2018-09-17 7:39,,0.000259134,6.49E-07,7:39,0,180917,0,
2018-09-17 7:40,,0.000259134,6.49E-07,7:40,0,180917,0,
2018-09-17 7:41,,0.000259134,6.49E-07,7:41,0,180917,0,
2018-09-17 7:42,,0.000259134,6.49E-07,7:42,0,180917,0,
2018-09-17 7:43,,0.000259134,6.49E-07,7:43,0,180917,0,
2018-09-17 7:44,,0.000259134,6.49E-07,7:44,0,180917,0,
2018-09-17 7:45,,0.000259134,6.49E-07,7:45,0,180917,0,
2018-09-17 7:46,,0.000259134,6.49E-07,7:46,0,180917,0,
2018-09-17 7:47,,0.000259134,6.49E-07,7:47,0,180917,0,
2018-09-17 7:48,,0.000259134,6.49E-07,7:48,0,180917,0,
2018-09-17 7:49,,0.000259134,6.49E-07,7:49,0,180917,0,
2018-09-17 7:50,,0.000259134,6.49E-07,7:50,0,180917,0,
2018-09-17 7:51,,0.000259134,6.49E-07,7:51,0,180917,0,
2018-09-17 7:52,,0.000259134,6.49E-07,7:52,0,180917,0,
2018-09-17 7:53,,0.000259134,6.49E-07,7:53,0,180917,0,
2018-09-17 7:54,,0.000259134,6.49E-07,7:54,0,180917,0,
2018-09-17 7:55,,0.000259134,6.49E-07,7:55,0,180917,0,
2018-09-17 7:56,,0.000259134,6.49E-07,7:56,0,180917,0,
2018-09-17 7:57,,0.000259134,6.49E-07,7:57,0,180917,0,
2018-09-17 7:58,,0.000259134,6.49E-07,7:58,0,180917,0,
2018-09-17 7:59,,0.000259134,6.49E-07,7:59,0,180917,0,
2018-09-17 8:00,,0.000259134,6.49E-07,8:00,0,180917,0,
2018-09-17 8:01,,0.000259134,6.49E-07,8:01,0,180917,0,
2018-09-17 8:02,,0.000259134,6.49E-07,8:02,0,180917,0,
2018-09-17 8:03,,0.000259134,6.49E-07,8:03,0,180917,0,
2018-09-17 8:04,,0.000259134,6.49E-07,8:04,0,180917,0,
2018-09-17 8:05,,0.000259134,6.49E-07,8:05,0,180917,0,
2018-09-17 8:06,,0.000259134,6.49E-07,8:06,0,180917,0,
2018-09-17 8:07,,0.000259134,6.49E-07,8:07,0,180917,0,
2018-09-17 8:08,,0.000259134,6.49E-07,8:08,0,180917,0,
2018-09-17 8:09,,0.000259134,6.49E-07,8:09,0,180917,0,
2018-09-17 8:10,,0.000259134,6.49E-07,8:10,0,180917,0,
2018-09-17 8:11,,0.000259134,6.49E-07,8:11,0,180917,0,
2018-09-17 8:12,,0.000259134,6.49E-07,8:12,0,180917,0,
2018-09-17 8:13,,0.000259134,6.49E-07,8:13,0,180917,0,
2018-09-17 8:14,,0.000259134,6.49E-07,8:14,0,180917,0,
2018-09-17 8:15,,0.000259134,6.49E-07,8:15,0,180917,0,
2018-09-17 8:16,,0.000259134,6.49E-07,8:16,0,180917,0,
2018-09-17 8:17,,0.000259134,6.49E-07,8:17,0,180917,0,
2018-09-17 8:18,,0.000259134,6.49E-07,8:18,0,180917,0,
2018-09-17 8:19,,0.000259134,6.49E-07,8:19,0,180917,0,
2018-09-17 8:20,,0.000259134,6.49E-07,8:20,0,180917,0,
2018-09-17 8:21,,0.000259134,6.49E-07,8:21,0,180917,0,
2018-09-17 8:22,,0.000259134,6.49E-07,8:22,0,180917,0,
2018-09-17 8:23,,0.000259134,6.49E-07,8:23,0,180917,0,
2018-09-17 8:24,,0.000259134,6.49E-07,8:24,0,180917,0,
2018-09-17 8:25,,0.000259134,6.49E-07,8:25,0,180917,0,
2018-09-17 8:26,,0.000259134,6.49E-07,8:26,0,180917,0,
2018-09-17 8:27,,0.000259134,6.49E-07,8:27,0,180917,0,
2018-09-17 8:28,,0.000259134,6.49E-07,8:28,0,180917,0,
2018-09-17 8:29,,0.000259134,6.49E-07,8:29,0,180917,0,
2018-09-17 8:30,,0.000259134,6.49E-07,8:30,0,180917,0,
2018-09-17 8:31,,0.000259134,6.49E-07,8:31,0,180917,0,
2018-09-17 8:32,,0.000259134,6.49E-07,8:32,0,180917,0,
2018-09-17 8:33,,0.000259134,6.49E-07,8:33,0,180917,0,
2018-09-17 8:34,,0.000259134,6.49E-07,8:34,0,180917,0,
2018-09-17 8:35,,0.000259134,6.49E-07,8:35,0,180917,0,
2018-09-17 8:36,,0.000259134,6.49E-07,8:36,0,180917,0,
2018-09-17 8:37,,0.000259134,6.49E-07,8:37,0,180917,0,
2018-09-17 8:38,,0.000259134,6.49E-07,8:38,0,180917,0,
2018-09-17 8:39,,0.000259134,6.49E-07,8:39,0,180917,0,
2018-09-17 8:40,,0.000259134,6.49E-07,8:40,0,180917,0,
2018-09-17 8:41,,0.000259134,6.49E-07,8:41,0,180917,0,
2018-09-17 8:42,,0.000259134,6.49E-07,8:42,0,180917,0,
2018-09-17 8:43,,0.000259134,6.49E-07,8:43,0,180917,0,
2018-09-17 8:44,,0.000259134,6.49E-07,8:44,0,180917,0,
2018-09-17 8:45,,0.000259134,6.49E-07,8:45,0,180917,0,
2018-09-17 8:46,,0.000259134,6.49E-07,8:46,0,180917,0,
2018-09-17 8:47,,0.000259134,6.49E-07,8:47,0,180917,0,
2018-09-17 8:48,,0.000259134,6.49E-07,8:48,0,180917,0,
2018-09-17 8:49,,0.000259134,6.49E-07,8:49,0,180917,0,
2018-09-17 8:50,,0.000259134,6.49E-07,8:50,0,180917,0,
2018-09-17 8:51,,0.000259134,6.49E-07,8:51,0,180917,0,
2018-09-17 8:52,,0.000259134,6.49E-07,8:52,0,180917,0,
2018-09-17 8:53,,0.000259134,6.49E-07,8:53,0,180917,0,
2018-09-17 8:54,,0.000259134,6.49E-07,8:54,0,180917,0,
2018-09-17 8:55,,0.000259134,6.49E-07,8:55,0,180917,0,
2018-09-17 8:56,,0.000259134,6.49E-07,8:56,0,180917,0,
2018-09-17 8:57,,0.000259134,6.49E-07,8:57,0,180917,0,
2018-09-17 8:58,,0.000259134,6.49E-07,8:58,0,180917,0,
2018-09-17 8:59,,0.000259134,6.49E-07,8:59,0,180917,0,
2018-09-17 9:00,,0.000259134,6.49E-07,9:00,0,180917,0,
2018-09-17 9:01,,0.000259134,6.49E-07,9:01,0,180917,0,
2018-09-17 9:02,,0.000259134,6.49E-07,9:02,0,180917,0,
2018-09-17 9:03,,0.000259134,6.49E-07,9:03,0,180917,0,
2018-09-17 9:04,,0.000259134,6.49E-07,9:04,0,180917,0,
2018-09-17 9:05,,0.000259134,6.49E-07,9:05,0,180917,0,
2018-09-17 9:06,,0.000259134,6.49E-07,9:06,0,180917,0,
2018-09-17 9:07,,0.000259134,6.49E-07,9:07,0,180917,0,
2018-09-17 9:08,,0.000259134,6.49E-07,9:08,0,180917,0,
2018-09-17 9:09,,0.000259134,6.49E-07,9:09,0,180917,0,
2018-09-17 9:10,,0.000259134,6.49E-07,9:10,0,180917,0,
2018-09-17 9:11,,0.000259134,6.49E-07,9:11,0,180917,0,
2018-09-17 9:12,,0.000259134,6.49E-07,9:12,0,180917,0,
2018-09-17 9:13,,0.000259134,6.49E-07,9:13,0,180917,0,
2018-09-17 9:14,,0.000259134,6.49E-07,9:14,0,180917,0,
2018-09-17 9:15,,0.000259134,6.49E-07,9:15,0,180917,0,
2018-09-17 9:16,,0.000259134,6.49E-07,9:16,0,180917,0,
2018-09-17 9:17,,0.000259134,6.49E-07,9:17,0,180917,0,
2018-09-17 9:18,,0.000259134,6.49E-07,9:18,0,180917,0,
2018-09-17 9:19,,0.000259134,6.49E-07,9:19,0,180917,0,
2018-09-17 9:20,,0.000259134,6.49E-07,9:20,0,180917,0,
2018-09-17 9:21,,0.000259134,6.49E-07,9:21,0,180917,0,
2018-09-17 9:22,,0.000259134,6.49E-07,9:22,0,180917,0,
2018-09-17 9:23,,0.000259134,6.49E-07,9:23,0,180917,0,
2018-09-17 9:24,,0.000259134,6.49E-07,9:24,0,180917,0,
2018-09-17 9:25,,0.000259134,6.49E-07,9:25,0,180917,0,
2018-09-17 9:26,,0.000259134,6.49E-07,9:26,0,180917,0,
2018-09-17 9:27,,0.000259134,6.49E-07,9:27,0,180917,0,
2018-09-17 9:28,,0.000259134,6.49E-07,9:28,0,180917,0,
2018-09-17 9:29,,0.000259134,6.49E-07,9:29,0,180917,0,
2018-09-17 9:30,,0.000259134,6.49E-07,9:30,0,180917,0,
2018-09-17 9:31,,0.000259134,6.49E-07,9:31,0,180917,0,
2018-09-17 9:32,,0.000259134,6.49E-07,9:32,0,180917,0,
2018-09-17 9:33,,0.000259134,6.49E-07,9:33,0,180917,0,
2018-09-17 9:34,,0.000259134,6.49E-07,9:34,0,180917,0,
2018-09-17 9:35,,0.000259134,6.49E-07,9:35,0,180917,0,
2018-09-17 9:36,,0.000259134,6.49E-07,9:36,0,180917,0,
2018-09-17 9:37,,0.000259134,6.49E-07,9:37,0,180917,0,
2018-09-17 9:38,,0.000259134,6.49E-07,9:38,0,180917,0,
2018-09-17 9:39,,0.000259134,6.49E-07,9:39,0,180917,0,
2018-09-17 9:40,,0.000259134,6.49E-07,9:40,0,180917,0,
2018-09-17 9:41,,0.000259134,6.49E-07,9:41,0,180917,0,
2018-09-17 9:42,,0.000259134,6.49E-07,9:42,0,180917,0,
2018-09-17 9:43,,0.000259134,6.49E-07,9:43,0,180917,0,
2018-09-17 9:44,,0.000259134,6.49E-07,9:44,0,180917,0,
2018-09-17 9:45,,0.000259134,6.49E-07,9:45,0,180917,0,
2018-09-17 9:46,,0.000259134,6.49E-07,9:46,0,180917,0,
2018-09-17 9:47,,0.000259134,6.49E-07,9:47,0,180917,0,
2018-09-17 9:48,,0.000259134,6.49E-07,9:48,0,180917,0,
2018-09-17 9:49,,0.000259134,6.49E-07,9:49,0,180917,0,
2018-09-17 9:50,,0.000259134,6.49E-07,9:50,0,180917,0,
2018-09-17 9:51,,0.000259134,6.49E-07,9:51,0,180917,0,
2018-09-17 9:52,,0.000259134,6.49E-07,9:52,0,180917,0,
2018-09-17 9:53,,0.000259134,6.49E-07,9:53,0,180917,0,
2018-09-17 9:54,,0.000259134,6.49E-07,9:54,0,180917,0,
2018-09-17 9:55,,0.000259134,6.49E-07,9:55,0,180917,0,
2018-09-17 9:56,,0.000259134,6.49E-07,9:56,0,180917,0,
2018-09-17 9:57,,0.000259134,6.49E-07,9:57,0,180917,0,
2018-09-17 9:58,,0.000259134,6.49E-07,9:58,0,180917,0,
2018-09-17 9:59,,0.000259134,6.49E-07,9:59,0,180917,0,
2018-09-17 10:00,,0.000259134,6.49E-07,10:00,0,180917,0,
2018-09-17 10:01,,0.000259134,6.49E-07,10:01,0,180917,0,
2018-09-17 10:02,,0.000259134,6.49E-07,10:02,0,180917,0,
2018-09-17 10:03,,0.000259134,6.49E-07,10:03,0,180917,0,
2018-09-17 10:04,,0.000259134,6.49E-07,10:04,0,180917,0,
2018-09-17 10:05,,0.000259134,6.49E-07,10:05,0,180917,0,
2018-09-17 10:06,,0.000259134,6.49E-07,10:06,0,180917,0,
2018-09-17 10:07,,0.000259134,6.49E-07,10:07,0,180917,0,
2018-09-17 10:08,,0.000259134,6.49E-07,10:08,0,180917,0,
2018-09-17 10:09,,0.000259134,6.49E-07,10:09,0,180917,0,
2018-09-17 10:10,,0.000259134,6.49E-07,10:10,0,180917,0,
2018-09-17 10:11,,0.000259134,6.49E-07,10:11,0,180917,0,
2018-09-17 10:12,,0.000259134,6.49E-07,10:12,0,180917,0,
2018-09-17 10:13,,0.000259134,6.49E-07,10:13,0,180917,0,
2018-09-17 10:14,,0.000259134,6.49E-07,10:14,0,180917,0,
2018-09-17 10:15,,0.000259134,6.49E-07,10:15,0,180917,0,
2018-09-17 10:16,,0.000259134,6.49E-07,10:16,0,180917,0,
2018-09-17 10:17,,0.000259134,6.49E-07,10:17,0,180917,0,
2018-09-17 10:18,,0.000259134,6.49E-07,10:18,0,180917,0,
2018-09-17 10:19,,0.000259134,6.49E-07,10:19,0,180917,0,
2018-09-17 10:20,,0.000259134,6.49E-07,10:20,0,180917,0,
2018-09-17 10:21,,0.000259134,6.49E-07,10:21,0,180917,0,
2018-09-17 10:22,,0.000259134,6.49E-07,10:22,0,180917,0,
2018-09-17 10:23,,0.000259134,6.49E-07,10:23,0,180917,0,
2018-09-17 10:24,,0.000259134,6.49E-07,10:24,0,180917,0,
2018-09-17 10:25,,0.000259134,6.49E-07,10:25,0,180917,0,
2018-09-17 10:26,,0.000259134,6.49E-07,10:26,0,180917,0,
2018-09-17 10:27,,0.000259134,6.49E-07,10:27,0,180917,0,
2018-09-17 10:28,,0.000259134,6.49E-07,10:28,0,180917,0,
2018-09-17 10:29,,0.000259134,6.49E-07,10:29,0,180917,0,
2018-09-17 10:30,,0.000259134,6.49E-07,10:30,0,180917,0,
2018-09-17 10:31,,0.000259134,6.49E-07,10:31,0,180917,0,
2018-09-17 10:32,,0.000259134,6.49E-07,10:32,0,180917,0,
2018-09-17 10:33,,0.000259134,6.49E-07,10:33,0,180917,0,
2018-09-17 10:34,,0.000259134,6.49E-07,10:34,0,180917,0,
2018-09-17 10:35,,0.000259134,6.49E-07,10:35,0,180917,0,
2018-09-17 10:36,,0.000259134,6.49E-07,10:36,0,180917,0,
2018-09-17 10:37,,0.000259134,6.49E-07,10:37,0,180917,0,
2018-09-17 10:38,,0.000259134,6.49E-07,10:38,0,180917,0,
2018-09-17 10:39,,0.000259134,6.49E-07,10:39,0,180917,0,
2018-09-17 10:40,,0.000259134,6.49E-07,10:40,0,180917,0,
2018-09-17 10:41,,0.000259134,6.49E-07,10:41,0,180917,0,
2018-09-17 10:42,,0.000259134,6.49E-07,10:42,0,180917,0,
2018-09-17 10:43,,0.000259134,6.49E-07,10:43,0,180917,0,
2018-09-17 10:44,,0.000259134,6.49E-07,10:44,0,180917,0,
2018-09-17 10:45,,0.000259134,6.49E-07,10:45,0,180917,0,
2018-09-17 10:46,,0.000259134,6.49E-07,10:46,0,180917,0,
2018-09-17 10:47,,0.000259134,6.49E-07,10:47,0,180917,0,
2018-09-17 10:48,,0.000259134,6.49E-07,10:48,0,180917,0,
2018-09-17 10:49,,0.000259134,6.49E-07,10:49,0,180917,0,
2018-09-17 10:50,,0.000259134,6.49E-07,10:50,0,180917,0,
2018-09-17 10:51,,0.000259134,6.49E-07,10:51,0,180917,0,
2018-09-17 10:52,,0.000259134,6.49E-07,10:52,0,180917,0,
2018-09-17 10:53,,0.000259134,6.49E-07,10:53,0,180917,0,
2018-09-17 10:54,,0.000259134,6.49E-07,10:54,0,180917,0,
2018-09-17 10:55,,0.000259134,6.49E-07,10:55,0,180917,0,
2018-09-17 10:56,,0.000259134,6.49E-07,10:56,0,180917,0,
2018-09-17 10:57,,0.000259134,6.49E-07,10:57,0,180917,0,
2018-09-17 10:58,,0.000259134,6.49E-07,10:58,0,180917,0,
2018-09-17 10:59,,0.000259134,6.49E-07,10:59,0,180917,0,
2018-09-17 11:00,,0.000259134,6.49E-07,11:00,0,180917,0,
2018-09-17 11:01,,0.000259134,6.49E-07,11:01,0,180917,0,
2018-09-17 11:02,,0.000259134,6.49E-07,11:02,0,180917,0,
2018-09-17 11:03,,0.000259134,6.49E-07,11:03,0,180917,0,
2018-09-17 11:04,,0.000259134,6.49E-07,11:04,0,180917,0,
2018-09-17 11:05,,0.000259134,6.49E-07,11:05,0,180917,0,
2018-09-17 11:06,,0.000259134,6.49E-07,11:06,0,180917,0,
2018-09-17 11:07,,0.000259134,6.49E-07,11:07,0,180917,0,
2018-09-17 11:08,,0.000259134,6.49E-07,11:08,0,180917,0,
2018-09-17 11:09,,0.000259134,6.49E-07,11:09,0,180917,0,
2018-09-17 11:10,,0.000259134,6.49E-07,11:10,0,180917,0,
2018-09-17 11:11,,0.000259134,6.49E-07,11:11,0,180917,0,
2018-09-17 11:12,,0.000259134,6.49E-07,11:12,0,180917,0,
2018-09-17 11:13,,0.000259134,6.49E-07,11:13,0,180917,0,
2018-09-17 11:14,,0.000259134,6.49E-07,11:14,0,180917,0,
2018-09-17 11:15,,0.000259134,6.49E-07,11:15,0,180917,0,
2018-09-17 11:16,,0.000259134,6.49E-07,11:16,0,180917,0,
2018-09-17 11:17,,0.000259134,6.49E-07,11:17,0,180917,0,
2018-09-17 11:18,,0.000259134,6.49E-07,11:18,0,180917,0,
2018-09-17 11:19,,0.000259134,6.49E-07,11:19,0,180917,0,
2018-09-17 11:20,,0.000259134,6.49E-07,11:20,0,180917,0,
2018-09-17 11:21,,0.000259134,6.49E-07,11:21,0,180917,0,
2018-09-17 11:22,,0.000259134,6.49E-07,11:22,0,180917,0,
2018-09-17 11:23,,0.000259134,6.49E-07,11:23,0,180917,0,
2018-09-17 11:24,,0.000259134,6.49E-07,11:24,0,180917,0,
2018-09-17 11:25,,0.000259134,6.49E-07,11:25,0,180917,0,
2018-09-17 11:26,,0.000259134,6.49E-07,11:26,0,180917,0,
2018-09-17 11:27,,0.000259134,6.49E-07,11:27,0,180917,0,
2018-09-17 11:28,,0.000259134,6.49E-07,11:28,0,180917,0,
2018-09-17 11:29,,0.000259134,6.49E-07,11:29,0,180917,0,
2018-09-17 11:30,,0.000259134,6.49E-07,11:30,0,180917,0,
2018-09-17 11:31,,0.000259134,6.49E-07,11:31,0,180917,0,
2018-09-17 11:32,,0.000259134,6.49E-07,11:32,0,180917,0,
2018-09-17 11:33,,0.000259134,6.49E-07,11:33,0,180917,0,
2018-09-17 11:34,,0.000259134,6.49E-07,11:34,0,180917,0,
2018-09-17 11:35,,0.000259134,6.49E-07,11:35,0,180917,0,
2018-09-17 11:36,,0.000259134,6.49E-07,11:36,0,180917,0,
2018-09-17 11:37,,0.000259134,6.49E-07,11:37,0,180917,0,
2018-09-17 11:38,,0.000259134,6.49E-07,11:38,0,180917,0,
2018-09-17 11:39,,0.000259134,6.49E-07,11:39,0,180917,0,
2018-09-17 11:40,,0.000259134,6.49E-07,11:40,0,180917,0,
2018-09-17 11:41,,0.000259134,6.49E-07,11:41,0,180917,0,
2018-09-17 11:42,,0.000259134,6.49E-07,11:42,0,180917,0,
2018-09-17 11:43,,0.000259134,6.49E-07,11:43,0,180917,0,
2018-09-17 11:44,,0.000259134,6.49E-07,11:44,0,180917,0,
2018-09-17 11:45,,0.000259134,6.49E-07,11:45,0,180917,0,
2018-09-17 11:46,,0.000259134,6.49E-07,11:46,0,180917,0,
2018-09-17 11:47,,0.000259134,6.49E-07,11:47,0,180917,0,
2018-09-17 11:48,,0.000259134,6.49E-07,11:48,0,180917,0,
2018-09-17 11:49,,0.000259134,6.49E-07,11:49,0,180917,0,
2018-09-17 11:50,,0.000259134,6.49E-07,11:50,0,180917,0,
2018-09-17 11:51,,0.000259134,6.49E-07,11:51,0,180917,0,
2018-09-17 11:52,,0.000259134,6.49E-07,11:52,0,180917,0,
2018-09-17 11:53,,0.000259134,6.49E-07,11:53,0,180917,0,
2018-09-17 11:54,,0.000259134,6.49E-07,11:54,0,180917,0,
2018-09-17 11:55,,0.000259134,6.49E-07,11:55,0,180917,0,
2018-09-17 11:56,,0.000259134,6.49E-07,11:56,0,180917,0,
2018-09-17 11:57,,0.000259134,6.49E-07,11:57,0,180917,0,
2018-09-17 11:58,,0.000259134,6.49E-07,11:58,0,180917,0,
2018-09-17 11:59,,0.000259134,6.49E-07,11:59,0,180917,0,
2018-09-17 12:00,,0.000259134,6.49E-07,12:00,0,180917,0,
2018-09-17 12:01,,0.000259134,6.49E-07,12:01,0,180917,0,
2018-09-17 12:02,,0.000259134,6.49E-07,12:02,0,180917,0,
2018-09-17 12:03,,0.000259134,6.49E-07,12:03,0,180917,0,
2018-09-17 12:04,,0.000259134,6.49E-07,12:04,0,180917,0,
2018-09-17 12:05,,0.000259134,6.49E-07,12:05,0,180917,0,
2018-09-17 12:06,,0.000259134,6.49E-07,12:06,0,180917,0,
2018-09-17 12:07,,0.000259134,6.49E-07,12:07,0,180917,0,
2018-09-17 12:08,,0.000259134,6.49E-07,12:08,0,180917,0,
2018-09-17 12:09,,0.000259134,6.49E-07,12:09,0,180917,0,
2018-09-17 12:10,,0.000259134,6.49E-07,12:10,0,180917,0,
2018-09-17 12:11,,0.000259134,6.49E-07,12:11,0,180917,0,
2018-09-17 12:12,,0.000259134,6.49E-07,12:12,0,180917,0,
2018-09-17 12:13,,0.000259134,6.49E-07,12:13,0,180917,0,
2018-09-17 12:14,,0.000259134,6.49E-07,12:14,0,180917,0,
2018-09-17 12:15,,0.000259134,6.49E-07,12:15,0,180917,0,
2018-09-17 12:16,,0.000259134,6.49E-07,12:16,0,180917,0,
2018-09-17 12:17,,0.000259134,6.49E-07,12:17,0,180917,0,
2018-09-17 12:18,,0.000259134,6.49E-07,12:18,0,180917,0,
2018-09-17 12:19,,0.000259134,6.49E-07,12:19,0,180917,0,
2018-09-17 12:20,,0.000259134,6.49E-07,12:20,0,180917,0,
2018-09-17 12:21,,0.000259134,6.49E-07,12:21,0,180917,0,
2018-09-17 12:22,,0.000259134,6.49E-07,12:22,0,180917,0,
2018-09-17 12:23,,0.000259134,6.49E-07,12:23,0,180917,0,
2018-09-17 12:24,,0.000259134,6.49E-07,12:24,0,180917,0,
2018-09-17 12:25,,0.000259134,6.49E-07,12:25,0,180917,0,
2018-09-17 12:26,,0.000259134,6.49E-07,12:26,0,180917,0,
2018-09-17 12:27,,0.000259134,6.49E-07,12:27,0,180917,0,
2018-09-17 12:28,,0.000259134,6.49E-07,12:28,0,180917,0,
2018-09-17 12:29,,0.000259134,6.49E-07,12:29,0,180917,0,
2018-09-17 12:30,,0.000259134,6.49E-07,12:30,0,180917,0,
2018-09-17 12:31,,0.000259134,6.49E-07,12:31,0,180917,0,
2018-09-17 12:32,,0.000259134,6.49E-07,12:32,0,180917,0,
2018-09-17 12:33,,0.000259134,6.49E-07,12:33,0,180917,0,
2018-09-17 12:34,,0.000259134,6.49E-07,12:34,0,180917,0,
2018-09-17 12:35,,0.000259134,6.49E-07,12:35,0,180917,0,
2018-09-17 12:36,,0.000259134,6.49E-07,12:36,0,180917,0,
2018-09-17 12:37,,0.000259134,6.49E-07,12:37,0,180917,0,
2018-09-17 12:38,,0.000259134,6.49E-07,12:38,0,180917,0,
2018-09-17 12:39,,0.000259134,6.49E-07,12:39,0,180917,0,
2018-09-17 12:40,,0.000259134,6.49E-07,12:40,0,180917,0,
2018-09-17 12:41,,0.000259134,6.49E-07,12:41,0,180917,0,
2018-09-17 12:42,,0.000259134,6.49E-07,12:42,0,180917,0,
2018-09-17 12:43,,0.000259134,6.49E-07,12:43,0,180917,0,
2018-09-17 12:44,,0.000259134,6.49E-07,12:44,0,180917,0,
2018-09-17 12:45,,0.000259134,6.49E-07,12:45,0,180917,0,
2018-09-17 12:46,,0.000259134,6.49E-07,12:46,0,180917,0,
2018-09-17 12:47,,0.000259134,6.49E-07,12:47,0,180917,0,
2018-09-17 12:48,,0.000259134,6.49E-07,12:48,0,180917,0,
2018-09-17 12:49,,0.000259134,6.49E-07,12:49,0,180917,0,
2018-09-17 12:50,,0.000259134,6.49E-07,12:50,0,180917,0,
2018-09-17 12:51,,0.000259134,6.49E-07,12:51,0,180917,0,
2018-09-17 12:52,,0.000259134,6.49E-07,12:52,0,180917,0,
2018-09-17 12:53,,0.000259134,6.49E-07,12:53,0,180917,0,
2018-09-17 12:54,,0.000259134,6.49E-07,12:54,0,180917,0,
2018-09-17 12:55,,0.000259134,6.49E-07,12:55,0,180917,0,
2018-09-17 12:56,,0.000259134,6.49E-07,12:56,0,180917,0,
2018-09-17 12:57,,0.000259134,6.49E-07,12:57,0,180917,0,
2018-09-17 12:58,,0.000259134,6.49E-07,12:58,0,180917,0,
2018-09-17 12:59,,0.000259134,6.49E-07,12:59,0,180917,0,
2018-09-17 13:00,,0.000259134,6.49E-07,13:00,0,180917,0,
2018-09-17 13:01,,0.000259134,6.49E-07,13:01,0,180917,0,
2018-09-17 13:02,,0.000259134,6.49E-07,13:02,0,180917,0,
2018-09-17 13:03,,0.000259134,6.49E-07,13:03,0,180917,0,
2018-09-17 13:04,,0.000259134,6.49E-07,13:04,0,180917,0,
2018-09-17 13:05,,0.000259134,6.49E-07,13:05,0,180917,0,
2018-09-17 13:06,,0.000259134,6.49E-07,13:06,0,180917,0,
2018-09-17 13:07,,0.000259134,6.49E-07,13:07,0,180917,0,
2018-09-17 13:08,,0.000259134,6.49E-07,13:08,0,180917,0,
2018-09-17 13:09,,0.000259134,6.49E-07,13:09,0,180917,0,
2018-09-17 13:10,,0.000259134,6.49E-07,13:10,0,180917,0,
2018-09-17 13:11,,0.000259134,6.49E-07,13:11,0,180917,0,
2018-09-17 13:12,,0.000259134,6.49E-07,13:12,0,180917,0,
2018-09-17 13:13,,0.000259134,6.49E-07,13:13,0,180917,0,
2018-09-17 13:14,,0.000259134,6.49E-07,13:14,0,180917,0,
2018-09-17 13:15,,0.000259134,6.49E-07,13:15,0,180917,0,
2018-09-17 13:16,,0.000259134,6.49E-07,13:16,0,180917,0,
2018-09-17 13:17,,0.000259134,6.49E-07,13:17,0,180917,0,
2018-09-17 13:18,,0.000259134,6.49E-07,13:18,0,180917,0,
2018-09-17 13:19,,0.000259134,6.49E-07,13:19,0,180917,0,
2018-09-17 13:20,,0.000259134,6.49E-07,13:20,0,180917,0,
2018-09-17 13:21,,0.000259134,6.49E-07,13:21,0,180917,0,
2018-09-17 13:22,,0.000259134,6.49E-07,13:22,0,180917,0,
2018-09-17 13:23,,0.000259134,6.49E-07,13:23,0,180917,0,
2018-09-17 13:24,,0.000259134,6.49E-07,13:24,0,180917,0,
2018-09-17 13:25,,0.000259134,6.49E-07,13:25,0,180917,0,
2018-09-17 13:26,,0.000259134,6.49E-07,13:26,0,180917,0,
2018-09-17 13:27,,0.000259134,6.49E-07,13:27,0,180917,0,
2018-09-17 13:28,,0.000259134,6.49E-07,13:28,0,180917,0,
2018-09-17 13:29,,0.000259134,6.49E-07,13:29,0,180917,0,
2018-09-17 13:30,,0.000259134,6.49E-07,13:30,0,180917,0,
2018-09-17 13:31,,0.000259134,6.49E-07,13:31,0,180917,0,
2018-09-17 13:32,,0.000259134,6.49E-07,13:32,0,180917,0,
2018-09-17 13:33,,0.000259134,6.49E-07,13:33,0,180917,0,
2018-09-17 13:34,,0.000259134,6.49E-07,13:34,0,180917,0,
2018-09-17 13:35,,0.000259134,6.49E-07,13:35,0,180917,0,
2018-09-17 13:36,,0.000259134,6.49E-07,13:36,0,180917,0,
2018-09-17 13:37,,0.000259134,6.49E-07,13:37,0,180917,0,
2018-09-17 13:38,,0.000259134,6.49E-07,13:38,0,180917,0,
2018-09-17 13:39,,0.000259134,6.49E-07,13:39,0,180917,0,
2018-09-17 13:40,,0.000259134,6.49E-07,13:40,0,180917,0,
2018-09-17 13:41,,0.000259134,6.49E-07,13:41,0,180917,0,
2018-09-17 13:42,,0.000259134,6.49E-07,13:42,0,180917,0,
2018-09-17 13:43,,0.000259134,6.49E-07,13:43,0,180917,0,
2018-09-17 13:44,,0.000259134,6.49E-07,13:44,0,180917,0,
2018-09-17 13:45,,0.000259134,6.49E-07,13:45,0,180917,0,
2018-09-17 13:46,,0.000259134,6.49E-07,13:46,0,180917,0,
2018-09-17 13:47,,0.000259134,6.49E-07,13:47,0,180917,0,
2018-09-17 13:48,,0.000259134,6.49E-07,13:48,0,180917,0,
2018-09-17 13:49,,0.000259134,6.49E-07,13:49,0,180917,0,
2018-09-17 13:50,,0.000259134,6.49E-07,13:50,0,180917,0,
2018-09-17 13:51,,0.000259134,6.49E-07,13:51,0,180917,0,
2018-09-17 13:52,,0.000259134,6.49E-07,13:52,0,180917,0,
2018-09-17 13:53,,0.000259134,6.49E-07,13:53,0,180917,0,
2018-09-17 13:54,,0.000259134,6.49E-07,13:54,0,180917,0,
2018-09-17 13:55,,0.000259134,6.49E-07,13:55,0,180917,0,
2018-09-17 13:56,,0.000259134,6.49E-07,13:56,0,180917,0,
2018-09-17 13:57,,0.000259134,6.49E-07,13:57,0,180917,0,
2018-09-17 13:58,,0.000259134,6.49E-07,13:58,0,180917,0,
2018-09-17 13:59,,0.000259134,6.49E-07,13:59,0,180917,0,
2018-09-17 14:00,,0.000259134,6.49E-07,14:00,0,180917,0,
2018-09-17 14:01,,0.000259134,6.49E-07,14:01,0,180917,0,
2018-09-17 14:02,,0.000259134,6.49E-07,14:02,0,180917,0,
2018-09-17 14:03,,0.000259134,6.49E-07,14:03,0,180917,0,
2018-09-17 14:04,,0.000259134,6.49E-07,14:04,0,180917,0,
2018-09-17 14:05,,0.000259134,6.49E-07,14:05,0,180917,0,
2018-09-17 14:06,,0.000259134,6.49E-07,14:06,0,180917,0,
2018-09-17 14:07,,0.000259134,6.49E-07,14:07,0,180917,0,
2018-09-17 14:08,,0.000259134,6.49E-07,14:08,0,180917,0,
2018-09-17 14:09,,0.000259134,6.49E-07,14:09,0,180917,0,
2018-09-17 14:10,,0.000259134,6.49E-07,14:10,0,180917,0,
2018-09-17 14:11,,0.000259134,6.49E-07,14:11,0,180917,0,
2018-09-17 14:12,,0.000259134,6.49E-07,14:12,0,180917,0,
2018-09-17 14:13,,0.000259134,6.49E-07,14:13,0,180917,0,
2018-09-17 14:14,,0.000259134,6.49E-07,14:14,0,180917,0,
2018-09-17 14:15,,0.000259134,6.49E-07,14:15,0,180917,0,
2018-09-17 14:16,,0.000259134,6.49E-07,14:16,0,180917,0,
2018-09-17 14:17,,0.000259134,6.49E-07,14:17,0,180917,0,
2018-09-17 14:18,,0.000259134,6.49E-07,14:18,0,180917,0,
2018-09-17 14:19,,0.000259134,6.49E-07,14:19,0,180917,0,
2018-09-17 14:20,,0.000259134,6.49E-07,14:20,0,180917,0,
2018-09-17 14:21,,0.000259134,6.49E-07,14:21,0,180917,0,
2018-09-17 14:22,,0.000259134,6.49E-07,14:22,0,180917,0,
2018-09-17 14:23,,0.000259134,6.49E-07,14:23,0,180917,0,
2018-09-17 14:24,,0.000259134,6.49E-07,14:24,0,180917,0,
2018-09-17 14:25,,0.000259134,6.49E-07,14:25,0,180917,0,
2018-09-17 14:26,,0.000259134,6.49E-07,14:26,0,180917,0,
2018-09-17 14:27,,0.000259134,6.49E-07,14:27,0,180917,0,
2018-09-17 14:28,,0.000259134,6.49E-07,14:28,0,180917,0,
2018-09-17 14:29,,0.000259134,6.49E-07,14:29,0,180917,0,
2018-09-17 14:30,,0.000259134,6.49E-07,14:30,0,180917,0,
2018-09-17 14:31,,0.000259134,6.49E-07,14:31,0,180917,0,
2018-09-17 14:32,,0.000259134,6.49E-07,14:32,0,180917,0,
2018-09-17 14:33,,0.000259134,6.49E-07,14:33,0,180917,0,
2018-09-17 14:34,,0.000259134,6.49E-07,14:34,0,180917,0,
2018-09-17 14:35,,0.000259134,6.49E-07,14:35,0,180917,0,
2018-09-17 14:36,,0.000259134,6.49E-07,14:36,0,180917,0,
2018-09-17 14:37,,0.000259134,6.49E-07,14:37,0,180917,0,
2018-09-17 14:38,,0.000259134,6.49E-07,14:38,0,180917,0,
2018-09-17 14:39,,0.000259134,6.49E-07,14:39,0,180917,0,
2018-09-17 14:40,,0.000259134,6.49E-07,14:40,0,180917,0,
2018-09-17 14:41,,0.000259134,6.49E-07,14:41,0,180917,0,
2018-09-17 14:42,,0.000259134,6.49E-07,14:42,0,180917,0,
2018-09-17 14:43,,0.000259134,6.49E-07,14:43,0,180917,0,
2018-09-17 14:44,,0.000259134,6.49E-07,14:44,0,180917,0,
2018-09-17 14:45,,0.000259134,6.49E-07,14:45,0,180917,0,
2018-09-17 14:46,,0.000259134,6.49E-07,14:46,0,180917,0,
2018-09-17 14:47,,0.000259134,6.49E-07,14:47,0,180917,0,
2018-09-17 14:48,,0.000259134,6.49E-07,14:48,0,180917,0,
2018-09-17 14:49,,0.000259134,6.49E-07,14:49,0,180917,0,
2018-09-17 14:50,,0.000259134,6.49E-07,14:50,0,180917,0,
2018-09-17 14:51,,0.000259134,6.49E-07,14:51,0,180917,0,
2018-09-17 14:52,,0.000259134,6.49E-07,14:52,0,180917,0,
2018-09-17 14:53,,0.000259134,6.49E-07,14:53,0,180917,0,
2018-09-17 14:54,,0.000259134,6.49E-07,14:54,0,180917,0,
2018-09-17 14:55,,0.000259134,6.49E-07,14:55,0,180917,0,
2018-09-17 14:56,,0.000259134,6.49E-07,14:56,0,180917,0,
2018-09-17 14:57,,0.000259134,6.49E-07,14:57,0,180917,0,
2018-09-17 14:58,,0.000259134,6.49E-07,14:58,0,180917,0,
2018-09-17 14:59,,0.000259134,6.49E-07,14:59,0,180917,0,
2018-09-17 15:00,,0.000259134,6.49E-07,15:00,0,180917,0,
2018-09-17 15:01,,0.000259134,6.49E-07,15:01,0,180917,0,
2018-09-17 15:02,,0.000259134,6.49E-07,15:02,0,180917,0,
2018-09-17 15:03,,0.000259134,6.49E-07,15:03,0,180917,0,
2018-09-17 15:04,,0.000259134,6.49E-07,15:04,0,180917,0,
2018-09-17 15:05,,0.000259134,6.49E-07,15:05,0,180917,0,
2018-09-17 15:06,,0.000259134,6.49E-07,15:06,0,180917,0,
2018-09-17 15:07,,0.000259134,6.49E-07,15:07,0,180917,0,
2018-09-17 15:08,,0.000259134,6.49E-07,15:08,0,180917,0,
2018-09-17 15:09,,0.000259134,6.49E-07,15:09,0,180917,0,
2018-09-17 15:10,,0.000259134,6.49E-07,15:10,0,180917,0,
2018-09-17 15:11,,0.000259134,6.49E-07,15:11,0,180917,0,
2018-09-17 15:12,,0.000259134,6.49E-07,15:12,0,180917,0,
2018-09-17 15:13,,0.000259134,6.49E-07,15:13,0,180917,0,
2018-09-17 15:14,,0.000259134,6.49E-07,15:14,0,180917,0,
2018-09-17 15:15,,0.000259134,6.49E-07,15:15,0,180917,0,
2018-09-17 15:16,,0.000259134,6.49E-07,15:16,0,180917,0,
2018-09-17 15:17,,0.000259134,6.49E-07,15:17,0,180917,0,
2018-09-17 15:18,,0.000259134,6.49E-07,15:18,0,180917,0,
2018-09-17 15:19,,0.000259134,6.49E-07,15:19,0,180917,0,
2018-09-17 15:20,,0.000259134,6.49E-07,15:20,0,180917,0,
2018-09-17 15:21,,0.000259134,6.49E-07,15:21,0,180917,0,
2018-09-17 15:22,,0.000259134,6.49E-07,15:22,0,180917,0,
2018-09-17 15:23,,0.000259134,6.49E-07,15:23,0,180917,0,
2018-09-17 15:24,,0.000259134,6.49E-07,15:24,0,180917,0,
2018-09-17 15:25,,0.000259134,6.49E-07,15:25,0,180917,0,
2018-09-17 15:26,,0.000259134,6.49E-07,15:26,0,180917,0,
2018-09-17 15:27,,0.000259134,6.49E-07,15:27,0,180917,0,
2018-09-17 15:28,,0.000259134,6.49E-07,15:28,0,180917,0,
2018-09-17 15:29,,0.000259134,6.49E-07,15:29,0,180917,0,
2018-09-17 15:30,,0.000259134,6.49E-07,15:30,0,180917,0,
2018-09-17 15:31,,0.000259134,6.49E-07,15:31,0,180917,0,
2018-09-17 15:32,,0.000259134,6.49E-07,15:32,0,180917,0,
2018-09-17 15:33,,0.000259134,6.49E-07,15:33,0,180917,0,
2018-09-17 15:34,,0.000259134,6.49E-07,15:34,0,180917,0,
2018-09-17 15:35,,0.000259134,6.49E-07,15:35,0,180917,0,
2018-09-17 15:36,,0.000259134,6.49E-07,15:36,0,180917,0,
2018-09-17 15:37,,0.000259134,6.49E-07,15:37,0,180917,0,
2018-09-17 15:38,,0.000259134,6.49E-07,15:38,0,180917,0,
2018-09-17 15:39,,0.000259134,6.49E-07,15:39,0,180917,0,
2018-09-17 15:40,,0.000259134,6.49E-07,15:40,0,180917,0,
2018-09-17 15:41,,0.000259134,6.49E-07,15:41,0,180917,0,
2018-09-17 15:42,,0.000259134,6.49E-07,15:42,0,180917,0,
2018-09-17 15:43,,0.000259134,6.49E-07,15:43,0,180917,0,
2018-09-17 15:44,,0.000259134,6.49E-07,15:44,0,180917,0,
2018-09-17 15:45,,0.000259134,6.49E-07,15:45,0,180917,0,
2018-09-17 15:46,,0.000259134,6.49E-07,15:46,0,180917,0,
2018-09-17 15:47,,0.000259134,6.49E-07,15:47,0,180917,0,
2018-09-17 15:48,,0.000259134,6.49E-07,15:48,0,180917,0,
2018-09-17 15:49,,0.000259134,6.49E-07,15:49,0,180917,0,
2018-09-17 15:50,,0.000259134,6.49E-07,15:50,0,180917,0,
2018-09-17 15:51,,0.000259134,6.49E-07,15:51,0,180917,0,
2018-09-17 15:52,,0.000259134,6.49E-07,15:52,0,180917,0,
2018-09-17 15:53,,0.000259134,6.49E-07,15:53,0,180917,0,
2018-09-17 15:54,,0.000259134,6.49E-07,15:54,0,180917,0,
2018-09-17 15:55,,0.000259134,6.49E-07,15:55,0,180917,0,
2018-09-17 15:56,,0.000259134,6.49E-07,15:56,0,180917,0,
2018-09-17 15:57,,0.000259134,6.49E-07,15:57,0,180917,0,
2018-09-17 15:58,,0.000259134,6.49E-07,15:58,0,180917,0,
2018-09-17 15:59,,0.000259134,6.49E-07,15:59,0,180917,0,
2018-09-17 16:00,,0.000259134,6.49E-07,16:00,0,180917,0,
2018-09-17 16:01,,0.000259134,6.49E-07,16:01,0,180917,0,
2018-09-17 16:02,,0.000259134,6.49E-07,16:02,0,180917,0,
2018-09-17 16:03,,0.000259134,6.49E-07,16:03,0,180917,0,
2018-09-17 16:04,,0.000259134,6.49E-07,16:04,0,180917,0,
2018-09-17 16:05,,0.000259134,6.49E-07,16:05,0,180917,0,
2018-09-17 16:06,,0.000259134,6.49E-07,16:06,0,180917,0,
2018-09-17 16:07,,0.000259134,6.49E-07,16:07,0,180917,0,
2018-09-17 16:08,,0.000259134,6.49E-07,16:08,0,180917,0,
2018-09-17 16:09,,0.000259134,6.49E-07,16:09,0,180917,0,
2018-09-17 16:10,,0.000259134,6.49E-07,16:10,0,180917,0,
2018-09-17 16:11,,0.000259134,6.49E-07,16:11,0,180917,0,
2018-09-17 16:12,,0.000259134,6.49E-07,16:12,0,180917,0,
2018-09-17 16:13,,0.000259134,6.49E-07,16:13,0,180917,0,
2018-09-17 16:14,,0.000259134,6.49E-07,16:14,0,180917,0,
2018-09-17 16:15,,0.000259134,6.49E-07,16:15,0,180917,0,
2018-09-17 16:16,,0.000259134,6.49E-07,16:16,0,180917,0,
2018-09-17 16:17,,0.000259134,6.49E-07,16:17,0,180917,0,
2018-09-17 16:18,,0.000259134,6.49E-07,16:18,0,180917,0,
2018-09-17 16:19,,0.000259134,6.49E-07,16:19,0,180917,0,
2018-09-17 16:20,,0.000259134,6.49E-07,16:20,0,180917,0,
2018-09-17 16:21,,0.000259134,6.49E-07,16:21,0,180917,0,
2018-09-17 16:22,,0.000259134,6.49E-07,16:22,0,180917,0,
2018-09-17 16:23,,0.000259134,6.49E-07,16:23,0,180917,0,
2018-09-17 16:24,,0.000259134,6.49E-07,16:24,0,180917,0,
2018-09-17 16:25,,0.000259134,6.49E-07,16:25,0,180917,0,
2018-09-17 16:26,,0.000259134,6.49E-07,16:26,0,180917,0,
2018-09-17 16:27,,0.000259134,6.49E-07,16:27,0,180917,0,
2018-09-17 16:28,,0.000259134,6.49E-07,16:28,0,180917,0,
2018-09-17 16:29,,0.000259134,6.49E-07,16:29,0,180917,0,
2018-09-17 16:30,,0.000259134,6.49E-07,16:30,0,180917,0,
2018-09-17 16:31,,0.000259134,6.49E-07,16:31,0,180917,0,
2018-09-17 16:32,,0.000259134,6.49E-07,16:32,0,180917,0,
2018-09-17 16:33,,0.000259134,6.49E-07,16:33,0,180917,0,
2018-09-17 16:34,,0.000259134,6.49E-07,16:34,0,180917,0,
2018-09-17 16:35,,0.000259134,6.49E-07,16:35,0,180917,0,
2018-09-17 16:36,,0.000259134,6.49E-07,16:36,0,180917,0,
2018-09-17 16:37,,0.000259134,6.49E-07,16:37,0,180917,0,
2018-09-17 16:38,,0.000259134,6.49E-07,16:38,0,180917,0,
2018-09-17 16:39,,0.000259134,6.49E-07,16:39,0,180917,0,
2018-09-17 16:40,,0.000259134,6.49E-07,16:40,0,180917,0,
2018-09-17 16:41,,0.000259134,6.49E-07,16:41,0,180917,0,
2018-09-17 16:42,,0.000259134,6.49E-07,16:42,0,180917,0,
2018-09-17 16:43,,0.000259134,6.49E-07,16:43,0,180917,0,
2018-09-17 16:44,,0.000259134,6.49E-07,16:44,0,180917,0,
2018-09-17 16:45,,0.000259134,6.49E-07,16:45,0,180917,0,
2018-09-17 16:46,,0.000259134,6.49E-07,16:46,0,180917,0,
2018-09-17 16:47,,0.000259134,6.49E-07,16:47,0,180917,0,
2018-09-17 16:48,,0.000259134,6.49E-07,16:48,0,180917,0,
2018-09-17 16:49,,0.000259134,6.49E-07,16:49,0,180917,0,
2018-09-17 16:50,,0.000259134,6.49E-07,16:50,0,180917,0,
2018-09-17 16:51,,0.000259134,6.49E-07,16:51,0,180917,0,
2018-09-17 16:52,,0.000259134,6.49E-07,16:52,0,180917,0,
2018-09-17 16:53,,0.000259134,6.49E-07,16:53,0,180917,0,
2018-09-17 16:54,,0.000259134,6.49E-07,16:54,0,180917,0,
2018-09-17 16:55,,0.000259134,6.49E-07,16:55,0,180917,0,
2018-09-17 16:56,,0.000259134,6.49E-07,16:56,0,180917,0,
2018-09-17 16:57,,0.000259134,6.49E-07,16:57,0,180917,0,
2018-09-17 16:58,,0.000259134,6.49E-07,16:58,0,180917,0,
2018-09-17 16:59,,0.000259134,6.49E-07,16:59,0,180917,0,
2018-09-17 17:00,,0.000259134,6.49E-07,17:00,0,180917,0,
2018-09-17 17:01,,0.000259134,6.49E-07,17:01,0,180917,0,
2018-09-17 17:02,,0.000259134,6.49E-07,17:02,0,180917,0,
2018-09-17 17:03,,0.000259134,6.49E-07,17:03,0,180917,0,
2018-09-17 17:04,,0.000259134,6.49E-07,17:04,0,180917,0,
2018-09-17 17:05,,0.000259134,6.49E-07,17:05,0,180917,0,
2018-09-17 17:06,,0.000259134,6.49E-07,17:06,0,180917,0,
2018-09-17 17:07,,0.000259134,6.49E-07,17:07,0,180917,0,
2018-09-17 17:08,,0.000259134,6.49E-07,17:08,0,180917,0,
2018-09-17 17:09,,0.000259134,6.49E-07,17:09,0,180917,0,
2018-09-17 17:10,,0.000259134,6.49E-07,17:10,0,180917,0,
2018-09-17 17:11,,0.000259134,6.49E-07,17:11,0,180917,0,
2018-09-17 17:12,,0.000259134,6.49E-07,17:12,0,180917,0,
2018-09-17 17:13,,0.000259134,6.49E-07,17:13,0,180917,0,
2018-09-17 17:14,,0.000259134,6.49E-07,17:14,0,180917,0,
2018-09-17 17:15,,0.000259134,6.49E-07,17:15,0,180917,0,
2018-09-17 17:16,,0.000259134,6.49E-07,17:16,0,180917,0,
2018-09-17 17:17,,0.000259134,6.49E-07,17:17,0,180917,0,
2018-09-17 17:18,,0.000259134,6.49E-07,17:18,0,180917,0,
2018-09-17 17:19,,0.000259134,6.49E-07,17:19,0,180917,0,
2018-09-17 17:20,,0.000259134,6.49E-07,17:20,0,180917,0,
2018-09-17 17:21,,0.000259134,6.49E-07,17:21,0,180917,0,
2018-09-17 17:22,,0.000259134,6.49E-07,17:22,0,180917,0,
2018-09-17 17:23,,0.000259134,6.49E-07,17:23,0,180917,0,
2018-09-17 17:24,,0.000259134,6.49E-07,17:24,0,180917,0,
2018-09-17 17:25,,0.000259134,6.49E-07,17:25,0,180917,0,
2018-09-17 17:26,,0.000259134,6.49E-07,17:26,0,180917,0,
2018-09-17 17:27,,0.000259134,6.49E-07,17:27,0,180917,0,
2018-09-17 17:28,,0.000259134,6.49E-07,17:28,0,180917,0,
2018-09-17 17:29,,0.000259134,6.49E-07,17:29,0,180917,0,
2018-09-17 17:30,,0.000259134,6.49E-07,17:30,0,180917,0,
2018-09-17 17:31,,0.000259134,6.49E-07,17:31,0,180917,0,
2018-09-17 17:32,,0.000259134,6.49E-07,17:32,0,180917,0,
2018-09-17 17:33,,0.000259134,6.49E-07,17:33,0,180917,0,
2018-09-17 17:34,,0.000259134,6.49E-07,17:34,0,180917,0,
2018-09-17 17:35,,0.000259134,6.49E-07,17:35,0,180917,0,
2018-09-17 17:36,,0.000259134,6.49E-07,17:36,0,180917,0,
2018-09-17 17:37,,0.000259134,6.49E-07,17:37,0,180917,0,
2018-09-17 17:38,,0.000259134,6.49E-07,17:38,0,180917,0,
2018-09-17 17:39,,0.000259134,6.49E-07,17:39,0,180917,0,
2018-09-17 17:40,,0.000259134,6.49E-07,17:40,0,180917,0,
2018-09-17 17:41,,0.000259134,6.49E-07,17:41,0,180917,0,
2018-09-17 17:42,,0.000259134,6.49E-07,17:42,0,180917,0,
2018-09-17 17:43,,0.000259134,6.49E-07,17:43,0,180917,0,
2018-09-17 17:44,,0.000259134,6.49E-07,17:44,0,180917,0,
2018-09-17 17:45,,0.000259134,6.49E-07,17:45,0,180917,0,
2018-09-17 17:46,,0.000259134,6.49E-07,17:46,0,180917,0,
2018-09-17 17:47,,0.000259134,6.49E-07,17:47,0,180917,0,
2018-09-17 17:48,,0.000259134,6.49E-07,17:48,0,180917,0,
2018-09-17 17:49,,0.000259134,6.49E-07,17:49,0,180917,0,
2018-09-17 17:50,,0.000259134,6.49E-07,17:50,0,180917,0,
2018-09-17 17:51,,0.000259134,6.49E-07,17:51,0,180917,0,
2018-09-17 17:52,,0.000259134,6.49E-07,17:52,0,180917,0,
2018-09-17 17:53,,0.000259134,6.49E-07,17:53,0,180917,0,
2018-09-17 17:54,,0.000259134,6.49E-07,17:54,0,180917,0,
2018-09-17 17:55,,0.000259134,6.49E-07,17:55,0,180917,0,
2018-09-17 17:56,,0.000259134,6.49E-07,17:56,0,180917,0,
2018-09-17 17:57,,0.000259134,6.49E-07,17:57,0,180917,0,
2018-09-17 17:58,,0.000259134,6.49E-07,17:58,0,180917,0,
2018-09-17 17:59,,0.000259134,6.49E-07,17:59,0,180917,0,
2018-09-17 18:00,,0.000259134,6.49E-07,18:00,0,180917,0,
2018-09-17 18:01,,0.000259134,6.49E-07,18:01,0,180917,0,
2018-09-17 18:02,,0.000259134,6.49E-07,18:02,0,180917,0,
2018-09-17 18:03,,0.000259134,6.49E-07,18:03,0,180917,0,
2018-09-17 18:04,,0.000259134,6.49E-07,18:04,0,180917,0,
2018-09-17 18:05,,0.000259134,6.49E-07,18:05,0,180917,0,
2018-09-17 18:06,,0.000259134,6.49E-07,18:06,0,180917,0,
2018-09-17 18:07,,0.000259134,6.49E-07,18:07,0,180917,0,
2018-09-17 18:08,,0.000259134,6.49E-07,18:08,0,180917,0,
2018-09-17 18:09,,0.000259134,6.49E-07,18:09,0,180917,0,
2018-09-17 18:10,,0.000259134,6.49E-07,18:10,0,180917,0,
2018-09-17 18:11,,0.000259134,6.49E-07,18:11,0,180917,0,
2018-09-17 18:12,,0.000259134,6.49E-07,18:12,0,180917,0,
2018-09-17 18:13,,0.000259134,6.49E-07,18:13,0,180917,0,
2018-09-17 18:14,,0.000259134,6.49E-07,18:14,0,180917,0,
2018-09-17 18:15,,0.000259134,6.49E-07,18:15,0,180917,0,
2018-09-17 18:16,,0.000259134,6.49E-07,18:16,0,180917,0,
2018-09-17 18:17,,0.000259134,6.49E-07,18:17,0,180917,0,
2018-09-17 18:18,,0.000259134,6.49E-07,18:18,0,180917,0,
2018-09-17 18:19,,0.000259134,6.49E-07,18:19,0,180917,0,
2018-09-17 18:20,,0.000259134,6.49E-07,18:20,0,180917,0,
2018-09-17 18:21,,0.000259134,6.49E-07,18:21,0,180917,0,
2018-09-17 18:22,,0.000259134,6.49E-07,18:22,0,180917,0,
2018-09-17 18:23,,0.000259134,6.49E-07,18:23,0,180917,0,
2018-09-17 18:24,,0.000259134,6.49E-07,18:24,0,180917,0,
2018-09-17 18:25,,0.000259134,6.49E-07,18:25,0,180917,0,
2018-09-17 18:26,,0.000259134,6.49E-07,18:26,0,180917,0,
2018-09-17 18:27,,0.000259134,6.49E-07,18:27,0,180917,0,
2018-09-17 18:28,,0.000259134,6.49E-07,18:28,0,180917,0,
2018-09-17 18:29,,0.000259134,6.49E-07,18:29,0,180917,0,
2018-09-17 18:30,,0.000259134,6.49E-07,18:30,0,180917,0,
2018-09-17 18:31,,0.000259134,6.49E-07,18:31,0,180917,0,
2018-09-17 18:32,,0.000259134,6.49E-07,18:32,0,180917,0,
2018-09-17 18:33,,0.000259134,6.49E-07,18:33,0,180917,0,
2018-09-17 18:34,,0.000259134,6.49E-07,18:34,0,180917,0,
2018-09-17 18:35,,0.000259134,6.49E-07,18:35,0,180917,0,
2018-09-17 18:36,,0.000259134,6.49E-07,18:36,0,180917,0,
2018-09-17 18:37,,0.000259134,6.49E-07,18:37,0,180917,0,
2018-09-17 18:38,,0.000259134,6.49E-07,18:38,0,180917,0,
2018-09-17 18:39,,0.000259134,6.49E-07,18:39,0,180917,0,
2018-09-17 18:40,,0.000259134,6.49E-07,18:40,0,180917,0,
2018-09-17 18:41,,0.000259134,6.49E-07,18:41,0,180917,0,
2018-09-17 18:42,,0.000259134,6.49E-07,18:42,0,180917,0,
2018-09-17 18:43,,0.000259134,6.49E-07,18:43,0,180917,0,
2018-09-17 18:44,,0.000259134,6.49E-07,18:44,0,180917,0,
2018-09-17 18:45,,0.000259134,6.49E-07,18:45,0,180917,0,
2018-09-17 18:46,,0.000259134,6.49E-07,18:46,0,180917,0,
2018-09-17 18:47,,0.000259134,6.49E-07,18:47,0,180917,0,
2018-09-17 18:48,,0.000259134,6.49E-07,18:48,0,180917,0,
2018-09-17 18:49,,0.000259134,6.49E-07,18:49,0,180917,0,
2018-09-17 18:50,,0.000259134,6.49E-07,18:50,0,180917,0,
2018-09-17 18:51,,0.000259134,6.49E-07,18:51,0,180917,0,
2018-09-17 18:52,,0.000259134,6.49E-07,18:52,0,180917,0,
2018-09-17 18:53,,0.000259134,6.49E-07,18:53,0,180917,0,
2018-09-17 18:54,,0.000259134,6.49E-07,18:54,0,180917,0,
2018-09-17 18:55,,0.000259134,6.49E-07,18:55,0,180917,0,
2018-09-17 18:56,,0.000259134,6.49E-07,18:56,0,180917,0,
2018-09-17 18:57,,0.000259134,6.49E-07,18:57,0,180917,0,
2018-09-17 18:58,,0.000259134,6.49E-07,18:58,0,180917,0,
2018-09-17 18:59,,0.000259134,6.49E-07,18:59,0,180917,0,
2018-09-17 19:00,,0.000259134,6.49E-07,19:00,0,180917,0,
2018-09-17 19:01,,0.000259134,6.49E-07,19:01,0,180917,0,
2018-09-17 19:02,,0.000259134,6.49E-07,19:02,0,180917,0,
2018-09-17 19:03,,0.000259134,6.49E-07,19:03,0,180917,0,
2018-09-17 19:04,,0.000259134,6.49E-07,19:04,0,180917,0,
2018-09-17 19:05,,0.000259134,6.49E-07,19:05,0,180917,0,
2018-09-17 19:06,,0.000259134,6.49E-07,19:06,0,180917,0,
2018-09-17 19:07,,0.000259134,6.49E-07,19:07,0,180917,0,
2018-09-17 19:08,,0.000259134,6.49E-07,19:08,0,180917,0,
2018-09-17 19:09,,0.000259134,6.49E-07,19:09,0,180917,0,
2018-09-17 19:10,,0.000259134,6.49E-07,19:10,0,180917,0,
2018-09-17 19:11,,0.000259134,6.49E-07,19:11,0,180917,0,
2018-09-17 19:12,,0.000259134,6.49E-07,19:12,0,180917,0,
2018-09-17 19:13,,0.000259134,6.49E-07,19:13,0,180917,0,
2018-09-17 19:14,,0.000259134,6.49E-07,19:14,0,180917,0,
2018-09-17 19:15,,0.000259134,6.49E-07,19:15,0,180917,0,
2018-09-17 19:16,,0.000259134,6.49E-07,19:16,0,180917,0,
2018-09-17 19:17,,0.000259134,6.49E-07,19:17,0,180917,0,
2018-09-17 19:18,,0.000259134,6.49E-07,19:18,0,180917,0,
2018-09-17 19:19,,0.000259134,6.49E-07,19:19,0,180917,0,
2018-09-17 19:20,,0.000259134,6.49E-07,19:20,0,180917,0,
2018-09-17 19:21,,0.000259134,6.49E-07,19:21,0,180917,0,
2018-09-17 19:22,,0.000259134,6.49E-07,19:22,0,180917,0,
2018-09-17 19:23,,0.000259134,6.49E-07,19:23,0,180917,0,
2018-09-17 19:24,,0.000259134,6.49E-07,19:24,0,180917,0,
2018-09-17 19:25,,0.000259134,6.49E-07,19:25,0,180917,0,
2018-09-17 19:26,,0.000259134,6.49E-07,19:26,0,180917,0,
2018-09-17 19:27,,0.000259134,6.49E-07,19:27,0,180917,0,
2018-09-17 19:28,,0.000259134,6.49E-07,19:28,0,180917,0,
2018-09-17 19:29,,0.000259134,6.49E-07,19:29,0,180917,0,
2018-09-17 19:30,,0.000259134,6.49E-07,19:30,0,180917,0,
2018-09-17 19:31,,0.000259134,6.49E-07,19:31,0,180917,0,
2018-09-17 19:32,,0.000259134,6.49E-07,19:32,0,180917,0,
2018-09-17 19:33,,0.000259134,6.49E-07,19:33,0,180917,0,
2018-09-17 19:34,,0.000259134,6.49E-07,19:34,0,180917,0,
2018-09-17 19:35,,0.000259134,6.49E-07,19:35,0,180917,0,
2018-09-17 19:36,,0.000259134,6.49E-07,19:36,0,180917,0,
2018-09-17 19:37,,0.000259134,6.49E-07,19:37,0,180917,0,
2018-09-17 19:38,,0.000259134,6.49E-07,19:38,0,180917,0,
2018-09-17 19:39,,0.000259134,6.49E-07,19:39,0,180917,0,
2018-09-17 19:40,,0.000259134,6.49E-07,19:40,0,180917,0,
2018-09-17 19:41,,0.000259134,6.49E-07,19:41,0,180917,0,
2018-09-17 19:42,,0.000259134,6.49E-07,19:42,0,180917,0,
2018-09-17 19:43,,0.000259134,6.49E-07,19:43,0,180917,0,
2018-09-17 19:44,,0.000259134,6.49E-07,19:44,0,180917,0,
2018-09-17 19:45,,0.000259134,6.49E-07,19:45,0,180917,0,
2018-09-17 19:46,,0.000259134,6.49E-07,19:46,0,180917,0,
2018-09-17 19:47,,0.000259134,6.49E-07,19:47,0,180917,0,
2018-09-17 19:48,,0.000259134,6.49E-07,19:48,0,180917,0,
2018-09-17 19:49,,0.000259134,6.49E-07,19:49,0,180917,0,
2018-09-17 19:50,,0.000259134,6.49E-07,19:50,0,180917,0,
2018-09-17 19:51,,0.000259134,6.49E-07,19:51,0,180917,0,
2018-09-17 19:52,,0.000259134,6.49E-07,19:52,0,180917,0,
2018-09-17 19:53,,0.000259134,6.49E-07,19:53,0,180917,0,
2018-09-17 19:54,,0.000259134,6.49E-07,19:54,0,180917,0,
2018-09-17 19:55,,0.000259134,6.49E-07,19:55,0,180917,0,
2018-09-17 19:56,,0.000259134,6.49E-07,19:56,0,180917,0,
2018-09-17 19:57,,0.000259134,6.49E-07,19:57,0,180917,0,
2018-09-17 19:58,,0.000259134,6.49E-07,19:58,0,180917,0,
2018-09-17 19:59,,0.000259134,6.49E-07,19:59,0,180917,0,
2018-09-17 20:00,,0.000259134,6.49E-07,20:00,0,180917,0,
2018-09-17 20:01,,0.000259134,6.49E-07,20:01,0,180917,0,
2018-09-17 20:02,,0.000259134,6.49E-07,20:02,0,180917,0,
2018-09-17 20:03,,0.000259134,6.49E-07,20:03,0,180917,0,
2018-09-17 20:04,,0.000259134,6.49E-07,20:04,0,180917,0,
2018-09-17 20:05,,0.000259134,6.49E-07,20:05,0,180917,0,
2018-09-17 20:06,,0.000259134,6.49E-07,20:06,0,180917,0,
2018-09-17 20:07,,0.000259134,6.49E-07,20:07,0,180917,0,
2018-09-17 20:08,,0.000259134,6.49E-07,20:08,0,180917,0,
2018-09-17 20:09,,0.000259134,6.49E-07,20:09,0,180917,0,
2018-09-17 20:10,,0.000259134,6.49E-07,20:10,0,180917,0,
2018-09-17 20:11,,0.000259134,6.49E-07,20:11,0,180917,0,
2018-09-17 20:12,,0.000259134,6.49E-07,20:12,0,180917,0,
2018-09-17 20:13,,0.000259134,6.49E-07,20:13,0,180917,0,
2018-09-17 20:14,,0.000259134,6.49E-07,20:14,0,180917,0,
2018-09-17 20:15,,0.000259134,6.49E-07,20:15,0,180917,0,
2018-09-17 20:16,,0.000259134,6.49E-07,20:16,0,180917,0,
2018-09-17 20:17,,0.000259134,6.49E-07,20:17,0,180917,0,
2018-09-17 20:18,,0.000259134,6.49E-07,20:18,0,180917,0,
2018-09-17 20:19,,0.000259134,6.49E-07,20:19,0,180917,0,
2018-09-17 20:20,,0.000259134,6.49E-07,20:20,0,180917,0,
2018-09-17 20:21,,0.000259134,6.49E-07,20:21,0,180917,0,
2018-09-17 20:22,,0.000259134,6.49E-07,20:22,0,180917,0,
2018-09-17 20:23,,0.000259134,6.49E-07,20:23,0,180917,0,
2018-09-17 20:24,,0.000259134,6.49E-07,20:24,0,180917,0,
2018-09-17 20:25,,0.000259134,6.49E-07,20:25,0,180917,0,
2018-09-17 20:26,,0.000259134,6.49E-07,20:26,0,180917,0,
2018-09-17 20:27,,0.000259134,6.49E-07,20:27,0,180917,0,
2018-09-17 20:28,,0.000259134,6.49E-07,20:28,0,180917,0,
2018-09-17 20:29,,0.000259134,6.49E-07,20:29,0,180917,0,
2018-09-17 20:30,,0.000259134,6.49E-07,20:30,0,180917,0,
2018-09-17 20:31,,0.000259134,6.49E-07,20:31,0,180917,0,
2018-09-17 20:32,,0.000259134,6.49E-07,20:32,0,180917,0,
2018-09-17 20:33,,0.000259134,6.49E-07,20:33,0,180917,0,
2018-09-17 20:34,,0.000259134,6.49E-07,20:34,0,180917,0,
2018-09-17 20:35,,0.000259134,6.49E-07,20:35,0,180917,0,
2018-09-17 20:36,,0.000259134,6.49E-07,20:36,0,180917,0,
2018-09-17 20:37,,0.000259134,6.49E-07,20:37,0,180917,0,
2018-09-17 20:38,,0.000259134,6.49E-07,20:38,0,180917,0,
2018-09-17 20:39,,0.000259134,6.49E-07,20:39,0,180917,0,
2018-09-17 20:40,,0.000259134,6.49E-07,20:40,0,180917,0,
2018-09-17 20:41,,0.000259134,6.49E-07,20:41,0,180917,0,
2018-09-17 20:42,,0.000259134,6.49E-07,20:42,0,180917,0,
2018-09-17 20:43,,0.000259134,6.49E-07,20:43,0,180917,0,
2018-09-17 20:44,,0.000259134,6.49E-07,20:44,0,180917,0,
2018-09-17 20:45,,0.000259134,6.49E-07,20:45,0,180917,0,
2018-09-17 20:46,,0.000259134,6.49E-07,20:46,0,180917,0,
2018-09-17 20:47,,0.000259134,6.49E-07,20:47,0,180917,0,
2018-09-17 20:48,,0.000259134,6.49E-07,20:48,0,180917,0,
2018-09-17 20:49,,0.000259134,6.49E-07,20:49,0,180917,0,
2018-09-17 20:50,,0.000259134,6.49E-07,20:50,0,180917,0,
2018-09-17 20:51,,0.000259134,6.49E-07,20:51,0,180917,0,
2018-09-17 20:52,,0.000259134,6.49E-07,20:52,0,180917,0,
2018-09-17 20:53,,0.000259134,6.49E-07,20:53,0,180917,0,
2018-09-17 20:54,,0.000259134,6.49E-07,20:54,0,180917,0,
2018-09-17 20:55,,0.000259134,6.49E-07,20:55,0,180917,0,
2018-09-17 20:56,,0.000259134,6.49E-07,20:56,0,180917,0,
2018-09-17 20:57,,0.000259134,6.49E-07,20:57,0,180917,0,
2018-09-17 20:58,,0.000259134,6.49E-07,20:58,0,180917,0,
2018-09-17 20:59,,0.000259134,6.49E-07,20:59,0,180917,0,
2018-09-17 21:00,,0.000259134,6.49E-07,21:00,0,180917,0,
2018-09-17 21:01,,0.000259134,6.49E-07,21:01,0,180917,0,
2018-09-17 21:02,,0.000259134,6.49E-07,21:02,0,180917,0,
2018-09-17 21:03,,0.000259134,6.49E-07,21:03,0,180917,0,
2018-09-17 21:04,,0.000259134,6.49E-07,21:04,0,180917,0,
2018-09-17 21:05,,0.000259134,6.49E-07,21:05,0,180917,0,
2018-09-17 21:06,,0.000259134,6.49E-07,21:06,0,180917,0,
2018-09-17 21:07,,0.000259134,6.49E-07,21:07,0,180917,0,
2018-09-17 21:08,,0.000259134,6.49E-07,21:08,0,180917,0,
2018-09-17 21:09,,0.000259134,6.49E-07,21:09,0,180917,0,
2018-09-17 21:10,,0.000259134,6.49E-07,21:10,0,180917,0,
2018-09-17 21:11,,0.000259134,6.49E-07,21:11,0,180917,0,
2018-09-17 21:12,,0.000259134,6.49E-07,21:12,0,180917,0,
2018-09-17 21:13,,0.000259134,6.49E-07,21:13,0,180917,0,
2018-09-17 21:14,,0.000259134,6.49E-07,21:14,0,180917,0,
2018-09-17 21:15,,0.000259134,6.49E-07,21:15,0,180917,0,
2018-09-17 21:16,,0.000259134,6.49E-07,21:16,0,180917,0,
2018-09-17 21:17,,0.000259134,6.49E-07,21:17,0,180917,0,
2018-09-17 21:18,,0.000259134,6.49E-07,21:18,0,180917,0,
2018-09-17 21:19,,0.000259134,6.49E-07,21:19,0,180917,0,
2018-09-17 21:20,,0.000259134,6.49E-07,21:20,0,180917,0,
2018-09-17 21:21,,0.000259134,6.49E-07,21:21,0,180917,0,
2018-09-17 21:22,,0.000259134,6.49E-07,21:22,0,180917,0,
2018-09-17 21:23,,0.000259134,6.49E-07,21:23,0,180917,0,
2018-09-17 21:24,,0.000259134,6.49E-07,21:24,0,180917,0,
2018-09-17 21:25,,0.000259134,6.49E-07,21:25,0,180917,0,
2018-09-17 21:26,,0.000259134,6.49E-07,21:26,0,180917,0,
2018-09-17 21:27,,0.000259134,6.49E-07,21:27,0,180917,0,
2018-09-17 21:28,,0.000259134,6.49E-07,21:28,0,180917,0,
2018-09-17 21:29,,0.000259134,6.49E-07,21:29,0,180917,0,
2018-09-17 21:30,,0.000259134,6.49E-07,21:30,0,180917,0,
2018-09-17 21:31,,0.000259134,6.49E-07,21:31,0,180917,0,
2018-09-17 21:32,,0.000259134,6.49E-07,21:32,0,180917,0,
2018-09-17 21:33,,0.000259134,6.49E-07,21:33,0,180917,0,
2018-09-17 21:34,,0.000259134,6.49E-07,21:34,0,180917,0,
2018-09-17 21:35,,0.000259134,6.49E-07,21:35,0,180917,0,
2018-09-17 21:36,,0.000259134,6.49E-07,21:36,0,180917,0,
2018-09-17 21:37,,0.000259134,6.49E-07,21:37,0,180917,0,
2018-09-17 21:38,,0.000259134,6.49E-07,21:38,0,180917,0,
2018-09-17 21:39,,0.000259134,6.49E-07,21:39,0,180917,0,
2018-09-17 21:40,,0.000259134,6.49E-07,21:40,0,180917,0,
2018-09-17 21:41,,0.000259134,6.49E-07,21:41,0,180917,0,
2018-09-17 21:42,,0.000259134,6.49E-07,21:42,0,180917,0,
2018-09-17 21:43,,0.000259134,6.49E-07,21:43,0,180917,0,
2018-09-17 21:44,,0.000259134,6.49E-07,21:44,0,180917,0,
2018-09-17 21:45,,0.000259134,6.49E-07,21:45,0,180917,0,
2018-09-17 21:46,,0.000259134,6.49E-07,21:46,0,180917,0,
2018-09-17 21:47,,0.000259134,6.49E-07,21:47,0,180917,0,
2018-09-17 21:48,,0.000259134,6.49E-07,21:48,0,180917,0,
2018-09-17 21:49,,0.000259134,6.49E-07,21:49,0,180917,0,
2018-09-17 21:50,,0.000259134,6.49E-07,21:50,0,180917,0,
2018-09-17 21:51,,0.000259134,6.49E-07,21:51,0,180917,0,
2018-09-17 21:52,,0.000259134,6.49E-07,21:52,0,180917,0,
2018-09-17 21:53,,0.000259134,6.49E-07,21:53,0,180917,0,
2018-09-17 21:54,,0.000259134,6.49E-07,21:54,0,180917,0,
2018-09-17 21:55,,0.000259134,6.49E-07,21:55,0,180917,0,
2018-09-17 21:56,,0.000259134,6.49E-07,21:56,0,180917,0,
2018-09-17 21:57,,0.000259134,6.49E-07,21:57,0,180917,0,
2018-09-17 21:58,,0.000259134,6.49E-07,21:58,0,180917,0,
2018-09-17 21:59,,0.000259134,6.49E-07,21:59,0,180917,0,
2018-09-17 22:00,,0.000259134,6.49E-07,22:00,0,180917,0,
2018-09-17 22:01,,0.000259134,6.49E-07,22:01,0,180917,0,
2018-09-17 22:02,,0.000259134,6.49E-07,22:02,0,180917,0,
2018-09-17 22:03,,0.000259134,6.49E-07,22:03,0,180917,0,
2018-09-17 22:04,,0.000259134,6.49E-07,22:04,0,180917,0,
2018-09-17 22:05,,0.000259134,6.49E-07,22:05,0,180917,0,
2018-09-17 22:06,,0.000259134,6.49E-07,22:06,0,180917,0,
2018-09-17 22:07,,0.000259134,6.49E-07,22:07,0,180917,0,
2018-09-17 22:08,,0.000259134,6.49E-07,22:08,0,180917,0,
2018-09-17 22:09,,0.000259134,6.49E-07,22:09,0,180917,0,
2018-09-17 22:10,,0.000259134,6.49E-07,22:10,0,180917,0,
2018-09-17 22:11,,0.000259134,6.49E-07,22:11,0,180917,0,
2018-09-17 22:12,,0.000259134,6.49E-07,22:12,0,180917,0,
2018-09-17 22:13,,0.000259134,6.49E-07,22:13,0,180917,0,
2018-09-17 22:14,,0.000259134,6.49E-07,22:14,0,180917,0,
2018-09-17 22:15,,0.000259134,6.49E-07,22:15,0,180917,0,
2018-09-17 22:16,,0.000259134,6.49E-07,22:16,0,180917,0,
2018-09-17 22:17,,0.000259134,6.49E-07,22:17,0,180917,0,
2018-09-17 22:18,,0.000259134,6.49E-07,22:18,0,180917,0,
2018-09-17 22:19,,0.000259134,6.49E-07,22:19,0,180917,0,
2018-09-17 22:20,,0.000259134,6.49E-07,22:20,0,180917,0,
2018-09-17 22:21,,0.000259134,6.49E-07,22:21,0,180917,0,
2018-09-17 22:22,,0.000259134,6.49E-07,22:22,0,180917,0,
2018-09-17 22:23,,0.000259134,6.49E-07,22:23,0,180917,0,
2018-09-17 22:24,,0.000259134,6.49E-07,22:24,0,180917,0,
2018-09-17 22:25,,0.000259134,6.49E-07,22:25,0,180917,0,
2018-09-17 22:26,,0.000259134,6.49E-07,22:26,0,180917,0,
2018-09-17 22:27,,0.000259134,6.49E-07,22:27,0,180917,0,
2018-09-17 22:28,,0.000259134,6.49E-07,22:28,0,180917,0,
2018-09-17 22:29,,0.000259134,6.49E-07,22:29,0,180917,0,
2018-09-17 22:30,,0.000259134,6.49E-07,22:30,0,180917,0,
2018-09-17 22:31,,0.000259134,6.49E-07,22:31,0,180917,0,
2018-09-17 22:32,,0.000259134,6.49E-07,22:32,0,180917,0,
2018-09-17 22:33,,0.000259134,6.49E-07,22:33,0,180917,0,
2018-09-17 22:34,,0.000259134,6.49E-07,22:34,0,180917,0,
2018-09-17 22:35,,0.000259134,6.49E-07,22:35,0,180917,0,
2018-09-17 22:36,,0.000259134,6.49E-07,22:36,0,180917,0,
2018-09-17 22:37,,0.000259134,6.49E-07,22:37,0,180917,0,
2018-09-17 22:38,,0.000259134,6.49E-07,22:38,0,180917,0,
2018-09-17 22:39,,0.000259134,6.49E-07,22:39,0,180917,0,
2018-09-17 22:40,,0.000259134,6.49E-07,22:40,0,180917,0,
2018-09-17 22:41,,0.000259134,6.49E-07,22:41,0,180917,0,
2018-09-17 22:42,,0.000259134,6.49E-07,22:42,0,180917,0,
2018-09-17 22:43,,0.000259134,6.49E-07,22:43,0,180917,0,
2018-09-17 22:44,,0.000259134,6.49E-07,22:44,0,180917,0,
2018-09-17 22:45,,0.000259134,6.49E-07,22:45,0,180917,0,
2018-09-17 22:46,,0.000259134,6.49E-07,22:46,0,180917,0,
2018-09-17 22:47,,0.000259134,6.49E-07,22:47,0,180917,0,
2018-09-17 22:48,,0.000259134,6.49E-07,22:48,0,180917,0,
2018-09-17 22:49,,0.000259134,6.49E-07,22:49,0,180917,0,
2018-09-17 22:50,,0.000259134,6.49E-07,22:50,0,180917,0,
2018-09-17 22:51,,0.000259134,6.49E-07,22:51,0,180917,0,
2018-09-17 22:52,,0.000259134,6.49E-07,22:52,0,180917,0,
2018-09-17 22:53,,0.000259134,6.49E-07,22:53,0,180917,0,
2018-09-17 22:54,,0.000259134,6.49E-07,22:54,0,180917,0,
2018-09-17 22:55,,0.000259134,6.49E-07,22:55,0,180917,0,
2018-09-17 22:56,,0.000259134,6.49E-07,22:56,0,180917,0,
2018-09-17 22:57,,0.000259134,6.49E-07,22:57,0,180917,0,
2018-09-17 22:58,,0.000259134,6.49E-07,22:58,0,180917,0,
2018-09-17 22:59,,0.000259134,6.49E-07,22:59,0,180917,0,
2018-09-17 23:00,,0.000259134,6.49E-07,23:00,0,180917,0,
2018-09-17 23:01,,0.000259134,6.49E-07,23:01,0,180917,0,
2018-09-17 23:02,,0.000259134,6.49E-07,23:02,0,180917,0,
2018-09-17 23:03,,0.000259134,6.49E-07,23:03,0,180917,0,
2018-09-17 23:04,,0.000259134,6.49E-07,23:04,0,180917,0,
2018-09-17 23:05,,0.000259134,6.49E-07,23:05,0,180917,0,
2018-09-17 23:06,,0.000259134,6.49E-07,23:06,0,180917,0,
2018-09-17 23:07,,0.000259134,6.49E-07,23:07,0,180917,0,
2018-09-17 23:08,,0.000259134,6.49E-07,23:08,0,180917,0,
2018-09-17 23:09,,0.000259134,6.49E-07,23:09,0,180917,0,
2018-09-17 23:10,,0.000259134,6.49E-07,23:10,0,180917,0,
2018-09-17 23:11,,0.000259134,6.49E-07,23:11,0,180917,0,
2018-09-17 23:12,,0.000259134,6.49E-07,23:12,0,180917,0,
2018-09-17 23:13,,0.000259134,6.49E-07,23:13,0,180917,0,
2018-09-17 23:14,,0.000259134,6.49E-07,23:14,0,180917,0,
2018-09-17 23:15,,0.000259134,6.49E-07,23:15,0,180917,0,
2018-09-17 23:16,,0.000259134,6.49E-07,23:16,0,180917,0,
2018-09-17 23:17,,0.000259134,6.49E-07,23:17,0,180917,0,
2018-09-17 23:18,,0.000259134,6.49E-07,23:18,0,180917,0,
2018-09-17 23:19,,0.000259134,6.49E-07,23:19,0,180917,0,
2018-09-17 23:20,,0.000259134,6.49E-07,23:20,0,180917,0,
2018-09-17 23:21,,0.000259134,6.49E-07,23:21,0,180917,0,
2018-09-17 23:22,,0.000259134,6.49E-07,23:22,0,180917,0,
2018-09-17 23:23,,0.000259134,6.49E-07,23:23,0,180917,0,
2018-09-17 23:24,,0.000259134,6.49E-07,23:24,0,180917,0,
2018-09-17 23:25,,0.000259134,6.49E-07,23:25,0,180917,0,
2018-09-17 23:26,,0.000259134,6.49E-07,23:26,0,180917,0,
2018-09-17 23:27,,0.000259134,6.49E-07,23:27,0,180917,0,
2018-09-17 23:28,,0.000259134,6.49E-07,23:28,0,180917,0,
2018-09-17 23:29,,0.000259134,6.49E-07,23:29,0,180917,0,
2018-09-17 23:30,,0.000259134,6.49E-07,23:30,0,180917,0,
2018-09-17 23:31,,0.000259134,6.49E-07,23:31,0,180917,0,
2018-09-17 23:32,,0.000259134,6.49E-07,23:32,0,180917,0,
2018-09-17 23:33,,0.000259134,6.49E-07,23:33,0,180917,0,
2018-09-17 23:34,,0.000259134,6.49E-07,23:34,0,180917,0,
2018-09-17 23:35,,0.000259134,6.49E-07,23:35,0,180917,0,
2018-09-17 23:36,,0.000259134,6.49E-07,23:36,0,180917,0,
2018-09-17 23:37,,0.000259134,6.49E-07,23:37,0,180917,0,
2018-09-17 23:38,,0.000259134,6.49E-07,23:38,0,180917,0,
2018-09-17 23:39,,0.000259134,6.49E-07,23:39,0,180917,0,
2018-09-17 23:40,,0.000259134,6.49E-07,23:40,0,180917,0,
2018-09-17 23:41,,0.000259134,6.49E-07,23:41,0,180917,0,
2018-09-17 23:42,,0.000259134,6.49E-07,23:42,0,180917,0,
2018-09-17 23:43,,0.000259134,6.49E-07,23:43,0,180917,0,
2018-09-17 23:44,,0.000259134,6.49E-07,23:44,0,180917,0,
2018-09-17 23:45,,0.000259134,6.49E-07,23:45,0,180917,0,
2018-09-17 23:46,,0.000259134,6.49E-07,23:46,0,180917,0,
2018-09-17 23:47,,0.000259134,6.49E-07,23:47,0,180917,0,
2018-09-17 23:48,,0.000259134,6.49E-07,23:48,0,180917,0,
2018-09-17 23:49,,0.000259134,6.49E-07,23:49,0,180917,0,
2018-09-17 23:50,,0.000259134,6.49E-07,23:50,0,180917,0,
2018-09-17 23:51,,0.000259134,6.49E-07,23:51,0,180917,0,
2018-09-17 23:52,,0.000259134,6.49E-07,23:52,0,180917,0,
2018-09-17 23:53,,0.000259134,6.49E-07,23:53,0,180917,0,
2018-09-17 23:54,,0.000259134,6.49E-07,23:54,0,180917,0,
2018-09-17 23:55,,0.000259134,6.49E-07,23:55,0,180917,0,
2018-09-17 23:56,,0.000259134,6.49E-07,23:56,0,180917,0,
2018-09-17 23:57,,0.000259134,6.49E-07,23:57,0,180917,0,
2018-09-17 23:58,,0.000259134,6.49E-07,23:58,0,180917,0,
2018-09-17 23:59,,0.000259134,6.49E-07,23:59,0,180917,0,
2018-09-18 0:00,,0.000259134,6.49E-07,0:00,1,180918,0,
2018-09-18 0:01,,0.000259134,6.49E-07,0:01,1,180918,0,
2018-09-18 0:02,,0.000259134,6.49E-07,0:02,1,180918,0,
2018-09-18 0:03,,0.000259134,6.49E-07,0:03,1,180918,0,
2018-09-18 0:04,,0.000259134,6.49E-07,0:04,1,180918,0,
2018-09-18 0:05,,0.000259134,6.49E-07,0:05,1,180918,0,
2018-09-18 0:06,,0.000259134,6.49E-07,0:06,1,180918,0,
2018-09-18 0:07,,0.000259134,6.49E-07,0:07,1,180918,0,
2018-09-18 0:08,,0.000259134,6.49E-07,0:08,1,180918,0,
2018-09-18 0:09,,0.000259134,6.49E-07,0:09,1,180918,0,
2018-09-18 0:10,,0.000259134,6.49E-07,0:10,1,180918,0,
2018-09-18 0:11,,0.000259134,6.49E-07,0:11,1,180918,0,
2018-09-18 0:12,,0.000259134,6.49E-07,0:12,1,180918,0,
2018-09-18 0:13,,0.000259134,6.49E-07,0:13,1,180918,0,
2018-09-18 0:14,,0.000259134,6.49E-07,0:14,1,180918,0,
2018-09-18 0:15,,0.000259134,6.49E-07,0:15,1,180918,0,
2018-09-18 0:16,,0.000259134,6.49E-07,0:16,1,180918,0,
2018-09-18 0:17,,0.000259134,6.49E-07,0:17,1,180918,0,
2018-09-18 0:18,,0.000259134,6.49E-07,0:18,1,180918,0,
2018-09-18 0:19,,0.000259134,6.49E-07,0:19,1,180918,0,
2018-09-18 0:20,,0.000259134,6.49E-07,0:20,1,180918,0,
2018-09-18 0:21,,0.000259134,6.49E-07,0:21,1,180918,0,
2018-09-18 0:22,,0.000259134,6.49E-07,0:22,1,180918,0,
2018-09-18 0:23,,0.000259134,6.49E-07,0:23,1,180918,0,
2018-09-18 0:24,,0.000259134,6.49E-07,0:24,1,180918,0,
2018-09-18 0:25,,0.000259134,6.49E-07,0:25,1,180918,0,
2018-09-18 0:26,,0.000259134,6.49E-07,0:26,1,180918,0,
2018-09-18 0:27,,0.000259134,6.49E-07,0:27,1,180918,0,
2018-09-18 0:28,,0.000259134,6.49E-07,0:28,1,180918,0,
2018-09-18 0:29,,0.000259134,6.49E-07,0:29,1,180918,0,
2018-09-18 0:30,,0.000259134,6.49E-07,0:30,1,180918,0,
2018-09-18 0:31,,0.000259134,6.49E-07,0:31,1,180918,0,
2018-09-18 0:32,,0.000259134,6.49E-07,0:32,1,180918,0,
2018-09-18 0:33,,0.000259134,6.49E-07,0:33,1,180918,0,
2018-09-18 0:34,,0.000259134,6.49E-07,0:34,1,180918,0,
2018-09-18 0:35,,0.000259134,6.49E-07,0:35,1,180918,0,
2018-09-18 0:36,,0.000259134,6.49E-07,0:36,1,180918,0,
2018-09-18 0:37,,0.000259134,6.49E-07,0:37,1,180918,0,
2018-09-18 0:38,,0.000259134,6.49E-07,0:38,1,180918,0,
2018-09-18 0:39,,0.000259134,6.49E-07,0:39,1,180918,0,
2018-09-18 0:40,,0.000259134,6.49E-07,0:40,1,180918,0,
2018-09-18 0:41,,0.000259134,6.49E-07,0:41,1,180918,0,
2018-09-18 0:42,,0.000259134,6.49E-07,0:42,1,180918,0,
2018-09-18 0:43,,0.000259134,6.49E-07,0:43,1,180918,0,
2018-09-18 0:44,,0.000259134,6.49E-07,0:44,1,180918,0,
2018-09-18 0:45,,0.000259134,6.49E-07,0:45,1,180918,0,
2018-09-18 0:46,,0.000259134,6.49E-07,0:46,1,180918,0,
2018-09-18 0:47,,0.000259134,6.49E-07,0:47,1,180918,0,
2018-09-18 0:48,,0.000259134,6.49E-07,0:48,1,180918,0,
2018-09-18 0:49,,0.000259134,6.49E-07,0:49,1,180918,0,
2018-09-18 0:50,,0.000259134,6.49E-07,0:50,1,180918,0,
2018-09-18 0:51,,0.000259134,6.49E-07,0:51,1,180918,0,
2018-09-18 0:52,,0.000259134,6.49E-07,0:52,1,180918,0,
2018-09-18 0:53,,0.000259134,6.49E-07,0:53,1,180918,0,
2018-09-18 0:54,,0.000259134,6.49E-07,0:54,1,180918,0,
2018-09-18 0:55,,0.000259134,6.49E-07,0:55,1,180918,0,
2018-09-18 0:56,,0.000259134,6.49E-07,0:56,1,180918,0,
2018-09-18 0:57,,0.000259134,6.49E-07,0:57,1,180918,0,
2018-09-18 0:58,,0.000259134,6.49E-07,0:58,1,180918,0,
2018-09-18 0:59,,0.000259134,6.49E-07,0:59,1,180918,0,
2018-09-18 1:00,,0.000259134,6.49E-07,1:00,1,180918,0,
2018-09-18 1:01,,0.000259134,6.49E-07,1:01,1,180918,0,
2018-09-18 1:02,,0.000259134,6.49E-07,1:02,1,180918,0,
2018-09-18 1:03,,0.000259134,6.49E-07,1:03,1,180918,0,
2018-09-18 1:04,,0.000259134,6.49E-07,1:04,1,180918,0,
2018-09-18 1:05,,0.000259134,6.49E-07,1:05,1,180918,0,
2018-09-18 1:06,,0.000259134,6.49E-07,1:06,1,180918,0,
2018-09-18 1:07,,0.000259134,6.49E-07,1:07,1,180918,0,
2018-09-18 1:08,,0.000259134,6.49E-07,1:08,1,180918,0,
2018-09-18 1:09,,0.000259134,6.49E-07,1:09,1,180918,0,
2018-09-18 1:10,,0.000259134,6.49E-07,1:10,1,180918,0,
2018-09-18 1:11,,0.000259134,6.49E-07,1:11,1,180918,0,
2018-09-18 1:12,,0.000259134,6.49E-07,1:12,1,180918,0,
2018-09-18 1:13,,0.000259134,6.49E-07,1:13,1,180918,0,
2018-09-18 1:14,,0.000259134,6.49E-07,1:14,1,180918,0,
2018-09-18 1:15,,0.000259134,6.49E-07,1:15,1,180918,0,
2018-09-18 1:16,,0.000259134,6.49E-07,1:16,1,180918,0,
2018-09-18 1:17,,0.000259134,6.49E-07,1:17,1,180918,0,
2018-09-18 1:18,,0.000259134,6.49E-07,1:18,1,180918,0,
2018-09-18 1:19,,0.000259134,6.49E-07,1:19,1,180918,0,
2018-09-18 1:20,,0.000259134,6.49E-07,1:20,1,180918,0,
2018-09-18 1:21,,0.000259134,6.49E-07,1:21,1,180918,0,
2018-09-18 1:22,,0.000259134,6.49E-07,1:22,1,180918,0,
2018-09-18 1:23,,0.000259134,6.49E-07,1:23,1,180918,0,
2018-09-18 1:24,,0.000259134,6.49E-07,1:24,1,180918,0,
2018-09-18 1:25,,0.000259134,6.49E-07,1:25,1,180918,0,
2018-09-18 1:26,,0.000259134,6.49E-07,1:26,1,180918,0,
2018-09-18 1:27,,0.000259134,6.49E-07,1:27,1,180918,0,
2018-09-18 1:28,,0.000259134,6.49E-07,1:28,1,180918,0,
2018-09-18 1:29,,0.000259134,6.49E-07,1:29,1,180918,0,
2018-09-18 1:30,,0.000259134,6.49E-07,1:30,1,180918,0,
2018-09-18 1:31,,0.000259134,6.49E-07,1:31,1,180918,0,
2018-09-18 1:32,,0.000259134,6.49E-07,1:32,1,180918,0,
2018-09-18 1:33,,0.000259134,6.49E-07,1:33,1,180918,0,
2018-09-18 1:34,,0.000259134,6.49E-07,1:34,1,180918,0,
2018-09-18 1:35,,0.000259134,6.49E-07,1:35,1,180918,0,
2018-09-18 1:36,,0.000259134,6.49E-07,1:36,1,180918,0,
2018-09-18 1:37,,0.000259134,6.49E-07,1:37,1,180918,0,
2018-09-18 1:38,,0.000259134,6.49E-07,1:38,1,180918,0,
2018-09-18 1:39,,0.000259134,6.49E-07,1:39,1,180918,0,
2018-09-18 1:40,,0.000259134,6.49E-07,1:40,1,180918,0,
2018-09-18 1:41,,0.000259134,6.49E-07,1:41,1,180918,0,
2018-09-18 1:42,,0.000259134,6.49E-07,1:42,1,180918,0,
2018-09-18 1:43,,0.000259134,6.49E-07,1:43,1,180918,0,
2018-09-18 1:44,,0.000259134,6.49E-07,1:44,1,180918,0,
2018-09-18 1:45,,0.000259134,6.49E-07,1:45,1,180918,0,
2018-09-18 1:46,,0.000259134,6.49E-07,1:46,1,180918,0,
2018-09-18 1:47,,0.000259134,6.49E-07,1:47,1,180918,0,
2018-09-18 1:48,,0.000259134,6.49E-07,1:48,1,180918,0,
2018-09-18 1:49,,0.000259134,6.49E-07,1:49,1,180918,0,
2018-09-18 1:50,,0.000259134,6.49E-07,1:50,1,180918,0,
2018-09-18 1:51,,0.000259134,6.49E-07,1:51,1,180918,0,
2018-09-18 1:52,,0.000259134,6.49E-07,1:52,1,180918,0,
2018-09-18 1:53,,0.000259134,6.49E-07,1:53,1,180918,0,
2018-09-18 1:54,,0.000259134,6.49E-07,1:54,1,180918,0,
2018-09-18 1:55,,0.000259134,6.49E-07,1:55,1,180918,0,
2018-09-18 1:56,,0.000259134,6.49E-07,1:56,1,180918,0,
2018-09-18 1:57,,0.000259134,6.49E-07,1:57,1,180918,0,
2018-09-18 1:58,,0.000259134,6.49E-07,1:58,1,180918,0,
2018-09-18 1:59,,0.000259134,6.49E-07,1:59,1,180918,0,
2018-09-18 2:00,,0.000259134,6.49E-07,2:00,1,180918,0,
2018-09-18 2:01,,0.000259134,6.49E-07,2:01,1,180918,0,
2018-09-18 2:02,,0.000259134,6.49E-07,2:02,1,180918,0,
2018-09-18 2:03,,0.000259134,6.49E-07,2:03,1,180918,0,
2018-09-18 2:04,,0.000259134,6.49E-07,2:04,1,180918,0,
2018-09-18 2:05,,0.000259134,6.49E-07,2:05,1,180918,0,
2018-09-18 2:06,,0.000259134,6.49E-07,2:06,1,180918,0,
2018-09-18 2:07,,0.000259134,6.49E-07,2:07,1,180918,0,
2018-09-18 2:08,,0.000259134,6.49E-07,2:08,1,180918,0,
2018-09-18 2:09,,0.000259134,6.49E-07,2:09,1,180918,0,
2018-09-18 2:10,,0.000259134,6.49E-07,2:10,1,180918,0,
2018-09-18 2:11,,0.000259134,6.49E-07,2:11,1,180918,0,
2018-09-18 2:12,,0.000259134,6.49E-07,2:12,1,180918,0,
2018-09-18 2:13,,0.000259134,6.49E-07,2:13,1,180918,0,
2018-09-18 2:14,,0.000259134,6.49E-07,2:14,1,180918,0,
2018-09-18 2:15,,0.000259134,6.49E-07,2:15,1,180918,0,
2018-09-18 2:16,,0.000259134,6.49E-07,2:16,1,180918,0,
2018-09-18 2:17,,0.000259134,6.49E-07,2:17,1,180918,0,
2018-09-18 2:18,,0.000259134,6.49E-07,2:18,1,180918,0,
2018-09-18 2:19,,0.000259134,6.49E-07,2:19,1,180918,0,
2018-09-18 2:20,,0.000259134,6.49E-07,2:20,1,180918,0,
2018-09-18 2:21,,0.000259134,6.49E-07,2:21,1,180918,0,
2018-09-18 2:22,,0.000259134,6.49E-07,2:22,1,180918,0,
2018-09-18 2:23,,0.000259134,6.49E-07,2:23,1,180918,0,
2018-09-18 2:24,,0.000259134,6.49E-07,2:24,1,180918,0,
2018-09-18 2:25,,0.000259134,6.49E-07,2:25,1,180918,0,
2018-09-18 2:26,,0.000259134,6.49E-07,2:26,1,180918,0,
2018-09-18 2:27,,0.000259134,6.49E-07,2:27,1,180918,0,
2018-09-18 2:28,,0.000259134,6.49E-07,2:28,1,180918,0,
2018-09-18 2:29,,0.000259134,6.49E-07,2:29,1,180918,0,
2018-09-18 2:30,,0.000259134,6.49E-07,2:30,1,180918,0,
2018-09-18 2:31,,0.000259134,6.49E-07,2:31,1,180918,0,
2018-09-18 2:32,,0.000259134,6.49E-07,2:32,1,180918,0,
2018-09-18 2:33,,0.000259134,6.49E-07,2:33,1,180918,0,
2018-09-18 2:34,,0.000259134,6.49E-07,2:34,1,180918,0,
2018-09-18 2:35,,0.000259134,6.49E-07,2:35,1,180918,0,
2018-09-18 2:36,,0.000259134,6.49E-07,2:36,1,180918,0,
2018-09-18 2:37,,0.000259134,6.49E-07,2:37,1,180918,0,
2018-09-18 2:38,,0.000259134,6.49E-07,2:38,1,180918,0,
2018-09-18 2:39,,0.000259134,6.49E-07,2:39,1,180918,0,
2018-09-18 2:40,,0.000259134,6.49E-07,2:40,1,180918,0,
2018-09-18 2:41,,0.000259134,6.49E-07,2:41,1,180918,0,
2018-09-18 2:42,,0.000259134,6.49E-07,2:42,1,180918,0,
2018-09-18 2:43,,0.000259134,6.49E-07,2:43,1,180918,0,
2018-09-18 2:44,,0.000259134,6.49E-07,2:44,1,180918,0,
2018-09-18 2:45,,0.000259134,6.49E-07,2:45,1,180918,0,
2018-09-18 2:46,,0.000259134,6.49E-07,2:46,1,180918,0,
2018-09-18 2:47,,0.000259134,6.49E-07,2:47,1,180918,0,
2018-09-18 2:48,,0.000259134,6.49E-07,2:48,1,180918,0,
2018-09-18 2:49,,0.000259134,6.49E-07,2:49,1,180918,0,
2018-09-18 2:50,,0.000259134,6.49E-07,2:50,1,180918,0,
2018-09-18 2:51,,0.000259134,6.49E-07,2:51,1,180918,0,
2018-09-18 2:52,,0.000259134,6.49E-07,2:52,1,180918,0,
2018-09-18 2:53,,0.000259134,6.49E-07,2:53,1,180918,0,
2018-09-18 2:54,,0.000259134,6.49E-07,2:54,1,180918,0,
2018-09-18 2:55,,0.000259134,6.49E-07,2:55,1,180918,0,
2018-09-18 2:56,,0.000259134,6.49E-07,2:56,1,180918,0,
2018-09-18 2:57,,0.000259134,6.49E-07,2:57,1,180918,0,
2018-09-18 2:58,,0.000259134,6.49E-07,2:58,1,180918,0,
2018-09-18 2:59,,0.000259134,6.49E-07,2:59,1,180918,0,
2018-09-18 3:00,,0.000259134,6.49E-07,3:00,1,180918,0,
2018-09-18 3:01,,0.000259134,6.49E-07,3:01,1,180918,0,
2018-09-18 3:02,,0.000259134,6.49E-07,3:02,1,180918,0,
2018-09-18 3:03,,0.000259134,6.49E-07,3:03,1,180918,0,
2018-09-18 3:04,,0.000259134,6.49E-07,3:04,1,180918,0,
2018-09-18 3:05,,0.000259134,6.49E-07,3:05,1,180918,0,
2018-09-18 3:06,,0.000259134,6.49E-07,3:06,1,180918,0,
2018-09-18 3:07,,0.000259134,6.49E-07,3:07,1,180918,0,
2018-09-18 3:08,,0.000259134,6.49E-07,3:08,1,180918,0,
2018-09-18 3:09,,0.000259134,6.49E-07,3:09,1,180918,0,
2018-09-18 3:10,,0.000259134,6.49E-07,3:10,1,180918,0,
2018-09-18 3:11,,0.000259134,6.49E-07,3:11,1,180918,0,
2018-09-18 3:12,,0.000259134,6.49E-07,3:12,1,180918,0,
2018-09-18 3:13,,0.000259134,6.49E-07,3:13,1,180918,0,
2018-09-18 3:14,,0.000259134,6.49E-07,3:14,1,180918,0,
2018-09-18 3:15,,0.000259134,6.49E-07,3:15,1,180918,0,
2018-09-18 3:16,,0.000259134,6.49E-07,3:16,1,180918,0,
2018-09-18 3:17,,0.000259134,6.49E-07,3:17,1,180918,0,
2018-09-18 3:18,,0.000259134,6.49E-07,3:18,1,180918,0,
2018-09-18 3:19,,0.000259134,6.49E-07,3:19,1,180918,0,
2018-09-18 3:20,,0.000259134,6.49E-07,3:20,1,180918,0,
2018-09-18 3:21,,0.000259134,6.49E-07,3:21,1,180918,0,
2018-09-18 3:22,,0.000259134,6.49E-07,3:22,1,180918,0,
2018-09-18 3:23,,0.000259134,6.49E-07,3:23,1,180918,0,
2018-09-18 3:24,,0.000259134,6.49E-07,3:24,1,180918,0,
2018-09-18 3:25,,0.000259134,6.49E-07,3:25,1,180918,0,
2018-09-18 3:26,,0.000259134,6.49E-07,3:26,1,180918,0,
2018-09-18 3:27,,0.000259134,6.49E-07,3:27,1,180918,0,
2018-09-18 3:28,,0.000259134,6.49E-07,3:28,1,180918,0,
2018-09-18 3:29,,0.000259134,6.49E-07,3:29,1,180918,0,
2018-09-18 3:30,,0.000259134,6.49E-07,3:30,1,180918,0,
2018-09-18 3:31,,0.000259134,6.49E-07,3:31,1,180918,0,
2018-09-18 3:32,,0.000259134,6.49E-07,3:32,1,180918,0,
2018-09-18 3:33,,0.000259134,6.49E-07,3:33,1,180918,0,
2018-09-18 3:34,,0.000259134,6.49E-07,3:34,1,180918,0,
2018-09-18 3:35,,0.000259134,6.49E-07,3:35,1,180918,0,
2018-09-18 3:36,,0.000259134,6.49E-07,3:36,1,180918,0,
2018-09-18 3:37,,0.000259134,6.49E-07,3:37,1,180918,0,
2018-09-18 3:38,,0.000259134,6.49E-07,3:38,1,180918,0,
2018-09-18 3:39,,0.000259134,6.49E-07,3:39,1,180918,0,
2018-09-18 3:40,,0.000259134,6.49E-07,3:40,1,180918,0,
2018-09-18 3:41,,0.000259134,6.49E-07,3:41,1,180918,0,
2018-09-18 3:42,,0.000259134,6.49E-07,3:42,1,180918,0,
2018-09-18 3:43,,0.000259134,6.49E-07,3:43,1,180918,0,
2018-09-18 3:44,,0.000259134,6.49E-07,3:44,1,180918,0,
2018-09-18 3:45,,0.000259134,6.49E-07,3:45,1,180918,0,
2018-09-18 3:46,,0.000259134,6.49E-07,3:46,1,180918,0,
2018-09-18 3:47,,0.000259134,6.49E-07,3:47,1,180918,0,
2018-09-18 3:48,,0.000259134,6.49E-07,3:48,1,180918,0,
2018-09-18 3:49,,0.000259134,6.49E-07,3:49,1,180918,0,
2018-09-18 3:50,,0.000259134,6.49E-07,3:50,1,180918,0,
2018-09-18 3:51,,0.000259134,6.49E-07,3:51,1,180918,0,
2018-09-18 3:52,,0.000259134,6.49E-07,3:52,1,180918,0,
2018-09-18 3:53,,0.000259134,6.49E-07,3:53,1,180918,0,
2018-09-18 3:54,,0.000259134,6.49E-07,3:54,1,180918,0,
2018-09-18 3:55,,0.000259134,6.49E-07,3:55,1,180918,0,
2018-09-18 3:56,,0.000259134,6.49E-07,3:56,1,180918,0,
2018-09-18 3:57,,0.000259134,6.49E-07,3:57,1,180918,0,
2018-09-18 3:58,,0.000259134,6.49E-07,3:58,1,180918,0,
2018-09-18 3:59,,0.000259134,6.49E-07,3:59,1,180918,0,
2018-09-18 4:00,,0.000259134,6.49E-07,4:00,1,180918,0,
2018-09-18 4:01,,0.000259134,6.49E-07,4:01,1,180918,0,
2018-09-18 4:02,,0.000259134,6.49E-07,4:02,1,180918,0,
2018-09-18 4:03,,0.000259134,6.49E-07,4:03,1,180918,0,
2018-09-18 4:04,,0.000259134,6.49E-07,4:04,1,180918,0,
2018-09-18 4:05,,0.000259134,6.49E-07,4:05,1,180918,0,
2018-09-18 4:06,,0.000259134,6.49E-07,4:06,1,180918,0,
2018-09-18 4:07,,0.000259134,6.49E-07,4:07,1,180918,0,
2018-09-18 4:08,,0.000259134,6.49E-07,4:08,1,180918,0,
2018-09-18 4:09,,0.000259134,6.49E-07,4:09,1,180918,0,
2018-09-18 4:10,,0.000259134,6.49E-07,4:10,1,180918,0,
2018-09-18 4:11,,0.000259134,6.49E-07,4:11,1,180918,0,
2018-09-18 4:12,,0.000259134,6.49E-07,4:12,1,180918,0,
2018-09-18 4:13,,0.000259134,6.49E-07,4:13,1,180918,0,
2018-09-18 4:14,,0.000259134,6.49E-07,4:14,1,180918,0,
2018-09-18 4:15,,0.000259134,6.49E-07,4:15,1,180918,0,
2018-09-18 4:16,,0.000259134,6.49E-07,4:16,1,180918,0,
2018-09-18 4:17,,0.000259134,6.49E-07,4:17,1,180918,0,
2018-09-18 4:18,,0.000259134,6.49E-07,4:18,1,180918,0,
2018-09-18 4:19,,0.000259134,6.49E-07,4:19,1,180918,0,
2018-09-18 4:20,,0.000259134,6.49E-07,4:20,1,180918,0,
2018-09-18 4:21,,0.000259134,6.49E-07,4:21,1,180918,0,
2018-09-18 4:22,,0.000259134,6.49E-07,4:22,1,180918,0,
2018-09-18 4:23,,0.000259134,6.49E-07,4:23,1,180918,0,
2018-09-18 4:24,,0.000259134,6.49E-07,4:24,1,180918,0,
2018-09-18 4:25,,0.000259134,6.49E-07,4:25,1,180918,0,
2018-09-18 4:26,,0.000259134,6.49E-07,4:26,1,180918,0,
2018-09-18 4:27,,0.000259134,6.49E-07,4:27,1,180918,0,
2018-09-18 4:28,,0.000259134,6.49E-07,4:28,1,180918,0,
2018-09-18 4:29,,0.000259134,6.49E-07,4:29,1,180918,0,
2018-09-18 4:30,,0.000259134,6.49E-07,4:30,1,180918,0,
2018-09-18 4:31,,0.000259134,6.49E-07,4:31,1,180918,0,
2018-09-18 4:32,,0.000259134,6.49E-07,4:32,1,180918,0,
2018-09-18 4:33,,0.000259134,6.49E-07,4:33,1,180918,0,
2018-09-18 4:34,,0.000259134,6.49E-07,4:34,1,180918,0,
2018-09-18 4:35,,0.000259134,6.49E-07,4:35,1,180918,0,
2018-09-18 4:36,,0.000259134,6.49E-07,4:36,1,180918,0,
2018-09-18 4:37,,0.000259134,6.49E-07,4:37,1,180918,0,
2018-09-18 4:38,,0.000259134,6.49E-07,4:38,1,180918,0,
2018-09-18 4:39,,0.000259134,6.49E-07,4:39,1,180918,0,
2018-09-18 4:40,,0.000259134,6.49E-07,4:40,1,180918,0,
2018-09-18 4:41,,0.000259134,6.49E-07,4:41,1,180918,0,
2018-09-18 4:42,,0.000259134,6.49E-07,4:42,1,180918,0,
2018-09-18 4:43,,0.000259134,6.49E-07,4:43,1,180918,0,
2018-09-18 4:44,,0.000259134,6.49E-07,4:44,1,180918,0,
2018-09-18 4:45,,0.000259134,6.49E-07,4:45,1,180918,0,
2018-09-18 4:46,,0.000259134,6.49E-07,4:46,1,180918,0,
2018-09-18 4:47,,0.000259134,6.49E-07,4:47,1,180918,0,
2018-09-18 4:48,,0.000259134,6.49E-07,4:48,1,180918,0,
2018-09-18 4:49,,0.000259134,6.49E-07,4:49,1,180918,0,
2018-09-18 4:50,,0.000259134,6.49E-07,4:50,1,180918,0,
2018-09-18 4:51,,0.000259134,6.49E-07,4:51,1,180918,0,
2018-09-18 4:52,,0.000259134,6.49E-07,4:52,1,180918,0,
2018-09-18 4:53,,0.000259134,6.49E-07,4:53,1,180918,0,
2018-09-18 4:54,,0.000259134,6.49E-07,4:54,1,180918,0,
2018-09-18 4:55,,0.000259134,6.49E-07,4:55,1,180918,0,
2018-09-18 4:56,,0.000259134,6.49E-07,4:56,1,180918,0,
2018-09-18 4:57,,0.000259134,6.49E-07,4:57,1,180918,0,
2018-09-18 4:58,,0.000259134,6.49E-07,4:58,1,180918,0,
2018-09-18 4:59,,0.000259134,6.49E-07,4:59,1,180918,0,
2018-09-18 5:00,,0.000259134,6.49E-07,5:00,1,180918,0,
2018-09-18 5:01,,0.000259134,6.49E-07,5:01,1,180918,0,
2018-09-18 5:02,,0.000259134,6.49E-07,5:02,1,180918,0,
2018-09-18 5:03,,0.000259134,6.49E-07,5:03,1,180918,0,
2018-09-18 5:04,,0.000259134,6.49E-07,5:04,1,180918,0,
2018-09-18 5:05,,0.000259134,6.49E-07,5:05,1,180918,0,
2018-09-18 5:06,,0.000259134,6.49E-07,5:06,1,180918,0,
2018-09-18 5:07,,0.000259134,6.49E-07,5:07,1,180918,0,
2018-09-18 5:08,,0.000259134,6.49E-07,5:08,1,180918,0,
2018-09-18 5:09,,0.000259134,6.49E-07,5:09,1,180918,0,
2018-09-18 5:10,,0.000259134,6.49E-07,5:10,1,180918,0,
2018-09-18 5:11,,0.000259134,6.49E-07,5:11,1,180918,0,
2018-09-18 5:12,,0.000259134,6.49E-07,5:12,1,180918,0,
2018-09-18 5:13,,0.000259134,6.49E-07,5:13,1,180918,0,
2018-09-18 5:14,,0.000259134,6.49E-07,5:14,1,180918,0,
2018-09-18 5:15,,0.000259134,6.49E-07,5:15,1,180918,0,
2018-09-18 5:16,,0.000259134,6.49E-07,5:16,1,180918,0,
2018-09-18 5:17,,0.000259134,6.49E-07,5:17,1,180918,0,
2018-09-18 5:18,,0.000259134,6.49E-07,5:18,1,180918,0,
2018-09-18 5:19,,0.000259134,6.49E-07,5:19,1,180918,0,
2018-09-18 5:20,,0.000259134,6.49E-07,5:20,1,180918,0,
2018-09-18 5:21,,0.000259134,6.49E-07,5:21,1,180918,0,
2018-09-18 5:22,,0.000259134,6.49E-07,5:22,1,180918,0,
2018-09-18 5:23,,0.000259134,6.49E-07,5:23,1,180918,0,
2018-09-18 5:24,,0.000259134,6.49E-07,5:24,1,180918,0,
2018-09-18 5:25,,0.000259134,6.49E-07,5:25,1,180918,0,
2018-09-18 5:26,,0.000259134,6.49E-07,5:26,1,180918,0,
2018-09-18 5:27,,0.000259134,6.49E-07,5:27,1,180918,0,
2018-09-18 5:28,,0.000259134,6.49E-07,5:28,1,180918,0,
2018-09-18 5:29,,0.000259134,6.49E-07,5:29,1,180918,0,
2018-09-18 5:30,,0.000259134,6.49E-07,5:30,1,180918,0,
2018-09-18 5:31,,0.000259134,6.49E-07,5:31,1,180918,0,
2018-09-18 5:32,,0.000259134,6.49E-07,5:32,1,180918,0,
2018-09-18 5:33,,0.000259134,6.49E-07,5:33,1,180918,0,
2018-09-18 5:34,,0.000259134,6.49E-07,5:34,1,180918,0,
2018-09-18 5:35,,0.000259134,6.49E-07,5:35,1,180918,0,
2018-09-18 5:36,,0.000259134,6.49E-07,5:36,1,180918,0,
2018-09-18 5:37,,0.000259134,6.49E-07,5:37,1,180918,0,
2018-09-18 5:38,,0.000259134,6.49E-07,5:38,1,180918,0,
2018-09-18 5:39,,0.000259134,6.49E-07,5:39,1,180918,0,
2018-09-18 5:40,,0.000259134,6.49E-07,5:40,1,180918,0,
2018-09-18 5:41,,0.000259134,6.49E-07,5:41,1,180918,0,
2018-09-18 5:42,,0.000259134,6.49E-07,5:42,1,180918,0,
2018-09-18 5:43,,0.000259134,6.49E-07,5:43,1,180918,0,
2018-09-18 5:44,,0.000259134,6.49E-07,5:44,1,180918,0,
2018-09-18 5:45,,0.000259134,6.49E-07,5:45,1,180918,0,
2018-09-18 5:46,,0.000259134,6.49E-07,5:46,1,180918,0,
2018-09-18 5:47,,0.000259134,6.49E-07,5:47,1,180918,0,
2018-09-18 5:48,,0.000259134,6.49E-07,5:48,1,180918,0,
2018-09-18 5:49,,0.000259134,6.49E-07,5:49,1,180918,0,
2018-09-18 5:50,,0.000259134,6.49E-07,5:50,1,180918,0,
2018-09-18 5:51,,0.000259134,6.49E-07,5:51,1,180918,0,
2018-09-18 5:52,,0.000259134,6.49E-07,5:52,1,180918,0,
2018-09-18 5:53,,0.000259134,6.49E-07,5:53,1,180918,0,
2018-09-18 5:54,,0.000259134,6.49E-07,5:54,1,180918,0,
2018-09-18 5:55,,0.000259134,6.49E-07,5:55,1,180918,0,
2018-09-18 5:56,,0.000259134,6.49E-07,5:56,1,180918,0,
2018-09-18 5:57,,0.000259134,6.49E-07,5:57,1,180918,0,
2018-09-18 5:58,,0.000259134,6.49E-07,5:58,1,180918,0,
2018-09-18 5:59,,0.000259134,6.49E-07,5:59,1,180918,0,
2018-09-18 6:00,,0.000259134,6.49E-07,6:00,1,180918,0,
2018-09-18 6:01,,0.000259134,6.49E-07,6:01,1,180918,0,
2018-09-18 6:02,,0.000259134,6.49E-07,6:02,1,180918,0,
2018-09-18 6:03,,0.000259134,6.49E-07,6:03,1,180918,0,
2018-09-18 6:04,,0.000259134,6.49E-07,6:04,1,180918,0,
2018-09-18 6:05,,0.000259134,6.49E-07,6:05,1,180918,0,
2018-09-18 6:06,,0.000259134,6.49E-07,6:06,1,180918,0,
2018-09-18 6:07,,0.000259134,6.49E-07,6:07,1,180918,0,
2018-09-18 6:08,,0.000259134,6.49E-07,6:08,1,180918,0,
2018-09-18 6:09,,0.000259134,6.49E-07,6:09,1,180918,0,
2018-09-18 6:10,,0.000259134,6.49E-07,6:10,1,180918,0,
2018-09-18 6:11,,0.000259134,6.49E-07,6:11,1,180918,0,
2018-09-18 6:12,,0.000259134,6.49E-07,6:12,1,180918,0,
2018-09-18 6:13,,0.000259134,6.49E-07,6:13,1,180918,0,
2018-09-18 6:14,,0.000259134,6.49E-07,6:14,1,180918,0,
2018-09-18 6:15,,0.000259134,6.49E-07,6:15,1,180918,0,
2018-09-18 6:16,,0.000259134,6.49E-07,6:16,1,180918,0,
2018-09-18 6:17,,0.000259134,6.49E-07,6:17,1,180918,0,
2018-09-18 6:18,,0.000259134,6.49E-07,6:18,1,180918,0,
2018-09-18 6:19,,0.000259134,6.49E-07,6:19,1,180918,0,
2018-09-18 6:20,,0.000259134,6.49E-07,6:20,1,180918,0,
2018-09-18 6:21,,0.000259134,6.49E-07,6:21,1,180918,0,
2018-09-18 6:22,,0.000259134,6.49E-07,6:22,1,180918,0,
2018-09-18 6:23,,0.000259134,6.49E-07,6:23,1,180918,0,
2018-09-18 6:24,,0.000259134,6.49E-07,6:24,1,180918,0,
2018-09-18 6:25,,0.000259134,6.49E-07,6:25,1,180918,0,
2018-09-18 6:26,,0.000259134,6.49E-07,6:26,1,180918,0,
2018-09-18 6:27,,0.000259134,6.49E-07,6:27,1,180918,0,
2018-09-18 6:28,,0.000259134,6.49E-07,6:28,1,180918,0,
2018-09-18 6:29,,0.000259134,6.49E-07,6:29,1,180918,0,
2018-09-18 6:30,,0.000259134,6.49E-07,6:30,1,180918,0,
2018-09-18 6:31,,0.000259134,6.49E-07,6:31,1,180918,0,
2018-09-18 6:32,,0.000259134,6.49E-07,6:32,1,180918,0,
2018-09-18 6:33,,0.000259134,6.49E-07,6:33,1,180918,0,
2018-09-18 6:34,,0.000259134,6.49E-07,6:34,1,180918,0,
2018-09-18 6:35,,0.000259134,6.49E-07,6:35,1,180918,0,
2018-09-18 6:36,,0.000259134,6.49E-07,6:36,1,180918,0,
2018-09-18 6:37,,0.000259134,6.49E-07,6:37,1,180918,0,
2018-09-18 6:38,,0.000259134,6.49E-07,6:38,1,180918,0,
2018-09-18 6:39,,0.000259134,6.49E-07,6:39,1,180918,0,
2018-09-18 6:40,,0.000259134,6.49E-07,6:40,1,180918,0,
2018-09-18 6:41,,0.000259134,6.49E-07,6:41,1,180918,0,
2018-09-18 6:42,,0.000259134,6.49E-07,6:42,1,180918,0,
2018-09-18 6:43,,0.000259134,6.49E-07,6:43,1,180918,0,
2018-09-18 6:44,,0.000259134,6.49E-07,6:44,1,180918,0,
2018-09-18 6:45,,0.000259134,6.49E-07,6:45,1,180918,0,
2018-09-18 6:46,,0.000259134,6.49E-07,6:46,1,180918,0,
2018-09-18 6:47,,0.000259134,6.49E-07,6:47,1,180918,0,
2018-09-18 6:48,,0.000259134,6.49E-07,6:48,1,180918,0,
2018-09-18 6:49,,0.000259134,6.49E-07,6:49,1,180918,0,
2018-09-18 6:50,,0.000259134,6.49E-07,6:50,1,180918,0,
2018-09-18 6:51,,0.000259134,6.49E-07,6:51,1,180918,0,
2018-09-18 6:52,,0.000259134,6.49E-07,6:52,1,180918,0,
2018-09-18 6:53,,0.000259134,6.49E-07,6:53,1,180918,0,
2018-09-18 6:54,,0.000259134,6.49E-07,6:54,1,180918,0,
2018-09-18 6:55,,0.000259134,6.49E-07,6:55,1,180918,0,
2018-09-18 6:56,,0.000259134,6.49E-07,6:56,1,180918,0,
2018-09-18 6:57,,0.000259134,6.49E-07,6:57,1,180918,0,
2018-09-18 6:58,,0.000259134,6.49E-07,6:58,1,180918,0,
2018-09-18 6:59,,0.000259134,6.49E-07,6:59,1,180918,0,
2018-09-18 7:00,,0.000259134,6.49E-07,7:00,1,180918,0,
2018-09-18 7:01,,0.000259134,6.49E-07,7:01,1,180918,0,
2018-09-18 7:02,,0.000259134,6.49E-07,7:02,1,180918,0,
2018-09-18 7:03,,0.000259134,6.49E-07,7:03,1,180918,0,
2018-09-18 7:04,,0.000259134,6.49E-07,7:04,1,180918,0,
2018-09-18 7:05,,0.000259134,6.49E-07,7:05,1,180918,0,
2018-09-18 7:06,,0.000259134,6.49E-07,7:06,1,180918,0,
2018-09-18 7:07,,0.000259134,6.49E-07,7:07,1,180918,0,
2018-09-18 7:08,,0.000259134,6.49E-07,7:08,1,180918,0,
2018-09-18 7:09,,0.000259134,6.49E-07,7:09,1,180918,0,
2018-09-18 7:10,,0.000259134,6.49E-07,7:10,1,180918,0,
2018-09-18 7:11,,0.000259134,6.49E-07,7:11,1,180918,0,
2018-09-18 7:12,,0.000259134,6.49E-07,7:12,1,180918,0,
2018-09-18 7:13,,0.000259134,6.49E-07,7:13,1,180918,0,
2018-09-18 7:14,,0.000259134,6.49E-07,7:14,1,180918,0,
2018-09-18 7:15,,0.000259134,6.49E-07,7:15,1,180918,0,
2018-09-18 7:16,,0.000259134,6.49E-07,7:16,1,180918,0,
2018-09-18 7:17,,0.000259134,6.49E-07,7:17,1,180918,0,
2018-09-18 7:18,,0.000259134,6.49E-07,7:18,1,180918,0,
2018-09-18 7:19,,0.000259134,6.49E-07,7:19,1,180918,0,
2018-09-18 7:20,,0.000259134,6.49E-07,7:20,1,180918,0,
2018-09-18 7:21,,0.000259134,6.49E-07,7:21,1,180918,0,
2018-09-18 7:22,,0.000259134,6.49E-07,7:22,1,180918,0,
2018-09-18 7:23,,0.000259134,6.49E-07,7:23,1,180918,0,
2018-09-18 7:24,,0.000259134,6.49E-07,7:24,1,180918,0,
2018-09-18 7:25,,0.000259134,6.49E-07,7:25,1,180918,0,
2018-09-18 7:26,,0.000259134,6.49E-07,7:26,1,180918,0,
2018-09-18 7:27,,0.000259134,6.49E-07,7:27,1,180918,0,
2018-09-18 7:28,,0.000259134,6.49E-07,7:28,1,180918,0,
2018-09-18 7:29,,0.000259134,6.49E-07,7:29,1,180918,0,
2018-09-18 7:30,,0.000259134,6.49E-07,7:30,1,180918,0,
2018-09-18 7:31,,0.000259134,6.49E-07,7:31,1,180918,0,
2018-09-18 7:32,,0.000259134,6.49E-07,7:32,1,180918,0,
2018-09-18 7:33,,0.000259134,6.49E-07,7:33,1,180918,0,
2018-09-18 7:34,,0.000259134,6.49E-07,7:34,1,180918,0,
2018-09-18 7:35,,0.000259134,6.49E-07,7:35,1,180918,0,
2018-09-18 7:36,,0.000259134,6.49E-07,7:36,1,180918,0,
2018-09-18 7:37,,0.000259134,6.49E-07,7:37,1,180918,0,
2018-09-18 7:38,,0.000259134,6.49E-07,7:38,1,180918,0,
2018-09-18 7:39,,0.000259134,6.49E-07,7:39,1,180918,0,
2018-09-18 7:40,,0.000259134,6.49E-07,7:40,1,180918,0,
2018-09-18 7:41,,0.000259134,6.49E-07,7:41,1,180918,0,
2018-09-18 7:42,,0.000259134,6.49E-07,7:42,1,180918,0,
2018-09-18 7:43,,0.000259134,6.49E-07,7:43,1,180918,0,
2018-09-18 7:44,,0.000259134,6.49E-07,7:44,1,180918,0,
2018-09-18 7:45,,0.000259134,6.49E-07,7:45,1,180918,0,
2018-09-18 7:46,,0.000259134,6.49E-07,7:46,1,180918,0,
2018-09-18 7:47,,0.000259134,6.49E-07,7:47,1,180918,0,
2018-09-18 7:48,,0.000259134,6.49E-07,7:48,1,180918,0,
2018-09-18 7:49,,0.000259134,6.49E-07,7:49,1,180918,0,
2018-09-18 7:50,,0.000259134,6.49E-07,7:50,1,180918,0,
2018-09-18 7:51,,0.000259134,6.49E-07,7:51,1,180918,0,
2018-09-18 7:52,,0.000259134,6.49E-07,7:52,1,180918,0,
2018-09-18 7:53,,0.000259134,6.49E-07,7:53,1,180918,0,
2018-09-18 7:54,,0.000259134,6.49E-07,7:54,1,180918,0,
2018-09-18 7:55,,0.000259134,6.49E-07,7:55,1,180918,0,
2018-09-18 7:56,,0.000259134,6.49E-07,7:56,1,180918,0,
2018-09-18 7:57,,0.000259134,6.49E-07,7:57,1,180918,0,
2018-09-18 7:58,,0.000259134,6.49E-07,7:58,1,180918,0,
2018-09-18 7:59,,0.000259134,6.49E-07,7:59,1,180918,0,
2018-09-18 8:00,,0.000259134,6.49E-07,8:00,1,180918,0,
2018-09-18 8:01,,0.000259134,6.49E-07,8:01,1,180918,0,
2018-09-18 8:02,,0.000259134,6.49E-07,8:02,1,180918,0,
2018-09-18 8:03,,0.000259134,6.49E-07,8:03,1,180918,0,
2018-09-18 8:04,,0.000259134,6.49E-07,8:04,1,180918,0,
2018-09-18 8:05,,0.000259134,6.49E-07,8:05,1,180918,0,
2018-09-18 8:06,,0.000259134,6.49E-07,8:06,1,180918,0,
2018-09-18 8:07,,0.000259134,6.49E-07,8:07,1,180918,0,
2018-09-18 8:08,,0.000259134,6.49E-07,8:08,1,180918,0,
2018-09-18 8:09,,0.000259134,6.49E-07,8:09,1,180918,0,
2018-09-18 8:10,,0.000259134,6.49E-07,8:10,1,180918,0,
2018-09-18 8:11,,0.000259134,6.49E-07,8:11,1,180918,0,
2018-09-18 8:12,,0.000259134,6.49E-07,8:12,1,180918,0,
2018-09-18 8:13,,0.000259134,6.49E-07,8:13,1,180918,0,
2018-09-18 8:14,,0.000259134,6.49E-07,8:14,1,180918,0,
2018-09-18 8:15,,0.000259134,6.49E-07,8:15,1,180918,0,
2018-09-18 8:16,,0.000259134,6.49E-07,8:16,1,180918,0,
2018-09-18 8:17,,0.000259134,6.49E-07,8:17,1,180918,0,
2018-09-18 8:18,,0.000259134,6.49E-07,8:18,1,180918,0,
2018-09-18 8:19,,0.000259134,6.49E-07,8:19,1,180918,0,
2018-09-18 8:20,,0.000259134,6.49E-07,8:20,1,180918,0,
2018-09-18 8:21,,0.000259134,6.49E-07,8:21,1,180918,0,
2018-09-18 8:22,,0.000259134,6.49E-07,8:22,1,180918,0,
2018-09-18 8:23,,0.000259134,6.49E-07,8:23,1,180918,0,
2018-09-18 8:24,,0.000259134,6.49E-07,8:24,1,180918,0,
2018-09-18 8:25,,0.000259134,6.49E-07,8:25,1,180918,0,
2018-09-18 8:26,,0.000259134,6.49E-07,8:26,1,180918,0,
2018-09-18 8:27,,0.000259134,6.49E-07,8:27,1,180918,0,
2018-09-18 8:28,,0.000259134,6.49E-07,8:28,1,180918,0,
2018-09-18 8:29,,0.000259134,6.49E-07,8:29,1,180918,0,
2018-09-18 8:30,,0.000259134,6.49E-07,8:30,1,180918,0,
2018-09-18 8:31,,0.000259134,6.49E-07,8:31,1,180918,0,
2018-09-18 8:32,,0.000259134,6.49E-07,8:32,1,180918,0,
2018-09-18 8:33,,0.000259134,6.49E-07,8:33,1,180918,0,
2018-09-18 8:34,,0.000259134,6.49E-07,8:34,1,180918,0,
2018-09-18 8:35,,0.000259134,6.49E-07,8:35,1,180918,0,
2018-09-18 8:36,,0.000259134,6.49E-07,8:36,1,180918,0,
2018-09-18 8:37,,0.000259134,6.49E-07,8:37,1,180918,0,
2018-09-18 8:38,,0.000259134,6.49E-07,8:38,1,180918,0,
2018-09-18 8:39,,0.000259134,6.49E-07,8:39,1,180918,0,
2018-09-18 8:40,,0.000259134,6.49E-07,8:40,1,180918,0,
2018-09-18 8:41,,0.000259134,6.49E-07,8:41,1,180918,0,
2018-09-18 8:42,,0.000259134,6.49E-07,8:42,1,180918,0,
2018-09-18 8:43,,0.000259134,6.49E-07,8:43,1,180918,0,
2018-09-18 8:44,,0.000259134,6.49E-07,8:44,1,180918,0,
2018-09-18 8:45,,0.000259134,6.49E-07,8:45,1,180918,0,
2018-09-18 8:46,,0.000259134,6.49E-07,8:46,1,180918,0,
2018-09-18 8:47,,0.000259134,6.49E-07,8:47,1,180918,0,
2018-09-18 8:48,,0.000259134,6.49E-07,8:48,1,180918,0,
2018-09-18 8:49,,0.000259134,6.49E-07,8:49,1,180918,0,
2018-09-18 8:50,,0.000259134,6.49E-07,8:50,1,180918,0,
2018-09-18 8:51,,0.000259134,6.49E-07,8:51,1,180918,0,
2018-09-18 8:52,,0.000259134,6.49E-07,8:52,1,180918,0,
2018-09-18 8:53,,0.000259134,6.49E-07,8:53,1,180918,0,
2018-09-18 8:54,,0.000259134,6.49E-07,8:54,1,180918,0,
2018-09-18 8:55,,0.000259134,6.49E-07,8:55,1,180918,0,
2018-09-18 8:56,,0.000259134,6.49E-07,8:56,1,180918,0,
2018-09-18 8:57,,0.000259134,6.49E-07,8:57,1,180918,0,
2018-09-18 8:58,,0.000259134,6.49E-07,8:58,1,180918,0,
2018-09-18 8:59,,0.000259134,6.49E-07,8:59,1,180918,0,
2018-09-18 9:00,,0.000259134,6.49E-07,9:00,1,180918,0,
2018-09-18 9:01,,0.000259134,6.49E-07,9:01,1,180918,0,
2018-09-18 9:02,,0.000259134,6.49E-07,9:02,1,180918,0,
2018-09-18 9:03,,0.000259134,6.49E-07,9:03,1,180918,0,
2018-09-18 9:04,,0.000259134,6.49E-07,9:04,1,180918,0,
2018-09-18 9:05,,0.000259134,6.49E-07,9:05,1,180918,0,
2018-09-18 9:06,,0.000259134,6.49E-07,9:06,1,180918,0,
2018-09-18 9:07,,0.000259134,6.49E-07,9:07,1,180918,0,
2018-09-18 9:08,,0.000259134,6.49E-07,9:08,1,180918,0,
2018-09-18 9:09,,0.000259134,6.49E-07,9:09,1,180918,0,
2018-09-18 9:10,,0.000259134,6.49E-07,9:10,1,180918,0,
2018-09-18 9:11,,0.000259134,6.49E-07,9:11,1,180918,0,
2018-09-18 9:12,,0.000259134,6.49E-07,9:12,1,180918,0,
2018-09-18 9:13,,0.000259134,6.49E-07,9:13,1,180918,0,
2018-09-18 9:14,,0.000259134,6.49E-07,9:14,1,180918,0,
2018-09-18 9:15,,0.000259134,6.49E-07,9:15,1,180918,0,
2018-09-18 9:16,,0.000259134,6.49E-07,9:16,1,180918,0,
2018-09-18 9:17,,0.000259134,6.49E-07,9:17,1,180918,0,
2018-09-18 9:18,,0.000259134,6.49E-07,9:18,1,180918,0,
2018-09-18 9:19,,0.000259134,6.49E-07,9:19,1,180918,0,
2018-09-18 9:20,,0.000259134,6.49E-07,9:20,1,180918,0,
2018-09-18 9:21,,0.000259134,6.49E-07,9:21,1,180918,0,
2018-09-18 9:22,,0.000259134,6.49E-07,9:22,1,180918,0,
2018-09-18 9:23,,0.000259134,6.49E-07,9:23,1,180918,0,
2018-09-18 9:24,,0.000259134,6.49E-07,9:24,1,180918,0,
2018-09-18 9:25,,0.000259134,6.49E-07,9:25,1,180918,0,
2018-09-18 9:26,,0.000259134,6.49E-07,9:26,1,180918,0,
2018-09-18 9:27,,0.000259134,6.49E-07,9:27,1,180918,0,
2018-09-18 9:28,,0.000259134,6.49E-07,9:28,1,180918,0,
2018-09-18 9:29,,0.000259134,6.49E-07,9:29,1,180918,0,
2018-09-18 9:30,,0.000259134,6.49E-07,9:30,1,180918,0,
2018-09-18 9:31,,0.000259134,6.49E-07,9:31,1,180918,0,
2018-09-18 9:32,,0.000259134,6.49E-07,9:32,1,180918,0,
2018-09-18 9:33,,0.000259134,6.49E-07,9:33,1,180918,0,
2018-09-18 9:34,,0.000259134,6.49E-07,9:34,1,180918,0,
2018-09-18 9:35,,0.000259134,6.49E-07,9:35,1,180918,0,
2018-09-18 9:36,,0.000259134,6.49E-07,9:36,1,180918,0,
2018-09-18 9:37,,0.000259134,6.49E-07,9:37,1,180918,0,
2018-09-18 9:38,,0.000259134,6.49E-07,9:38,1,180918,0,
2018-09-18 9:39,,0.000259134,6.49E-07,9:39,1,180918,0,
2018-09-18 9:40,,0.000259134,6.49E-07,9:40,1,180918,0,
2018-09-18 9:41,,0.000259134,6.49E-07,9:41,1,180918,0,
2018-09-18 9:42,,0.000259134,6.49E-07,9:42,1,180918,0,
2018-09-18 9:43,,0.000259134,6.49E-07,9:43,1,180918,0,
2018-09-18 9:44,,0.000259134,6.49E-07,9:44,1,180918,0,
2018-09-18 9:45,,0.000259134,6.49E-07,9:45,1,180918,0,
2018-09-18 9:46,,0.000259134,6.49E-07,9:46,1,180918,0,
2018-09-18 9:47,,0.000259134,6.49E-07,9:47,1,180918,0,
2018-09-18 9:48,,0.000259134,6.49E-07,9:48,1,180918,0,
2018-09-18 9:49,,0.000259134,6.49E-07,9:49,1,180918,0,
2018-09-18 9:50,,0.000259134,6.49E-07,9:50,1,180918,0,
2018-09-18 9:51,,0.000259134,6.49E-07,9:51,1,180918,0,
2018-09-18 9:52,,0.000259134,6.49E-07,9:52,1,180918,0,
2018-09-18 9:53,,0.000259134,6.49E-07,9:53,1,180918,0,
2018-09-18 9:54,,0.000259134,6.49E-07,9:54,1,180918,0,
2018-09-18 9:55,,0.000259134,6.49E-07,9:55,1,180918,0,
2018-09-18 9:56,,0.000259134,6.49E-07,9:56,1,180918,0,
2018-09-18 9:57,,0.000259134,6.49E-07,9:57,1,180918,0,
2018-09-18 9:58,,0.000259134,6.49E-07,9:58,1,180918,0,
2018-09-18 9:59,,0.000259134,6.49E-07,9:59,1,180918,0,
2018-09-18 10:00,,0.000259134,6.49E-07,10:00,1,180918,0,
2018-09-18 10:01,,0.000259134,6.49E-07,10:01,1,180918,0,
2018-09-18 10:02,,0.000259134,6.49E-07,10:02,1,180918,0,
2018-09-18 10:03,,0.000259134,6.49E-07,10:03,1,180918,0,
2018-09-18 10:04,,0.000259134,6.49E-07,10:04,1,180918,0,
2018-09-18 10:05,,0.000259134,6.49E-07,10:05,1,180918,0,
2018-09-18 10:06,,0.000259134,6.49E-07,10:06,1,180918,0,
2018-09-18 10:07,,0.000259134,6.49E-07,10:07,1,180918,0,
2018-09-18 10:08,,0.000259134,6.49E-07,10:08,1,180918,0,
2018-09-18 10:09,,0.000259134,6.49E-07,10:09,1,180918,0,
2018-09-18 10:10,,0.000259134,6.49E-07,10:10,1,180918,0,
2018-09-18 10:11,,0.000259134,6.49E-07,10:11,1,180918,0,
2018-09-18 10:12,,0.000259134,6.49E-07,10:12,1,180918,0,
2018-09-18 10:13,,0.000259134,6.49E-07,10:13,1,180918,0,
2018-09-18 10:14,,0.000259134,6.49E-07,10:14,1,180918,0,
2018-09-18 10:15,,0.000259134,6.49E-07,10:15,1,180918,0,
2018-09-18 10:16,,0.000259134,6.49E-07,10:16,1,180918,0,
2018-09-18 10:17,,0.000259134,6.49E-07,10:17,1,180918,0,
2018-09-18 10:18,,0.000259134,6.49E-07,10:18,1,180918,0,
2018-09-18 10:19,,0.000259134,6.49E-07,10:19,1,180918,0,
2018-09-18 10:20,,0.000259134,6.49E-07,10:20,1,180918,0,
2018-09-18 10:21,,0.000259134,6.49E-07,10:21,1,180918,0,
2018-09-18 10:22,,0.000259134,6.49E-07,10:22,1,180918,0,
2018-09-18 10:23,,0.000259134,6.49E-07,10:23,1,180918,0,
2018-09-18 10:24,,0.000259134,6.49E-07,10:24,1,180918,0,
2018-09-18 10:25,,0.000259134,6.49E-07,10:25,1,180918,0,
2018-09-18 10:26,,0.000259134,6.49E-07,10:26,1,180918,0,
2018-09-18 10:27,,0.000259134,6.49E-07,10:27,1,180918,0,
2018-09-18 10:28,,0.000259134,6.49E-07,10:28,1,180918,0,
2018-09-18 10:29,,0.000259134,6.49E-07,10:29,1,180918,0,
2018-09-18 10:30,,0.000259134,6.49E-07,10:30,1,180918,0,
2018-09-18 10:31,,0.000259134,6.49E-07,10:31,1,180918,0,
2018-09-18 10:32,,0.000259134,6.49E-07,10:32,1,180918,0,
2018-09-18 10:33,,0.000259134,6.49E-07,10:33,1,180918,0,
2018-09-18 10:34,,0.000259134,6.49E-07,10:34,1,180918,0,
2018-09-18 10:35,,0.000259134,6.49E-07,10:35,1,180918,0,
2018-09-18 10:36,,0.000259134,6.49E-07,10:36,1,180918,0,
2018-09-18 10:37,,0.000259134,6.49E-07,10:37,1,180918,0,
2018-09-18 10:38,,0.000259134,6.49E-07,10:38,1,180918,0,
2018-09-18 10:39,,0.000259134,6.49E-07,10:39,1,180918,0,
2018-09-18 10:40,,0.000259134,6.49E-07,10:40,1,180918,0,
2018-09-18 10:41,,0.000259134,6.49E-07,10:41,1,180918,0,
2018-09-18 10:42,,0.000259134,6.49E-07,10:42,1,180918,0,
2018-09-18 10:43,,0.000259134,6.49E-07,10:43,1,180918,0,
2018-09-18 10:44,,0.000259134,6.49E-07,10:44,1,180918,0,
2018-09-18 10:45,,0.000259134,6.49E-07,10:45,1,180918,0,
2018-09-18 10:46,,0.000259134,6.49E-07,10:46,1,180918,0,
2018-09-18 10:47,,0.000259134,6.49E-07,10:47,1,180918,0,
2018-09-18 10:48,,0.000259134,6.49E-07,10:48,1,180918,0,
2018-09-18 10:49,,0.000259134,6.49E-07,10:49,1,180918,0,
2018-09-18 10:50,,0.000259134,6.49E-07,10:50,1,180918,0,
2018-09-18 10:51,,0.000259134,6.49E-07,10:51,1,180918,0,
2018-09-18 10:52,,0.000259134,6.49E-07,10:52,1,180918,0,
2018-09-18 10:53,,0.000259134,6.49E-07,10:53,1,180918,0,
2018-09-18 10:54,,0.000259134,6.49E-07,10:54,1,180918,0,
2018-09-18 10:55,,0.000259134,6.49E-07,10:55,1,180918,0,
2018-09-18 10:56,,0.000259134,6.49E-07,10:56,1,180918,0,
2018-09-18 10:57,,0.000259134,6.49E-07,10:57,1,180918,0,
2018-09-18 10:58,,0.000259134,6.49E-07,10:58,1,180918,0,
2018-09-18 10:59,,0.000259134,6.49E-07,10:59,1,180918,0,
2018-09-18 11:00,,0.000259134,6.49E-07,11:00,1,180918,0,
2018-09-18 11:01,,0.000259134,6.49E-07,11:01,1,180918,0,
2018-09-18 11:02,,0.000259134,6.49E-07,11:02,1,180918,0,
2018-09-18 11:03,,0.000259134,6.49E-07,11:03,1,180918,0,
2018-09-18 11:04,,0.000259134,6.49E-07,11:04,1,180918,0,
2018-09-18 11:05,,0.000259134,6.49E-07,11:05,1,180918,0,
2018-09-18 11:06,,0.000259134,6.49E-07,11:06,1,180918,0,
2018-09-18 11:07,,0.000259134,6.49E-07,11:07,1,180918,0,
2018-09-18 11:08,,0.000259134,6.49E-07,11:08,1,180918,0,
2018-09-18 11:09,,0.000259134,6.49E-07,11:09,1,180918,0,
2018-09-18 11:10,,0.000259134,6.49E-07,11:10,1,180918,0,
2018-09-18 11:11,,0.000259134,6.49E-07,11:11,1,180918,0,
2018-09-18 11:12,,0.000259134,6.49E-07,11:12,1,180918,0,
2018-09-18 11:13,,0.000259134,6.49E-07,11:13,1,180918,0,
2018-09-18 11:14,,0.000259134,6.49E-07,11:14,1,180918,0,
2018-09-18 11:15,,0.000259134,6.49E-07,11:15,1,180918,0,
2018-09-18 11:16,,0.000259134,6.49E-07,11:16,1,180918,0,
2018-09-18 11:17,,0.000259134,6.49E-07,11:17,1,180918,0,
2018-09-18 11:18,,0.000259134,6.49E-07,11:18,1,180918,0,
2018-09-18 11:19,,0.000259134,6.49E-07,11:19,1,180918,0,
2018-09-18 11:20,,0.000259134,6.49E-07,11:20,1,180918,0,
2018-09-18 11:21,,0.000259134,6.49E-07,11:21,1,180918,0,
2018-09-18 11:22,,0.000259134,6.49E-07,11:22,1,180918,0,
2018-09-18 11:23,,0.000259134,6.49E-07,11:23,1,180918,0,
2018-09-18 11:24,,0.000259134,6.49E-07,11:24,1,180918,0,
2018-09-18 11:25,,0.000259134,6.49E-07,11:25,1,180918,0,
2018-09-18 11:26,,0.000259134,6.49E-07,11:26,1,180918,0,
2018-09-18 11:27,,0.000259134,6.49E-07,11:27,1,180918,0,
2018-09-18 11:28,,0.000259134,6.49E-07,11:28,1,180918,0,
2018-09-18 11:29,,0.000259134,6.49E-07,11:29,1,180918,0,
2018-09-18 11:30,,0.000259134,6.49E-07,11:30,1,180918,0,
2018-09-18 11:31,,0.000259134,6.49E-07,11:31,1,180918,0,
2018-09-18 11:32,,0.000259134,6.49E-07,11:32,1,180918,0,
2018-09-18 11:33,,0.000259134,6.49E-07,11:33,1,180918,0,
2018-09-18 11:34,,0.000259134,6.49E-07,11:34,1,180918,0,
2018-09-18 11:35,,0.000259134,6.49E-07,11:35,1,180918,0,
2018-09-18 11:36,,0.000259134,6.49E-07,11:36,1,180918,0,
2018-09-18 11:37,,0.000259134,6.49E-07,11:37,1,180918,0,
2018-09-18 11:38,,0.000259134,6.49E-07,11:38,1,180918,0,
2018-09-18 11:39,,0.000259134,6.49E-07,11:39,1,180918,0,
2018-09-18 11:40,,0.000259134,6.49E-07,11:40,1,180918,0,
2018-09-18 11:41,,0.000259134,6.49E-07,11:41,1,180918,0,
2018-09-18 11:42,,0.000259134,6.49E-07,11:42,1,180918,0,
2018-09-18 11:43,,0.000259134,6.49E-07,11:43,1,180918,0,
2018-09-18 11:44,,0.000259134,6.49E-07,11:44,1,180918,0,
2018-09-18 11:45,,0.000259134,6.49E-07,11:45,1,180918,0,
2018-09-18 11:46,,0.000259134,6.49E-07,11:46,1,180918,0,
2018-09-18 11:47,,0.000259134,6.49E-07,11:47,1,180918,0,
2018-09-18 11:48,,0.000259134,6.49E-07,11:48,1,180918,0,
2018-09-18 11:49,,0.000259134,6.49E-07,11:49,1,180918,0,
2018-09-18 11:50,,0.000259134,6.49E-07,11:50,1,180918,0,
2018-09-18 11:51,,0.000259134,6.49E-07,11:51,1,180918,0,
2018-09-18 11:52,,0.000259134,6.49E-07,11:52,1,180918,0,
2018-09-18 11:53,,0.000259134,6.49E-07,11:53,1,180918,0,
2018-09-18 11:54,,0.000259134,6.49E-07,11:54,1,180918,0,
2018-09-18 11:55,,0.000259134,6.49E-07,11:55,1,180918,0,
2018-09-18 11:56,,0.000259134,6.49E-07,11:56,1,180918,0,
2018-09-18 11:57,,0.000259134,6.49E-07,11:57,1,180918,0,
2018-09-18 11:58,,0.000259134,6.49E-07,11:58,1,180918,0,
2018-09-18 11:59,,0.000259134,6.49E-07,11:59,1,180918,0,
2018-09-18 12:00,,0.000259134,6.49E-07,12:00,1,180918,0,
2018-09-18 12:01,,0.000259134,6.49E-07,12:01,1,180918,0,
2018-09-18 12:02,,0.000259134,6.49E-07,12:02,1,180918,0,
2018-09-18 12:03,,0.000259134,6.49E-07,12:03,1,180918,0,
2018-09-18 12:04,,0.000259134,6.49E-07,12:04,1,180918,0,
2018-09-18 12:05,,0.000259134,6.49E-07,12:05,1,180918,0,
2018-09-18 12:06,,0.000259134,6.49E-07,12:06,1,180918,0,
2018-09-18 12:07,,0.000259134,6.49E-07,12:07,1,180918,0,
2018-09-18 12:08,,0.000259134,6.49E-07,12:08,1,180918,0,
2018-09-18 12:09,,0.000259134,6.49E-07,12:09,1,180918,0,
2018-09-18 12:10,,0.000259134,6.49E-07,12:10,1,180918,0,
2018-09-18 12:11,,0.000259134,6.49E-07,12:11,1,180918,0,
2018-09-18 12:12,,0.000259134,6.49E-07,12:12,1,180918,0,
2018-09-18 12:13,,0.000259134,6.49E-07,12:13,1,180918,0,
2018-09-18 12:14,,0.000259134,6.49E-07,12:14,1,180918,0,
2018-09-18 12:15,,0.000259134,6.49E-07,12:15,1,180918,0,
2018-09-18 12:16,,0.000259134,6.49E-07,12:16,1,180918,0,
2018-09-18 12:17,,0.000259134,6.49E-07,12:17,1,180918,0,
2018-09-18 12:18,,0.000259134,6.49E-07,12:18,1,180918,0,
2018-09-18 12:19,,0.000259134,6.49E-07,12:19,1,180918,0,
2018-09-18 12:20,,0.000259134,6.49E-07,12:20,1,180918,0,
2018-09-18 12:21,,0.000259134,6.49E-07,12:21,1,180918,0,
2018-09-18 12:22,,0.000259134,6.49E-07,12:22,1,180918,0,
2018-09-18 12:23,,0.000259134,6.49E-07,12:23,1,180918,0,
2018-09-18 12:24,,0.000259134,6.49E-07,12:24,1,180918,0,
2018-09-18 12:25,,0.000259134,6.49E-07,12:25,1,180918,0,
2018-09-18 12:26,,0.000259134,6.49E-07,12:26,1,180918,0,
2018-09-18 12:27,,0.000259134,6.49E-07,12:27,1,180918,0,
2018-09-18 12:28,,0.000259134,6.49E-07,12:28,1,180918,0,
2018-09-18 12:29,,0.000259134,6.49E-07,12:29,1,180918,0,
2018-09-18 12:30,,0.000259134,6.49E-07,12:30,1,180918,0,
2018-09-18 12:31,,0.000259134,6.49E-07,12:31,1,180918,0,
2018-09-18 12:32,,0.000259134,6.49E-07,12:32,1,180918,0,
2018-09-18 12:33,,0.000259134,6.49E-07,12:33,1,180918,0,
2018-09-18 12:34,,0.000259134,6.49E-07,12:34,1,180918,0,
2018-09-18 12:35,,0.000259134,6.49E-07,12:35,1,180918,0,
2018-09-18 12:36,,0.000259134,6.49E-07,12:36,1,180918,0,
2018-09-18 12:37,,0.000259134,6.49E-07,12:37,1,180918,0,
2018-09-18 12:38,,0.000259134,6.49E-07,12:38,1,180918,0,
2018-09-18 12:39,,0.000259134,6.49E-07,12:39,1,180918,0,
2018-09-18 12:40,,0.000259134,6.49E-07,12:40,1,180918,0,
2018-09-18 12:41,,0.000259134,6.49E-07,12:41,1,180918,0,
2018-09-18 12:42,,0.000259134,6.49E-07,12:42,1,180918,0,
2018-09-18 12:43,,0.000259134,6.49E-07,12:43,1,180918,0,
2018-09-18 12:44,,0.000259134,6.49E-07,12:44,1,180918,0,
2018-09-18 12:45,,0.000259134,6.49E-07,12:45,1,180918,0,
2018-09-18 12:46,,0.000259134,6.49E-07,12:46,1,180918,0,
2018-09-18 12:47,,0.000259134,6.49E-07,12:47,1,180918,0,
2018-09-18 12:48,,0.000259134,6.49E-07,12:48,1,180918,0,
2018-09-18 12:49,,0.000259134,6.49E-07,12:49,1,180918,0,
2018-09-18 12:50,,0.000259134,6.49E-07,12:50,1,180918,0,
2018-09-18 12:51,,0.000259134,6.49E-07,12:51,1,180918,0,
2018-09-18 12:52,,0.000259134,6.49E-07,12:52,1,180918,0,
2018-09-18 12:53,,0.000259134,6.49E-07,12:53,1,180918,0,
2018-09-18 12:54,,0.000259134,6.49E-07,12:54,1,180918,0,
2018-09-18 12:55,,0.000259134,6.49E-07,12:55,1,180918,0,
2018-09-18 12:56,,0.000259134,6.49E-07,12:56,1,180918,0,
2018-09-18 12:57,,0.000259134,6.49E-07,12:57,1,180918,0,
2018-09-18 12:58,,0.000259134,6.49E-07,12:58,1,180918,0,
2018-09-18 12:59,,0.000259134,6.49E-07,12:59,1,180918,0,
2018-09-18 13:00,,0.000259134,6.49E-07,13:00,1,180918,0,
2018-09-18 13:01,,0.000259134,6.49E-07,13:01,1,180918,0,
2018-09-18 13:02,,0.000259134,6.49E-07,13:02,1,180918,0,
2018-09-18 13:03,,0.000259134,6.49E-07,13:03,1,180918,0,
2018-09-18 13:04,,0.000259134,6.49E-07,13:04,1,180918,0,
2018-09-18 13:05,,0.000259134,6.49E-07,13:05,1,180918,0,
2018-09-18 13:06,,0.000259134,6.49E-07,13:06,1,180918,0,
2018-09-18 13:07,,0.000259134,6.49E-07,13:07,1,180918,0,
2018-09-18 13:08,,0.000259134,6.49E-07,13:08,1,180918,0,
2018-09-18 13:09,,0.000259134,6.49E-07,13:09,1,180918,0,
2018-09-18 13:10,,0.000259134,6.49E-07,13:10,1,180918,0,
2018-09-18 13:11,,0.000259134,6.49E-07,13:11,1,180918,0,
2018-09-18 13:12,,0.000259134,6.49E-07,13:12,1,180918,0,
2018-09-18 13:13,,0.000259134,6.49E-07,13:13,1,180918,0,
2018-09-18 13:14,,0.000259134,6.49E-07,13:14,1,180918,0,
2018-09-18 13:15,,0.000259134,6.49E-07,13:15,1,180918,0,
2018-09-18 13:16,,0.000259134,6.49E-07,13:16,1,180918,0,
2018-09-18 13:17,,0.000259134,6.49E-07,13:17,1,180918,0,
2018-09-18 13:18,,0.000259134,6.49E-07,13:18,1,180918,0,
2018-09-18 13:19,,0.000259134,6.49E-07,13:19,1,180918,0,
2018-09-18 13:20,,0.000259134,6.49E-07,13:20,1,180918,0,
2018-09-18 13:21,,0.000259134,6.49E-07,13:21,1,180918,0,
2018-09-18 13:22,,0.000259134,6.49E-07,13:22,1,180918,0,
2018-09-18 13:23,,0.000259134,6.49E-07,13:23,1,180918,0,
2018-09-18 13:24,,0.000259134,6.49E-07,13:24,1,180918,0,
2018-09-18 13:25,,0.000259134,6.49E-07,13:25,1,180918,0,
2018-09-18 13:26,,0.000259134,6.49E-07,13:26,1,180918,0,
2018-09-18 13:27,,0.000259134,6.49E-07,13:27,1,180918,0,
2018-09-18 13:28,,0.000259134,6.49E-07,13:28,1,180918,0,
2018-09-18 13:29,,0.000259134,6.49E-07,13:29,1,180918,0,
2018-09-18 13:30,,0.000259134,6.49E-07,13:30,1,180918,0,
2018-09-18 13:31,,0.000259134,6.49E-07,13:31,1,180918,0,
2018-09-18 13:32,,0.000259134,6.49E-07,13:32,1,180918,0,
2018-09-18 13:33,,0.000259134,6.49E-07,13:33,1,180918,0,
2018-09-18 13:34,,0.000259134,6.49E-07,13:34,1,180918,0,
2018-09-18 13:35,,0.000259134,6.49E-07,13:35,1,180918,0,
2018-09-18 13:36,,0.000259134,6.49E-07,13:36,1,180918,0,
2018-09-18 13:37,,0.000259134,6.49E-07,13:37,1,180918,0,
2018-09-18 13:38,,0.000259134,6.49E-07,13:38,1,180918,0,
2018-09-18 13:39,,0.000259134,6.49E-07,13:39,1,180918,0,
2018-09-18 13:40,,0.000259134,6.49E-07,13:40,1,180918,0,
2018-09-18 13:41,,0.000259134,6.49E-07,13:41,1,180918,0,
2018-09-18 13:42,,0.000259134,6.49E-07,13:42,1,180918,0,
2018-09-18 13:43,,0.000259134,6.49E-07,13:43,1,180918,0,
2018-09-18 13:44,,0.000259134,6.49E-07,13:44,1,180918,0,
2018-09-18 13:45,,0.000259134,6.49E-07,13:45,1,180918,0,
2018-09-18 13:46,,0.000259134,6.49E-07,13:46,1,180918,0,
2018-09-18 13:47,,0.000259134,6.49E-07,13:47,1,180918,0,
2018-09-18 13:48,,0.000259134,6.49E-07,13:48,1,180918,0,
2018-09-18 13:49,,0.000259134,6.49E-07,13:49,1,180918,0,
2018-09-18 13:50,,0.000259134,6.49E-07,13:50,1,180918,0,
2018-09-18 13:51,,0.000259134,6.49E-07,13:51,1,180918,0,
2018-09-18 13:52,,0.000259134,6.49E-07,13:52,1,180918,0,
2018-09-18 13:53,,0.000259134,6.49E-07,13:53,1,180918,0,
2018-09-18 13:54,,0.000259134,6.49E-07,13:54,1,180918,0,
2018-09-18 13:55,,0.000259134,6.49E-07,13:55,1,180918,0,
2018-09-18 13:56,,0.000259134,6.49E-07,13:56,1,180918,0,
2018-09-18 13:57,,0.000259134,6.49E-07,13:57,1,180918,0,
2018-09-18 13:58,,0.000259134,6.49E-07,13:58,1,180918,0,
2018-09-18 13:59,,0.000259134,6.49E-07,13:59,1,180918,0,
2018-09-18 14:00,,0.000259134,6.49E-07,14:00,1,180918,0,
2018-09-18 14:01,,0.000259134,6.49E-07,14:01,1,180918,0,
2018-09-18 14:02,,0.000259134,6.49E-07,14:02,1,180918,0,
2018-09-18 14:03,,0.000259134,6.49E-07,14:03,1,180918,0,
2018-09-18 14:04,,0.000259134,6.49E-07,14:04,1,180918,0,
2018-09-18 14:05,,0.000259134,6.49E-07,14:05,1,180918,0,
2018-09-18 14:06,,0.000259134,6.49E-07,14:06,1,180918,0,
2018-09-18 14:07,,0.000259134,6.49E-07,14:07,1,180918,0,
2018-09-18 14:08,,0.000259134,6.49E-07,14:08,1,180918,0,
2018-09-18 14:09,,0.000259134,6.49E-07,14:09,1,180918,0,
2018-09-18 14:10,,0.000259134,6.49E-07,14:10,1,180918,0,
2018-09-18 14:11,,0.000259134,6.49E-07,14:11,1,180918,0,
2018-09-18 14:12,,0.000259134,6.49E-07,14:12,1,180918,0,
2018-09-18 14:13,,0.000259134,6.49E-07,14:13,1,180918,0,
2018-09-18 14:14,,0.000259134,6.49E-07,14:14,1,180918,0,
2018-09-18 14:15,,0.000259134,6.49E-07,14:15,1,180918,0,
2018-09-18 14:16,,0.000259134,6.49E-07,14:16,1,180918,0,
2018-09-18 14:17,,0.000259134,6.49E-07,14:17,1,180918,0,
2018-09-18 14:18,,0.000259134,6.49E-07,14:18,1,180918,0,
2018-09-18 14:19,,0.000259134,6.49E-07,14:19,1,180918,0,
2018-09-18 14:20,,0.000259134,6.49E-07,14:20,1,180918,0,
2018-09-18 14:21,,0.000259134,6.49E-07,14:21,1,180918,0,
2018-09-18 14:22,,0.000259134,6.49E-07,14:22,1,180918,0,
2018-09-18 14:23,,0.000259134,6.49E-07,14:23,1,180918,0,
2018-09-18 14:24,,0.000259134,6.49E-07,14:24,1,180918,0,
2018-09-18 14:25,,0.000259134,6.49E-07,14:25,1,180918,0,
2018-09-18 14:26,,0.000259134,6.49E-07,14:26,1,180918,0,
2018-09-18 14:27,,0.000259134,6.49E-07,14:27,1,180918,0,
2018-09-18 14:28,,0.000259134,6.49E-07,14:28,1,180918,0,
2018-09-18 14:29,,0.000259134,6.49E-07,14:29,1,180918,0,
2018-09-18 14:30,,0.000259134,6.49E-07,14:30,1,180918,0,
2018-09-18 14:31,,0.000259134,6.49E-07,14:31,1,180918,0,
2018-09-18 14:32,,0.000259134,6.49E-07,14:32,1,180918,0,
2018-09-18 14:33,,0.000259134,6.49E-07,14:33,1,180918,0,
2018-09-18 14:34,,0.000259134,6.49E-07,14:34,1,180918,0,
2018-09-18 14:35,,0.000259134,6.49E-07,14:35,1,180918,0,
2018-09-18 14:36,,0.000259134,6.49E-07,14:36,1,180918,0,
2018-09-18 14:37,,0.000259134,6.49E-07,14:37,1,180918,0,
2018-09-18 14:38,,0.000259134,6.49E-07,14:38,1,180918,0,
2018-09-18 14:39,,0.000259134,6.49E-07,14:39,1,180918,0,
2018-09-18 14:40,,0.000259134,6.49E-07,14:40,1,180918,0,
2018-09-18 14:41,,0.000259134,6.49E-07,14:41,1,180918,0,
2018-09-18 14:42,,0.000259134,6.49E-07,14:42,1,180918,0,
2018-09-18 14:43,,0.000259134,6.49E-07,14:43,1,180918,0,
2018-09-18 14:44,,0.000259134,6.49E-07,14:44,1,180918,0,
2018-09-18 14:45,,0.000259134,6.49E-07,14:45,1,180918,0,
2018-09-18 14:46,,0.000259134,6.49E-07,14:46,1,180918,0,
2018-09-18 14:47,,0.000259134,6.49E-07,14:47,1,180918,0,
2018-09-18 14:48,,0.000259134,6.49E-07,14:48,1,180918,0,
2018-09-18 14:49,,0.000259134,6.49E-07,14:49,1,180918,0,
2018-09-18 14:50,,0.000259134,6.49E-07,14:50,1,180918,0,
2018-09-18 14:51,,0.000259134,6.49E-07,14:51,1,180918,0,
2018-09-18 14:52,,0.000259134,6.49E-07,14:52,1,180918,0,
2018-09-18 14:53,,0.000259134,6.49E-07,14:53,1,180918,0,
2018-09-18 14:54,,0.000259134,6.49E-07,14:54,1,180918,0,
2018-09-18 14:55,,0.000259134,6.49E-07,14:55,1,180918,0,
2018-09-18 14:56,,0.000259134,6.49E-07,14:56,1,180918,0,
2018-09-18 14:57,,0.000259134,6.49E-07,14:57,1,180918,0,
2018-09-18 14:58,,0.000259134,6.49E-07,14:58,1,180918,0,
2018-09-18 14:59,,0.000259134,6.49E-07,14:59,1,180918,0,
2018-09-18 15:00,,0.000259134,6.49E-07,15:00,1,180918,0,
2018-09-18 15:01,,0.000259134,6.49E-07,15:01,1,180918,0,
2018-09-18 15:02,,0.000259134,6.49E-07,15:02,1,180918,0,
2018-09-18 15:03,,0.000259134,6.49E-07,15:03,1,180918,0,
2018-09-18 15:04,,0.000259134,6.49E-07,15:04,1,180918,0,
2018-09-18 15:05,,0.000259134,6.49E-07,15:05,1,180918,0,
2018-09-18 15:06,,0.000259134,6.49E-07,15:06,1,180918,0,
2018-09-18 15:07,,0.000259134,6.49E-07,15:07,1,180918,0,
2018-09-18 15:08,,0.000259134,6.49E-07,15:08,1,180918,0,
2018-09-18 15:09,,0.000259134,6.49E-07,15:09,1,180918,0,
2018-09-18 15:10,,0.000259134,6.49E-07,15:10,1,180918,0,
2018-09-18 15:11,,0.000259134,6.49E-07,15:11,1,180918,0,
2018-09-18 15:12,,0.000259134,6.49E-07,15:12,1,180918,0,
2018-09-18 15:13,,0.000259134,6.49E-07,15:13,1,180918,0,
2018-09-18 15:14,,0.000259134,6.49E-07,15:14,1,180918,0,
2018-09-18 15:15,,0.000259134,6.49E-07,15:15,1,180918,0,
2018-09-18 15:16,,0.000259134,6.49E-07,15:16,1,180918,0,
2018-09-18 15:17,,0.000259134,6.49E-07,15:17,1,180918,0,
2018-09-18 15:18,,0.000259134,6.49E-07,15:18,1,180918,0,
2018-09-18 15:19,,0.000259134,6.49E-07,15:19,1,180918,0,
2018-09-18 15:20,,0.000259134,6.49E-07,15:20,1,180918,0,
2018-09-18 15:21,,0.000259134,6.49E-07,15:21,1,180918,0,
2018-09-18 15:22,,0.000259134,6.49E-07,15:22,1,180918,0,
2018-09-18 15:23,,0.000259134,6.49E-07,15:23,1,180918,0,
2018-09-18 15:24,,0.000259134,6.49E-07,15:24,1,180918,0,
2018-09-18 15:25,,0.000259134,6.49E-07,15:25,1,180918,0,
2018-09-18 15:26,,0.000259134,6.49E-07,15:26,1,180918,0,
2018-09-18 15:27,,0.000259134,6.49E-07,15:27,1,180918,0,
2018-09-18 15:28,,0.000259134,6.49E-07,15:28,1,180918,0,
2018-09-18 15:29,,0.000259134,6.49E-07,15:29,1,180918,0,
2018-09-18 15:30,,0.000259134,6.49E-07,15:30,1,180918,0,
2018-09-18 15:31,,0.000259134,6.49E-07,15:31,1,180918,0,
2018-09-18 15:32,,0.000259134,6.49E-07,15:32,1,180918,0,
2018-09-18 15:33,,0.000259134,6.49E-07,15:33,1,180918,0,
2018-09-18 15:34,,0.000259134,6.49E-07,15:34,1,180918,0,
2018-09-18 15:35,,0.000259134,6.49E-07,15:35,1,180918,0,
2018-09-18 15:36,,0.000259134,6.49E-07,15:36,1,180918,0,
2018-09-18 15:37,,0.000259134,6.49E-07,15:37,1,180918,0,
2018-09-18 15:38,,0.000259134,6.49E-07,15:38,1,180918,0,
2018-09-18 15:39,,0.000259134,6.49E-07,15:39,1,180918,0,
2018-09-18 15:40,,0.000259134,6.49E-07,15:40,1,180918,0,
2018-09-18 15:41,,0.000259134,6.49E-07,15:41,1,180918,0,
2018-09-18 15:42,,0.000259134,6.49E-07,15:42,1,180918,0,
2018-09-18 15:43,,0.000259134,6.49E-07,15:43,1,180918,0,
2018-09-18 15:44,,0.000259134,6.49E-07,15:44,1,180918,0,
2018-09-18 15:45,,0.000259134,6.49E-07,15:45,1,180918,0,
2018-09-18 15:46,,0.000259134,6.49E-07,15:46,1,180918,0,
2018-09-18 15:47,,0.000259134,6.49E-07,15:47,1,180918,0,
2018-09-18 15:48,,0.000259134,6.49E-07,15:48,1,180918,0,
2018-09-18 15:49,,0.000259134,6.49E-07,15:49,1,180918,0,
2018-09-18 15:50,,0.000259134,6.49E-07,15:50,1,180918,0,
2018-09-18 15:51,,0.000259134,6.49E-07,15:51,1,180918,0,
2018-09-18 15:52,,0.000259134,6.49E-07,15:52,1,180918,0,
2018-09-18 15:53,,0.000259134,6.49E-07,15:53,1,180918,0,
2018-09-18 15:54,,0.000259134,6.49E-07,15:54,1,180918,0,
2018-09-18 15:55,,0.000259134,6.49E-07,15:55,1,180918,0,
2018-09-18 15:56,,0.000259134,6.49E-07,15:56,1,180918,0,
2018-09-18 15:57,,0.000259134,6.49E-07,15:57,1,180918,0,
2018-09-18 15:58,,0.000259134,6.49E-07,15:58,1,180918,0,
2018-09-18 15:59,,0.000259134,6.49E-07,15:59,1,180918,0,
2018-09-18 16:00,,0.000259134,6.49E-07,16:00,1,180918,0,
2018-09-18 16:01,,0.000259134,6.49E-07,16:01,1,180918,0,
2018-09-18 16:02,,0.000259134,6.49E-07,16:02,1,180918,0,
2018-09-18 16:03,,0.000259134,6.49E-07,16:03,1,180918,0,
2018-09-18 16:04,,0.000259134,6.49E-07,16:04,1,180918,0,
2018-09-18 16:05,,0.000259134,6.49E-07,16:05,1,180918,0,
2018-09-18 16:06,,0.000259134,6.49E-07,16:06,1,180918,0,
2018-09-18 16:07,,0.000259134,6.49E-07,16:07,1,180918,0,
2018-09-18 16:08,,0.000259134,6.49E-07,16:08,1,180918,0,
2018-09-18 16:09,,0.000259134,6.49E-07,16:09,1,180918,0,
2018-09-18 16:10,,0.000259134,6.49E-07,16:10,1,180918,0,
2018-09-18 16:11,,0.000259134,6.49E-07,16:11,1,180918,0,
2018-09-18 16:12,,0.000259134,6.49E-07,16:12,1,180918,0,
2018-09-18 16:13,,0.000259134,6.49E-07,16:13,1,180918,0,
2018-09-18 16:14,,0.000259134,6.49E-07,16:14,1,180918,0,
2018-09-18 16:15,,0.000259134,6.49E-07,16:15,1,180918,0,
2018-09-18 16:16,,0.000259134,6.49E-07,16:16,1,180918,0,
2018-09-18 16:17,,0.000259134,6.49E-07,16:17,1,180918,0,
2018-09-18 16:18,,0.000259134,6.49E-07,16:18,1,180918,0,
2018-09-18 16:19,,0.000259134,6.49E-07,16:19,1,180918,0,
2018-09-18 16:20,,0.000259134,6.49E-07,16:20,1,180918,0,
2018-09-18 16:21,,0.000259134,6.49E-07,16:21,1,180918,0,
2018-09-18 16:22,,0.000259134,6.49E-07,16:22,1,180918,0,
2018-09-18 16:23,,0.000259134,6.49E-07,16:23,1,180918,0,
2018-09-18 16:24,,0.000259134,6.49E-07,16:24,1,180918,0,
2018-09-18 16:25,,0.000259134,6.49E-07,16:25,1,180918,0,
2018-09-18 16:26,,0.000259134,6.49E-07,16:26,1,180918,0,
2018-09-18 16:27,,0.000259134,6.49E-07,16:27,1,180918,0,
2018-09-18 16:28,,0.000259134,6.49E-07,16:28,1,180918,0,
2018-09-18 16:29,,0.000259134,6.49E-07,16:29,1,180918,0,
2018-09-18 16:30,,0.000259134,6.49E-07,16:30,1,180918,0,
2018-09-18 16:31,,0.000259134,6.49E-07,16:31,1,180918,0,
2018-09-18 16:32,,0.000259134,6.49E-07,16:32,1,180918,0,
2018-09-18 16:33,,0.000259134,6.49E-07,16:33,1,180918,0,
2018-09-18 16:34,,0.000259134,6.49E-07,16:34,1,180918,0,
2018-09-18 16:35,,0.000259134,6.49E-07,16:35,1,180918,0,
2018-09-18 16:36,,0.000259134,6.49E-07,16:36,1,180918,0,
2018-09-18 16:37,,0.000259134,6.49E-07,16:37,1,180918,0,
2018-09-18 16:38,,0.000259134,6.49E-07,16:38,1,180918,0,
2018-09-18 16:39,,0.000259134,6.49E-07,16:39,1,180918,0,
2018-09-18 16:40,,0.000259134,6.49E-07,16:40,1,180918,0,
2018-09-18 16:41,,0.000259134,6.49E-07,16:41,1,180918,0,
2018-09-18 16:42,,0.000259134,6.49E-07,16:42,1,180918,0,
2018-09-18 16:43,,0.000259134,6.49E-07,16:43,1,180918,0,
2018-09-18 16:44,,0.000259134,6.49E-07,16:44,1,180918,0,
2018-09-18 16:45,,0.000259134,6.49E-07,16:45,1,180918,0,
2018-09-18 16:46,,0.000259134,6.49E-07,16:46,1,180918,0,
2018-09-18 16:47,,0.000259134,6.49E-07,16:47,1,180918,0,
2018-09-18 16:48,,0.000259134,6.49E-07,16:48,1,180918,0,
2018-09-18 16:49,,0.000259134,6.49E-07,16:49,1,180918,0,
2018-09-18 16:50,,0.000259134,6.49E-07,16:50,1,180918,0,
2018-09-18 16:51,,0.000259134,6.49E-07,16:51,1,180918,0,
2018-09-18 16:52,,0.000259134,6.49E-07,16:52,1,180918,0,
2018-09-18 16:53,,0.000259134,6.49E-07,16:53,1,180918,0,
2018-09-18 16:54,,0.000259134,6.49E-07,16:54,1,180918,0,
2018-09-18 16:55,,0.000259134,6.49E-07,16:55,1,180918,0,
2018-09-18 16:56,,0.000259134,6.49E-07,16:56,1,180918,0,
2018-09-18 16:57,,0.000259134,6.49E-07,16:57,1,180918,0,
2018-09-18 16:58,,0.000259134,6.49E-07,16:58,1,180918,0,
2018-09-18 16:59,,0.000259134,6.49E-07,16:59,1,180918,0,
2018-09-18 17:00,,0.000259134,6.49E-07,17:00,1,180918,0,
2018-09-18 17:01,,0.000259134,6.49E-07,17:01,1,180918,0,
2018-09-18 17:02,,0.000259134,6.49E-07,17:02,1,180918,0,
2018-09-18 17:03,,0.000259134,6.49E-07,17:03,1,180918,0,
2018-09-18 17:04,,0.000259134,6.49E-07,17:04,1,180918,0,
2018-09-18 17:05,,0.000259134,6.49E-07,17:05,1,180918,0,
2018-09-18 17:06,,0.000259134,6.49E-07,17:06,1,180918,0,
2018-09-18 17:07,,0.000259134,6.49E-07,17:07,1,180918,0,
2018-09-18 17:08,,0.000259134,6.49E-07,17:08,1,180918,0,
2018-09-18 17:09,,0.000259134,6.49E-07,17:09,1,180918,0,
2018-09-18 17:10,,0.000259134,6.49E-07,17:10,1,180918,0,
2018-09-18 17:11,,0.000259134,6.49E-07,17:11,1,180918,0,
2018-09-18 17:12,,0.000259134,6.49E-07,17:12,1,180918,0,
2018-09-18 17:13,,0.000259134,6.49E-07,17:13,1,180918,0,
2018-09-18 17:14,,0.000259134,6.49E-07,17:14,1,180918,0,
2018-09-18 17:15,,0.000259134,6.49E-07,17:15,1,180918,0,
2018-09-18 17:16,,0.000259134,6.49E-07,17:16,1,180918,0,
2018-09-18 17:17,,0.000259134,6.49E-07,17:17,1,180918,0,
2018-09-18 17:18,,0.000259134,6.49E-07,17:18,1,180918,0,
2018-09-18 17:19,,0.000259134,6.49E-07,17:19,1,180918,0,
2018-09-18 17:20,,0.000259134,6.49E-07,17:20,1,180918,0,
2018-09-18 17:21,,0.000259134,6.49E-07,17:21,1,180918,0,
2018-09-18 17:22,,0.000259134,6.49E-07,17:22,1,180918,0,
2018-09-18 17:23,,0.000259134,6.49E-07,17:23,1,180918,0,
2018-09-18 17:24,,0.000259134,6.49E-07,17:24,1,180918,0,
2018-09-18 17:25,,0.000259134,6.49E-07,17:25,1,180918,0,
2018-09-18 17:26,,0.000259134,6.49E-07,17:26,1,180918,0,
2018-09-18 17:27,,0.000259134,6.49E-07,17:27,1,180918,0,
2018-09-18 17:28,,0.000259134,6.49E-07,17:28,1,180918,0,
2018-09-18 17:29,,0.000259134,6.49E-07,17:29,1,180918,0,
2018-09-18 17:30,,0.000259134,6.49E-07,17:30,1,180918,0,
2018-09-18 17:31,,0.000259134,6.49E-07,17:31,1,180918,0,
2018-09-18 17:32,,0.000259134,6.49E-07,17:32,1,180918,0,
2018-09-18 17:33,,0.000259134,6.49E-07,17:33,1,180918,0,
2018-09-18 17:34,,0.000259134,6.49E-07,17:34,1,180918,0,
2018-09-18 17:35,,0.000259134,6.49E-07,17:35,1,180918,0,
2018-09-18 17:36,,0.000259134,6.49E-07,17:36,1,180918,0,
2018-09-18 17:37,,0.000259134,6.49E-07,17:37,1,180918,0,
2018-09-18 17:38,,0.000259134,6.49E-07,17:38,1,180918,0,
2018-09-18 17:39,,0.000259134,6.49E-07,17:39,1,180918,0,
2018-09-18 17:40,,0.000259134,6.49E-07,17:40,1,180918,0,
2018-09-18 17:41,,0.000259134,6.49E-07,17:41,1,180918,0,
2018-09-18 17:42,,0.000259134,6.49E-07,17:42,1,180918,0,
2018-09-18 17:43,,0.000259134,6.49E-07,17:43,1,180918,0,
2018-09-18 17:44,,0.000259134,6.49E-07,17:44,1,180918,0,
2018-09-18 17:45,,0.000259134,6.49E-07,17:45,1,180918,0,
2018-09-18 17:46,,0.000259134,6.49E-07,17:46,1,180918,0,
2018-09-18 17:47,,0.000259134,6.49E-07,17:47,1,180918,0,
2018-09-18 17:48,,0.000259134,6.49E-07,17:48,1,180918,0,
2018-09-18 17:49,,0.000259134,6.49E-07,17:49,1,180918,0,
2018-09-18 17:50,,0.000259134,6.49E-07,17:50,1,180918,0,
2018-09-18 17:51,,0.000259134,6.49E-07,17:51,1,180918,0,
2018-09-18 17:52,,0.000259134,6.49E-07,17:52,1,180918,0,
2018-09-18 17:53,,0.000259134,6.49E-07,17:53,1,180918,0,
2018-09-18 17:54,,0.000259134,6.49E-07,17:54,1,180918,0,
2018-09-18 17:55,,0.000259134,6.49E-07,17:55,1,180918,0,
2018-09-18 17:56,,0.000259134,6.49E-07,17:56,1,180918,0,
2018-09-18 17:57,,0.000259134,6.49E-07,17:57,1,180918,0,
2018-09-18 17:58,,0.000259134,6.49E-07,17:58,1,180918,0,
2018-09-18 17:59,,0.000259134,6.49E-07,17:59,1,180918,0,
2018-09-18 18:00,,0.000259134,6.49E-07,18:00,1,180918,0,
2018-09-18 18:01,,0.000259134,6.49E-07,18:01,1,180918,0,
2018-09-18 18:02,,0.000259134,6.49E-07,18:02,1,180918,0,
2018-09-18 18:03,,0.000259134,6.49E-07,18:03,1,180918,0,
2018-09-18 18:04,,0.000259134,6.49E-07,18:04,1,180918,0,
2018-09-18 18:05,,0.000259134,6.49E-07,18:05,1,180918,0,
2018-09-18 18:06,,0.000259134,6.49E-07,18:06,1,180918,0,
2018-09-18 18:07,,0.000259134,6.49E-07,18:07,1,180918,0,
2018-09-18 18:08,,0.000259134,6.49E-07,18:08,1,180918,0,
2018-09-18 18:09,,0.000259134,6.49E-07,18:09,1,180918,0,
2018-09-18 18:10,,0.000259134,6.49E-07,18:10,1,180918,0,
2018-09-18 18:11,,0.000259134,6.49E-07,18:11,1,180918,0,
2018-09-18 18:12,,0.000259134,6.49E-07,18:12,1,180918,0,
2018-09-18 18:13,,0.000259134,6.49E-07,18:13,1,180918,0,
2018-09-18 18:14,,0.000259134,6.49E-07,18:14,1,180918,0,
2018-09-18 18:15,,0.000259134,6.49E-07,18:15,1,180918,0,
2018-09-18 18:16,,0.000259134,6.49E-07,18:16,1,180918,0,
2018-09-18 18:17,,0.000259134,6.49E-07,18:17,1,180918,0,
2018-09-18 18:18,,0.000259134,6.49E-07,18:18,1,180918,0,
2018-09-18 18:19,,0.000259134,6.49E-07,18:19,1,180918,0,
2018-09-18 18:20,,0.000259134,6.49E-07,18:20,1,180918,0,
2018-09-18 18:21,,0.000259134,6.49E-07,18:21,1,180918,0,
2018-09-18 18:22,,0.000259134,6.49E-07,18:22,1,180918,0,
2018-09-18 18:23,,0.000259134,6.49E-07,18:23,1,180918,0,
2018-09-18 18:24,,0.000259134,6.49E-07,18:24,1,180918,0,
2018-09-18 18:25,,0.000259134,6.49E-07,18:25,1,180918,0,
2018-09-18 18:26,,0.000259134,6.49E-07,18:26,1,180918,0,
2018-09-18 18:27,,0.000259134,6.49E-07,18:27,1,180918,0,
2018-09-18 18:28,,0.000259134,6.49E-07,18:28,1,180918,0,
2018-09-18 18:29,,0.000259134,6.49E-07,18:29,1,180918,0,
2018-09-18 18:30,,0.000259134,6.49E-07,18:30,1,180918,0,
2018-09-18 18:31,,0.000259134,6.49E-07,18:31,1,180918,0,
2018-09-18 18:32,,0.000259134,6.49E-07,18:32,1,180918,0,
2018-09-18 18:33,,0.000259134,6.49E-07,18:33,1,180918,0,
2018-09-18 18:34,,0.000259134,6.49E-07,18:34,1,180918,0,
2018-09-18 18:35,,0.000259134,6.49E-07,18:35,1,180918,0,
2018-09-18 18:36,,0.000259134,6.49E-07,18:36,1,180918,0,
2018-09-18 18:37,,0.000259134,6.49E-07,18:37,1,180918,0,
2018-09-18 18:38,,0.000259134,6.49E-07,18:38,1,180918,0,
2018-09-18 18:39,,0.000259134,6.49E-07,18:39,1,180918,0,
2018-09-18 18:40,,0.000259134,6.49E-07,18:40,1,180918,0,
2018-09-18 18:41,,0.000259134,6.49E-07,18:41,1,180918,0,
2018-09-18 18:42,,0.000259134,6.49E-07,18:42,1,180918,0,
2018-09-18 18:43,,0.000259134,6.49E-07,18:43,1,180918,0,
2018-09-18 18:44,,0.000259134,6.49E-07,18:44,1,180918,0,
2018-09-18 18:45,,0.000259134,6.49E-07,18:45,1,180918,0,
2018-09-18 18:46,,0.000259134,6.49E-07,18:46,1,180918,0,
2018-09-18 18:47,,0.000259134,6.49E-07,18:47,1,180918,0,
2018-09-18 18:48,,0.000259134,6.49E-07,18:48,1,180918,0,
2018-09-18 18:49,,0.000259134,6.49E-07,18:49,1,180918,0,
2018-09-18 18:50,,0.000259134,6.49E-07,18:50,1,180918,0,
2018-09-18 18:51,,0.000259134,6.49E-07,18:51,1,180918,0,
2018-09-18 18:52,,0.000259134,6.49E-07,18:52,1,180918,0,
2018-09-18 18:53,,0.000259134,6.49E-07,18:53,1,180918,0,
2018-09-18 18:54,,0.000259134,6.49E-07,18:54,1,180918,0,
2018-09-18 18:55,,0.000259134,6.49E-07,18:55,1,180918,0,
2018-09-18 18:56,,0.000259134,6.49E-07,18:56,1,180918,0,
2018-09-18 18:57,,0.000259134,6.49E-07,18:57,1,180918,0,
2018-09-18 18:58,,0.000259134,6.49E-07,18:58,1,180918,0,
2018-09-18 18:59,,0.000259134,6.49E-07,18:59,1,180918,0,
2018-09-18 19:00,,0.000259134,6.49E-07,19:00,1,180918,0,
2018-09-18 19:01,,0.000259134,6.49E-07,19:01,1,180918,0,
2018-09-18 19:02,,0.000259134,6.49E-07,19:02,1,180918,0,
2018-09-18 19:03,,0.000259134,6.49E-07,19:03,1,180918,0,
2018-09-18 19:04,,0.000259134,6.49E-07,19:04,1,180918,0,
2018-09-18 19:05,,0.000259134,6.49E-07,19:05,1,180918,0,
2018-09-18 19:06,,0.000259134,6.49E-07,19:06,1,180918,0,
2018-09-18 19:07,,0.000259134,6.49E-07,19:07,1,180918,0,
2018-09-18 19:08,,0.000259134,6.49E-07,19:08,1,180918,0,
2018-09-18 19:09,,0.000259134,6.49E-07,19:09,1,180918,0,
2018-09-18 19:10,,0.000259134,6.49E-07,19:10,1,180918,0,
2018-09-18 19:11,,0.000259134,6.49E-07,19:11,1,180918,0,
2018-09-18 19:12,,0.000259134,6.49E-07,19:12,1,180918,0,
2018-09-18 19:13,,0.000259134,6.49E-07,19:13,1,180918,0,
2018-09-18 19:14,,0.000259134,6.49E-07,19:14,1,180918,0,
2018-09-18 19:15,,0.000259134,6.49E-07,19:15,1,180918,0,
2018-09-18 19:16,,0.000259134,6.49E-07,19:16,1,180918,0,
2018-09-18 19:17,,0.000259134,6.49E-07,19:17,1,180918,0,
2018-09-18 19:18,,0.000259134,6.49E-07,19:18,1,180918,0,
2018-09-18 19:19,,0.000259134,6.49E-07,19:19,1,180918,0,
2018-09-18 19:20,,0.000259134,6.49E-07,19:20,1,180918,0,
2018-09-18 19:21,,0.000259134,6.49E-07,19:21,1,180918,0,
2018-09-18 19:22,,0.000259134,6.49E-07,19:22,1,180918,0,
2018-09-18 19:23,,0.000259134,6.49E-07,19:23,1,180918,0,
2018-09-18 19:24,,0.000259134,6.49E-07,19:24,1,180918,0,
2018-09-18 19:25,,0.000259134,6.49E-07,19:25,1,180918,0,
2018-09-18 19:26,,0.000259134,6.49E-07,19:26,1,180918,0,
2018-09-18 19:27,,0.000259134,6.49E-07,19:27,1,180918,0,
2018-09-18 19:28,,0.000259134,6.49E-07,19:28,1,180918,0,
2018-09-18 19:29,,0.000259134,6.49E-07,19:29,1,180918,0,
2018-09-18 19:30,,0.000259134,6.49E-07,19:30,1,180918,0,
2018-09-18 19:31,,0.000259134,6.49E-07,19:31,1,180918,0,
2018-09-18 19:32,,0.000259134,6.49E-07,19:32,1,180918,0,
2018-09-18 19:33,,0.000259134,6.49E-07,19:33,1,180918,0,
2018-09-18 19:34,,0.000259134,6.49E-07,19:34,1,180918,0,
2018-09-18 19:35,,0.000259134,6.49E-07,19:35,1,180918,0,
2018-09-18 19:36,,0.000259134,6.49E-07,19:36,1,180918,0,
2018-09-18 19:37,,0.000259134,6.49E-07,19:37,1,180918,0,
2018-09-18 19:38,,0.000259134,6.49E-07,19:38,1,180918,0,
2018-09-18 19:39,,0.000259134,6.49E-07,19:39,1,180918,0,
2018-09-18 19:40,,0.000259134,6.49E-07,19:40,1,180918,0,
2018-09-18 19:41,,0.000259134,6.49E-07,19:41,1,180918,0,
2018-09-18 19:42,,0.000259134,6.49E-07,19:42,1,180918,0,
2018-09-18 19:43,,0.000259134,6.49E-07,19:43,1,180918,0,
2018-09-18 19:44,,0.000259134,6.49E-07,19:44,1,180918,0,
2018-09-18 19:45,,0.000259134,6.49E-07,19:45,1,180918,0,
2018-09-18 19:46,,0.000259134,6.49E-07,19:46,1,180918,0,
2018-09-18 19:47,,0.000259134,6.49E-07,19:47,1,180918,0,
2018-09-18 19:48,,0.000259134,6.49E-07,19:48,1,180918,0,
2018-09-18 19:49,,0.000259134,6.49E-07,19:49,1,180918,0,
2018-09-18 19:50,,0.000259134,6.49E-07,19:50,1,180918,0,
2018-09-18 19:51,,0.000259134,6.49E-07,19:51,1,180918,0,
2018-09-18 19:52,,0.000259134,6.49E-07,19:52,1,180918,0,
2018-09-18 19:53,,0.000259134,6.49E-07,19:53,1,180918,0,
2018-09-18 19:54,,0.000259134,6.49E-07,19:54,1,180918,0,
2018-09-18 19:55,,0.000259134,6.49E-07,19:55,1,180918,0,
2018-09-18 19:56,,0.000259134,6.49E-07,19:56,1,180918,0,
2018-09-18 19:57,,0.000259134,6.49E-07,19:57,1,180918,0,
2018-09-18 19:58,,0.000259134,6.49E-07,19:58,1,180918,0,
2018-09-18 19:59,,0.000259134,6.49E-07,19:59,1,180918,0,
2018-09-18 20:00,,0.000259134,6.49E-07,20:00,1,180918,0,
2018-09-18 20:01,,0.000259134,6.49E-07,20:01,1,180918,0,
2018-09-18 20:02,,0.000259134,6.49E-07,20:02,1,180918,0,
2018-09-18 20:03,,0.000259134,6.49E-07,20:03,1,180918,0,
2018-09-18 20:04,,0.000259134,6.49E-07,20:04,1,180918,0,
2018-09-18 20:05,,0.000259134,6.49E-07,20:05,1,180918,0,
2018-09-18 20:06,,0.000259134,6.49E-07,20:06,1,180918,0,
2018-09-18 20:07,,0.000259134,6.49E-07,20:07,1,180918,0,
2018-09-18 20:08,,0.000259134,6.49E-07,20:08,1,180918,0,
2018-09-18 20:09,,0.000259134,6.49E-07,20:09,1,180918,0,
2018-09-18 20:10,,0.000259134,6.49E-07,20:10,1,180918,0,
2018-09-18 20:11,,0.000259134,6.49E-07,20:11,1,180918,0,
2018-09-18 20:12,,0.000259134,6.49E-07,20:12,1,180918,0,
2018-09-18 20:13,,0.000259134,6.49E-07,20:13,1,180918,0,
2018-09-18 20:14,,0.000259134,6.49E-07,20:14,1,180918,0,
2018-09-18 20:15,,0.000259134,6.49E-07,20:15,1,180918,0,
2018-09-18 20:16,,0.000259134,6.49E-07,20:16,1,180918,0,
2018-09-18 20:17,,0.000259134,6.49E-07,20:17,1,180918,0,
2018-09-18 20:18,,0.000259134,6.49E-07,20:18,1,180918,0,
2018-09-18 20:19,,0.000259134,6.49E-07,20:19,1,180918,0,
2018-09-18 20:20,,0.000259134,6.49E-07,20:20,1,180918,0,
2018-09-18 20:21,,0.000259134,6.49E-07,20:21,1,180918,0,
2018-09-18 20:22,,0.000259134,6.49E-07,20:22,1,180918,0,
2018-09-18 20:23,,0.000259134,6.49E-07,20:23,1,180918,0,
2018-09-18 20:24,,0.000259134,6.49E-07,20:24,1,180918,0,
2018-09-18 20:25,,0.000259134,6.49E-07,20:25,1,180918,0,
2018-09-18 20:26,,0.000259134,6.49E-07,20:26,1,180918,0,
2018-09-18 20:27,,0.000259134,6.49E-07,20:27,1,180918,0,
2018-09-18 20:28,,0.000259134,6.49E-07,20:28,1,180918,0,
2018-09-18 20:29,,0.000259134,6.49E-07,20:29,1,180918,0,
2018-09-18 20:30,,0.000259134,6.49E-07,20:30,1,180918,0,
2018-09-18 20:31,,0.000259134,6.49E-07,20:31,1,180918,0,
2018-09-18 20:32,,0.000259134,6.49E-07,20:32,1,180918,0,
2018-09-18 20:33,,0.000259134,6.49E-07,20:33,1,180918,0,
2018-09-18 20:34,,0.000259134,6.49E-07,20:34,1,180918,0,
2018-09-18 20:35,,0.000259134,6.49E-07,20:35,1,180918,0,
2018-09-18 20:36,,0.000259134,6.49E-07,20:36,1,180918,0,
2018-09-18 20:37,,0.000259134,6.49E-07,20:37,1,180918,0,
2018-09-18 20:38,,0.000259134,6.49E-07,20:38,1,180918,0,
2018-09-18 20:39,,0.000259134,6.49E-07,20:39,1,180918,0,
2018-09-18 20:40,,0.000259134,6.49E-07,20:40,1,180918,0,
2018-09-18 20:41,,0.000259134,6.49E-07,20:41,1,180918,0,
2018-09-18 20:42,,0.000259134,6.49E-07,20:42,1,180918,0,
2018-09-18 20:43,,0.000259134,6.49E-07,20:43,1,180918,0,
2018-09-18 20:44,,0.000259134,6.49E-07,20:44,1,180918,0,
2018-09-18 20:45,,0.000259134,6.49E-07,20:45,1,180918,0,
2018-09-18 20:46,,0.000259134,6.49E-07,20:46,1,180918,0,
2018-09-18 20:47,,0.000259134,6.49E-07,20:47,1,180918,0,
2018-09-18 20:48,,0.000259134,6.49E-07,20:48,1,180918,0,
2018-09-18 20:49,,0.000259134,6.49E-07,20:49,1,180918,0,
2018-09-18 20:50,,0.000259134,6.49E-07,20:50,1,180918,0,
2018-09-18 20:51,,0.000259134,6.49E-07,20:51,1,180918,0,
2018-09-18 20:52,,0.000259134,6.49E-07,20:52,1,180918,0,
2018-09-18 20:53,,0.000259134,6.49E-07,20:53,1,180918,0,
2018-09-18 20:54,,0.000259134,6.49E-07,20:54,1,180918,0,
2018-09-18 20:55,,0.000259134,6.49E-07,20:55,1,180918,0,
2018-09-18 20:56,,0.000259134,6.49E-07,20:56,1,180918,0,
2018-09-18 20:57,,0.000259134,6.49E-07,20:57,1,180918,0,
2018-09-18 20:58,,0.000259134,6.49E-07,20:58,1,180918,0,
2018-09-18 20:59,,0.000259134,6.49E-07,20:59,1,180918,0,
2018-09-18 21:00,,0.000259134,6.49E-07,21:00,1,180918,0,
2018-09-18 21:01,,0.000259134,6.49E-07,21:01,1,180918,0,
2018-09-18 21:02,,0.000259134,6.49E-07,21:02,1,180918,0,
2018-09-18 21:03,,0.000259134,6.49E-07,21:03,1,180918,0,
2018-09-18 21:04,,0.000259134,6.49E-07,21:04,1,180918,0,
2018-09-18 21:05,,0.000259134,6.49E-07,21:05,1,180918,0,
2018-09-18 21:06,,0.000259134,6.49E-07,21:06,1,180918,0,
2018-09-18 21:07,,0.000259134,6.49E-07,21:07,1,180918,0,
2018-09-18 21:08,,0.000259134,6.49E-07,21:08,1,180918,0,
2018-09-18 21:09,,0.000259134,6.49E-07,21:09,1,180918,0,
2018-09-18 21:10,,0.000259134,6.49E-07,21:10,1,180918,0,
2018-09-18 21:11,,0.000259134,6.49E-07,21:11,1,180918,0,
2018-09-18 21:12,,0.000259134,6.49E-07,21:12,1,180918,0,
2018-09-18 21:13,,0.000259134,6.49E-07,21:13,1,180918,0,
2018-09-18 21:14,,0.000259134,6.49E-07,21:14,1,180918,0,
2018-09-18 21:15,,0.000259134,6.49E-07,21:15,1,180918,0,
2018-09-18 21:16,,0.000259134,6.49E-07,21:16,1,180918,0,
2018-09-18 21:17,,0.000259134,6.49E-07,21:17,1,180918,0,
2018-09-18 21:18,,0.000259134,6.49E-07,21:18,1,180918,0,
2018-09-18 21:19,,0.000259134,6.49E-07,21:19,1,180918,0,
2018-09-18 21:20,,0.000259134,6.49E-07,21:20,1,180918,0,
2018-09-18 21:21,,0.000259134,6.49E-07,21:21,1,180918,0,
2018-09-18 21:22,,0.000259134,6.49E-07,21:22,1,180918,0,
2018-09-18 21:23,,0.000259134,6.49E-07,21:23,1,180918,0,
2018-09-18 21:24,,0.000259134,6.49E-07,21:24,1,180918,0,
2018-09-18 21:25,,0.000259134,6.49E-07,21:25,1,180918,0,
2018-09-18 21:26,,0.000259134,6.49E-07,21:26,1,180918,0,
2018-09-18 21:27,,0.000259134,6.49E-07,21:27,1,180918,0,
2018-09-18 21:28,,0.000259134,6.49E-07,21:28,1,180918,0,
2018-09-18 21:29,,0.000259134,6.49E-07,21:29,1,180918,0,
2018-09-18 21:30,,0.000259134,6.49E-07,21:30,1,180918,0,
2018-09-18 21:31,,0.000259134,6.49E-07,21:31,1,180918,0,
2018-09-18 21:32,,0.000259134,6.49E-07,21:32,1,180918,0,
2018-09-18 21:33,,0.000259134,6.49E-07,21:33,1,180918,0,
2018-09-18 21:34,,0.000259134,6.49E-07,21:34,1,180918,0,
2018-09-18 21:35,,0.000259134,6.49E-07,21:35,1,180918,0,
2018-09-18 21:36,,0.000259134,6.49E-07,21:36,1,180918,0,
2018-09-18 21:37,,0.000259134,6.49E-07,21:37,1,180918,0,
2018-09-18 21:38,,0.000259134,6.49E-07,21:38,1,180918,0,
2018-09-18 21:39,,0.000259134,6.49E-07,21:39,1,180918,0,
2018-09-18 21:40,,0.000259134,6.49E-07,21:40,1,180918,0,
2018-09-18 21:41,,0.000259134,6.49E-07,21:41,1,180918,0,
2018-09-18 21:42,,0.000259134,6.49E-07,21:42,1,180918,0,
2018-09-18 21:43,,0.000259134,6.49E-07,21:43,1,180918,0,
2018-09-18 21:44,,0.000259134,6.49E-07,21:44,1,180918,0,
2018-09-18 21:45,,0.000259134,6.49E-07,21:45,1,180918,0,
2018-09-18 21:46,,0.000259134,6.49E-07,21:46,1,180918,0,
2018-09-18 21:47,,0.000259134,6.49E-07,21:47,1,180918,0,
2018-09-18 21:48,,0.000259134,6.49E-07,21:48,1,180918,0,
2018-09-18 21:49,,0.000259134,6.49E-07,21:49,1,180918,0,
2018-09-18 21:50,,0.000259134,6.49E-07,21:50,1,180918,0,
2018-09-18 21:51,,0.000259134,6.49E-07,21:51,1,180918,0,
2018-09-18 21:52,,0.000259134,6.49E-07,21:52,1,180918,0,
2018-09-18 21:53,,0.000259134,6.49E-07,21:53,1,180918,0,
2018-09-18 21:54,,0.000259134,6.49E-07,21:54,1,180918,0,
2018-09-18 21:55,,0.000259134,6.49E-07,21:55,1,180918,0,
2018-09-18 21:56,,0.000259134,6.49E-07,21:56,1,180918,0,
2018-09-18 21:57,,0.000259134,6.49E-07,21:57,1,180918,0,
2018-09-18 21:58,,0.000259134,6.49E-07,21:58,1,180918,0,
2018-09-18 21:59,,0.000259134,6.49E-07,21:59,1,180918,0,
2018-09-18 22:00,,0.000259134,6.49E-07,22:00,1,180918,0,
2018-09-18 22:01,,0.000259134,6.49E-07,22:01,1,180918,0,
2018-09-18 22:02,,0.000259134,6.49E-07,22:02,1,180918,0,
2018-09-18 22:03,,0.000259134,6.49E-07,22:03,1,180918,0,
2018-09-18 22:04,,0.000259134,6.49E-07,22:04,1,180918,0,
2018-09-18 22:05,,0.000259134,6.49E-07,22:05,1,180918,0,
2018-09-18 22:06,,0.000259134,6.49E-07,22:06,1,180918,0,
2018-09-18 22:07,,0.000259134,6.49E-07,22:07,1,180918,0,
2018-09-18 22:08,,0.000259134,6.49E-07,22:08,1,180918,0,
2018-09-18 22:09,,0.000259134,6.49E-07,22:09,1,180918,0,
2018-09-18 22:10,,0.000259134,6.49E-07,22:10,1,180918,0,
2018-09-18 22:11,,0.000259134,6.49E-07,22:11,1,180918,0,
2018-09-18 22:12,,0.000259134,6.49E-07,22:12,1,180918,0,
2018-09-18 22:13,,0.000259134,6.49E-07,22:13,1,180918,0,
2018-09-18 22:14,,0.000259134,6.49E-07,22:14,1,180918,0,
2018-09-18 22:15,,0.000259134,6.49E-07,22:15,1,180918,0,
2018-09-18 22:16,,0.000259134,6.49E-07,22:16,1,180918,0,
2018-09-18 22:17,,0.000259134,6.49E-07,22:17,1,180918,0,
2018-09-18 22:18,,0.000259134,6.49E-07,22:18,1,180918,0,
2018-09-18 22:19,,0.000259134,6.49E-07,22:19,1,180918,0,
2018-09-18 22:20,,0.000259134,6.49E-07,22:20,1,180918,0,
2018-09-18 22:21,,0.000259134,6.49E-07,22:21,1,180918,0,
2018-09-18 22:22,,0.000259134,6.49E-07,22:22,1,180918,0,
2018-09-18 22:23,,0.000259134,6.49E-07,22:23,1,180918,0,
2018-09-18 22:24,,0.000259134,6.49E-07,22:24,1,180918,0,
2018-09-18 22:25,,0.000259134,6.49E-07,22:25,1,180918,0,
2018-09-18 22:26,,0.000259134,6.49E-07,22:26,1,180918,0,
2018-09-18 22:27,,0.000259134,6.49E-07,22:27,1,180918,0,
2018-09-18 22:28,,0.000259134,6.49E-07,22:28,1,180918,0,
2018-09-18 22:29,,0.000259134,6.49E-07,22:29,1,180918,0,
2018-09-18 22:30,,0.000259134,6.49E-07,22:30,1,180918,0,
2018-09-18 22:31,,0.000259134,6.49E-07,22:31,1,180918,0,
2018-09-18 22:32,,0.000259134,6.49E-07,22:32,1,180918,0,
2018-09-18 22:33,,0.000259134,6.49E-07,22:33,1,180918,0,
2018-09-18 22:34,,0.000259134,6.49E-07,22:34,1,180918,0,
2018-09-18 22:35,,0.000259134,6.49E-07,22:35,1,180918,0,
2018-09-18 22:36,,0.000259134,6.49E-07,22:36,1,180918,0,
2018-09-18 22:37,,0.000259134,6.49E-07,22:37,1,180918,0,
2018-09-18 22:38,,0.000259134,6.49E-07,22:38,1,180918,0,
2018-09-18 22:39,,0.000259134,6.49E-07,22:39,1,180918,0,
2018-09-18 22:40,,0.000259134,6.49E-07,22:40,1,180918,0,
2018-09-18 22:41,,0.000259134,6.49E-07,22:41,1,180918,0,
2018-09-18 22:42,,0.000259134,6.49E-07,22:42,1,180918,0,
2018-09-18 22:43,,0.000259134,6.49E-07,22:43,1,180918,0,
2018-09-18 22:44,,0.000259134,6.49E-07,22:44,1,180918,0,
2018-09-18 22:45,,0.000259134,6.49E-07,22:45,1,180918,0,
2018-09-18 22:46,,0.000259134,6.49E-07,22:46,1,180918,0,
2018-09-18 22:47,,0.000259134,6.49E-07,22:47,1,180918,0,
2018-09-18 22:48,,0.000259134,6.49E-07,22:48,1,180918,0,
2018-09-18 22:49,,0.000259134,6.49E-07,22:49,1,180918,0,
2018-09-18 22:50,,0.000259134,6.49E-07,22:50,1,180918,0,
2018-09-18 22:51,,0.000259134,6.49E-07,22:51,1,180918,0,
2018-09-18 22:52,,0.000259134,6.49E-07,22:52,1,180918,0,
2018-09-18 22:53,,0.000259134,6.49E-07,22:53,1,180918,0,
2018-09-18 22:54,,0.000259134,6.49E-07,22:54,1,180918,0,
2018-09-18 22:55,,0.000259134,6.49E-07,22:55,1,180918,0,
2018-09-18 22:56,,0.000259134,6.49E-07,22:56,1,180918,0,
2018-09-18 22:57,,0.000259134,6.49E-07,22:57,1,180918,0,
2018-09-18 22:58,,0.000259134,6.49E-07,22:58,1,180918,0,
2018-09-18 22:59,,0.000259134,6.49E-07,22:59,1,180918,0,
2018-09-18 23:00,,0.000259134,6.49E-07,23:00,1,180918,0,
2018-09-18 23:01,,0.000259134,6.49E-07,23:01,1,180918,0,
2018-09-18 23:02,,0.000259134,6.49E-07,23:02,1,180918,0,
2018-09-18 23:03,,0.000259134,6.49E-07,23:03,1,180918,0,
2018-09-18 23:04,,0.000259134,6.49E-07,23:04,1,180918,0,
2018-09-18 23:05,,0.000259134,6.49E-07,23:05,1,180918,0,
2018-09-18 23:06,,0.000259134,6.49E-07,23:06,1,180918,0,
2018-09-18 23:07,,0.000259134,6.49E-07,23:07,1,180918,0,
2018-09-18 23:08,,0.000259134,6.49E-07,23:08,1,180918,0,
2018-09-18 23:09,,0.000259134,6.49E-07,23:09,1,180918,0,
2018-09-18 23:10,,0.000259134,6.49E-07,23:10,1,180918,0,
2018-09-18 23:11,,0.000259134,6.49E-07,23:11,1,180918,0,
2018-09-18 23:12,,0.000259134,6.49E-07,23:12,1,180918,0,
2018-09-18 23:13,,0.000259134,6.49E-07,23:13,1,180918,0,
2018-09-18 23:14,,0.000259134,6.49E-07,23:14,1,180918,0,
2018-09-18 23:15,,0.000259134,6.49E-07,23:15,1,180918,0,
2018-09-18 23:16,,0.000259134,6.49E-07,23:16,1,180918,0,
2018-09-18 23:17,,0.000259134,6.49E-07,23:17,1,180918,0,
2018-09-18 23:18,,0.000259134,6.49E-07,23:18,1,180918,0,
2018-09-18 23:19,,0.000259134,6.49E-07,23:19,1,180918,0,
2018-09-18 23:20,,0.000259134,6.49E-07,23:20,1,180918,0,
2018-09-18 23:21,,0.000259134,6.49E-07,23:21,1,180918,0,
2018-09-18 23:22,,0.000259134,6.49E-07,23:22,1,180918,0,
2018-09-18 23:23,,0.000259134,6.49E-07,23:23,1,180918,0,
2018-09-18 23:24,,0.000259134,6.49E-07,23:24,1,180918,0,
2018-09-18 23:25,,0.000259134,6.49E-07,23:25,1,180918,0,
2018-09-18 23:26,,0.000259134,6.49E-07,23:26,1,180918,0,
2018-09-18 23:27,,0.000259134,6.49E-07,23:27,1,180918,0,
2018-09-18 23:28,,0.000259134,6.49E-07,23:28,1,180918,0,
2018-09-18 23:29,,0.000259134,6.49E-07,23:29,1,180918,0,
2018-09-18 23:30,,0.000259134,6.49E-07,23:30,1,180918,0,
2018-09-18 23:31,,0.000259134,6.49E-07,23:31,1,180918,0,
2018-09-18 23:32,,0.000259134,6.49E-07,23:32,1,180918,0,
2018-09-18 23:33,,0.000259134,6.49E-07,23:33,1,180918,0,
2018-09-18 23:34,,0.000259134,6.49E-07,23:34,1,180918,0,
2018-09-18 23:35,,0.000259134,6.49E-07,23:35,1,180918,0,
2018-09-18 23:36,,0.000259134,6.49E-07,23:36,1,180918,0,
2018-09-18 23:37,,0.000259134,6.49E-07,23:37,1,180918,0,
2018-09-18 23:38,,0.000259134,6.49E-07,23:38,1,180918,0,
2018-09-18 23:39,,0.000259134,6.49E-07,23:39,1,180918,0,
2018-09-18 23:40,,0.000259134,6.49E-07,23:40,1,180918,0,
2018-09-18 23:41,,0.000259134,6.49E-07,23:41,1,180918,0,
2018-09-18 23:42,,0.000259134,6.49E-07,23:42,1,180918,0,
2018-09-18 23:43,,0.000259134,6.49E-07,23:43,1,180918,0,
2018-09-18 23:44,,0.000259134,6.49E-07,23:44,1,180918,0,
2018-09-18 23:45,,0.000259134,6.49E-07,23:45,1,180918,0,
2018-09-18 23:46,,0.000259134,6.49E-07,23:46,1,180918,0,
2018-09-18 23:47,,0.000259134,6.49E-07,23:47,1,180918,0,
2018-09-18 23:48,,0.000259134,6.49E-07,23:48,1,180918,0,
2018-09-18 23:49,,0.000259134,6.49E-07,23:49,1,180918,0,
2018-09-18 23:50,,0.000259134,6.49E-07,23:50,1,180918,0,
2018-09-18 23:51,,0.000259134,6.49E-07,23:51,1,180918,0,
2018-09-18 23:52,,0.000259134,6.49E-07,23:52,1,180918,0,
2018-09-18 23:53,,0.000259134,6.49E-07,23:53,1,180918,0,
2018-09-18 23:54,,0.000259134,6.49E-07,23:54,1,180918,0,
2018-09-18 23:55,,0.000259134,6.49E-07,23:55,1,180918,0,
2018-09-18 23:56,,0.000259134,6.49E-07,23:56,1,180918,0,
2018-09-18 23:57,,0.000259134,6.49E-07,23:57,1,180918,0,
2018-09-18 23:58,,0.000259134,6.49E-07,23:58,1,180918,0,
2018-09-18 23:59,,0.000259134,6.49E-07,23:59,1,180918,0,
2018-09-19 0:00,,0.000259134,6.49E-07,0:00,2,180919,0,
2018-09-19 0:01,,0.000259134,6.49E-07,0:01,2,180919,0,
2018-09-19 0:02,,0.000259134,6.49E-07,0:02,2,180919,0,
2018-09-19 0:03,,0.000259134,6.49E-07,0:03,2,180919,0,
2018-09-19 0:04,,0.000259134,6.49E-07,0:04,2,180919,0,
2018-09-19 0:05,,0.000259134,6.49E-07,0:05,2,180919,0,
2018-09-19 0:06,,0.000259134,6.49E-07,0:06,2,180919,0,
2018-09-19 0:07,,0.000259134,6.49E-07,0:07,2,180919,0,
2018-09-19 0:08,,0.000259134,6.49E-07,0:08,2,180919,0,
2018-09-19 0:09,,0.000259134,6.49E-07,0:09,2,180919,0,
2018-09-19 0:10,,0.000259134,6.49E-07,0:10,2,180919,0,
2018-09-19 0:11,,0.000259134,6.49E-07,0:11,2,180919,0,
2018-09-19 0:12,,0.000259134,6.49E-07,0:12,2,180919,0,
2018-09-19 0:13,,0.000259134,6.49E-07,0:13,2,180919,0,
2018-09-19 0:14,,0.000259134,6.49E-07,0:14,2,180919,0,
2018-09-19 0:15,,0.000259134,6.49E-07,0:15,2,180919,0,
2018-09-19 0:16,,0.000259134,6.49E-07,0:16,2,180919,0,
2018-09-19 0:17,,0.000259134,6.49E-07,0:17,2,180919,0,
2018-09-19 0:18,,0.000259134,6.49E-07,0:18,2,180919,0,
2018-09-19 0:19,,0.000259134,6.49E-07,0:19,2,180919,0,
2018-09-19 0:20,,0.000259134,6.49E-07,0:20,2,180919,0,
2018-09-19 0:21,,0.000259134,6.49E-07,0:21,2,180919,0,
2018-09-19 0:22,,0.000259134,6.49E-07,0:22,2,180919,0,
2018-09-19 0:23,,0.000259134,6.49E-07,0:23,2,180919,0,
2018-09-19 0:24,,0.000259134,6.49E-07,0:24,2,180919,0,
2018-09-19 0:25,,0.000259134,6.49E-07,0:25,2,180919,0,
2018-09-19 0:26,,0.000259134,6.49E-07,0:26,2,180919,0,
2018-09-19 0:27,,0.000259134,6.49E-07,0:27,2,180919,0,
2018-09-19 0:28,,0.000259134,6.49E-07,0:28,2,180919,0,
2018-09-19 0:29,,0.000259134,6.49E-07,0:29,2,180919,0,
2018-09-19 0:30,,0.000259134,6.49E-07,0:30,2,180919,0,
2018-09-19 0:31,,0.000259134,6.49E-07,0:31,2,180919,0,
2018-09-19 0:32,,0.000259134,6.49E-07,0:32,2,180919,0,
2018-09-19 0:33,,0.000259134,6.49E-07,0:33,2,180919,0,
2018-09-19 0:34,,0.000259134,6.49E-07,0:34,2,180919,0,
2018-09-19 0:35,,0.000259134,6.49E-07,0:35,2,180919,0,
2018-09-19 0:36,,0.000259134,6.49E-07,0:36,2,180919,0,
2018-09-19 0:37,,0.000259134,6.49E-07,0:37,2,180919,0,
2018-09-19 0:38,,0.000259134,6.49E-07,0:38,2,180919,0,
2018-09-19 0:39,,0.000259134,6.49E-07,0:39,2,180919,0,
2018-09-19 0:40,,0.000259134,6.49E-07,0:40,2,180919,0,
2018-09-19 0:41,,0.000259134,6.49E-07,0:41,2,180919,0,
2018-09-19 0:42,,0.000259134,6.49E-07,0:42,2,180919,0,
2018-09-19 0:43,,0.000259134,6.49E-07,0:43,2,180919,0,
2018-09-19 0:44,,0.000259134,6.49E-07,0:44,2,180919,0,
2018-09-19 0:45,,0.000259134,6.49E-07,0:45,2,180919,0,
2018-09-19 0:46,,0.000259134,6.49E-07,0:46,2,180919,0,
2018-09-19 0:47,,0.000259134,6.49E-07,0:47,2,180919,0,
2018-09-19 0:48,,0.000259134,6.49E-07,0:48,2,180919,0,
2018-09-19 0:49,,0.000259134,6.49E-07,0:49,2,180919,0,
2018-09-19 0:50,,0.000259134,6.49E-07,0:50,2,180919,0,
2018-09-19 0:51,,0.000259134,6.49E-07,0:51,2,180919,0,
2018-09-19 0:52,,0.000259134,6.49E-07,0:52,2,180919,0,
2018-09-19 0:53,,0.000259134,6.49E-07,0:53,2,180919,0,
2018-09-19 0:54,,0.000259134,6.49E-07,0:54,2,180919,0,
2018-09-19 0:55,,0.000259134,6.49E-07,0:55,2,180919,0,
2018-09-19 0:56,,0.000259134,6.49E-07,0:56,2,180919,0,
2018-09-19 0:57,,0.000259134,6.49E-07,0:57,2,180919,0,
2018-09-19 0:58,,0.000259134,6.49E-07,0:58,2,180919,0,
2018-09-19 0:59,,0.000259134,6.49E-07,0:59,2,180919,0,
2018-09-19 1:00,,0.000259134,6.49E-07,1:00,2,180919,0,
2018-09-19 1:01,,0.000259134,6.49E-07,1:01,2,180919,0,
2018-09-19 1:02,,0.000259134,6.49E-07,1:02,2,180919,0,
2018-09-19 1:03,,0.000259134,6.49E-07,1:03,2,180919,0,
2018-09-19 1:04,,0.000259134,6.49E-07,1:04,2,180919,0,
2018-09-19 1:05,,0.000259134,6.49E-07,1:05,2,180919,0,
2018-09-19 1:06,,0.000259134,6.49E-07,1:06,2,180919,0,
2018-09-19 1:07,,0.000259134,6.49E-07,1:07,2,180919,0,
2018-09-19 1:08,,0.000259134,6.49E-07,1:08,2,180919,0,
2018-09-19 1:09,,0.000259134,6.49E-07,1:09,2,180919,0,
2018-09-19 1:10,,0.000259134,6.49E-07,1:10,2,180919,0,
2018-09-19 1:11,,0.000259134,6.49E-07,1:11,2,180919,0,
2018-09-19 1:12,,0.000259134,6.49E-07,1:12,2,180919,0,
2018-09-19 1:13,,0.000259134,6.49E-07,1:13,2,180919,0,
2018-09-19 1:14,,0.000259134,6.49E-07,1:14,2,180919,0,
2018-09-19 1:15,,0.000259134,6.49E-07,1:15,2,180919,0,
2018-09-19 1:16,,0.000259134,6.49E-07,1:16,2,180919,0,
2018-09-19 1:17,,0.000259134,6.49E-07,1:17,2,180919,0,
2018-09-19 1:18,,0.000259134,6.49E-07,1:18,2,180919,0,
2018-09-19 1:19,,0.000259134,6.49E-07,1:19,2,180919,0,
2018-09-19 1:20,,0.000259134,6.49E-07,1:20,2,180919,0,
2018-09-19 1:21,,0.000259134,6.49E-07,1:21,2,180919,0,
2018-09-19 1:22,,0.000259134,6.49E-07,1:22,2,180919,0,
2018-09-19 1:23,,0.000259134,6.49E-07,1:23,2,180919,0,
2018-09-19 1:24,,0.000259134,6.49E-07,1:24,2,180919,0,
2018-09-19 1:25,,0.000259134,6.49E-07,1:25,2,180919,0,
2018-09-19 1:26,,0.000259134,6.49E-07,1:26,2,180919,0,
2018-09-19 1:27,,0.000259134,6.49E-07,1:27,2,180919,0,
2018-09-19 1:28,,0.000259134,6.49E-07,1:28,2,180919,0,
2018-09-19 1:29,,0.000259134,6.49E-07,1:29,2,180919,0,
2018-09-19 1:30,,0.000259134,6.49E-07,1:30,2,180919,0,
2018-09-19 1:31,,0.000259134,6.49E-07,1:31,2,180919,0,
2018-09-19 1:32,,0.000259134,6.49E-07,1:32,2,180919,0,
2018-09-19 1:33,,0.000259134,6.49E-07,1:33,2,180919,0,
2018-09-19 1:34,,0.000259134,6.49E-07,1:34,2,180919,0,
2018-09-19 1:35,,0.000259134,6.49E-07,1:35,2,180919,0,
2018-09-19 1:36,,0.000259134,6.49E-07,1:36,2,180919,0,
2018-09-19 1:37,,0.000259134,6.49E-07,1:37,2,180919,0,
2018-09-19 1:38,,0.000259134,6.49E-07,1:38,2,180919,0,
2018-09-19 1:39,,0.000259134,6.49E-07,1:39,2,180919,0,
2018-09-19 1:40,,0.000259134,6.49E-07,1:40,2,180919,0,
2018-09-19 1:41,,0.000259134,6.49E-07,1:41,2,180919,0,
2018-09-19 1:42,,0.000259134,6.49E-07,1:42,2,180919,0,
2018-09-19 1:43,,0.000259134,6.49E-07,1:43,2,180919,0,
2018-09-19 1:44,,0.000259134,6.49E-07,1:44,2,180919,0,
2018-09-19 1:45,,0.000259134,6.49E-07,1:45,2,180919,0,
2018-09-19 1:46,,0.000259134,6.49E-07,1:46,2,180919,0,
2018-09-19 1:47,,0.000259134,6.49E-07,1:47,2,180919,0,
2018-09-19 1:48,,0.000259134,6.49E-07,1:48,2,180919,0,
2018-09-19 1:49,,0.000259134,6.49E-07,1:49,2,180919,0,
2018-09-19 1:50,,0.000259134,6.49E-07,1:50,2,180919,0,
2018-09-19 1:51,,0.000259134,6.49E-07,1:51,2,180919,0,
2018-09-19 1:52,,0.000259134,6.49E-07,1:52,2,180919,0,
2018-09-19 1:53,,0.000259134,6.49E-07,1:53,2,180919,0,
2018-09-19 1:54,,0.000259134,6.49E-07,1:54,2,180919,0,
2018-09-19 1:55,,0.000259134,6.49E-07,1:55,2,180919,0,
2018-09-19 1:56,,0.000259134,6.49E-07,1:56,2,180919,0,
2018-09-19 1:57,,0.000259134,6.49E-07,1:57,2,180919,0,
2018-09-19 1:58,,0.000259134,6.49E-07,1:58,2,180919,0,
2018-09-19 1:59,,0.000259134,6.49E-07,1:59,2,180919,0,
2018-09-19 2:00,,0.000259134,6.49E-07,2:00,2,180919,0,
2018-09-19 2:01,,0.000259134,6.49E-07,2:01,2,180919,0,
2018-09-19 2:02,,0.000259134,6.49E-07,2:02,2,180919,0,
2018-09-19 2:03,,0.000259134,6.49E-07,2:03,2,180919,0,
2018-09-19 2:04,,0.000259134,6.49E-07,2:04,2,180919,0,
2018-09-19 2:05,,0.000259134,6.49E-07,2:05,2,180919,0,
2018-09-19 2:06,,0.000259134,6.49E-07,2:06,2,180919,0,
2018-09-19 2:07,,0.000259134,6.49E-07,2:07,2,180919,0,
2018-09-19 2:08,,0.000259134,6.49E-07,2:08,2,180919,0,
2018-09-19 2:09,,0.000259134,6.49E-07,2:09,2,180919,0,
2018-09-19 2:10,,0.000259134,6.49E-07,2:10,2,180919,0,
2018-09-19 2:11,,0.000259134,6.49E-07,2:11,2,180919,0,
2018-09-19 2:12,,0.000259134,6.49E-07,2:12,2,180919,0,
2018-09-19 2:13,,0.000259134,6.49E-07,2:13,2,180919,0,
2018-09-19 2:14,,0.000259134,6.49E-07,2:14,2,180919,0,
2018-09-19 2:15,,0.000259134,6.49E-07,2:15,2,180919,0,
2018-09-19 2:16,,0.000259134,6.49E-07,2:16,2,180919,0,
2018-09-19 2:17,,0.000259134,6.49E-07,2:17,2,180919,0,
2018-09-19 2:18,,0.000259134,6.49E-07,2:18,2,180919,0,
2018-09-19 2:19,,0.000259134,6.49E-07,2:19,2,180919,0,
2018-09-19 2:20,,0.000259134,6.49E-07,2:20,2,180919,0,
2018-09-19 2:21,,0.000259134,6.49E-07,2:21,2,180919,0,
2018-09-19 2:22,,0.000259134,6.49E-07,2:22,2,180919,0,
2018-09-19 2:23,,0.000259134,6.49E-07,2:23,2,180919,0,
2018-09-19 2:24,,0.000259134,6.49E-07,2:24,2,180919,0,
2018-09-19 2:25,,0.000259134,6.49E-07,2:25,2,180919,0,
2018-09-19 2:26,,0.000259134,6.49E-07,2:26,2,180919,0,
2018-09-19 2:27,,0.000259134,6.49E-07,2:27,2,180919,0,
2018-09-19 2:28,,0.000259134,6.49E-07,2:28,2,180919,0,
2018-09-19 2:29,,0.000259134,6.49E-07,2:29,2,180919,0,
2018-09-19 2:30,,0.000259134,6.49E-07,2:30,2,180919,0,
2018-09-19 2:31,,0.000259134,6.49E-07,2:31,2,180919,0,
2018-09-19 2:32,,0.000259134,6.49E-07,2:32,2,180919,0,
2018-09-19 2:33,,0.000259134,6.49E-07,2:33,2,180919,0,
2018-09-19 2:34,,0.000259134,6.49E-07,2:34,2,180919,0,
2018-09-19 2:35,,0.000259134,6.49E-07,2:35,2,180919,0,
2018-09-19 2:36,,0.000259134,6.49E-07,2:36,2,180919,0,
2018-09-19 2:37,,0.000259134,6.49E-07,2:37,2,180919,0,
2018-09-19 2:38,,0.000259134,6.49E-07,2:38,2,180919,0,
2018-09-19 2:39,,0.000259134,6.49E-07,2:39,2,180919,0,
2018-09-19 2:40,,0.000259134,6.49E-07,2:40,2,180919,0,
2018-09-19 2:41,,0.000259134,6.49E-07,2:41,2,180919,0,
2018-09-19 2:42,,0.000259134,6.49E-07,2:42,2,180919,0,
2018-09-19 2:43,,0.000259134,6.49E-07,2:43,2,180919,0,
2018-09-19 2:44,,0.000259134,6.49E-07,2:44,2,180919,0,
2018-09-19 2:45,,0.000259134,6.49E-07,2:45,2,180919,0,
2018-09-19 2:46,,0.000259134,6.49E-07,2:46,2,180919,0,
2018-09-19 2:47,,0.000259134,6.49E-07,2:47,2,180919,0,
2018-09-19 2:48,,0.000259134,6.49E-07,2:48,2,180919,0,
2018-09-19 2:49,,0.000259134,6.49E-07,2:49,2,180919,0,
2018-09-19 2:50,,0.000259134,6.49E-07,2:50,2,180919,0,
2018-09-19 2:51,,0.000259134,6.49E-07,2:51,2,180919,0,
2018-09-19 2:52,,0.000259134,6.49E-07,2:52,2,180919,0,
2018-09-19 2:53,,0.000259134,6.49E-07,2:53,2,180919,0,
2018-09-19 2:54,,0.000259134,6.49E-07,2:54,2,180919,0,
2018-09-19 2:55,,0.000259134,6.49E-07,2:55,2,180919,0,
2018-09-19 2:56,,0.000259134,6.49E-07,2:56,2,180919,0,
2018-09-19 2:57,,0.000259134,6.49E-07,2:57,2,180919,0,
2018-09-19 2:58,,0.000259134,6.49E-07,2:58,2,180919,0,
2018-09-19 2:59,,0.000259134,6.49E-07,2:59,2,180919,0,
2018-09-19 3:00,,0.000259134,6.49E-07,3:00,2,180919,0,
2018-09-19 3:01,,0.000259134,6.49E-07,3:01,2,180919,0,
2018-09-19 3:02,,0.000259134,6.49E-07,3:02,2,180919,0,
2018-09-19 3:03,,0.000259134,6.49E-07,3:03,2,180919,0,
2018-09-19 3:04,,0.000259134,6.49E-07,3:04,2,180919,0,
2018-09-19 3:05,,0.000259134,6.49E-07,3:05,2,180919,0,
2018-09-19 3:06,,0.000259134,6.49E-07,3:06,2,180919,0,
2018-09-19 3:07,,0.000259134,6.49E-07,3:07,2,180919,0,
2018-09-19 3:08,,0.000259134,6.49E-07,3:08,2,180919,0,
2018-09-19 3:09,,0.000259134,6.49E-07,3:09,2,180919,0,
2018-09-19 3:10,,0.000259134,6.49E-07,3:10,2,180919,0,
2018-09-19 3:11,,0.000259134,6.49E-07,3:11,2,180919,0,
2018-09-19 3:12,,0.000259134,6.49E-07,3:12,2,180919,0,
2018-09-19 3:13,,0.000259134,6.49E-07,3:13,2,180919,0,
2018-09-19 3:14,,0.000259134,6.49E-07,3:14,2,180919,0,
2018-09-19 3:15,,0.000259134,6.49E-07,3:15,2,180919,0,
2018-09-19 3:16,,0.000259134,6.49E-07,3:16,2,180919,0,
2018-09-19 3:17,,0.000259134,6.49E-07,3:17,2,180919,0,
2018-09-19 3:18,,0.000259134,6.49E-07,3:18,2,180919,0,
2018-09-19 3:19,,0.000259134,6.49E-07,3:19,2,180919,0,
2018-09-19 3:20,,0.000259134,6.49E-07,3:20,2,180919,0,
2018-09-19 3:21,,0.000259134,6.49E-07,3:21,2,180919,0,
2018-09-19 3:22,,0.000259134,6.49E-07,3:22,2,180919,0,
2018-09-19 3:23,,0.000259134,6.49E-07,3:23,2,180919,0,
2018-09-19 3:24,,0.000259134,6.49E-07,3:24,2,180919,0,
2018-09-19 3:25,,0.000259134,6.49E-07,3:25,2,180919,0,
2018-09-19 3:26,,0.000259134,6.49E-07,3:26,2,180919,0,
2018-09-19 3:27,,0.000259134,6.49E-07,3:27,2,180919,0,
2018-09-19 3:28,,0.000259134,6.49E-07,3:28,2,180919,0,
2018-09-19 3:29,,0.000259134,6.49E-07,3:29,2,180919,0,
2018-09-19 3:30,,0.000259134,6.49E-07,3:30,2,180919,0,
2018-09-19 3:31,,0.000259134,6.49E-07,3:31,2,180919,0,
2018-09-19 3:32,,0.000259134,6.49E-07,3:32,2,180919,0,
2018-09-19 3:33,,0.000259134,6.49E-07,3:33,2,180919,0,
2018-09-19 3:34,,0.000259134,6.49E-07,3:34,2,180919,0,
2018-09-19 3:35,,0.000259134,6.49E-07,3:35,2,180919,0,
2018-09-19 3:36,,0.000259134,6.49E-07,3:36,2,180919,0,
2018-09-19 3:37,,0.000259134,6.49E-07,3:37,2,180919,0,
2018-09-19 3:38,,0.000259134,6.49E-07,3:38,2,180919,0,
2018-09-19 3:39,,0.000259134,6.49E-07,3:39,2,180919,0,
2018-09-19 3:40,,0.000259134,6.49E-07,3:40,2,180919,0,
2018-09-19 3:41,,0.000259134,6.49E-07,3:41,2,180919,0,
2018-09-19 3:42,,0.000259134,6.49E-07,3:42,2,180919,0,
2018-09-19 3:43,,0.000259134,6.49E-07,3:43,2,180919,0,
2018-09-19 3:44,,0.000259134,6.49E-07,3:44,2,180919,0,
2018-09-19 3:45,,0.000259134,6.49E-07,3:45,2,180919,0,
2018-09-19 3:46,,0.000259134,6.49E-07,3:46,2,180919,0,
2018-09-19 3:47,,0.000259134,6.49E-07,3:47,2,180919,0,
2018-09-19 3:48,,0.000259134,6.49E-07,3:48,2,180919,0,
2018-09-19 3:49,,0.000259134,6.49E-07,3:49,2,180919,0,
2018-09-19 3:50,,0.000259134,6.49E-07,3:50,2,180919,0,
2018-09-19 3:51,,0.000259134,6.49E-07,3:51,2,180919,0,
2018-09-19 3:52,,0.000259134,6.49E-07,3:52,2,180919,0,
2018-09-19 3:53,,0.000259134,6.49E-07,3:53,2,180919,0,
2018-09-19 3:54,,0.000259134,6.49E-07,3:54,2,180919,0,
2018-09-19 3:55,,0.000259134,6.49E-07,3:55,2,180919,0,
2018-09-19 3:56,,0.000259134,6.49E-07,3:56,2,180919,0,
2018-09-19 3:57,,0.000259134,6.49E-07,3:57,2,180919,0,
2018-09-19 3:58,,0.000259134,6.49E-07,3:58,2,180919,0,
2018-09-19 3:59,,0.000259134,6.49E-07,3:59,2,180919,0,
2018-09-19 4:00,,0.000259134,6.49E-07,4:00,2,180919,0,
2018-09-19 4:01,,0.000259134,6.49E-07,4:01,2,180919,0,
2018-09-19 4:02,,0.000259134,6.49E-07,4:02,2,180919,0,
2018-09-19 4:03,,0.000259134,6.49E-07,4:03,2,180919,0,
2018-09-19 4:04,,0.000259134,6.49E-07,4:04,2,180919,0,
2018-09-19 4:05,,0.000259134,6.49E-07,4:05,2,180919,0,
2018-09-19 4:06,,0.000259134,6.49E-07,4:06,2,180919,0,
2018-09-19 4:07,,0.000259134,6.49E-07,4:07,2,180919,0,
2018-09-19 4:08,,0.000259134,6.49E-07,4:08,2,180919,0,
2018-09-19 4:09,,0.000259134,6.49E-07,4:09,2,180919,0,
2018-09-19 4:10,,0.000259134,6.49E-07,4:10,2,180919,0,
2018-09-19 4:11,,0.000259134,6.49E-07,4:11,2,180919,0,
2018-09-19 4:12,,0.000259134,6.49E-07,4:12,2,180919,0,
2018-09-19 4:13,,0.000259134,6.49E-07,4:13,2,180919,0,
2018-09-19 4:14,,0.000259134,6.49E-07,4:14,2,180919,0,
2018-09-19 4:15,,0.000259134,6.49E-07,4:15,2,180919,0,
2018-09-19 4:16,,0.000259134,6.49E-07,4:16,2,180919,0,
2018-09-19 4:17,,0.000259134,6.49E-07,4:17,2,180919,0,
2018-09-19 4:18,,0.000259134,6.49E-07,4:18,2,180919,0,
2018-09-19 4:19,,0.000259134,6.49E-07,4:19,2,180919,0,
2018-09-19 4:20,,0.000259134,6.49E-07,4:20,2,180919,0,
2018-09-19 4:21,,0.000259134,6.49E-07,4:21,2,180919,0,
2018-09-19 4:22,,0.000259134,6.49E-07,4:22,2,180919,0,
2018-09-19 4:23,,0.000259134,6.49E-07,4:23,2,180919,0,
2018-09-19 4:24,,0.000259134,6.49E-07,4:24,2,180919,0,
2018-09-19 4:25,,0.000259134,6.49E-07,4:25,2,180919,0,
2018-09-19 4:26,,0.000259134,6.49E-07,4:26,2,180919,0,
2018-09-19 4:27,,0.000259134,6.49E-07,4:27,2,180919,0,
2018-09-19 4:28,,0.000259134,6.49E-07,4:28,2,180919,0,
2018-09-19 4:29,,0.000259134,6.49E-07,4:29,2,180919,0,
2018-09-19 4:30,,0.000259134,6.49E-07,4:30,2,180919,0,
2018-09-19 4:38,,0.000259134,6.49E-07,4:38,2,180919,0,
2018-09-19 4:39,,0.000259134,6.49E-07,4:39,2,180919,0,
2018-09-19 4:40,,0.000259134,6.49E-07,4:40,2,180919,0,
2018-09-19 4:41,,0.000259134,6.49E-07,4:41,2,180919,0,
2018-09-19 4:42,,0.000259134,6.49E-07,4:42,2,180919,0,
2018-09-19 4:43,,0.000259134,6.49E-07,4:43,2,180919,0,
2018-09-19 4:44,,0.000259134,6.49E-07,4:44,2,180919,0,
2018-09-19 4:45,,0.000259134,6.49E-07,4:45,2,180919,0,
2018-09-19 4:46,,0.000259134,6.49E-07,4:46,2,180919,0,
2018-09-19 4:47,,0.000259134,6.49E-07,4:47,2,180919,0,
2018-09-19 4:48,,0.000259134,6.49E-07,4:48,2,180919,0,
2018-09-19 4:49,,0.000259134,6.49E-07,4:49,2,180919,0,
2018-09-19 4:50,,0.000259134,6.49E-07,4:50,2,180919,0,
2018-09-19 4:51,,0.000259134,6.49E-07,4:51,2,180919,0,
2018-09-19 4:52,,0.000259134,6.49E-07,4:52,2,180919,0,
2018-09-19 4:53,,0.000259134,6.49E-07,4:53,2,180919,0,
2018-09-19 4:54,,0.000259134,6.49E-07,4:54,2,180919,0,
2018-09-19 4:55,,0.000259134,6.49E-07,4:55,2,180919,0,
2018-09-19 4:56,,0.000259134,6.49E-07,4:56,2,180919,0,
2018-09-19 4:57,,0.000259134,6.49E-07,4:57,2,180919,0,
2018-09-19 4:58,,0.000259134,6.49E-07,4:58,2,180919,0,
2018-09-19 4:59,,0.000259134,6.49E-07,4:59,2,180919,0,
2018-09-19 5:00,,0.000259134,6.49E-07,5:00,2,180919,0,
2018-09-19 5:01,,0.000259134,6.49E-07,5:01,2,180919,0,
2018-09-19 5:02,,0.000259134,6.49E-07,5:02,2,180919,0,
2018-09-19 5:03,,0.000259134,6.49E-07,5:03,2,180919,0,
2018-09-19 5:04,,0.000259134,6.49E-07,5:04,2,180919,0,
2018-09-19 5:05,,0.000259134,6.49E-07,5:05,2,180919,0,
2018-09-19 5:06,,0.000259134,6.49E-07,5:06,2,180919,0,
2018-09-19 5:07,,0.000259134,6.49E-07,5:07,2,180919,0,
2018-09-19 5:08,,0.000259134,6.49E-07,5:08,2,180919,0,
2018-09-19 5:09,,0.000259134,6.49E-07,5:09,2,180919,0,
2018-09-19 5:10,,0.000259134,6.49E-07,5:10,2,180919,0,
2018-09-19 5:11,,0.000259134,6.49E-07,5:11,2,180919,0,
2018-09-19 5:12,,0.000259134,6.49E-07,5:12,2,180919,0,
2018-09-19 5:13,,0.000259134,6.49E-07,5:13,2,180919,0,
2018-09-19 5:14,,0.000259134,6.49E-07,5:14,2,180919,0,
2018-09-19 5:15,,0.000259134,6.49E-07,5:15,2,180919,0,
2018-09-19 5:16,,0.000259134,6.49E-07,5:16,2,180919,0,
2018-09-19 5:17,,0.000259134,6.49E-07,5:17,2,180919,0,
2018-09-19 5:18,,0.000259134,6.49E-07,5:18,2,180919,0,
2018-09-19 5:19,,0.000259134,6.49E-07,5:19,2,180919,0,
2018-09-19 5:20,,0.000259134,6.49E-07,5:20,2,180919,0,
2018-09-19 5:21,,0.000259134,6.49E-07,5:21,2,180919,0,
2018-09-19 5:22,,0.000259134,6.49E-07,5:22,2,180919,0,
2018-09-19 5:23,,0.000259134,6.49E-07,5:23,2,180919,0,
2018-09-19 5:24,,0.000259134,6.49E-07,5:24,2,180919,0,
2018-09-19 5:25,,0.000259134,6.49E-07,5:25,2,180919,0,
2018-09-19 5:26,,0.000259134,6.49E-07,5:26,2,180919,0,
2018-09-19 5:27,,0.000259134,6.49E-07,5:27,2,180919,0,
2018-09-19 5:28,,0.000259134,6.49E-07,5:28,2,180919,0,
2018-09-19 5:29,,0.000259134,6.49E-07,5:29,2,180919,0,
2018-09-19 5:30,,0.000259134,6.49E-07,5:30,2,180919,0,
2018-09-19 5:31,,0.000259134,6.49E-07,5:31,2,180919,0,
2018-09-19 5:32,,0.000259134,6.49E-07,5:32,2,180919,0,
2018-09-19 5:33,,0.000259134,6.49E-07,5:33,2,180919,0,
2018-09-19 5:34,,0.000259134,6.49E-07,5:34,2,180919,0,
2018-09-19 5:35,,0.000259134,6.49E-07,5:35,2,180919,0,
2018-09-19 5:36,,0.000259134,6.49E-07,5:36,2,180919,0,
2018-09-19 5:37,,0.000259134,6.49E-07,5:37,2,180919,0,
2018-09-19 5:38,,0.000259134,6.49E-07,5:38,2,180919,0,
2018-09-19 5:39,,0.000259134,6.49E-07,5:39,2,180919,0,
2018-09-19 5:40,,0.000259134,6.49E-07,5:40,2,180919,0,
2018-09-19 5:41,,0.000259134,6.49E-07,5:41,2,180919,0,
2018-09-19 5:42,,0.000259134,6.49E-07,5:42,2,180919,0,
2018-09-19 5:43,,0.000259134,6.49E-07,5:43,2,180919,0,
2018-09-19 5:44,,0.000259134,6.49E-07,5:44,2,180919,0,
2018-09-19 5:45,,0.000259134,6.49E-07,5:45,2,180919,0,
2018-09-19 5:46,,0.000259134,6.49E-07,5:46,2,180919,0,
2018-09-19 5:47,,0.000259134,6.49E-07,5:47,2,180919,0,
2018-09-19 5:48,,0.000259134,6.49E-07,5:48,2,180919,0,
2018-09-19 5:49,,0.000259134,6.49E-07,5:49,2,180919,0,
2018-09-19 5:50,,0.000259134,6.49E-07,5:50,2,180919,0,
2018-09-19 5:51,,0.000259134,6.49E-07,5:51,2,180919,0,
2018-09-19 5:52,,0.000259134,6.49E-07,5:52,2,180919,0,
2018-09-19 5:53,,0.000259134,6.49E-07,5:53,2,180919,0,
2018-09-19 5:54,,0.000259134,6.49E-07,5:54,2,180919,0,
2018-09-19 5:55,,0.000259134,6.49E-07,5:55,2,180919,0,
2018-09-19 5:56,,0.000259134,6.49E-07,5:56,2,180919,0,
2018-09-19 5:57,,0.000259134,6.49E-07,5:57,2,180919,0,
2018-09-19 5:58,,0.000259134,6.49E-07,5:58,2,180919,0,
2018-09-19 5:59,,0.000259134,6.49E-07,5:59,2,180919,0,
2018-09-19 6:00,,0.000259134,6.49E-07,6:00,2,180919,0,
2018-09-19 6:01,,0.000259134,6.49E-07,6:01,2,180919,0,
2018-09-19 6:02,,0.000259134,6.49E-07,6:02,2,180919,0,
2018-09-19 6:03,,0.000259134,6.49E-07,6:03,2,180919,0,
2018-09-19 6:04,,0.000259134,6.49E-07,6:04,2,180919,0,
2018-09-19 6:05,,0.000259134,6.49E-07,6:05,2,180919,0,
2018-09-19 6:06,,0.000259134,6.49E-07,6:06,2,180919,0,
2018-09-19 6:07,,0.000259134,6.49E-07,6:07,2,180919,0,
2018-09-19 6:08,,0.000259134,6.49E-07,6:08,2,180919,0,
2018-09-19 6:09,,0.000259134,6.49E-07,6:09,2,180919,0,
2018-09-19 6:10,,0.000259134,6.49E-07,6:10,2,180919,0,
2018-09-19 6:11,,0.000259134,6.49E-07,6:11,2,180919,0,
2018-09-19 6:12,,0.000259134,6.49E-07,6:12,2,180919,0,
2018-09-19 6:13,,0.000259134,6.49E-07,6:13,2,180919,0,
2018-09-19 6:14,,0.000259134,6.49E-07,6:14,2,180919,0,
2018-09-19 6:15,,0.000259134,6.49E-07,6:15,2,180919,0,
2018-09-19 6:16,,0.000259134,6.49E-07,6:16,2,180919,0,
2018-09-19 6:17,,0.000259134,6.49E-07,6:17,2,180919,0,
2018-09-19 6:18,,0.000259134,6.49E-07,6:18,2,180919,0,
2018-09-19 6:19,,0.000259134,6.49E-07,6:19,2,180919,0,
2018-09-19 6:20,,0.000259134,6.49E-07,6:20,2,180919,0,
2018-09-19 6:21,,0.000259134,6.49E-07,6:21,2,180919,0,
2018-09-19 6:22,,0.000259134,6.49E-07,6:22,2,180919,0,
2018-09-19 6:23,,0.000259134,6.49E-07,6:23,2,180919,0,
2018-09-19 6:24,,0.000259134,6.49E-07,6:24,2,180919,0,
2018-09-19 6:25,,0.000259134,6.49E-07,6:25,2,180919,0,
2018-09-19 6:26,,0.000259134,6.49E-07,6:26,2,180919,0,
2018-09-19 6:27,,0.000259134,6.49E-07,6:27,2,180919,0,
2018-09-19 6:28,,0.000259134,6.49E-07,6:28,2,180919,0,
2018-09-19 6:29,,0.000259134,6.49E-07,6:29,2,180919,0,
2018-09-19 6:30,,0.000259134,6.49E-07,6:30,2,180919,0,
2018-09-19 6:31,,0.000259134,6.49E-07,6:31,2,180919,0,
2018-09-19 6:32,,0.000259134,6.49E-07,6:32,2,180919,0,
2018-09-19 6:33,,0.000259134,6.49E-07,6:33,2,180919,0,
2018-09-19 6:34,,0.000259134,6.49E-07,6:34,2,180919,0,
2018-09-19 6:35,,0.000259134,6.49E-07,6:35,2,180919,0,
2018-09-19 6:36,,0.000259134,6.49E-07,6:36,2,180919,0,
2018-09-19 6:37,,0.000259134,6.49E-07,6:37,2,180919,0,
2018-09-19 6:38,,0.000259134,6.49E-07,6:38,2,180919,0,
2018-09-19 6:39,,0.000259134,6.49E-07,6:39,2,180919,0,
2018-09-19 6:40,,0.000259134,6.49E-07,6:40,2,180919,0,
2018-09-19 6:41,,0.000259134,6.49E-07,6:41,2,180919,0,
2018-09-19 6:42,,0.000259134,6.49E-07,6:42,2,180919,0,
2018-09-19 6:43,,0.000259134,6.49E-07,6:43,2,180919,0,
2018-09-19 6:44,,0.000259134,6.49E-07,6:44,2,180919,0,
2018-09-19 6:45,,0.000259134,6.49E-07,6:45,2,180919,0,
2018-09-19 6:46,,0.000259134,6.49E-07,6:46,2,180919,0,
2018-09-19 6:47,,0.000259134,6.49E-07,6:47,2,180919,0,
2018-09-19 6:48,,0.000259134,6.49E-07,6:48,2,180919,0,
2018-09-19 6:49,,0.000259134,6.49E-07,6:49,2,180919,0,
2018-09-19 6:50,,0.000259134,6.49E-07,6:50,2,180919,0,
2018-09-19 6:51,,0.000259134,6.49E-07,6:51,2,180919,0,
2018-09-19 6:52,,0.000259134,6.49E-07,6:52,2,180919,0,
2018-09-19 6:53,,0.000259134,6.49E-07,6:53,2,180919,0,
2018-09-19 6:54,,0.000259134,6.49E-07,6:54,2,180919,0,
2018-09-19 6:55,,0.000259134,6.49E-07,6:55,2,180919,0,
2018-09-19 6:56,,0.000259134,6.49E-07,6:56,2,180919,0,
2018-09-19 6:57,,0.000259134,6.49E-07,6:57,2,180919,0,
2018-09-19 6:58,,0.000259134,6.49E-07,6:58,2,180919,0,
2018-09-19 6:59,,0.000259134,6.49E-07,6:59,2,180919,0,
2018-09-19 7:00,,0.000259134,6.49E-07,7:00,2,180919,0,
2018-09-19 7:01,,0.000259134,6.49E-07,7:01,2,180919,0,
2018-09-19 7:02,,0.000259134,6.49E-07,7:02,2,180919,0,
2018-09-19 7:03,,0.000259134,6.49E-07,7:03,2,180919,0,
2018-09-19 7:04,,0.000259134,6.49E-07,7:04,2,180919,0,
2018-09-19 7:05,,0.000259134,6.49E-07,7:05,2,180919,0,
2018-09-19 7:06,,0.000259134,6.49E-07,7:06,2,180919,0,
2018-09-19 7:07,,0.000259134,6.49E-07,7:07,2,180919,0,
2018-09-19 7:08,,0.000259134,6.49E-07,7:08,2,180919,0,
2018-09-19 7:09,,0.000259134,6.49E-07,7:09,2,180919,0,
2018-09-19 7:10,,0.000259134,6.49E-07,7:10,2,180919,0,
2018-09-19 7:11,,0.000259134,6.49E-07,7:11,2,180919,0,
2018-09-19 7:12,,0.000259134,6.49E-07,7:12,2,180919,0,
2018-09-19 7:13,,0.000259134,6.49E-07,7:13,2,180919,0,
2018-09-19 7:14,,0.000259134,6.49E-07,7:14,2,180919,0,
2018-09-19 7:15,,0.000259134,6.49E-07,7:15,2,180919,0,
2018-09-19 7:16,,0.000259134,6.49E-07,7:16,2,180919,0,
2018-09-19 7:17,,0.000259134,6.49E-07,7:17,2,180919,0,
2018-09-19 7:18,,0.000259134,6.49E-07,7:18,2,180919,0,
2018-09-19 7:19,,0.000259134,6.49E-07,7:19,2,180919,0,
2018-09-19 7:20,,0.000259134,6.49E-07,7:20,2,180919,0,
2018-09-19 7:21,,0.000259134,6.49E-07,7:21,2,180919,0,
2018-09-19 7:22,,0.000259134,6.49E-07,7:22,2,180919,0,
2018-09-19 7:23,,0.000259134,6.49E-07,7:23,2,180919,0,
2018-09-19 7:24,,0.000259134,6.49E-07,7:24,2,180919,0,
2018-09-19 7:25,,0.000259134,6.49E-07,7:25,2,180919,0,
2018-09-19 7:26,,0.000259134,6.49E-07,7:26,2,180919,0,
2018-09-19 7:27,,0.000259134,6.49E-07,7:27,2,180919,0,
2018-09-19 7:28,,0.000259134,6.49E-07,7:28,2,180919,0,
2018-09-19 7:29,,0.000259134,6.49E-07,7:29,2,180919,0,
2018-09-19 7:30,,0.000259134,6.49E-07,7:30,2,180919,0,
2018-09-19 7:31,,0.000259134,6.49E-07,7:31,2,180919,0,
2018-09-19 7:32,,0.000259134,6.49E-07,7:32,2,180919,0,
2018-09-19 7:33,,0.000259134,6.49E-07,7:33,2,180919,0,
2018-09-19 7:34,,0.000259134,6.49E-07,7:34,2,180919,0,
2018-09-19 7:35,,0.000259134,6.49E-07,7:35,2,180919,0,
2018-09-19 7:36,,0.000259134,6.49E-07,7:36,2,180919,0,
2018-09-19 7:37,,0.000259134,6.49E-07,7:37,2,180919,0,
2018-09-19 7:38,,0.000259134,6.49E-07,7:38,2,180919,0,
2018-09-19 7:39,,0.000259134,6.49E-07,7:39,2,180919,0,
2018-09-19 7:40,,0.000259134,6.49E-07,7:40,2,180919,0,
2018-09-19 7:41,,0.000259134,6.49E-07,7:41,2,180919,0,
2018-09-19 7:42,,0.000259134,6.49E-07,7:42,2,180919,0,
2018-09-19 7:43,,0.000259134,6.49E-07,7:43,2,180919,0,
2018-09-19 7:44,,0.000259134,6.49E-07,7:44,2,180919,0,
2018-09-19 7:45,,0.000259134,6.49E-07,7:45,2,180919,0,
2018-09-19 7:46,,0.000259134,6.49E-07,7:46,2,180919,0,
2018-09-19 7:47,,0.000259134,6.49E-07,7:47,2,180919,0,
2018-09-19 7:48,,0.000259134,6.49E-07,7:48,2,180919,0,
2018-09-19 7:49,,0.000259134,6.49E-07,7:49,2,180919,0,
2018-09-19 7:50,,0.000259134,6.49E-07,7:50,2,180919,0,
2018-09-19 7:51,,0.000259134,6.49E-07,7:51,2,180919,0,
2018-09-19 7:52,,0.000259134,6.49E-07,7:52,2,180919,0,
2018-09-19 7:53,,0.000259134,6.49E-07,7:53,2,180919,0,
2018-09-19 7:54,,0.000259134,6.49E-07,7:54,2,180919,0,
2018-09-19 7:55,,0.000259134,6.49E-07,7:55,2,180919,0,
2018-09-19 7:56,,0.000259134,6.49E-07,7:56,2,180919,0,
2018-09-19 7:57,,0.000259134,6.49E-07,7:57,2,180919,0,
2018-09-19 7:58,,0.000259134,6.49E-07,7:58,2,180919,0,
2018-09-19 7:59,,0.000259134,6.49E-07,7:59,2,180919,0,
2018-09-19 8:00,,0.000259134,6.49E-07,8:00,2,180919,0,
2018-09-19 8:01,,0.000259134,6.49E-07,8:01,2,180919,0,
2018-09-19 8:02,,0.000259134,6.49E-07,8:02,2,180919,0,
2018-09-19 8:03,,0.000259134,6.49E-07,8:03,2,180919,0,
2018-09-19 8:04,,0.000259134,6.49E-07,8:04,2,180919,0,
2018-09-19 8:05,,0.000259134,6.49E-07,8:05,2,180919,0,
2018-09-19 8:06,,0.000259134,6.49E-07,8:06,2,180919,0,
2018-09-19 8:07,,0.000259134,6.49E-07,8:07,2,180919,0,
2018-09-19 8:08,,0.000259134,6.49E-07,8:08,2,180919,0,
2018-09-19 8:09,,0.000259134,6.49E-07,8:09,2,180919,0,
2018-09-19 8:10,,0.000259134,6.49E-07,8:10,2,180919,0,
2018-09-19 8:11,,0.000259134,6.49E-07,8:11,2,180919,0,
2018-09-19 8:12,,0.000259134,6.49E-07,8:12,2,180919,0,
2018-09-19 8:13,,0.000259134,6.49E-07,8:13,2,180919,0,
2018-09-19 8:14,,0.000259134,6.49E-07,8:14,2,180919,0,
2018-09-19 8:15,,0.000259134,6.49E-07,8:15,2,180919,0,
2018-09-19 8:16,,0.000259134,6.49E-07,8:16,2,180919,0,
2018-09-19 8:17,,0.000259134,6.49E-07,8:17,2,180919,0,
2018-09-19 8:18,,0.000259134,6.49E-07,8:18,2,180919,0,
2018-09-19 8:19,,0.000259134,6.49E-07,8:19,2,180919,0,
2018-09-19 8:20,,0.000259134,6.49E-07,8:20,2,180919,0,
2018-09-19 8:21,,0.000259134,6.49E-07,8:21,2,180919,0,
2018-09-19 8:22,,0.000259134,6.49E-07,8:22,2,180919,0,
2018-09-19 8:23,,0.000259134,6.49E-07,8:23,2,180919,0,
2018-09-19 8:24,,0.000259134,6.49E-07,8:24,2,180919,0,
2018-09-19 8:25,,0.000259134,6.49E-07,8:25,2,180919,0,
2018-09-19 8:26,,0.000259134,6.49E-07,8:26,2,180919,0,
2018-09-19 8:27,,0.000259134,6.49E-07,8:27,2,180919,0,
2018-09-19 8:28,,0.000259134,6.49E-07,8:28,2,180919,0,
2018-09-19 8:29,,0.000259134,6.49E-07,8:29,2,180919,0,
2018-09-19 8:30,,0.000259134,6.49E-07,8:30,2,180919,0,
2018-09-19 8:31,,0.000259134,6.49E-07,8:31,2,180919,0,
2018-09-19 8:32,,0.000259134,6.49E-07,8:32,2,180919,0,
2018-09-19 8:33,,0.000259134,6.49E-07,8:33,2,180919,0,
2018-09-19 8:34,,0.000259134,6.49E-07,8:34,2,180919,0,
2018-09-19 8:35,,0.000259134,6.49E-07,8:35,2,180919,0,
2018-09-19 8:36,,0.000259134,6.49E-07,8:36,2,180919,0,
2018-09-19 8:37,,0.000259134,6.49E-07,8:37,2,180919,0,
2018-09-19 8:38,,0.000259134,6.49E-07,8:38,2,180919,0,
2018-09-19 8:39,,0.000259134,6.49E-07,8:39,2,180919,0,
2018-09-19 8:40,,0.000259134,6.49E-07,8:40,2,180919,0,
2018-09-19 8:41,,0.000259134,6.49E-07,8:41,2,180919,0,
2018-09-19 8:42,,0.000259134,6.49E-07,8:42,2,180919,0,
2018-09-19 8:43,,0.000259134,6.49E-07,8:43,2,180919,0,
2018-09-19 8:44,,0.000259134,6.49E-07,8:44,2,180919,0,
2018-09-19 8:45,,0.000259134,6.49E-07,8:45,2,180919,0,
2018-09-19 8:46,,0.000259134,6.49E-07,8:46,2,180919,0,
2018-09-19 8:47,,0.000259134,6.49E-07,8:47,2,180919,0,
2018-09-19 8:48,,0.000259134,6.49E-07,8:48,2,180919,0,
2018-09-19 8:49,,0.000259134,6.49E-07,8:49,2,180919,0,
2018-09-19 8:50,,0.000259134,6.49E-07,8:50,2,180919,0,
2018-09-19 8:51,,0.000259134,6.49E-07,8:51,2,180919,0,
2018-09-19 8:52,,0.000259134,6.49E-07,8:52,2,180919,0,
2018-09-19 8:53,,0.000259134,6.49E-07,8:53,2,180919,0,
2018-09-19 8:54,,0.000259134,6.49E-07,8:54,2,180919,0,
2018-09-19 8:55,,0.000259134,6.49E-07,8:55,2,180919,0,
2018-09-19 8:56,,0.000259134,6.49E-07,8:56,2,180919,0,
2018-09-19 8:57,,0.000259134,6.49E-07,8:57,2,180919,0,
2018-09-19 8:58,,0.000259134,6.49E-07,8:58,2,180919,0,
2018-09-19 8:59,,0.000259134,6.49E-07,8:59,2,180919,0,
2018-09-19 9:00,,0.000259134,6.49E-07,9:00,2,180919,0,
2018-09-19 9:01,,0.000259134,6.49E-07,9:01,2,180919,0,
2018-09-19 9:02,,0.000259134,6.49E-07,9:02,2,180919,0,
2018-09-19 9:03,,0.000259134,6.49E-07,9:03,2,180919,0,
2018-09-19 9:04,,0.000259134,6.49E-07,9:04,2,180919,0,
2018-09-19 9:05,,0.000259134,6.49E-07,9:05,2,180919,0,
2018-09-19 9:06,,0.000259134,6.49E-07,9:06,2,180919,0,
2018-09-19 9:07,,0.000259134,6.49E-07,9:07,2,180919,0,
2018-09-19 9:08,,0.000259134,6.49E-07,9:08,2,180919,0,
2018-09-19 9:09,,0.000259134,6.49E-07,9:09,2,180919,0,
2018-09-19 9:10,,0.000259134,6.49E-07,9:10,2,180919,0,
2018-09-19 9:11,,0.000259134,6.49E-07,9:11,2,180919,0,
2018-09-19 9:12,,0.000259134,6.49E-07,9:12,2,180919,0,
2018-09-19 9:13,,0.000259134,6.49E-07,9:13,2,180919,0,
2018-09-19 9:14,,0.000259134,6.49E-07,9:14,2,180919,0,
2018-09-19 9:15,,0.000259134,6.49E-07,9:15,2,180919,0,
2018-09-19 9:16,,0.000259134,6.49E-07,9:16,2,180919,0,
2018-09-19 9:17,,0.000259134,6.49E-07,9:17,2,180919,0,
2018-09-19 9:18,,0.000259134,6.49E-07,9:18,2,180919,0,
2018-09-19 9:19,,0.000259134,6.49E-07,9:19,2,180919,0,
2018-09-19 9:20,,0.000259134,6.49E-07,9:20,2,180919,0,
2018-09-19 9:21,,0.000259134,6.49E-07,9:21,2,180919,0,
2018-09-19 9:22,,0.000259134,6.49E-07,9:22,2,180919,0,
2018-09-19 9:23,,0.000259134,6.49E-07,9:23,2,180919,0,
2018-09-19 9:24,,0.000259134,6.49E-07,9:24,2,180919,0,
2018-09-19 9:25,,0.000259134,6.49E-07,9:25,2,180919,0,
2018-09-19 9:26,,0.000259134,6.49E-07,9:26,2,180919,0,
2018-09-19 9:27,,0.000259134,6.49E-07,9:27,2,180919,0,
2018-09-19 9:28,,0.000259134,6.49E-07,9:28,2,180919,0,
2018-09-19 9:29,,0.000259134,6.49E-07,9:29,2,180919,0,
2018-09-19 9:30,,0.000259134,6.49E-07,9:30,2,180919,0,
2018-09-19 9:31,,0.000259134,6.49E-07,9:31,2,180919,0,
2018-09-19 9:32,,0.000259134,6.49E-07,9:32,2,180919,0,
2018-09-19 9:33,,0.000259134,6.49E-07,9:33,2,180919,0,
2018-09-19 9:34,,0.000259134,6.49E-07,9:34,2,180919,0,
2018-09-19 9:35,,0.000259134,6.49E-07,9:35,2,180919,0,
2018-09-19 9:36,,0.000259134,6.49E-07,9:36,2,180919,0,
2018-09-19 9:37,,0.000259134,6.49E-07,9:37,2,180919,0,
2018-09-19 9:38,,0.000259134,6.49E-07,9:38,2,180919,0,
2018-09-19 9:39,,0.000259134,6.49E-07,9:39,2,180919,0,
2018-09-19 9:40,,0.000259134,6.49E-07,9:40,2,180919,0,
2018-09-19 9:41,,0.000259134,6.49E-07,9:41,2,180919,0,
2018-09-19 9:42,,0.000259134,6.49E-07,9:42,2,180919,0,
2018-09-19 9:43,,0.000259134,6.49E-07,9:43,2,180919,0,
2018-09-19 9:44,,0.000259134,6.49E-07,9:44,2,180919,0,
2018-09-19 9:45,,0.000259134,6.49E-07,9:45,2,180919,0,
2018-09-19 9:46,,0.000259134,6.49E-07,9:46,2,180919,0,
2018-09-19 9:47,,0.000259134,6.49E-07,9:47,2,180919,0,
2018-09-19 9:48,,0.000259134,6.49E-07,9:48,2,180919,0,
2018-09-19 9:49,,0.000259134,6.49E-07,9:49,2,180919,0,
2018-09-19 9:50,,0.000259134,6.49E-07,9:50,2,180919,0,
2018-09-19 9:51,,0.000259134,6.49E-07,9:51,2,180919,0,
2018-09-19 9:52,,0.000259134,6.49E-07,9:52,2,180919,0,
2018-09-19 9:53,,0.000259134,6.49E-07,9:53,2,180919,0,
2018-09-19 9:54,,0.000259134,6.49E-07,9:54,2,180919,0,
2018-09-19 9:55,,0.000259134,6.49E-07,9:55,2,180919,0,
2018-09-19 9:56,,0.000259134,6.49E-07,9:56,2,180919,0,
2018-09-19 9:57,,0.000259134,6.49E-07,9:57,2,180919,0,
2018-09-19 9:58,,0.000259134,6.49E-07,9:58,2,180919,0,
2018-09-19 9:59,,0.000259134,6.49E-07,9:59,2,180919,0,
2018-09-19 10:00,,0.000259134,6.49E-07,10:00,2,180919,0,
2018-09-19 10:01,,0.000259134,6.49E-07,10:01,2,180919,0,
2018-09-19 10:02,,0.000259134,6.49E-07,10:02,2,180919,0,
2018-09-19 10:03,,0.000259134,6.49E-07,10:03,2,180919,0,
2018-09-19 10:04,,0.000259134,6.49E-07,10:04,2,180919,0,
2018-09-19 10:05,,0.000259134,6.49E-07,10:05,2,180919,0,
2018-09-19 10:06,,0.000259134,6.49E-07,10:06,2,180919,0,
2018-09-19 10:07,,0.000259134,6.49E-07,10:07,2,180919,0,
2018-09-19 10:08,,0.000259134,6.49E-07,10:08,2,180919,0,
2018-09-19 10:09,,0.000259134,6.49E-07,10:09,2,180919,0,
2018-09-19 10:10,,0.000259134,6.49E-07,10:10,2,180919,0,
2018-09-19 10:11,,0.000259134,6.49E-07,10:11,2,180919,0,
2018-09-19 10:12,,0.000259134,6.49E-07,10:12,2,180919,0,
2018-09-19 10:13,,0.000259134,6.49E-07,10:13,2,180919,0,
2018-09-19 10:14,,0.000259134,6.49E-07,10:14,2,180919,0,
2018-09-19 10:15,,0.000259134,6.49E-07,10:15,2,180919,0,
2018-09-19 10:16,,0.000259134,6.49E-07,10:16,2,180919,0,
2018-09-19 10:17,,0.000259134,6.49E-07,10:17,2,180919,0,
2018-09-19 10:18,,0.000259134,6.49E-07,10:18,2,180919,0,
2018-09-19 10:19,,0.000259134,6.49E-07,10:19,2,180919,0,
2018-09-19 10:20,,0.000259134,6.49E-07,10:20,2,180919,0,
2018-09-19 10:21,,0.000259134,6.49E-07,10:21,2,180919,0,
2018-09-19 10:22,,0.000259134,6.49E-07,10:22,2,180919,0,
2018-09-19 10:23,,0.000259134,6.49E-07,10:23,2,180919,0,
2018-09-19 10:24,,0.000259134,6.49E-07,10:24,2,180919,0,
2018-09-19 10:25,,0.000259134,6.49E-07,10:25,2,180919,0,
2018-09-19 10:26,,0.000259134,6.49E-07,10:26,2,180919,0,
2018-09-19 10:27,,0.000259134,6.49E-07,10:27,2,180919,0,
2018-09-19 10:28,,0.000259134,6.49E-07,10:28,2,180919,0,
2018-09-19 10:29,,0.000259134,6.49E-07,10:29,2,180919,0,
2018-09-19 10:30,,0.000259134,6.49E-07,10:30,2,180919,0,
2018-09-19 10:31,,0.000259134,6.49E-07,10:31,2,180919,0,
2018-09-19 10:32,,0.000259134,6.49E-07,10:32,2,180919,0,
2018-09-19 10:33,,0.000259134,6.49E-07,10:33,2,180919,0,
2018-09-19 10:34,,0.000259134,6.49E-07,10:34,2,180919,0,
2018-09-19 10:35,,0.000259134,6.49E-07,10:35,2,180919,0,
2018-09-19 10:36,,0.000259134,6.49E-07,10:36,2,180919,0,
2018-09-19 10:37,,0.000259134,6.49E-07,10:37,2,180919,0,
2018-09-19 10:38,,0.000259134,6.49E-07,10:38,2,180919,0,
2018-09-19 10:39,,0.000259134,6.49E-07,10:39,2,180919,0,
2018-09-19 10:40,,0.000259134,6.49E-07,10:40,2,180919,0,
2018-09-19 10:41,,0.000259134,6.49E-07,10:41,2,180919,0,
2018-09-19 10:42,,0.000259134,6.49E-07,10:42,2,180919,0,
2018-09-19 10:43,,0.000259134,6.49E-07,10:43,2,180919,0,
2018-09-19 10:44,,0.000259134,6.49E-07,10:44,2,180919,0,
2018-09-19 10:45,,0.000259134,6.49E-07,10:45,2,180919,0,
2018-09-19 10:46,,0.000259134,6.49E-07,10:46,2,180919,0,
2018-09-19 10:47,,0.000259134,6.49E-07,10:47,2,180919,0,
2018-09-19 10:48,,0.000259134,6.49E-07,10:48,2,180919,0,
2018-09-19 10:49,,0.000259134,6.49E-07,10:49,2,180919,0,
2018-09-19 10:50,,0.000259134,6.49E-07,10:50,2,180919,0,
2018-09-19 10:51,,0.000259134,6.49E-07,10:51,2,180919,0,
2018-09-19 10:52,,0.000259134,6.49E-07,10:52,2,180919,0,
2018-09-19 10:53,,0.000259134,6.49E-07,10:53,2,180919,0,
2018-09-19 10:54,,0.000259134,6.49E-07,10:54,2,180919,0,
2018-09-19 10:55,,0.000259134,6.49E-07,10:55,2,180919,0,
2018-09-19 10:56,,0.000259134,6.49E-07,10:56,2,180919,0,
2018-09-19 10:57,,0.000259134,6.49E-07,10:57,2,180919,0,
2018-09-19 10:58,,0.000259134,6.49E-07,10:58,2,180919,0,
2018-09-19 10:59,,0.000259134,6.49E-07,10:59,2,180919,0,
2018-09-19 11:00,,0.000259134,6.49E-07,11:00,2,180919,0,
2018-09-19 11:01,,0.000259134,6.49E-07,11:01,2,180919,0,
2018-09-19 11:02,,0.000259134,6.49E-07,11:02,2,180919,0,
2018-09-19 11:03,,0.000259134,6.49E-07,11:03,2,180919,0,
2018-09-19 11:04,,0.000259134,6.49E-07,11:04,2,180919,0,
2018-09-19 11:05,,0.000259134,6.49E-07,11:05,2,180919,0,
2018-09-19 11:06,,0.000259134,6.49E-07,11:06,2,180919,0,
2018-09-19 11:07,,0.000259134,6.49E-07,11:07,2,180919,0,
2018-09-19 11:08,,0.000259134,6.49E-07,11:08,2,180919,0,
2018-09-19 11:09,,0.000259134,6.49E-07,11:09,2,180919,0,
2018-09-19 11:10,,0.000259134,6.49E-07,11:10,2,180919,0,
2018-09-19 11:11,,0.000259134,6.49E-07,11:11,2,180919,0,
2018-09-19 11:12,,0.000259134,6.49E-07,11:12,2,180919,0,
2018-09-19 11:13,,0.000259134,6.49E-07,11:13,2,180919,0,
2018-09-19 11:14,,0.000259134,6.49E-07,11:14,2,180919,0,
2018-09-19 11:15,,0.000259134,6.49E-07,11:15,2,180919,0,
2018-09-19 11:16,,0.000259134,6.49E-07,11:16,2,180919,0,
2018-09-19 11:17,,0.000259134,6.49E-07,11:17,2,180919,0,
2018-09-19 11:18,,0.000259134,6.49E-07,11:18,2,180919,0,
2018-09-19 11:19,,0.000259134,6.49E-07,11:19,2,180919,0,
2018-09-19 11:20,,0.000259134,6.49E-07,11:20,2,180919,0,
2018-09-19 11:21,,0.000259134,6.49E-07,11:21,2,180919,0,
2018-09-19 11:22,,0.000259134,6.49E-07,11:22,2,180919,0,
2018-09-19 11:23,,0.000259134,6.49E-07,11:23,2,180919,0,
2018-09-19 11:24,,0.000259134,6.49E-07,11:24,2,180919,0,
2018-09-19 11:25,,0.000259134,6.49E-07,11:25,2,180919,0,
2018-09-19 11:26,,0.000259134,6.49E-07,11:26,2,180919,0,
2018-09-19 11:27,,0.000259134,6.49E-07,11:27,2,180919,0,
2018-09-19 11:28,,0.000259134,6.49E-07,11:28,2,180919,0,
2018-09-19 11:29,,0.000259134,6.49E-07,11:29,2,180919,0,
2018-09-19 11:30,,0.000259134,6.49E-07,11:30,2,180919,0,
2018-09-19 11:31,,0.000259134,6.49E-07,11:31,2,180919,0,
2018-09-19 11:32,,0.000259134,6.49E-07,11:32,2,180919,0,
2018-09-19 11:33,,0.000259134,6.49E-07,11:33,2,180919,0,
2018-09-19 11:34,,0.000259134,6.49E-07,11:34,2,180919,0,
2018-09-19 11:35,,0.000259134,6.49E-07,11:35,2,180919,0,
2018-09-19 11:36,,0.000259134,6.49E-07,11:36,2,180919,0,
2018-09-19 11:37,,0.000259134,6.49E-07,11:37,2,180919,0,
2018-09-19 11:38,,0.000259134,6.49E-07,11:38,2,180919,0,
2018-09-19 11:39,,0.000259134,6.49E-07,11:39,2,180919,0,
2018-09-19 11:40,,0.000259134,6.49E-07,11:40,2,180919,0,
2018-09-19 11:41,,0.000259134,6.49E-07,11:41,2,180919,0,
2018-09-19 11:42,,0.000259134,6.49E-07,11:42,2,180919,0,
2018-09-19 11:43,,0.000259134,6.49E-07,11:43,2,180919,0,
2018-09-19 11:44,,0.000259134,6.49E-07,11:44,2,180919,0,
2018-09-19 11:45,,0.000259134,6.49E-07,11:45,2,180919,0,
2018-09-19 11:46,,0.000259134,6.49E-07,11:46,2,180919,0,
2018-09-19 11:47,,0.000259134,6.49E-07,11:47,2,180919,0,
2018-09-19 11:48,,0.000259134,6.49E-07,11:48,2,180919,0,
2018-09-19 11:49,,0.000259134,6.49E-07,11:49,2,180919,0,
2018-09-19 11:50,,0.000259134,6.49E-07,11:50,2,180919,0,
2018-09-19 11:51,,0.000259134,6.49E-07,11:51,2,180919,0,
2018-09-19 11:52,,0.000259134,6.49E-07,11:52,2,180919,0,
2018-09-19 11:53,,0.000259134,6.49E-07,11:53,2,180919,0,
2018-09-19 11:54,,0.000259134,6.49E-07,11:54,2,180919,0,
2018-09-19 11:55,,0.000259134,6.49E-07,11:55,2,180919,0,
2018-09-19 11:56,,0.000259134,6.49E-07,11:56,2,180919,0,
2018-09-19 11:57,,0.000259134,6.49E-07,11:57,2,180919,0,
2018-09-19 11:58,,0.000259134,6.49E-07,11:58,2,180919,0,
2018-09-19 11:59,,0.000259134,6.49E-07,11:59,2,180919,0,
2018-09-19 12:00,,0.000259134,6.49E-07,12:00,2,180919,0,
2018-09-19 12:01,,0.000259134,6.49E-07,12:01,2,180919,0,
2018-09-19 12:02,,0.000259134,6.49E-07,12:02,2,180919,0,
2018-09-19 12:03,,0.000259134,6.49E-07,12:03,2,180919,0,
2018-09-19 12:04,,0.000259134,6.49E-07,12:04,2,180919,0,
2018-09-19 12:05,,0.000259134,6.49E-07,12:05,2,180919,0,
2018-09-19 12:06,,0.000259134,6.49E-07,12:06,2,180919,0,
2018-09-19 12:07,,0.000259134,6.49E-07,12:07,2,180919,0,
2018-09-19 12:08,,0.000259134,6.49E-07,12:08,2,180919,0,
2018-09-19 12:09,,0.000259134,6.49E-07,12:09,2,180919,0,
2018-09-19 12:10,,0.000259134,6.49E-07,12:10,2,180919,0,
2018-09-19 12:11,,0.000259134,6.49E-07,12:11,2,180919,0,
2018-09-19 12:12,,0.000259134,6.49E-07,12:12,2,180919,0,
2018-09-19 12:13,,0.000259134,6.49E-07,12:13,2,180919,0,
2018-09-19 12:14,,0.000259134,6.49E-07,12:14,2,180919,0,
2018-09-19 12:15,,0.000259134,6.49E-07,12:15,2,180919,0,
2018-09-19 12:16,,0.000259134,6.49E-07,12:16,2,180919,0,
2018-09-19 12:17,,0.000259134,6.49E-07,12:17,2,180919,0,
2018-09-19 12:18,,0.000259134,6.49E-07,12:18,2,180919,0,
2018-09-19 12:19,,0.000259134,6.49E-07,12:19,2,180919,0,
2018-09-19 12:20,,0.000259134,6.49E-07,12:20,2,180919,0,
2018-09-19 12:21,,0.000259134,6.49E-07,12:21,2,180919,0,
2018-09-19 12:22,,0.000259134,6.49E-07,12:22,2,180919,0,
2018-09-19 12:23,,0.000259134,6.49E-07,12:23,2,180919,0,
2018-09-19 12:24,,0.000259134,6.49E-07,12:24,2,180919,0,
2018-09-19 12:25,,0.000259134,6.49E-07,12:25,2,180919,0,
2018-09-19 12:26,,0.000259134,6.49E-07,12:26,2,180919,0,
2018-09-19 12:27,,0.000259134,6.49E-07,12:27,2,180919,0,
2018-09-19 12:28,,0.000259134,6.49E-07,12:28,2,180919,0,
2018-09-19 12:29,,0.000259134,6.49E-07,12:29,2,180919,0,
2018-09-19 12:30,,0.000259134,6.49E-07,12:30,2,180919,0,
2018-09-19 12:31,,0.000259134,6.49E-07,12:31,2,180919,0,
2018-09-19 12:32,,0.000259134,6.49E-07,12:32,2,180919,0,
2018-09-19 12:33,,0.000259134,6.49E-07,12:33,2,180919,0,
2018-09-19 12:34,,0.000259134,6.49E-07,12:34,2,180919,0,
2018-09-19 12:35,,0.000259134,6.49E-07,12:35,2,180919,0,
2018-09-19 12:36,,0.000259134,6.49E-07,12:36,2,180919,0,
2018-09-19 12:37,,0.000259134,6.49E-07,12:37,2,180919,0,
2018-09-19 12:38,,0.000259134,6.49E-07,12:38,2,180919,0,
2018-09-19 12:39,,0.000259134,6.49E-07,12:39,2,180919,0,
2018-09-19 12:40,,0.000259134,6.49E-07,12:40,2,180919,0,
2018-09-19 12:41,,0.000259134,6.49E-07,12:41,2,180919,0,
2018-09-19 12:42,,0.000259134,6.49E-07,12:42,2,180919,0,
2018-09-19 12:43,,0.000259134,6.49E-07,12:43,2,180919,0,
2018-09-19 12:44,,0.000259134,6.49E-07,12:44,2,180919,0,
2018-09-19 12:45,,0.000259134,6.49E-07,12:45,2,180919,0,
2018-09-19 12:46,,0.000259134,6.49E-07,12:46,2,180919,0,
2018-09-19 12:47,,0.000259134,6.49E-07,12:47,2,180919,0,
2018-09-19 12:48,,0.000259134,6.49E-07,12:48,2,180919,0,
2018-09-19 12:49,,0.000259134,6.49E-07,12:49,2,180919,0,
2018-09-19 12:50,,0.000259134,6.49E-07,12:50,2,180919,0,
2018-09-19 12:51,,0.000259134,6.49E-07,12:51,2,180919,0,
2018-09-19 12:52,,0.000259134,6.49E-07,12:52,2,180919,0,
2018-09-19 12:53,,0.000259134,6.49E-07,12:53,2,180919,0,
2018-09-19 12:54,,0.000259134,6.49E-07,12:54,2,180919,0,
2018-09-19 12:55,,0.000259134,6.49E-07,12:55,2,180919,0,
2018-09-19 12:56,,0.000259134,6.49E-07,12:56,2,180919,0,
2018-09-19 12:57,,0.000259134,6.49E-07,12:57,2,180919,0,
2018-09-19 12:58,,0.000259134,6.49E-07,12:58,2,180919,0,
2018-09-19 12:59,,0.000259134,6.49E-07,12:59,2,180919,0,
2018-09-19 13:00,,0.000259134,6.49E-07,13:00,2,180919,0,
2018-09-19 13:01,,0.000259134,6.49E-07,13:01,2,180919,0,
2018-09-19 13:02,,0.000259134,6.49E-07,13:02,2,180919,0,
2018-09-19 13:03,,0.000259134,6.49E-07,13:03,2,180919,0,
2018-09-19 13:04,,0.000259134,6.49E-07,13:04,2,180919,0,
2018-09-19 13:05,,0.000259134,6.49E-07,13:05,2,180919,0,
2018-09-19 13:06,,0.000259134,6.49E-07,13:06,2,180919,0,
2018-09-19 13:07,,0.000259134,6.49E-07,13:07,2,180919,0,
2018-09-19 13:08,,0.000259134,6.49E-07,13:08,2,180919,0,
2018-09-19 13:09,,0.000259134,6.49E-07,13:09,2,180919,0,
2018-09-19 13:10,,0.000259134,6.49E-07,13:10,2,180919,0,
2018-09-19 13:11,,0.000259134,6.49E-07,13:11,2,180919,0,
2018-09-19 13:12,,0.000259134,6.49E-07,13:12,2,180919,0,
2018-09-19 13:13,,0.000259134,6.49E-07,13:13,2,180919,0,
2018-09-19 13:14,,0.000259134,6.49E-07,13:14,2,180919,0,
2018-09-19 13:15,,0.000259134,6.49E-07,13:15,2,180919,0,
2018-09-19 13:16,,0.000259134,6.49E-07,13:16,2,180919,0,
2018-09-19 13:17,,0.000259134,6.49E-07,13:17,2,180919,0,
2018-09-19 13:18,,0.000259134,6.49E-07,13:18,2,180919,0,
2018-09-19 13:19,,0.000259134,6.49E-07,13:19,2,180919,0,
2018-09-19 13:20,,0.000259134,6.49E-07,13:20,2,180919,0,
2018-09-19 13:21,,0.000259134,6.49E-07,13:21,2,180919,0,
2018-09-19 13:22,,0.000259134,6.49E-07,13:22,2,180919,0,
2018-09-19 13:23,,0.000259134,6.49E-07,13:23,2,180919,0,
2018-09-19 13:24,,0.000259134,6.49E-07,13:24,2,180919,0,
2018-09-19 13:25,,0.000259134,6.49E-07,13:25,2,180919,0,
2018-09-19 13:26,,0.000259134,6.49E-07,13:26,2,180919,0,
2018-09-19 13:27,,0.000259134,6.49E-07,13:27,2,180919,0,
2018-09-19 13:28,,0.000259134,6.49E-07,13:28,2,180919,0,
2018-09-19 13:29,,0.000259134,6.49E-07,13:29,2,180919,0,
2018-09-19 13:30,,0.000259134,6.49E-07,13:30,2,180919,0,
2018-09-19 13:31,,0.000259134,6.49E-07,13:31,2,180919,0,
2018-09-19 13:32,,0.000259134,6.49E-07,13:32,2,180919,0,
2018-09-19 13:33,,0.000259134,6.49E-07,13:33,2,180919,0,
2018-09-19 13:34,,0.000259134,6.49E-07,13:34,2,180919,0,
2018-09-19 13:35,,0.000259134,6.49E-07,13:35,2,180919,0,
2018-09-19 13:36,,0.000259134,6.49E-07,13:36,2,180919,0,
2018-09-19 13:37,,0.000259134,6.49E-07,13:37,2,180919,0,
2018-09-19 13:38,,0.000259134,6.49E-07,13:38,2,180919,0,
2018-09-19 13:39,,0.000259134,6.49E-07,13:39,2,180919,0,
2018-09-19 13:40,,0.000259134,6.49E-07,13:40,2,180919,0,
2018-09-19 13:41,,0.000259134,6.49E-07,13:41,2,180919,0,
2018-09-19 13:42,,0.000259134,6.49E-07,13:42,2,180919,0,
2018-09-19 13:43,,0.000259134,6.49E-07,13:43,2,180919,0,
2018-09-19 13:44,,0.000259134,6.49E-07,13:44,2,180919,0,
2018-09-19 13:45,,0.000259134,6.49E-07,13:45,2,180919,0,
2018-09-19 13:46,,0.000259134,6.49E-07,13:46,2,180919,0,
2018-09-19 13:47,,0.000259134,6.49E-07,13:47,2,180919,0,
2018-09-19 13:48,,0.000259134,6.49E-07,13:48,2,180919,0,
2018-09-19 13:49,,0.000259134,6.49E-07,13:49,2,180919,0,
2018-09-19 13:50,,0.000259134,6.49E-07,13:50,2,180919,0,
2018-09-19 13:51,,0.000259134,6.49E-07,13:51,2,180919,0,
2018-09-19 13:52,,0.000259134,6.49E-07,13:52,2,180919,0,
2018-09-19 13:53,,0.000259134,6.49E-07,13:53,2,180919,0,
2018-09-19 13:54,,0.000259134,6.49E-07,13:54,2,180919,0,
2018-09-19 13:55,,0.000259134,6.49E-07,13:55,2,180919,0,
2018-09-19 13:56,,0.000259134,6.49E-07,13:56,2,180919,0,
2018-09-19 13:57,,0.000259134,6.49E-07,13:57,2,180919,0,
2018-09-19 13:58,,0.000259134,6.49E-07,13:58,2,180919,0,
2018-09-19 13:59,,0.000259134,6.49E-07,13:59,2,180919,0,
2018-09-19 14:00,,0.000259134,6.49E-07,14:00,2,180919,0,
2018-09-19 14:01,,0.000259134,6.49E-07,14:01,2,180919,0,
2018-09-19 14:02,,0.000259134,6.49E-07,14:02,2,180919,0,
2018-09-19 14:03,,0.000259134,6.49E-07,14:03,2,180919,0,
2018-09-19 14:04,,0.000259134,6.49E-07,14:04,2,180919,0,
2018-09-19 14:05,,0.000259134,6.49E-07,14:05,2,180919,0,
2018-09-19 14:06,,0.000259134,6.49E-07,14:06,2,180919,0,
2018-09-19 14:07,,0.000259134,6.49E-07,14:07,2,180919,0,
2018-09-19 14:08,,0.000259134,6.49E-07,14:08,2,180919,0,
2018-09-19 14:09,,0.000259134,6.49E-07,14:09,2,180919,0,
2018-09-19 14:10,,0.000259134,6.49E-07,14:10,2,180919,0,
2018-09-19 14:11,,0.000259134,6.49E-07,14:11,2,180919,0,
2018-09-19 14:12,,0.000259134,6.49E-07,14:12,2,180919,0,
2018-09-19 14:13,,0.000259134,6.49E-07,14:13,2,180919,0,
2018-09-19 14:14,,0.000259134,6.49E-07,14:14,2,180919,0,
2018-09-19 14:15,,0.000259134,6.49E-07,14:15,2,180919,0,
2018-09-19 14:16,,0.000259134,6.49E-07,14:16,2,180919,0,
2018-09-19 14:17,,0.000259134,6.49E-07,14:17,2,180919,0,
2018-09-19 14:18,,0.000259134,6.49E-07,14:18,2,180919,0,
2018-09-19 14:19,,0.000259134,6.49E-07,14:19,2,180919,0,
2018-09-19 14:20,,0.000259134,6.49E-07,14:20,2,180919,0,
2018-09-19 14:21,,0.000259134,6.49E-07,14:21,2,180919,0,
2018-09-19 14:22,,0.000259134,6.49E-07,14:22,2,180919,0,
2018-09-19 14:23,,0.000259134,6.49E-07,14:23,2,180919,0,
2018-09-19 14:24,,0.000259134,6.49E-07,14:24,2,180919,0,
2018-09-19 14:25,,0.000259134,6.49E-07,14:25,2,180919,0,
2018-09-19 14:26,,0.000259134,6.49E-07,14:26,2,180919,0,
2018-09-19 14:27,,0.000259134,6.49E-07,14:27,2,180919,0,
2018-09-19 14:28,,0.000259134,6.49E-07,14:28,2,180919,0,
2018-09-19 14:29,,0.000259134,6.49E-07,14:29,2,180919,0,
2018-09-19 14:30,,0.000259134,6.49E-07,14:30,2,180919,0,
2018-09-19 14:31,,0.000259134,6.49E-07,14:31,2,180919,0,
2018-09-19 14:32,,0.000259134,6.49E-07,14:32,2,180919,0,
2018-09-19 14:33,,0.000259134,6.49E-07,14:33,2,180919,0,
2018-09-19 14:34,,0.000259134,6.49E-07,14:34,2,180919,0,
2018-09-19 14:35,,0.000259134,6.49E-07,14:35,2,180919,0,
2018-09-19 14:36,,0.000259134,6.49E-07,14:36,2,180919,0,
2018-09-19 14:37,,0.000259134,6.49E-07,14:37,2,180919,0,
2018-09-19 14:38,,0.000259134,6.49E-07,14:38,2,180919,0,
2018-09-19 14:39,,0.000259134,6.49E-07,14:39,2,180919,0,
2018-09-19 14:40,,0.000259134,6.49E-07,14:40,2,180919,0,
2018-09-19 14:41,,0.000259134,6.49E-07,14:41,2,180919,0,
2018-09-19 14:42,,0.000259134,6.49E-07,14:42,2,180919,0,
2018-09-19 14:43,,0.000259134,6.49E-07,14:43,2,180919,0,
2018-09-19 14:44,,0.000259134,6.49E-07,14:44,2,180919,0,
2018-09-19 14:45,,0.000259134,6.49E-07,14:45,2,180919,0,
2018-09-19 14:46,,0.000259134,6.49E-07,14:46,2,180919,0,
2018-09-19 14:47,,0.000259134,6.49E-07,14:47,2,180919,0,
2018-09-19 14:48,,0.000259134,6.49E-07,14:48,2,180919,0,
2018-09-19 14:49,,0.000259134,6.49E-07,14:49,2,180919,0,
2018-09-19 14:50,,0.000259134,6.49E-07,14:50,2,180919,0,
2018-09-19 14:51,,0.000259134,6.49E-07,14:51,2,180919,0,
2018-09-19 14:52,,0.000259134,6.49E-07,14:52,2,180919,0,
2018-09-19 14:53,,0.000259134,6.49E-07,14:53,2,180919,0,
2018-09-19 14:54,,0.000259134,6.49E-07,14:54,2,180919,0,
2018-09-19 14:55,,0.000259134,6.49E-07,14:55,2,180919,0,
2018-09-19 14:56,,0.000259134,6.49E-07,14:56,2,180919,0,
2018-09-19 14:57,,0.000259134,6.49E-07,14:57,2,180919,0,
2018-09-19 14:58,,0.000259134,6.49E-07,14:58,2,180919,0,
2018-09-19 14:59,,0.000259134,6.49E-07,14:59,2,180919,0,
2018-09-19 15:00,,0.000259134,6.49E-07,15:00,2,180919,0,
2018-09-19 15:01,,0.000259134,6.49E-07,15:01,2,180919,0,
2018-09-19 15:02,,0.000259134,6.49E-07,15:02,2,180919,0,
2018-09-19 15:03,1,0.000259134,6.49E-07,15:03,2,180919,0,
2018-09-19 15:04,,0.000362877,7.34E-05,15:04,2,180919,0,
2018-09-19 15:05,,0.000362877,6.49E-07,15:05,2,180919,0,
2018-09-19 15:06,,0.000362877,6.49E-07,15:06,2,180919,0,
2018-09-19 15:07,,0.000362877,6.49E-07,15:07,2,180919,0,
2018-09-19 15:08,,0.000362877,6.49E-07,15:08,2,180919,0,
2018-09-19 15:09,,0.000362877,6.49E-07,15:09,2,180919,0,
2018-09-19 15:10,,0.000362877,6.49E-07,15:10,2,180919,0,
2018-09-19 15:11,,0.000362877,6.49E-07,15:11,2,180919,0,
2018-09-19 15:12,,0.000362877,6.49E-07,15:12,2,180919,0,
2018-09-19 15:13,,0.000362877,6.49E-07,15:13,2,180919,0,
2018-09-19 15:14,,0.000362877,6.49E-07,15:14,2,180919,0,
2018-09-19 15:15,,0.000362877,6.49E-07,15:15,2,180919,0,
2018-09-19 15:16,,0.000362877,6.49E-07,15:16,2,180919,0,
2018-09-19 15:17,,0.000362877,6.49E-07,15:17,2,180919,0,
2018-09-19 15:18,,0.000362877,6.49E-07,15:18,2,180919,0,
2018-09-19 15:19,,0.000362877,6.49E-07,15:19,2,180919,0,
2018-09-19 15:20,,0.000362877,6.49E-07,15:20,2,180919,0,
2018-09-19 15:21,,0.000362877,6.49E-07,15:21,2,180919,0,
2018-09-19 15:22,,0.000362877,6.49E-07,15:22,2,180919,0,
2018-09-19 15:23,,0.000362877,6.49E-07,15:23,2,180919,0,
2018-09-19 15:24,,0.000362877,6.49E-07,15:24,2,180919,0,
2018-09-19 15:25,,0.000362877,6.49E-07,15:25,2,180919,0,
2018-09-19 15:26,,0.000362877,6.49E-07,15:26,2,180919,0,
2018-09-19 15:27,,0.000362877,6.49E-07,15:27,2,180919,0,
2018-09-19 15:28,,0.000362877,6.49E-07,15:28,2,180919,0,
2018-09-19 15:29,,0.000362877,6.49E-07,15:29,2,180919,0,
2018-09-19 15:30,,0.000362877,6.49E-07,15:30,2,180919,0,
2018-09-19 15:31,,0.000362877,6.49E-07,15:31,2,180919,0,
2018-09-19 15:32,,0.000362877,6.49E-07,15:32,2,180919,0,
2018-09-19 15:33,,0.000362877,6.49E-07,15:33,2,180919,0,
2018-09-19 15:34,,0.000362877,6.49E-07,15:34,2,180919,0,
2018-09-19 15:35,,0.000362877,6.49E-07,15:35,2,180919,0,
2018-09-19 15:36,,0.000362877,6.49E-07,15:36,2,180919,0,
2018-09-19 15:37,,0.000362877,6.49E-07,15:37,2,180919,0,
2018-09-19 15:38,,0.000362877,6.49E-07,15:38,2,180919,0,
2018-09-19 15:39,,0.000362877,6.49E-07,15:39,2,180919,0,
2018-09-19 15:40,,0.000362877,6.49E-07,15:40,2,180919,0,
2018-09-19 15:41,,0.000362877,6.49E-07,15:41,2,180919,0,
2018-09-19 15:42,,0.000362877,6.49E-07,15:42,2,180919,0,
2018-09-19 15:43,,0.000362877,6.49E-07,15:43,2,180919,0,
2018-09-19 15:44,,0.000362877,6.49E-07,15:44,2,180919,0,
2018-09-19 15:45,,0.000362877,6.49E-07,15:45,2,180919,0,
2018-09-19 15:46,,0.000362877,6.49E-07,15:46,2,180919,0,
2018-09-19 15:47,,0.000362877,6.49E-07,15:47,2,180919,0,
2018-09-19 15:48,,0.000362877,6.49E-07,15:48,2,180919,0,
2018-09-19 15:49,,0.000362877,6.49E-07,15:49,2,180919,0,
2018-09-19 15:50,,0.000362877,6.49E-07,15:50,2,180919,0,
2018-09-19 15:51,,0.000362877,6.49E-07,15:51,2,180919,0,
2018-09-19 15:52,,0.000362877,6.49E-07,15:52,2,180919,0,
2018-09-19 15:53,,0.000362877,6.49E-07,15:53,2,180919,0,
2018-09-19 15:54,,0.000362877,6.49E-07,15:54,2,180919,0,
2018-09-19 15:55,,0.000362877,6.49E-07,15:55,2,180919,0,
2018-09-19 15:56,,0.000362877,6.49E-07,15:56,2,180919,0,
2018-09-19 15:57,,0.000362877,6.49E-07,15:57,2,180919,0,
2018-09-19 15:58,,0.000362877,6.49E-07,15:58,2,180919,0,
2018-09-19 15:59,,0.000362877,6.49E-07,15:59,2,180919,0,
2018-09-19 16:00,,0.000362877,6.49E-07,16:00,2,180919,0,
2018-09-19 16:01,,0.000362877,6.49E-07,16:01,2,180919,0,
2018-09-19 16:02,,0.000362877,6.49E-07,16:02,2,180919,0,
2018-09-19 16:03,,0.000362877,6.49E-07,16:03,2,180919,0,
2018-09-19 16:04,,0.000362877,6.49E-07,16:04,2,180919,0,
2018-09-19 16:05,,0.000362877,6.49E-07,16:05,2,180919,0,
2018-09-19 16:06,,0.000362877,6.49E-07,16:06,2,180919,0,
2018-09-19 16:07,,0.000362877,6.49E-07,16:07,2,180919,0,
2018-09-19 16:08,,0.000362877,6.49E-07,16:08,2,180919,0,
2018-09-19 16:09,,0.000362877,6.49E-07,16:09,2,180919,0,
2018-09-19 16:10,,0.000362877,6.49E-07,16:10,2,180919,0,
2018-09-19 16:11,,0.000362877,6.49E-07,16:11,2,180919,0,
2018-09-19 16:12,,0.000362877,6.49E-07,16:12,2,180919,0,
2018-09-19 16:13,,0.000362877,6.49E-07,16:13,2,180919,0,
2018-09-19 16:14,,0.000362877,6.49E-07,16:14,2,180919,0,
2018-09-19 16:15,,0.000362877,6.49E-07,16:15,2,180919,0,
2018-09-19 16:16,,0.000362877,6.49E-07,16:16,2,180919,0,
2018-09-19 16:17,,0.000362877,6.49E-07,16:17,2,180919,0,
2018-09-19 16:18,,0.000362877,6.49E-07,16:18,2,180919,0,
2018-09-19 16:19,,0.000362877,6.49E-07,16:19,2,180919,0,
2018-09-19 16:20,,0.000362877,6.49E-07,16:20,2,180919,0,
2018-09-19 16:21,,0.000362877,6.49E-07,16:21,2,180919,0,
2018-09-19 16:22,,0.000362877,6.49E-07,16:22,2,180919,0,
2018-09-19 16:23,,0.000362877,6.49E-07,16:23,2,180919,0,
2018-09-19 16:24,,0.000362877,6.49E-07,16:24,2,180919,0,
2018-09-19 16:25,,0.000362877,6.49E-07,16:25,2,180919,0,
2018-09-19 16:26,,0.000362877,6.49E-07,16:26,2,180919,0,
2018-09-19 16:27,,0.000362877,6.49E-07,16:27,2,180919,0,
2018-09-19 16:28,,0.000362877,6.49E-07,16:28,2,180919,0,
2018-09-19 16:29,,0.000362877,6.49E-07,16:29,2,180919,0,
2018-09-19 16:30,,0.000362877,6.49E-07,16:30,2,180919,0,
2018-09-19 16:31,,0.000362877,6.49E-07,16:31,2,180919,0,
2018-09-19 16:32,,0.000362877,6.49E-07,16:32,2,180919,0,
2018-09-19 16:33,,0.000362877,6.49E-07,16:33,2,180919,0,
2018-09-19 16:34,,0.000362877,6.49E-07,16:34,2,180919,0,
2018-09-19 16:35,,0.000362877,6.49E-07,16:35,2,180919,0,
2018-09-19 16:36,,0.000362877,6.49E-07,16:36,2,180919,0,
2018-09-19 16:37,,0.000362877,6.49E-07,16:37,2,180919,0,
2018-09-19 16:38,,0.000362877,6.49E-07,16:38,2,180919,0,
2018-09-19 16:39,,0.000362877,6.49E-07,16:39,2,180919,0,
2018-09-19 16:40,,0.000362877,6.49E-07,16:40,2,180919,0,
2018-09-19 16:41,,0.000362877,6.49E-07,16:41,2,180919,0,
2018-09-19 16:42,,0.000362877,6.49E-07,16:42,2,180919,0,
2018-09-19 16:43,,0.000362877,6.49E-07,16:43,2,180919,0,
2018-09-19 16:44,,0.000362877,6.49E-07,16:44,2,180919,0,
2018-09-19 16:45,,0.000362877,6.49E-07,16:45,2,180919,0,
2018-09-19 16:46,,0.000362877,6.49E-07,16:46,2,180919,0,
2018-09-19 16:47,,0.000362877,6.49E-07,16:47,2,180919,0,
2018-09-19 16:48,,0.000362877,6.49E-07,16:48,2,180919,0,
2018-09-19 16:49,,0.000362877,6.49E-07,16:49,2,180919,0,
2018-09-19 16:50,,0.000362877,6.49E-07,16:50,2,180919,0,
2018-09-19 16:51,,0.000362877,6.49E-07,16:51,2,180919,0,
2018-09-19 16:52,,0.000362877,6.49E-07,16:52,2,180919,0,
2018-09-19 16:53,,0.000362877,6.49E-07,16:53,2,180919,0,
2018-09-19 16:54,,0.000362877,6.49E-07,16:54,2,180919,0,
2018-09-19 16:55,,0.000362877,6.49E-07,16:55,2,180919,0,
2018-09-19 16:56,,0.000362877,6.49E-07,16:56,2,180919,0,
2018-09-19 16:57,,0.000362877,6.49E-07,16:57,2,180919,0,
2018-09-19 16:58,,0.000362877,6.49E-07,16:58,2,180919,0,
2018-09-19 16:59,,0.000362877,6.49E-07,16:59,2,180919,0,
2018-09-19 17:00,,0.000362877,6.49E-07,17:00,2,180919,0,
2018-09-19 17:01,,0.000362877,6.49E-07,17:01,2,180919,0,
2018-09-19 17:02,,0.000362877,6.49E-07,17:02,2,180919,0,
2018-09-19 17:03,,0.000362877,6.49E-07,17:03,2,180919,0,
2018-09-19 17:04,,0.000362877,6.49E-07,17:04,2,180919,0,
2018-09-19 17:05,,0.000362877,6.49E-07,17:05,2,180919,0,
2018-09-19 17:06,,0.000362877,6.49E-07,17:06,2,180919,0,
2018-09-19 17:07,,0.000362877,6.49E-07,17:07,2,180919,0,
2018-09-19 17:08,,0.000362877,6.49E-07,17:08,2,180919,0,
2018-09-19 17:09,,0.000362877,6.49E-07,17:09,2,180919,0,
2018-09-19 17:10,,0.000362877,6.49E-07,17:10,2,180919,0,
2018-09-19 17:11,,0.000362877,6.49E-07,17:11,2,180919,0,
2018-09-19 17:12,,0.000362877,6.49E-07,17:12,2,180919,0,
2018-09-19 17:13,,0.000362877,6.49E-07,17:13,2,180919,0,
2018-09-19 17:14,,0.000362877,6.49E-07,17:14,2,180919,0,
2018-09-19 17:15,,0.000362877,6.49E-07,17:15,2,180919,0,
2018-09-19 17:16,,0.000362877,6.49E-07,17:16,2,180919,0,
2018-09-19 17:17,,0.000362877,6.49E-07,17:17,2,180919,0,
2018-09-19 17:18,,0.000362877,6.49E-07,17:18,2,180919,0,
2018-09-19 17:19,,0.000362877,6.49E-07,17:19,2,180919,0,
2018-09-19 17:20,,0.000362877,6.49E-07,17:20,2,180919,0,
2018-09-19 17:21,,0.000362877,6.49E-07,17:21,2,180919,0,
2018-09-19 17:22,,0.000362877,6.49E-07,17:22,2,180919,0,
2018-09-19 17:23,,0.000362877,6.49E-07,17:23,2,180919,0,
2018-09-19 17:24,,0.000362877,6.49E-07,17:24,2,180919,0,
2018-09-19 17:25,,0.000362877,6.49E-07,17:25,2,180919,0,
2018-09-19 17:26,,0.000362877,6.49E-07,17:26,2,180919,0,
2018-09-19 17:27,,0.000362877,6.49E-07,17:27,2,180919,0,
2018-09-19 17:28,,0.000362877,6.49E-07,17:28,2,180919,0,
2018-09-19 17:29,,0.000362877,6.49E-07,17:29,2,180919,0,
2018-09-19 17:30,,0.000362877,6.49E-07,17:30,2,180919,0,
2018-09-19 17:31,,0.000362877,6.49E-07,17:31,2,180919,0,
2018-09-19 17:32,,0.000362877,6.49E-07,17:32,2,180919,0,
2018-09-19 17:33,,0.000362877,6.49E-07,17:33,2,180919,0,
2018-09-19 17:34,,0.000362877,6.49E-07,17:34,2,180919,0,
2018-09-19 17:35,,0.000362877,6.49E-07,17:35,2,180919,0,
2018-09-19 17:36,,0.000362877,6.49E-07,17:36,2,180919,0,
2018-09-19 17:37,,0.000362877,6.49E-07,17:37,2,180919,0,
2018-09-19 17:38,,0.000362877,6.49E-07,17:38,2,180919,0,
2018-09-19 17:39,,0.000362877,6.49E-07,17:39,2,180919,0,
2018-09-19 17:40,,0.000362877,6.49E-07,17:40,2,180919,0,
2018-09-19 17:41,,0.000362877,6.49E-07,17:41,2,180919,0,
2018-09-19 17:42,,0.000362877,6.49E-07,17:42,2,180919,0,
2018-09-19 17:43,,0.000362877,6.49E-07,17:43,2,180919,0,
2018-09-19 17:44,,0.000362877,6.49E-07,17:44,2,180919,0,
2018-09-19 17:45,,0.000362877,6.49E-07,17:45,2,180919,0,
2018-09-19 17:46,,0.000362877,6.49E-07,17:46,2,180919,0,
2018-09-19 17:47,,0.000362877,6.49E-07,17:47,2,180919,0,
2018-09-19 17:48,,0.000362877,6.49E-07,17:48,2,180919,0,
2018-09-19 17:49,,0.000362877,6.49E-07,17:49,2,180919,0,
2018-09-19 17:50,,0.000362877,6.49E-07,17:50,2,180919,0,
2018-09-19 17:51,,0.000362877,6.49E-07,17:51,2,180919,0,
2018-09-19 17:52,,0.000362877,6.49E-07,17:52,2,180919,0,
2018-09-19 17:53,,0.000362877,6.49E-07,17:53,2,180919,0,
2018-09-19 17:54,,0.000362877,6.49E-07,17:54,2,180919,0,
2018-09-19 17:55,,0.000362877,6.49E-07,17:55,2,180919,0,
2018-09-19 17:56,,0.000362877,6.49E-07,17:56,2,180919,0,
2018-09-19 17:57,,0.000362877,6.49E-07,17:57,2,180919,0,
2018-09-19 17:58,,0.000362877,6.49E-07,17:58,2,180919,0,
2018-09-19 17:59,,0.000362877,6.49E-07,17:59,2,180919,0,
2018-09-19 18:00,,0.000362877,6.49E-07,18:00,2,180919,0,
2018-09-19 18:01,,0.000362877,6.49E-07,18:01,2,180919,0,
2018-09-19 18:02,,0.000362877,6.49E-07,18:02,2,180919,0,
2018-09-19 18:03,,0.000362877,6.49E-07,18:03,2,180919,0,
2018-09-19 18:04,,0.000362877,6.49E-07,18:04,2,180919,0,
2018-09-19 18:05,,0.000362877,6.49E-07,18:05,2,180919,0,
2018-09-19 18:06,,0.000362877,6.49E-07,18:06,2,180919,0,
2018-09-19 18:07,,0.000362877,6.49E-07,18:07,2,180919,0,
2018-09-19 18:08,,0.000362877,6.49E-07,18:08,2,180919,0,
2018-09-19 18:09,,0.000362877,6.49E-07,18:09,2,180919,0,
2018-09-19 18:10,,0.000362877,6.49E-07,18:10,2,180919,0,
2018-09-19 18:11,,0.000362877,6.49E-07,18:11,2,180919,0,
2018-09-19 18:12,,0.000362877,6.49E-07,18:12,2,180919,0,
2018-09-19 18:13,,0.000362877,6.49E-07,18:13,2,180919,0,
2018-09-19 18:14,,0.000362877,6.49E-07,18:14,2,180919,0,
2018-09-19 18:15,,0.000362877,6.49E-07,18:15,2,180919,0,
2018-09-19 18:16,,0.000362877,6.49E-07,18:16,2,180919,0,
2018-09-19 18:17,,0.000362877,6.49E-07,18:17,2,180919,0,
2018-09-19 18:18,,0.000362877,6.49E-07,18:18,2,180919,0,
2018-09-19 18:19,,0.000362877,6.49E-07,18:19,2,180919,0,
2018-09-19 18:20,,0.000362877,6.49E-07,18:20,2,180919,0,
2018-09-19 18:21,,0.000362877,6.49E-07,18:21,2,180919,0,
2018-09-19 18:22,,0.000362877,6.49E-07,18:22,2,180919,0,
2018-09-19 18:23,,0.000362877,6.49E-07,18:23,2,180919,0,
2018-09-19 18:24,,0.000362877,6.49E-07,18:24,2,180919,0,
2018-09-19 18:25,,0.000362877,6.49E-07,18:25,2,180919,0,
2018-09-19 18:26,,0.000362877,6.49E-07,18:26,2,180919,0,
2018-09-19 18:27,,0.000362877,6.49E-07,18:27,2,180919,0,
2018-09-19 18:28,,0.000362877,6.49E-07,18:28,2,180919,0,
2018-09-19 18:29,,0.000362877,6.49E-07,18:29,2,180919,0,
2018-09-19 18:30,,0.000362877,6.49E-07,18:30,2,180919,0,
2018-09-19 18:31,,0.000362877,6.49E-07,18:31,2,180919,0,
2018-09-19 18:32,,0.000362877,6.49E-07,18:32,2,180919,0,
2018-09-19 18:33,,0.000362877,6.49E-07,18:33,2,180919,0,
2018-09-19 18:34,,0.000362877,6.49E-07,18:34,2,180919,0,
2018-09-19 18:35,,0.000362877,6.49E-07,18:35,2,180919,0,
2018-09-19 18:36,,0.000362877,6.49E-07,18:36,2,180919,0,
2018-09-19 18:37,,0.000362877,6.49E-07,18:37,2,180919,0,
2018-09-19 18:38,,0.000362877,6.49E-07,18:38,2,180919,0,
2018-09-19 18:39,,0.000362877,6.49E-07,18:39,2,180919,0,
2018-09-19 18:40,,0.000362877,6.49E-07,18:40,2,180919,0,
2018-09-19 18:41,,0.000362877,6.49E-07,18:41,2,180919,0,
2018-09-19 18:42,,0.000362877,6.49E-07,18:42,2,180919,0,
2018-09-19 18:43,,0.000362877,6.49E-07,18:43,2,180919,0,
2018-09-19 18:44,,0.000362877,6.49E-07,18:44,2,180919,0,
2018-09-19 18:45,,0.000362877,6.49E-07,18:45,2,180919,0,
2018-09-19 18:46,,0.000362877,6.49E-07,18:46,2,180919,0,
2018-09-19 18:47,,0.000362877,6.49E-07,18:47,2,180919,0,
2018-09-19 18:48,,0.000362877,6.49E-07,18:48,2,180919,0,
2018-09-19 18:49,,0.000362877,6.49E-07,18:49,2,180919,0,
2018-09-19 18:50,,0.000362877,6.49E-07,18:50,2,180919,0,
2018-09-19 18:51,,0.000362877,6.49E-07,18:51,2,180919,0,
2018-09-19 18:52,,0.000362877,6.49E-07,18:52,2,180919,0,
2018-09-19 18:53,,0.000362877,6.49E-07,18:53,2,180919,0,
2018-09-19 18:54,,0.000362877,6.49E-07,18:54,2,180919,0,
2018-09-19 18:55,,0.000362877,6.49E-07,18:55,2,180919,0,
2018-09-19 18:56,,0.000362877,6.49E-07,18:56,2,180919,0,
2018-09-19 18:57,,0.000362877,6.49E-07,18:57,2,180919,0,
2018-09-19 18:58,,0.000362877,6.49E-07,18:58,2,180919,0,
2018-09-19 18:59,,0.000362877,6.49E-07,18:59,2,180919,0,
2018-09-19 19:00,,0.000362877,6.49E-07,19:00,2,180919,0,
2018-09-19 19:01,,0.000362877,6.49E-07,19:01,2,180919,0,
2018-09-19 19:02,,0.000362877,6.49E-07,19:02,2,180919,0,
2018-09-19 19:03,,0.000362877,6.49E-07,19:03,2,180919,0,
2018-09-19 19:04,,0.000362877,6.49E-07,19:04,2,180919,0,
2018-09-19 19:05,,0.000362877,6.49E-07,19:05,2,180919,0,
2018-09-19 19:06,,0.000362877,6.49E-07,19:06,2,180919,0,
2018-09-19 19:07,,0.000362877,6.49E-07,19:07,2,180919,0,
2018-09-19 19:08,,0.000362877,6.49E-07,19:08,2,180919,0,
2018-09-19 19:09,,0.000362877,6.49E-07,19:09,2,180919,0,
2018-09-19 19:10,,0.000362877,6.49E-07,19:10,2,180919,0,
2018-09-19 19:11,,0.000362877,6.49E-07,19:11,2,180919,0,
2018-09-19 19:12,,0.000362877,6.49E-07,19:12,2,180919,0,
2018-09-19 19:13,,0.000362877,6.49E-07,19:13,2,180919,0,
2018-09-19 19:14,,0.000362877,6.49E-07,19:14,2,180919,0,
2018-09-19 19:15,,0.000362877,6.49E-07,19:15,2,180919,0,
2018-09-19 19:16,,0.000362877,6.49E-07,19:16,2,180919,0,
2018-09-19 19:17,,0.000362877,6.49E-07,19:17,2,180919,0,
2018-09-19 19:18,,0.000362877,6.49E-07,19:18,2,180919,0,
2018-09-19 19:19,,0.000362877,6.49E-07,19:19,2,180919,0,
2018-09-19 19:20,,0.000362877,6.49E-07,19:20,2,180919,0,
2018-09-19 19:21,,0.000362877,6.49E-07,19:21,2,180919,0,
2018-09-19 19:22,,0.000362877,6.49E-07,19:22,2,180919,0,
2018-09-19 19:23,,0.000362877,6.49E-07,19:23,2,180919,0,
2018-09-19 19:24,,0.000362877,6.49E-07,19:24,2,180919,0,
2018-09-19 19:25,,0.000362877,6.49E-07,19:25,2,180919,0,
2018-09-19 19:26,,0.000362877,6.49E-07,19:26,2,180919,0,
2018-09-19 19:27,,0.000362877,6.49E-07,19:27,2,180919,0,
2018-09-19 19:28,,0.000362877,6.49E-07,19:28,2,180919,0,
2018-09-19 19:29,,0.000362877,6.49E-07,19:29,2,180919,0,
2018-09-19 19:30,,0.000362877,6.49E-07,19:30,2,180919,0,
2018-09-19 19:31,,0.000362877,6.49E-07,19:31,2,180919,0,
2018-09-19 19:32,,0.000362877,6.49E-07,19:32,2,180919,0,
2018-09-19 19:33,,0.000362877,6.49E-07,19:33,2,180919,0,
2018-09-19 19:34,,0.000362877,6.49E-07,19:34,2,180919,0,
2018-09-19 19:35,,0.000362877,6.49E-07,19:35,2,180919,0,
2018-09-19 19:36,,0.000362877,6.49E-07,19:36,2,180919,0,
2018-09-19 19:37,,0.000362877,6.49E-07,19:37,2,180919,0,
2018-09-19 19:38,,0.000362877,6.49E-07,19:38,2,180919,0,
2018-09-19 19:39,,0.000362877,6.49E-07,19:39,2,180919,0,
2018-09-19 19:40,,0.000362877,6.49E-07,19:40,2,180919,0,
2018-09-19 19:41,,0.000362877,6.49E-07,19:41,2,180919,0,
2018-09-19 19:42,,0.000362877,6.49E-07,19:42,2,180919,0,
2018-09-19 19:43,,0.000362877,6.49E-07,19:43,2,180919,0,
2018-09-19 19:44,,0.000362877,6.49E-07,19:44,2,180919,0,
2018-09-19 19:45,,0.000362877,6.49E-07,19:45,2,180919,0,
2018-09-19 19:46,,0.000362877,6.49E-07,19:46,2,180919,0,
2018-09-19 19:47,,0.000362877,6.49E-07,19:47,2,180919,0,
2018-09-19 19:48,,0.000362877,6.49E-07,19:48,2,180919,0,
2018-09-19 19:49,,0.000362877,6.49E-07,19:49,2,180919,0,
2018-09-19 19:50,,0.000362877,6.49E-07,19:50,2,180919,0,
2018-09-19 19:51,,0.000362877,6.49E-07,19:51,2,180919,0,
2018-09-19 19:52,,0.000362877,6.49E-07,19:52,2,180919,0,
2018-09-19 19:53,,0.000362877,6.49E-07,19:53,2,180919,0,
2018-09-19 19:54,,0.000362877,6.49E-07,19:54,2,180919,0,
2018-09-19 19:55,,0.000362877,6.49E-07,19:55,2,180919,0,
2018-09-19 19:56,,0.000362877,6.49E-07,19:56,2,180919,0,
2018-09-19 19:57,,0.000362877,6.49E-07,19:57,2,180919,0,
2018-09-19 19:58,,0.000362877,6.49E-07,19:58,2,180919,0,
2018-09-19 19:59,,0.000362877,6.49E-07,19:59,2,180919,0,
2018-09-19 20:00,,0.000362877,6.49E-07,20:00,2,180919,0,
2018-09-19 20:01,,0.000362877,6.49E-07,20:01,2,180919,0,
2018-09-19 20:02,,0.000362877,6.49E-07,20:02,2,180919,0,
2018-09-19 20:03,,0.000362877,6.49E-07,20:03,2,180919,0,
2018-09-19 20:04,,0.000362877,6.49E-07,20:04,2,180919,0,
2018-09-19 20:05,,0.000362877,6.49E-07,20:05,2,180919,0,
2018-09-19 20:06,,0.000362877,6.49E-07,20:06,2,180919,0,
2018-09-19 20:07,,0.000362877,6.49E-07,20:07,2,180919,0,
2018-09-19 20:08,,0.000362877,6.49E-07,20:08,2,180919,0,
2018-09-19 20:09,,0.000362877,6.49E-07,20:09,2,180919,0,
2018-09-19 20:10,,0.000362877,6.49E-07,20:10,2,180919,0,
2018-09-19 20:11,,0.000362877,6.49E-07,20:11,2,180919,0,
2018-09-19 20:12,,0.000362877,6.49E-07,20:12,2,180919,0,
2018-09-19 20:13,,0.000362877,6.49E-07,20:13,2,180919,0,
2018-09-19 20:14,,0.000362877,6.49E-07,20:14,2,180919,0,
2018-09-19 20:15,,0.000362877,6.49E-07,20:15,2,180919,0,
2018-09-19 20:16,,0.000362877,6.49E-07,20:16,2,180919,0,
2018-09-19 20:17,,0.000362877,6.49E-07,20:17,2,180919,0,
2018-09-19 20:18,,0.000362877,6.49E-07,20:18,2,180919,0,
2018-09-19 20:19,,0.000362877,6.49E-07,20:19,2,180919,0,
2018-09-19 20:20,,0.000362877,6.49E-07,20:20,2,180919,0,
2018-09-19 20:21,,0.000362877,6.49E-07,20:21,2,180919,0,
2018-09-19 20:22,,0.000362877,6.49E-07,20:22,2,180919,0,
2018-09-19 20:23,,0.000362877,6.49E-07,20:23,2,180919,0,
2018-09-19 20:24,,0.000362877,6.49E-07,20:24,2,180919,0,
2018-09-19 20:25,,0.000362877,6.49E-07,20:25,2,180919,0,
2018-09-19 20:26,,0.000362877,6.49E-07,20:26,2,180919,0,
2018-09-19 20:27,,0.000362877,6.49E-07,20:27,2,180919,0,
2018-09-19 20:28,,0.000362877,6.49E-07,20:28,2,180919,0,
2018-09-19 20:29,,0.000362877,6.49E-07,20:29,2,180919,0,
2018-09-19 20:30,,0.000362877,6.49E-07,20:30,2,180919,0,
2018-09-19 20:31,,0.000362877,6.49E-07,20:31,2,180919,0,
2018-09-19 20:32,,0.000362877,6.49E-07,20:32,2,180919,0,
2018-09-19 20:33,,0.000362877,6.49E-07,20:33,2,180919,0,
2018-09-19 20:34,,0.000362877,6.49E-07,20:34,2,180919,0,
2018-09-19 20:35,,0.000362877,6.49E-07,20:35,2,180919,0,
2018-09-19 20:36,,0.000362877,6.49E-07,20:36,2,180919,0,
2018-09-19 20:37,,0.000362877,6.49E-07,20:37,2,180919,0,
2018-09-19 20:38,,0.000362877,6.49E-07,20:38,2,180919,0,
2018-09-19 20:39,,0.000362877,6.49E-07,20:39,2,180919,0,
2018-09-19 20:40,,0.000362877,6.49E-07,20:40,2,180919,0,
2018-09-19 20:41,,0.000362877,6.49E-07,20:41,2,180919,0,
2018-09-19 20:42,,0.000362877,6.49E-07,20:42,2,180919,0,
2018-09-19 20:43,,0.000362877,6.49E-07,20:43,2,180919,0,
2018-09-19 20:44,,0.000362877,6.49E-07,20:44,2,180919,0,
2018-09-19 20:45,,0.000362877,6.49E-07,20:45,2,180919,0,
2018-09-19 20:46,,0.000362877,6.49E-07,20:46,2,180919,0,
2018-09-19 20:47,,0.000362877,6.49E-07,20:47,2,180919,0,
2018-09-19 20:48,,0.000362877,6.49E-07,20:48,2,180919,0,
2018-09-19 20:49,,0.000362877,6.49E-07,20:49,2,180919,0,
2018-09-19 20:50,,0.000362877,6.49E-07,20:50,2,180919,0,
2018-09-19 20:51,,0.000362877,6.49E-07,20:51,2,180919,0,
2018-09-19 20:52,,0.000362877,6.49E-07,20:52,2,180919,0,
2018-09-19 20:53,,0.000362877,6.49E-07,20:53,2,180919,0,
2018-09-19 20:54,,0.000362877,6.49E-07,20:54,2,180919,0,
2018-09-19 20:55,,0.000362877,6.49E-07,20:55,2,180919,0,
2018-09-19 20:56,,0.000362877,6.49E-07,20:56,2,180919,0,
2018-09-19 20:57,,0.000362877,6.49E-07,20:57,2,180919,0,
2018-09-19 20:58,,0.000362877,6.49E-07,20:58,2,180919,0,
2018-09-19 20:59,,0.000362877,6.49E-07,20:59,2,180919,0,
2018-09-19 21:00,,0.000362877,6.49E-07,21:00,2,180919,0,
2018-09-19 21:01,,0.000362877,6.49E-07,21:01,2,180919,0,
2018-09-19 21:02,,0.000362877,6.49E-07,21:02,2,180919,0,
2018-09-19 21:03,,0.000362877,6.49E-07,21:03,2,180919,0,
2018-09-19 21:04,,0.000362877,6.49E-07,21:04,2,180919,0,
2018-09-19 21:05,,0.000362877,6.49E-07,21:05,2,180919,0,
2018-09-19 21:06,,0.000362877,6.49E-07,21:06,2,180919,0,
2018-09-19 21:07,,0.000362877,6.49E-07,21:07,2,180919,0,
2018-09-19 21:08,,0.000362877,6.49E-07,21:08,2,180919,0,
2018-09-19 21:09,,0.000362877,6.49E-07,21:09,2,180919,0,
2018-09-19 21:10,,0.000362877,6.49E-07,21:10,2,180919,0,
2018-09-19 21:11,,0.000362877,6.49E-07,21:11,2,180919,0,
2018-09-19 21:12,,0.000362877,6.49E-07,21:12,2,180919,0,
2018-09-19 21:13,,0.000362877,6.49E-07,21:13,2,180919,0,
2018-09-19 21:14,,0.000362877,6.49E-07,21:14,2,180919,0,
2018-09-19 21:15,,0.000362877,6.49E-07,21:15,2,180919,0,
2018-09-19 21:16,,0.000362877,6.49E-07,21:16,2,180919,0,
2018-09-19 21:17,,0.000362877,6.49E-07,21:17,2,180919,0,
2018-09-19 21:18,,0.000362877,6.49E-07,21:18,2,180919,0,
2018-09-19 21:19,,0.000362877,6.49E-07,21:19,2,180919,0,
2018-09-19 21:20,,0.000362877,6.49E-07,21:20,2,180919,0,
2018-09-19 21:21,,0.000362877,6.49E-07,21:21,2,180919,0,
2018-09-19 21:22,,0.000362877,6.49E-07,21:22,2,180919,0,
2018-09-19 21:23,,0.000362877,6.49E-07,21:23,2,180919,0,
2018-09-19 21:24,,0.000362877,6.49E-07,21:24,2,180919,0,
2018-09-19 21:25,,0.000362877,6.49E-07,21:25,2,180919,0,
2018-09-19 21:26,,0.000362877,6.49E-07,21:26,2,180919,0,
2018-09-19 21:27,,0.000362877,6.49E-07,21:27,2,180919,0,
2018-09-19 21:28,,0.000362877,6.49E-07,21:28,2,180919,0,
2018-09-19 21:29,,0.000362877,6.49E-07,21:29,2,180919,0,
2018-09-19 21:30,,0.000362877,6.49E-07,21:30,2,180919,0,
2018-09-19 21:31,,0.000362877,6.49E-07,21:31,2,180919,0,
2018-09-19 21:32,,0.000362877,6.49E-07,21:32,2,180919,0,
2018-09-19 21:33,,0.000362877,6.49E-07,21:33,2,180919,0,
2018-09-19 21:34,,0.000362877,6.49E-07,21:34,2,180919,0,
2018-09-19 21:35,,0.000362877,6.49E-07,21:35,2,180919,0,
2018-09-19 21:36,,0.000362877,6.49E-07,21:36,2,180919,0,
2018-09-19 21:37,,0.000362877,6.49E-07,21:37,2,180919,0,
2018-09-19 21:38,,0.000362877,6.49E-07,21:38,2,180919,0,
2018-09-19 21:39,,0.000362877,6.49E-07,21:39,2,180919,0,
2018-09-19 21:40,,0.000362877,6.49E-07,21:40,2,180919,0,
2018-09-19 21:41,,0.000362877,6.49E-07,21:41,2,180919,0,
2018-09-19 21:42,,0.000362877,6.49E-07,21:42,2,180919,0,
2018-09-19 21:43,,0.000362877,6.49E-07,21:43,2,180919,0,
2018-09-19 21:44,,0.000362877,6.49E-07,21:44,2,180919,0,
2018-09-19 21:45,,0.000362877,6.49E-07,21:45,2,180919,0,
2018-09-19 21:46,,0.000362877,6.49E-07,21:46,2,180919,0,
2018-09-19 21:47,,0.000362877,6.49E-07,21:47,2,180919,0,
2018-09-19 21:48,,0.000362877,6.49E-07,21:48,2,180919,0,
2018-09-19 21:49,,0.000362877,6.49E-07,21:49,2,180919,0,
2018-09-19 21:50,,0.000362877,6.49E-07,21:50,2,180919,0,
2018-09-19 21:51,,0.000362877,6.49E-07,21:51,2,180919,0,
2018-09-19 21:52,,0.000362877,6.49E-07,21:52,2,180919,0,
2018-09-19 21:53,,0.000362877,6.49E-07,21:53,2,180919,0,
2018-09-19 21:54,,0.000362877,6.49E-07,21:54,2,180919,0,
2018-09-19 21:55,,0.000362877,6.49E-07,21:55,2,180919,0,
2018-09-19 21:56,,0.000362877,6.49E-07,21:56,2,180919,0,
2018-09-19 21:57,,0.000362877,6.49E-07,21:57,2,180919,0,
2018-09-19 21:58,,0.000362877,6.49E-07,21:58,2,180919,0,
2018-09-19 21:59,,0.000362877,6.49E-07,21:59,2,180919,0,
2018-09-19 22:00,,0.000362877,6.49E-07,22:00,2,180919,0,
2018-09-19 22:01,,0.000362877,6.49E-07,22:01,2,180919,0,
2018-09-19 22:02,,0.000362877,6.49E-07,22:02,2,180919,0,
2018-09-19 22:03,,0.000362877,6.49E-07,22:03,2,180919,0,
2018-09-19 22:04,,0.000362877,6.49E-07,22:04,2,180919,0,
2018-09-19 22:05,,0.000362877,6.49E-07,22:05,2,180919,0,
2018-09-19 22:06,,0.000362877,6.49E-07,22:06,2,180919,0,
2018-09-19 22:07,,0.000362877,6.49E-07,22:07,2,180919,0,
2018-09-19 22:08,,0.000362877,6.49E-07,22:08,2,180919,0,
2018-09-19 22:09,,0.000362877,6.49E-07,22:09,2,180919,0,
2018-09-19 22:10,,0.000362877,6.49E-07,22:10,2,180919,0,
2018-09-19 22:11,,0.000362877,6.49E-07,22:11,2,180919,0,
2018-09-19 22:12,,0.000362877,6.49E-07,22:12,2,180919,0,
2018-09-19 22:13,,0.000362877,6.49E-07,22:13,2,180919,0,
2018-09-19 22:14,,0.000362877,6.49E-07,22:14,2,180919,0,
2018-09-19 22:15,,0.000362877,6.49E-07,22:15,2,180919,0,
2018-09-19 22:16,,0.000362877,6.49E-07,22:16,2,180919,0,
2018-09-19 22:17,,0.000362877,6.49E-07,22:17,2,180919,0,
2018-09-19 22:18,,0.000362877,6.49E-07,22:18,2,180919,0,
2018-09-19 22:19,,0.000362877,6.49E-07,22:19,2,180919,0,
2018-09-19 22:20,,0.000362877,6.49E-07,22:20,2,180919,0,
2018-09-19 22:21,,0.000362877,6.49E-07,22:21,2,180919,0,
2018-09-19 22:22,,0.000362877,6.49E-07,22:22,2,180919,0,
2018-09-19 22:23,,0.000362877,6.49E-07,22:23,2,180919,0,
2018-09-19 22:24,,0.000362877,6.49E-07,22:24,2,180919,0,
2018-09-19 22:25,,0.000362877,6.49E-07,22:25,2,180919,0,
2018-09-19 22:26,,0.000362877,6.49E-07,22:26,2,180919,0,
2018-09-19 22:27,,0.000362877,6.49E-07,22:27,2,180919,0,
2018-09-19 22:28,,0.000362877,6.49E-07,22:28,2,180919,0,
2018-09-19 22:29,,0.000362877,6.49E-07,22:29,2,180919,0,
2018-09-19 22:30,,0.000362877,6.49E-07,22:30,2,180919,0,
2018-09-19 22:31,,0.000362877,6.49E-07,22:31,2,180919,0,
2018-09-19 22:32,,0.000362877,6.49E-07,22:32,2,180919,0,
2018-09-19 22:33,,0.000362877,6.49E-07,22:33,2,180919,0,
2018-09-19 22:34,,0.000362877,6.49E-07,22:34,2,180919,0,
2018-09-19 22:35,,0.000362877,6.49E-07,22:35,2,180919,0,
2018-09-19 22:36,,0.000362877,6.49E-07,22:36,2,180919,0,
2018-09-19 22:37,,0.000362877,6.49E-07,22:37,2,180919,0,
2018-09-19 22:38,,0.000362877,6.49E-07,22:38,2,180919,0,
2018-09-19 22:39,,0.000362877,6.49E-07,22:39,2,180919,0,
2018-09-19 22:40,,0.000362877,6.49E-07,22:40,2,180919,0,
2018-09-19 22:41,,0.000362877,6.49E-07,22:41,2,180919,0,
2018-09-19 22:42,,0.000362877,6.49E-07,22:42,2,180919,0,
2018-09-19 22:43,,0.000362877,6.49E-07,22:43,2,180919,0,
2018-09-19 22:44,,0.000362877,6.49E-07,22:44,2,180919,0,
2018-09-19 22:45,,0.000362877,6.49E-07,22:45,2,180919,0,
2018-09-19 22:46,,0.000362877,6.49E-07,22:46,2,180919,0,
2018-09-19 22:47,,0.000362877,6.49E-07,22:47,2,180919,0,
2018-09-19 22:48,,0.000362877,6.49E-07,22:48,2,180919,0,
2018-09-19 22:49,,0.000362877,6.49E-07,22:49,2,180919,0,
2018-09-19 22:50,,0.000362877,6.49E-07,22:50,2,180919,0,
2018-09-19 22:51,,0.000362877,6.49E-07,22:51,2,180919,0,
2018-09-19 22:52,,0.000362877,6.49E-07,22:52,2,180919,0,
2018-09-19 22:53,,0.000362877,6.49E-07,22:53,2,180919,0,
2018-09-19 22:54,,0.000362877,6.49E-07,22:54,2,180919,0,
2018-09-19 22:55,,0.000362877,6.49E-07,22:55,2,180919,0,
2018-09-19 22:56,,0.000362877,6.49E-07,22:56,2,180919,0,
2018-09-19 22:57,,0.000362877,6.49E-07,22:57,2,180919,0,
2018-09-19 22:58,,0.000362877,6.49E-07,22:58,2,180919,0,
2018-09-19 22:59,,0.000362877,6.49E-07,22:59,2,180919,0,
2018-09-19 23:00,,0.000362877,6.49E-07,23:00,2,180919,0,
2018-09-19 23:01,,0.000362877,6.49E-07,23:01,2,180919,0,
2018-09-19 23:02,,0.000362877,6.49E-07,23:02,2,180919,0,
2018-09-19 23:03,,0.000362877,6.49E-07,23:03,2,180919,0,
2018-09-19 23:04,,0.000362877,6.49E-07,23:04,2,180919,0,
2018-09-19 23:05,,0.000362877,6.49E-07,23:05,2,180919,0,
2018-09-19 23:06,,0.000362877,6.49E-07,23:06,2,180919,0,
2018-09-19 23:07,,0.000362877,6.49E-07,23:07,2,180919,0,
2018-09-19 23:08,,0.000362877,6.49E-07,23:08,2,180919,0,
2018-09-19 23:09,,0.000362877,6.49E-07,23:09,2,180919,0,
2018-09-19 23:10,,0.000362877,6.49E-07,23:10,2,180919,0,
2018-09-19 23:11,,0.000362877,6.49E-07,23:11,2,180919,0,
2018-09-19 23:12,,0.000362877,6.49E-07,23:12,2,180919,0,
2018-09-19 23:13,,0.000362877,6.49E-07,23:13,2,180919,0,
2018-09-19 23:14,,0.000362877,6.49E-07,23:14,2,180919,0,
2018-09-19 23:15,,0.000362877,6.49E-07,23:15,2,180919,0,
2018-09-19 23:16,,0.000362877,6.49E-07,23:16,2,180919,0,
2018-09-19 23:17,,0.000362877,6.49E-07,23:17,2,180919,0,
2018-09-19 23:18,,0.000362877,6.49E-07,23:18,2,180919,0,
2018-09-19 23:19,,0.000362877,6.49E-07,23:19,2,180919,0,
2018-09-19 23:20,,0.000362877,6.49E-07,23:20,2,180919,0,
2018-09-19 23:21,,0.000362877,6.49E-07,23:21,2,180919,0,
2018-09-19 23:22,,0.000362877,6.49E-07,23:22,2,180919,0,
2018-09-19 23:23,,0.000362877,6.49E-07,23:23,2,180919,0,
2018-09-19 23:24,,0.000362877,6.49E-07,23:24,2,180919,0,
2018-09-19 23:25,,0.000362877,6.49E-07,23:25,2,180919,0,
2018-09-19 23:26,,0.000362877,6.49E-07,23:26,2,180919,0,
2018-09-19 23:27,,0.000362877,6.49E-07,23:27,2,180919,0,
2018-09-19 23:28,,0.000362877,6.49E-07,23:28,2,180919,0,
2018-09-19 23:29,,0.000362877,6.49E-07,23:29,2,180919,0,
2018-09-19 23:30,,0.000362877,6.49E-07,23:30,2,180919,0,
2018-09-19 23:31,,0.000362877,6.49E-07,23:31,2,180919,0,
2018-09-19 23:32,,0.000362877,6.49E-07,23:32,2,180919,0,
2018-09-19 23:33,,0.000362877,6.49E-07,23:33,2,180919,0,
2018-09-19 23:34,,0.000362877,6.49E-07,23:34,2,180919,0,
2018-09-19 23:35,,0.000362877,6.49E-07,23:35,2,180919,0,
2018-09-19 23:36,,0.000362877,6.49E-07,23:36,2,180919,0,
2018-09-19 23:37,,0.000362877,6.49E-07,23:37,2,180919,0,
2018-09-19 23:38,,0.000362877,6.49E-07,23:38,2,180919,0,
2018-09-19 23:39,,0.000362877,6.49E-07,23:39,2,180919,0,
2018-09-19 23:40,,0.000362877,6.49E-07,23:40,2,180919,0,
2018-09-19 23:41,,0.000362877,6.49E-07,23:41,2,180919,0,
2018-09-19 23:42,,0.000362877,6.49E-07,23:42,2,180919,0,
2018-09-19 23:43,,0.000362877,6.49E-07,23:43,2,180919,0,
2018-09-19 23:44,,0.000362877,6.49E-07,23:44,2,180919,0,
2018-09-19 23:45,,0.000362877,6.49E-07,23:45,2,180919,0,
2018-09-19 23:46,,0.000362877,6.49E-07,23:46,2,180919,0,
2018-09-19 23:47,,0.000362877,6.49E-07,23:47,2,180919,0,
2018-09-19 23:48,,0.000362877,6.49E-07,23:48,2,180919,0,
2018-09-19 23:49,,0.000362877,6.49E-07,23:49,2,180919,0,
2018-09-19 23:50,,0.000362877,6.49E-07,23:50,2,180919,0,
2018-09-19 23:51,,0.000362877,6.49E-07,23:51,2,180919,0,
2018-09-19 23:52,,0.000362877,6.49E-07,23:52,2,180919,0,
2018-09-19 23:53,,0.000362877,6.49E-07,23:53,2,180919,0,
2018-09-19 23:54,,0.000362877,6.49E-07,23:54,2,180919,0,
2018-09-19 23:55,,0.000362877,6.49E-07,23:55,2,180919,0,
2018-09-19 23:56,,0.000362877,6.49E-07,23:56,2,180919,0,
2018-09-19 23:57,,0.000362877,6.49E-07,23:57,2,180919,0,
2018-09-19 23:58,,0.000362877,6.49E-07,23:58,2,180919,0,
2018-09-19 23:59,,0.000362877,6.49E-07,23:59,2,180919,0,
2018-09-20 0:00,,0.000362877,6.49E-07,0:00,3,180920,0,
2018-09-20 0:01,,0.000362877,6.49E-07,0:01,3,180920,0,
2018-09-20 0:02,,0.000362877,6.49E-07,0:02,3,180920,0,
2018-09-20 0:03,,0.000362877,6.49E-07,0:03,3,180920,0,
2018-09-20 0:04,,0.000362877,6.49E-07,0:04,3,180920,0,
2018-09-20 0:05,,0.000362877,6.49E-07,0:05,3,180920,0,
2018-09-20 0:06,,0.000362877,6.49E-07,0:06,3,180920,0,
2018-09-20 0:07,,0.000362877,6.49E-07,0:07,3,180920,0,
2018-09-20 0:08,,0.000362877,6.49E-07,0:08,3,180920,0,
2018-09-20 0:09,,0.000362877,6.49E-07,0:09,3,180920,0,
2018-09-20 0:10,,0.000362877,6.49E-07,0:10,3,180920,0,
2018-09-20 0:11,,0.000362877,6.49E-07,0:11,3,180920,0,
2018-09-20 0:12,,0.000362877,6.49E-07,0:12,3,180920,0,
2018-09-20 0:13,,0.000362877,6.49E-07,0:13,3,180920,0,
2018-09-20 0:14,,0.000362877,6.49E-07,0:14,3,180920,0,
2018-09-20 0:15,,0.000362877,6.49E-07,0:15,3,180920,0,
2018-09-20 0:16,,0.000362877,6.49E-07,0:16,3,180920,0,
2018-09-20 0:17,,0.000362877,6.49E-07,0:17,3,180920,0,
2018-09-20 0:18,,0.000362877,6.49E-07,0:18,3,180920,0,
2018-09-20 0:19,,0.000362877,6.49E-07,0:19,3,180920,0,
2018-09-20 0:20,,0.000362877,6.49E-07,0:20,3,180920,0,
2018-09-20 0:21,,0.000362877,6.49E-07,0:21,3,180920,0,
2018-09-20 0:22,,0.000362877,6.49E-07,0:22,3,180920,0,
2018-09-20 0:23,,0.000362877,6.49E-07,0:23,3,180920,0,
2018-09-20 0:24,,0.000362877,6.49E-07,0:24,3,180920,0,
2018-09-20 0:25,,0.000362877,6.49E-07,0:25,3,180920,0,
2018-09-20 0:26,,0.000362877,6.49E-07,0:26,3,180920,0,
2018-09-20 0:27,,0.000362877,6.49E-07,0:27,3,180920,0,
2018-09-20 0:28,,0.000362877,6.49E-07,0:28,3,180920,0,
2018-09-20 0:29,,0.000362877,6.49E-07,0:29,3,180920,0,
2018-09-20 0:30,,0.000362877,6.49E-07,0:30,3,180920,0,
2018-09-20 0:31,,0.000362877,6.49E-07,0:31,3,180920,0,
2018-09-20 0:32,,0.000362877,6.49E-07,0:32,3,180920,0,
2018-09-20 0:33,,0.000362877,6.49E-07,0:33,3,180920,0,
2018-09-20 0:34,,0.000362877,6.49E-07,0:34,3,180920,0,
2018-09-20 0:35,,0.000362877,6.49E-07,0:35,3,180920,0,
2018-09-20 0:36,,0.000362877,6.49E-07,0:36,3,180920,0,
2018-09-20 0:37,,0.000362877,6.49E-07,0:37,3,180920,0,
2018-09-20 0:38,,0.000362877,6.49E-07,0:38,3,180920,0,
2018-09-20 0:39,,0.000362877,6.49E-07,0:39,3,180920,0,
2018-09-20 0:40,,0.000362877,6.49E-07,0:40,3,180920,0,
2018-09-20 0:41,,0.000362877,6.49E-07,0:41,3,180920,0,
2018-09-20 0:42,,0.000362877,6.49E-07,0:42,3,180920,0,
2018-09-20 0:43,,0.000362877,6.49E-07,0:43,3,180920,0,
2018-09-20 0:44,,0.000362877,6.49E-07,0:44,3,180920,0,
2018-09-20 0:45,,0.000362877,6.49E-07,0:45,3,180920,0,
2018-09-20 0:46,,0.000362877,6.49E-07,0:46,3,180920,0,
2018-09-20 0:47,,0.000362877,6.49E-07,0:47,3,180920,0,
2018-09-20 0:48,,0.000362877,6.49E-07,0:48,3,180920,0,
2018-09-20 0:49,,0.000362877,6.49E-07,0:49,3,180920,0,
2018-09-20 0:50,,0.000362877,6.49E-07,0:50,3,180920,0,
2018-09-20 0:51,,0.000362877,6.49E-07,0:51,3,180920,0,
2018-09-20 0:52,,0.000362877,6.49E-07,0:52,3,180920,0,
2018-09-20 0:53,,0.000362877,6.49E-07,0:53,3,180920,0,
2018-09-20 0:54,,0.000362877,6.49E-07,0:54,3,180920,0,
2018-09-20 0:55,,0.000362877,6.49E-07,0:55,3,180920,0,
2018-09-20 0:56,,0.000362877,6.49E-07,0:56,3,180920,0,
2018-09-20 0:57,,0.000362877,6.49E-07,0:57,3,180920,0,
2018-09-20 0:58,,0.000362877,6.49E-07,0:58,3,180920,0,
2018-09-20 0:59,,0.000362877,6.49E-07,0:59,3,180920,0,
2018-09-20 1:00,,0.000362877,6.49E-07,1:00,3,180920,0,
2018-09-20 1:01,,0.000362877,6.49E-07,1:01,3,180920,0,
2018-09-20 1:02,,0.000362877,6.49E-07,1:02,3,180920,0,
2018-09-20 1:03,,0.000362877,6.49E-07,1:03,3,180920,0,
2018-09-20 1:04,,0.000362877,6.49E-07,1:04,3,180920,0,
2018-09-20 1:05,,0.000362877,6.49E-07,1:05,3,180920,0,
2018-09-20 1:06,,0.000362877,6.49E-07,1:06,3,180920,0,
2018-09-20 1:07,,0.000362877,6.49E-07,1:07,3,180920,0,
2018-09-20 1:08,,0.000362877,6.49E-07,1:08,3,180920,0,
2018-09-20 1:09,,0.000362877,6.49E-07,1:09,3,180920,0,
2018-09-20 1:10,,0.000362877,6.49E-07,1:10,3,180920,0,
2018-09-20 1:11,,0.000362877,6.49E-07,1:11,3,180920,0,
2018-09-20 1:12,,0.000362877,6.49E-07,1:12,3,180920,0,
2018-09-20 1:13,,0.000362877,6.49E-07,1:13,3,180920,0,
2018-09-20 1:14,,0.000362877,6.49E-07,1:14,3,180920,0,
2018-09-20 1:15,,0.000362877,6.49E-07,1:15,3,180920,0,
2018-09-20 1:16,,0.000362877,6.49E-07,1:16,3,180920,0,
2018-09-20 1:17,,0.000362877,6.49E-07,1:17,3,180920,0,
2018-09-20 1:18,,0.000362877,6.49E-07,1:18,3,180920,0,
2018-09-20 1:19,,0.000362877,6.49E-07,1:19,3,180920,0,
2018-09-20 1:20,,0.000362877,6.49E-07,1:20,3,180920,0,
2018-09-20 1:21,,0.000362877,6.49E-07,1:21,3,180920,0,
2018-09-20 1:22,,0.000362877,6.49E-07,1:22,3,180920,0,
2018-09-20 1:23,,0.000362877,6.49E-07,1:23,3,180920,0,
2018-09-20 1:24,,0.000362877,6.49E-07,1:24,3,180920,0,
2018-09-20 1:25,,0.000362877,6.49E-07,1:25,3,180920,0,
2018-09-20 1:26,,0.000362877,6.49E-07,1:26,3,180920,0,
2018-09-20 1:27,,0.000362877,6.49E-07,1:27,3,180920,0,
2018-09-20 1:28,,0.000362877,6.49E-07,1:28,3,180920,0,
2018-09-20 1:29,,0.000362877,6.49E-07,1:29,3,180920,0,
2018-09-20 1:30,,0.000362877,6.49E-07,1:30,3,180920,0,
2018-09-20 1:31,,0.000362877,6.49E-07,1:31,3,180920,0,
2018-09-20 1:32,,0.000362877,6.49E-07,1:32,3,180920,0,
2018-09-20 1:33,,0.000362877,6.49E-07,1:33,3,180920,0,
2018-09-20 1:34,,0.000362877,6.49E-07,1:34,3,180920,0,
2018-09-20 1:35,,0.000362877,6.49E-07,1:35,3,180920,0,
2018-09-20 1:36,,0.000362877,6.49E-07,1:36,3,180920,0,
2018-09-20 1:37,,0.000362877,6.49E-07,1:37,3,180920,0,
2018-09-20 1:38,,0.000362877,6.49E-07,1:38,3,180920,0,
2018-09-20 1:39,,0.000362877,6.49E-07,1:39,3,180920,0,
2018-09-20 1:40,,0.000362877,6.49E-07,1:40,3,180920,0,
2018-09-20 1:41,,0.000362877,6.49E-07,1:41,3,180920,0,
2018-09-20 1:42,,0.000362877,6.49E-07,1:42,3,180920,0,
2018-09-20 1:43,,0.000362877,6.49E-07,1:43,3,180920,0,
2018-09-20 1:44,,0.000362877,6.49E-07,1:44,3,180920,0,
2018-09-20 1:45,,0.000362877,6.49E-07,1:45,3,180920,0,
2018-09-20 1:46,,0.000362877,6.49E-07,1:46,3,180920,0,
2018-09-20 1:47,,0.000362877,6.49E-07,1:47,3,180920,0,
2018-09-20 1:48,,0.000362877,6.49E-07,1:48,3,180920,0,
2018-09-20 1:49,,0.000362877,6.49E-07,1:49,3,180920,0,
2018-09-20 1:50,,0.000362877,6.49E-07,1:50,3,180920,0,
2018-09-20 1:51,,0.000362877,6.49E-07,1:51,3,180920,0,
2018-09-20 1:52,,0.000362877,6.49E-07,1:52,3,180920,0,
2018-09-20 1:53,,0.000362877,6.49E-07,1:53,3,180920,0,
2018-09-20 1:54,,0.000362877,6.49E-07,1:54,3,180920,0,
2018-09-20 1:55,,0.000362877,6.49E-07,1:55,3,180920,0,
2018-09-20 1:56,,0.000362877,6.49E-07,1:56,3,180920,0,
2018-09-20 1:57,,0.000362877,6.49E-07,1:57,3,180920,0,
2018-09-20 1:58,,0.000362877,6.49E-07,1:58,3,180920,0,
2018-09-20 1:59,,0.000362877,6.49E-07,1:59,3,180920,0,
2018-09-20 2:00,,0.000362877,6.49E-07,2:00,3,180920,0,
2018-09-20 2:01,,0.000362877,6.49E-07,2:01,3,180920,0,
2018-09-20 2:02,,0.000362877,6.49E-07,2:02,3,180920,0,
2018-09-20 2:03,,0.000362877,6.49E-07,2:03,3,180920,0,
2018-09-20 2:04,,0.000362877,6.49E-07,2:04,3,180920,0,
2018-09-20 2:05,,0.000362877,6.49E-07,2:05,3,180920,0,
2018-09-20 2:06,,0.000362877,6.49E-07,2:06,3,180920,0,
2018-09-20 2:07,,0.000362877,6.49E-07,2:07,3,180920,0,
2018-09-20 2:08,,0.000362877,6.49E-07,2:08,3,180920,0,
2018-09-20 2:09,,0.000362877,6.49E-07,2:09,3,180920,0,
2018-09-20 2:10,,0.000362877,6.49E-07,2:10,3,180920,0,
2018-09-20 2:11,,0.000362877,6.49E-07,2:11,3,180920,0,
2018-09-20 2:12,,0.000362877,6.49E-07,2:12,3,180920,0,
2018-09-20 2:13,,0.000362877,6.49E-07,2:13,3,180920,0,
2018-09-20 2:14,,0.000362877,6.49E-07,2:14,3,180920,0,
2018-09-20 2:15,,0.000362877,6.49E-07,2:15,3,180920,0,
2018-09-20 2:16,,0.000362877,6.49E-07,2:16,3,180920,0,
2018-09-20 2:17,,0.000362877,6.49E-07,2:17,3,180920,0,
2018-09-20 2:18,,0.000362877,6.49E-07,2:18,3,180920,0,
2018-09-20 2:19,,0.000362877,6.49E-07,2:19,3,180920,0,
2018-09-20 2:20,,0.000362877,6.49E-07,2:20,3,180920,0,
2018-09-20 2:21,,0.000362877,6.49E-07,2:21,3,180920,0,
2018-09-20 2:22,,0.000362877,6.49E-07,2:22,3,180920,0,
2018-09-20 2:23,,0.000362877,6.49E-07,2:23,3,180920,0,
2018-09-20 2:24,,0.000362877,6.49E-07,2:24,3,180920,0,
2018-09-20 2:25,,0.000362877,6.49E-07,2:25,3,180920,0,
2018-09-20 2:26,,0.000362877,6.49E-07,2:26,3,180920,0,
2018-09-20 2:27,,0.000362877,6.49E-07,2:27,3,180920,0,
2018-09-20 2:28,,0.000362877,6.49E-07,2:28,3,180920,0,
2018-09-20 2:29,,0.000362877,6.49E-07,2:29,3,180920,0,
2018-09-20 2:30,,0.000362877,6.49E-07,2:30,3,180920,0,
2018-09-20 2:31,,0.000362877,6.49E-07,2:31,3,180920,0,
2018-09-20 2:32,,0.000362877,6.49E-07,2:32,3,180920,0,
2018-09-20 2:33,,0.000362877,6.49E-07,2:33,3,180920,0,
2018-09-20 2:34,,0.000362877,6.49E-07,2:34,3,180920,0,
2018-09-20 2:35,,0.000362877,6.49E-07,2:35,3,180920,0,
2018-09-20 2:36,,0.000362877,6.49E-07,2:36,3,180920,0,
2018-09-20 2:37,,0.000362877,6.49E-07,2:37,3,180920,0,
2018-09-20 2:38,,0.000362877,6.49E-07,2:38,3,180920,0,
2018-09-20 2:39,,0.000362877,6.49E-07,2:39,3,180920,0,
2018-09-20 2:40,,0.000362877,6.49E-07,2:40,3,180920,0,
2018-09-20 2:41,,0.000362877,6.49E-07,2:41,3,180920,0,
2018-09-20 2:42,,0.000362877,6.49E-07,2:42,3,180920,0,
2018-09-20 2:43,,0.000362877,6.49E-07,2:43,3,180920,0,
2018-09-20 2:44,,0.000362877,6.49E-07,2:44,3,180920,0,
2018-09-20 2:45,,0.000362877,6.49E-07,2:45,3,180920,0,
2018-09-20 2:46,,0.000362877,6.49E-07,2:46,3,180920,0,
2018-09-20 2:47,,0.000362877,6.49E-07,2:47,3,180920,0,
2018-09-20 2:48,,0.000362877,6.49E-07,2:48,3,180920,0,
2018-09-20 2:49,,0.000362877,6.49E-07,2:49,3,180920,0,
2018-09-20 2:50,,0.000362877,6.49E-07,2:50,3,180920,0,
2018-09-20 2:51,,0.000362877,6.49E-07,2:51,3,180920,0,
2018-09-20 2:52,,0.000362877,6.49E-07,2:52,3,180920,0,
2018-09-20 2:53,,0.000362877,6.49E-07,2:53,3,180920,0,
2018-09-20 2:54,,0.000362877,6.49E-07,2:54,3,180920,0,
2018-09-20 2:55,,0.000362877,6.49E-07,2:55,3,180920,0,
2018-09-20 2:56,,0.000362877,6.49E-07,2:56,3,180920,0,
2018-09-20 2:57,,0.000362877,6.49E-07,2:57,3,180920,0,
2018-09-20 2:58,,0.000362877,6.49E-07,2:58,3,180920,0,
2018-09-20 2:59,,0.000362877,6.49E-07,2:59,3,180920,0,
2018-09-20 3:00,,0.000362877,6.49E-07,3:00,3,180920,0,
2018-09-20 3:01,,0.000362877,6.49E-07,3:01,3,180920,0,
2018-09-20 3:02,,0.000362877,6.49E-07,3:02,3,180920,0,
2018-09-20 3:03,,0.000362877,6.49E-07,3:03,3,180920,0,
2018-09-20 3:04,,0.000362877,6.49E-07,3:04,3,180920,0,
2018-09-20 3:05,,0.000362877,6.49E-07,3:05,3,180920,0,
2018-09-20 3:06,,0.000362877,6.49E-07,3:06,3,180920,0,
2018-09-20 3:07,,0.000362877,6.49E-07,3:07,3,180920,0,
2018-09-20 3:08,,0.000362877,6.49E-07,3:08,3,180920,0,
2018-09-20 3:09,,0.000362877,6.49E-07,3:09,3,180920,0,
2018-09-20 3:10,,0.000362877,6.49E-07,3:10,3,180920,0,
2018-09-20 3:11,,0.000362877,6.49E-07,3:11,3,180920,0,
2018-09-20 3:12,,0.000362877,6.49E-07,3:12,3,180920,0,
2018-09-20 3:13,,0.000362877,6.49E-07,3:13,3,180920,0,
2018-09-20 3:14,,0.000362877,6.49E-07,3:14,3,180920,0,
2018-09-20 3:15,,0.000362877,6.49E-07,3:15,3,180920,0,
2018-09-20 3:16,,0.000362877,6.49E-07,3:16,3,180920,0,
2018-09-20 3:17,,0.000362877,6.49E-07,3:17,3,180920,0,
2018-09-20 3:18,,0.000362877,6.49E-07,3:18,3,180920,0,
2018-09-20 3:19,,0.000362877,6.49E-07,3:19,3,180920,0,
2018-09-20 3:20,,0.000362877,6.49E-07,3:20,3,180920,0,
2018-09-20 3:21,,0.000362877,6.49E-07,3:21,3,180920,0,
2018-09-20 3:22,,0.000362877,6.49E-07,3:22,3,180920,0,
2018-09-20 3:23,,0.000362877,6.49E-07,3:23,3,180920,0,
2018-09-20 3:24,,0.000362877,6.49E-07,3:24,3,180920,0,
2018-09-20 3:25,,0.000362877,6.49E-07,3:25,3,180920,0,
2018-09-20 3:26,,0.000362877,6.49E-07,3:26,3,180920,0,
2018-09-20 3:27,,0.000362877,6.49E-07,3:27,3,180920,0,
2018-09-20 3:28,,0.000362877,6.49E-07,3:28,3,180920,0,
2018-09-20 3:29,,0.000362877,6.49E-07,3:29,3,180920,0,
2018-09-20 3:30,,0.000362877,6.49E-07,3:30,3,180920,0,
2018-09-20 3:31,,0.000362877,6.49E-07,3:31,3,180920,0,
2018-09-20 3:32,,0.000362877,6.49E-07,3:32,3,180920,0,
2018-09-20 3:33,,0.000362877,6.49E-07,3:33,3,180920,0,
2018-09-20 3:34,,0.000362877,6.49E-07,3:34,3,180920,0,
2018-09-20 3:35,,0.000362877,6.49E-07,3:35,3,180920,0,
2018-09-20 3:36,,0.000362877,6.49E-07,3:36,3,180920,0,
2018-09-20 3:37,,0.000362877,6.49E-07,3:37,3,180920,0,
2018-09-20 3:38,,0.000362877,6.49E-07,3:38,3,180920,0,
2018-09-20 3:39,,0.000362877,6.49E-07,3:39,3,180920,0,
2018-09-20 3:40,,0.000362877,6.49E-07,3:40,3,180920,0,
2018-09-20 3:41,,0.000362877,6.49E-07,3:41,3,180920,0,
2018-09-20 3:42,,0.000362877,6.49E-07,3:42,3,180920,0,
2018-09-20 3:43,,0.000362877,6.49E-07,3:43,3,180920,0,
2018-09-20 3:44,,0.000362877,6.49E-07,3:44,3,180920,0,
2018-09-20 3:45,,0.000362877,6.49E-07,3:45,3,180920,0,
2018-09-20 3:46,,0.000362877,6.49E-07,3:46,3,180920,0,
2018-09-20 3:47,,0.000362877,6.49E-07,3:47,3,180920,0,
2018-09-20 3:48,,0.000362877,6.49E-07,3:48,3,180920,0,
2018-09-20 3:49,,0.000362877,6.49E-07,3:49,3,180920,0,
2018-09-20 3:50,,0.000362877,6.49E-07,3:50,3,180920,0,
2018-09-20 3:51,,0.000362877,6.49E-07,3:51,3,180920,0,
2018-09-20 3:52,,0.000362877,6.49E-07,3:52,3,180920,0,
2018-09-20 3:53,,0.000362877,6.49E-07,3:53,3,180920,0,
2018-09-20 3:54,,0.000362877,6.49E-07,3:54,3,180920,0,
2018-09-20 3:55,,0.000362877,6.49E-07,3:55,3,180920,0,
2018-09-20 3:56,,0.000362877,6.49E-07,3:56,3,180920,0,
2018-09-20 3:57,,0.000362877,6.49E-07,3:57,3,180920,0,
2018-09-20 3:58,,0.000362877,6.49E-07,3:58,3,180920,0,
2018-09-20 3:59,,0.000362877,6.49E-07,3:59,3,180920,0,
2018-09-20 4:00,,0.000362877,6.49E-07,4:00,3,180920,0,
2018-09-20 4:01,,0.000362877,6.49E-07,4:01,3,180920,0,
2018-09-20 4:02,,0.000362877,6.49E-07,4:02,3,180920,0,
2018-09-20 4:03,,0.000362877,6.49E-07,4:03,3,180920,0,
2018-09-20 4:04,,0.000362877,6.49E-07,4:04,3,180920,0,
2018-09-20 4:05,,0.000362877,6.49E-07,4:05,3,180920,0,
2018-09-20 4:06,,0.000362877,6.49E-07,4:06,3,180920,0,
2018-09-20 4:07,,0.000362877,6.49E-07,4:07,3,180920,0,
2018-09-20 4:08,,0.000362877,6.49E-07,4:08,3,180920,0,
2018-09-20 4:09,,0.000362877,6.49E-07,4:09,3,180920,0,
2018-09-20 4:10,,0.000362877,6.49E-07,4:10,3,180920,0,
2018-09-20 4:11,,0.000362877,6.49E-07,4:11,3,180920,0,
2018-09-20 4:12,,0.000362877,6.49E-07,4:12,3,180920,0,
2018-09-20 4:13,,0.000362877,6.49E-07,4:13,3,180920,0,
2018-09-20 4:14,,0.000362877,6.49E-07,4:14,3,180920,0,
2018-09-20 4:15,,0.000362877,6.49E-07,4:15,3,180920,0,
2018-09-20 4:16,,0.000362877,6.49E-07,4:16,3,180920,0,
2018-09-20 4:17,,0.000362877,6.49E-07,4:17,3,180920,0,
2018-09-20 4:18,,0.000362877,6.49E-07,4:18,3,180920,0,
2018-09-20 4:19,,0.000362877,6.49E-07,4:19,3,180920,0,
2018-09-20 4:20,,0.000362877,6.49E-07,4:20,3,180920,0,
2018-09-20 4:21,,0.000362877,6.49E-07,4:21,3,180920,0,
2018-09-20 4:22,,0.000362877,6.49E-07,4:22,3,180920,0,
2018-09-20 4:23,,0.000362877,6.49E-07,4:23,3,180920,0,
2018-09-20 4:24,,0.000362877,6.49E-07,4:24,3,180920,0,
2018-09-20 4:25,,0.000362877,6.49E-07,4:25,3,180920,0,
2018-09-20 4:26,,0.000362877,6.49E-07,4:26,3,180920,0,
2018-09-20 4:27,,0.000362877,6.49E-07,4:27,3,180920,0,
2018-09-20 4:28,,0.000362877,6.49E-07,4:28,3,180920,0,
2018-09-20 4:29,,0.000362877,6.49E-07,4:29,3,180920,0,
2018-09-20 4:30,,0.000362877,6.49E-07,4:30,3,180920,0,
2018-09-20 4:31,,0.000362877,6.49E-07,4:31,3,180920,0,
2018-09-20 4:32,,0.000362877,6.49E-07,4:32,3,180920,0,
2018-09-20 4:33,,0.000362877,6.49E-07,4:33,3,180920,0,
2018-09-20 4:34,,0.000362877,6.49E-07,4:34,3,180920,0,
2018-09-20 4:35,,0.000362877,6.49E-07,4:35,3,180920,0,
2018-09-20 4:36,,0.000362877,6.49E-07,4:36,3,180920,0,
2018-09-20 4:37,,0.000362877,6.49E-07,4:37,3,180920,0,
2018-09-20 4:38,,0.000362877,6.49E-07,4:38,3,180920,0,
2018-09-20 4:39,,0.000362877,6.49E-07,4:39,3,180920,0,
2018-09-20 4:40,,0.000362877,6.49E-07,4:40,3,180920,0,
2018-09-20 4:41,,0.000362877,6.49E-07,4:41,3,180920,0,
2018-09-20 4:42,,0.000362877,6.49E-07,4:42,3,180920,0,
2018-09-20 4:43,,0.000362877,6.49E-07,4:43,3,180920,0,
2018-09-20 4:44,,0.000362877,6.49E-07,4:44,3,180920,0,
2018-09-20 4:45,,0.000362877,6.49E-07,4:45,3,180920,0,
2018-09-20 4:46,,0.000362877,6.49E-07,4:46,3,180920,0,
2018-09-20 4:47,,0.000362877,6.49E-07,4:47,3,180920,0,
2018-09-20 4:48,,0.000362877,6.49E-07,4:48,3,180920,0,
2018-09-20 4:49,,0.000362877,6.49E-07,4:49,3,180920,0,
2018-09-20 4:50,,0.000362877,6.49E-07,4:50,3,180920,0,
2018-09-20 4:51,,0.000362877,6.49E-07,4:51,3,180920,0,
2018-09-20 4:52,,0.000362877,6.49E-07,4:52,3,180920,0,
2018-09-20 4:53,,0.000362877,6.49E-07,4:53,3,180920,0,
2018-09-20 4:54,,0.000362877,6.49E-07,4:54,3,180920,0,
2018-09-20 4:55,,0.000362877,6.49E-07,4:55,3,180920,0,
2018-09-20 4:56,,0.000362877,6.49E-07,4:56,3,180920,0,
2018-09-20 4:57,,0.000362877,6.49E-07,4:57,3,180920,0,
2018-09-20 4:58,,0.000362877,6.49E-07,4:58,3,180920,0,
2018-09-20 5:53,,0.000362877,6.49E-07,5:53,3,180920,0,
2018-09-20 5:54,,0.000362877,6.49E-07,5:54,3,180920,0,
2018-09-20 5:55,,0.000362877,6.49E-07,5:55,3,180920,0,
2018-09-20 5:56,,0.000362877,6.49E-07,5:56,3,180920,0,
2018-09-20 5:57,,0.000362877,6.49E-07,5:57,3,180920,0,
2018-09-20 5:58,,0.000362877,6.49E-07,5:58,3,180920,0,
2018-09-20 5:59,,0.000362877,6.49E-07,5:59,3,180920,0,
2018-09-20 6:00,,0.000362877,6.49E-07,6:00,3,180920,0,
2018-09-20 6:01,,0.000362877,6.49E-07,6:01,3,180920,0,
2018-09-20 6:02,,0.000362877,6.49E-07,6:02,3,180920,0,
2018-09-20 6:03,,0.000362877,6.49E-07,6:03,3,180920,0,
2018-09-20 6:04,,0.000362877,6.49E-07,6:04,3,180920,0,
2018-09-20 6:05,,0.000362877,6.49E-07,6:05,3,180920,0,
2018-09-20 6:06,,0.000362877,6.49E-07,6:06,3,180920,0,
2018-09-20 6:07,,0.000362877,6.49E-07,6:07,3,180920,0,
2018-09-20 6:08,,0.000362877,6.49E-07,6:08,3,180920,0,
2018-09-20 6:09,,0.000362877,6.49E-07,6:09,3,180920,0,
2018-09-20 6:10,,0.000362877,6.49E-07,6:10,3,180920,0,
2018-09-20 6:11,,0.000362877,6.49E-07,6:11,3,180920,0,
2018-09-20 6:12,,0.000362877,6.49E-07,6:12,3,180920,0,
2018-09-20 6:13,,0.000362877,6.49E-07,6:13,3,180920,0,
2018-09-20 6:14,,0.000362877,6.49E-07,6:14,3,180920,0,
2018-09-20 6:15,,0.000362877,6.49E-07,6:15,3,180920,0,
2018-09-20 6:16,,0.000362877,6.49E-07,6:16,3,180920,0,
2018-09-20 6:17,,0.000362877,6.49E-07,6:17,3,180920,0,
2018-09-20 6:18,,0.000362877,6.49E-07,6:18,3,180920,0,
2018-09-20 6:19,,0.000362877,6.49E-07,6:19,3,180920,0,
2018-09-20 6:20,,0.000362877,6.49E-07,6:20,3,180920,0,
2018-09-20 6:21,,0.000362877,6.49E-07,6:21,3,180920,0,
2018-09-20 6:22,,0.000362877,6.49E-07,6:22,3,180920,0,
2018-09-20 6:23,,0.000362877,6.49E-07,6:23,3,180920,0,
2018-09-20 6:24,,0.000362877,6.49E-07,6:24,3,180920,0,
2018-09-20 6:25,,0.000362877,6.49E-07,6:25,3,180920,0,
2018-09-20 6:26,,0.000362877,6.49E-07,6:26,3,180920,0,
2018-09-20 6:27,,0.000362877,6.49E-07,6:27,3,180920,0,
2018-09-20 6:28,,0.000362877,6.49E-07,6:28,3,180920,0,
2018-09-20 6:29,,0.000362877,6.49E-07,6:29,3,180920,0,
2018-09-20 6:30,,0.000362877,6.49E-07,6:30,3,180920,0,
2018-09-20 6:31,,0.000362877,6.49E-07,6:31,3,180920,0,
2018-09-20 6:32,,0.000362877,6.49E-07,6:32,3,180920,0,
2018-09-20 6:33,,0.000362877,6.49E-07,6:33,3,180920,0,
2018-09-20 6:34,,0.000362877,6.49E-07,6:34,3,180920,0,
2018-09-20 6:35,,0.000362877,6.49E-07,6:35,3,180920,0,
2018-09-20 6:36,,0.000362877,6.49E-07,6:36,3,180920,0,
2018-09-20 6:37,,0.000362877,6.49E-07,6:37,3,180920,0,
2018-09-20 6:38,,0.000362877,6.49E-07,6:38,3,180920,0,
2018-09-20 6:39,,0.000362877,6.49E-07,6:39,3,180920,0,
2018-09-20 6:40,,0.000362877,6.49E-07,6:40,3,180920,0,
2018-09-20 6:41,,0.000362877,6.49E-07,6:41,3,180920,0,
2018-09-20 6:42,,0.000362877,6.49E-07,6:42,3,180920,0,
2018-09-20 6:43,,0.000362877,6.49E-07,6:43,3,180920,0,
2018-09-20 6:44,,0.000362877,6.49E-07,6:44,3,180920,0,
2018-09-20 6:45,,0.000362877,6.49E-07,6:45,3,180920,0,
2018-09-20 6:46,,0.000362877,6.49E-07,6:46,3,180920,0,
2018-09-20 6:47,,0.000362877,6.49E-07,6:47,3,180920,0,
2018-09-20 6:48,,0.000362877,6.49E-07,6:48,3,180920,0,
2018-09-20 6:49,,0.000362877,6.49E-07,6:49,3,180920,0,
2018-09-20 6:50,,0.000362877,6.49E-07,6:50,3,180920,0,
2018-09-20 6:51,,0.000362877,6.49E-07,6:51,3,180920,0,
2018-09-20 6:52,,0.000362877,6.49E-07,6:52,3,180920,0,
2018-09-20 6:53,,0.000362877,6.49E-07,6:53,3,180920,0,
2018-09-20 6:54,,0.000362877,6.49E-07,6:54,3,180920,0,
2018-09-20 6:55,,0.000362877,6.49E-07,6:55,3,180920,0,
2018-09-20 6:56,,0.000362877,6.49E-07,6:56,3,180920,0,
2018-09-20 6:57,,0.000362877,6.49E-07,6:57,3,180920,0,
2018-09-20 6:58,,0.000362877,6.49E-07,6:58,3,180920,0,
2018-09-20 6:59,,0.000362877,6.49E-07,6:59,3,180920,0,
2018-09-20 7:00,,0.000362877,6.49E-07,7:00,3,180920,0,
2018-09-20 7:01,,0.000362877,6.49E-07,7:01,3,180920,0,
2018-09-20 7:02,,0.000362877,6.49E-07,7:02,3,180920,0,
2018-09-20 7:03,,0.000362877,6.49E-07,7:03,3,180920,0,
2018-09-20 7:04,,0.000362877,6.49E-07,7:04,3,180920,0,
2018-09-20 7:05,,0.000362877,6.49E-07,7:05,3,180920,0,
2018-09-20 7:06,,0.000362877,6.49E-07,7:06,3,180920,0,
2018-09-20 7:07,,0.000362877,6.49E-07,7:07,3,180920,0,
2018-09-20 7:08,,0.000362877,6.49E-07,7:08,3,180920,0,
2018-09-20 7:09,,0.000362877,6.49E-07,7:09,3,180920,0,
2018-09-20 7:10,,0.000362877,6.49E-07,7:10,3,180920,0,
2018-09-20 7:11,,0.000362877,6.49E-07,7:11,3,180920,0,
2018-09-20 7:12,,0.000362877,6.49E-07,7:12,3,180920,0,
2018-09-20 7:13,,0.000362877,6.49E-07,7:13,3,180920,0,
2018-09-20 7:14,,0.000362877,6.49E-07,7:14,3,180920,0,
2018-09-20 7:15,,0.000362877,6.49E-07,7:15,3,180920,0,
2018-09-20 7:16,,0.000362877,6.49E-07,7:16,3,180920,0,
2018-09-20 7:17,,0.000362877,6.49E-07,7:17,3,180920,0,
2018-09-20 7:18,,0.000362877,6.49E-07,7:18,3,180920,0,
2018-09-20 7:19,,0.000362877,6.49E-07,7:19,3,180920,0,
2018-09-20 7:20,,0.000362877,6.49E-07,7:20,3,180920,0,
2018-09-20 7:21,,0.000362877,6.49E-07,7:21,3,180920,0,
2018-09-20 7:22,,0.000362877,6.49E-07,7:22,3,180920,0,
2018-09-20 7:23,,0.000362877,6.49E-07,7:23,3,180920,0,
2018-09-20 7:24,,0.000362877,6.49E-07,7:24,3,180920,0,
2018-09-20 7:25,,0.000362877,6.49E-07,7:25,3,180920,0,
2018-09-20 7:26,,0.000362877,6.49E-07,7:26,3,180920,0,
2018-09-20 7:27,,0.000362877,6.49E-07,7:27,3,180920,0,
2018-09-20 7:28,,0.000362877,6.49E-07,7:28,3,180920,0,
2018-09-20 7:29,,0.000362877,6.49E-07,7:29,3,180920,0,
2018-09-20 7:30,,0.000362877,6.49E-07,7:30,3,180920,0,
2018-09-20 7:31,,0.000362877,6.49E-07,7:31,3,180920,0,
2018-09-20 7:32,,0.000362877,6.49E-07,7:32,3,180920,0,
2018-09-20 7:33,,0.000362877,6.49E-07,7:33,3,180920,0,
2018-09-20 7:34,,0.000362877,6.49E-07,7:34,3,180920,0,
2018-09-20 7:35,,0.000362877,6.49E-07,7:35,3,180920,0,
2018-09-20 7:36,,0.000362877,6.49E-07,7:36,3,180920,0,
2018-09-20 7:37,,0.000362877,6.49E-07,7:37,3,180920,0,
2018-09-20 7:38,,0.000362877,6.49E-07,7:38,3,180920,0,
2018-09-20 7:39,,0.000362877,6.49E-07,7:39,3,180920,0,
2018-09-20 7:40,,0.000362877,6.49E-07,7:40,3,180920,0,
2018-09-20 7:41,,0.000362877,6.49E-07,7:41,3,180920,0,
2018-09-20 7:42,,0.000362877,6.49E-07,7:42,3,180920,0,
2018-09-20 7:43,,0.000362877,6.49E-07,7:43,3,180920,0,
2018-09-20 7:44,,0.000362877,6.49E-07,7:44,3,180920,0,
2018-09-20 7:45,,0.000362877,6.49E-07,7:45,3,180920,0,
2018-09-20 7:46,,0.000362877,6.49E-07,7:46,3,180920,0,
2018-09-20 7:47,,0.000362877,6.49E-07,7:47,3,180920,0,
2018-09-20 7:48,,0.000362877,6.49E-07,7:48,3,180920,0,
2018-09-20 7:49,,0.000362877,6.49E-07,7:49,3,180920,0,
2018-09-20 7:50,,0.000362877,6.49E-07,7:50,3,180920,0,
2018-09-20 7:51,,0.000362877,6.49E-07,7:51,3,180920,0,
2018-09-20 7:52,,0.000362877,6.49E-07,7:52,3,180920,0,
2018-09-20 7:53,,0.000362877,6.49E-07,7:53,3,180920,0,
2018-09-20 7:54,,0.000362877,6.49E-07,7:54,3,180920,0,
2018-09-20 7:55,,0.000362877,6.49E-07,7:55,3,180920,0,
2018-09-20 7:56,,0.000362877,6.49E-07,7:56,3,180920,0,
2018-09-20 7:57,,0.000362877,6.49E-07,7:57,3,180920,0,
2018-09-20 7:58,,0.000362877,6.49E-07,7:58,3,180920,0,
2018-09-20 7:59,,0.000362877,6.49E-07,7:59,3,180920,0,
2018-09-20 8:00,,0.000362877,6.49E-07,8:00,3,180920,0,
2018-09-20 8:01,,0.000362877,6.49E-07,8:01,3,180920,0,
2018-09-20 8:02,,0.000362877,6.49E-07,8:02,3,180920,0,
2018-09-20 8:03,,0.000362877,6.49E-07,8:03,3,180920,0,
2018-09-20 8:04,,0.000362877,6.49E-07,8:04,3,180920,0,
2018-09-20 8:05,,0.000362877,6.49E-07,8:05,3,180920,0,
2018-09-20 8:06,,0.000362877,6.49E-07,8:06,3,180920,0,
2018-09-20 8:07,,0.000362877,6.49E-07,8:07,3,180920,0,
2018-09-20 8:08,,0.000362877,6.49E-07,8:08,3,180920,0,
2018-09-20 8:09,,0.000362877,6.49E-07,8:09,3,180920,0,
2018-09-20 8:10,,0.000362877,6.49E-07,8:10,3,180920,0,
2018-09-20 8:11,,0.000362877,6.49E-07,8:11,3,180920,0,
2018-09-20 8:12,,0.000362877,6.49E-07,8:12,3,180920,0,
2018-09-20 8:13,,0.000362877,6.49E-07,8:13,3,180920,0,
2018-09-20 8:14,,0.000362877,6.49E-07,8:14,3,180920,0,
2018-09-20 8:15,,0.000362877,6.49E-07,8:15,3,180920,0,
2018-09-20 8:16,,0.000362877,6.49E-07,8:16,3,180920,0,
2018-09-20 8:17,,0.000362877,6.49E-07,8:17,3,180920,0,
2018-09-20 8:18,,0.000362877,6.49E-07,8:18,3,180920,0,
2018-09-20 8:19,,0.000362877,6.49E-07,8:19,3,180920,0,
2018-09-20 8:20,,0.000362877,6.49E-07,8:20,3,180920,0,
2018-09-20 8:21,,0.000362877,6.49E-07,8:21,3,180920,0,
2018-09-20 8:22,,0.000362877,6.49E-07,8:22,3,180920,0,
2018-09-20 8:23,,0.000362877,6.49E-07,8:23,3,180920,0,
2018-09-20 8:24,,0.000362877,6.49E-07,8:24,3,180920,0,
2018-09-20 8:25,,0.000362877,6.49E-07,8:25,3,180920,0,
2018-09-20 8:26,,0.000362877,6.49E-07,8:26,3,180920,0,
2018-09-20 8:27,,0.000362877,6.49E-07,8:27,3,180920,0,
2018-09-20 8:28,,0.000362877,6.49E-07,8:28,3,180920,0,
2018-09-20 8:29,,0.000362877,6.49E-07,8:29,3,180920,0,
2018-09-20 8:30,,0.000362877,6.49E-07,8:30,3,180920,0,
2018-09-20 8:31,,0.000362877,6.49E-07,8:31,3,180920,0,
2018-09-20 8:32,,0.000362877,6.49E-07,8:32,3,180920,0,
2018-09-20 8:33,,0.000362877,6.49E-07,8:33,3,180920,0,
2018-09-20 8:34,,0.000362877,6.49E-07,8:34,3,180920,0,
2018-09-20 8:35,,0.000362877,6.49E-07,8:35,3,180920,0,
2018-09-20 8:36,,0.000362877,6.49E-07,8:36,3,180920,0,
2018-09-20 8:37,,0.000362877,6.49E-07,8:37,3,180920,0,
2018-09-20 8:38,,0.000362877,6.49E-07,8:38,3,180920,0,
2018-09-20 8:39,,0.000362877,6.49E-07,8:39,3,180920,0,
2018-09-20 8:40,,0.000362877,6.49E-07,8:40,3,180920,0,
2018-09-20 8:41,,0.000362877,6.49E-07,8:41,3,180920,0,
2018-09-20 8:42,,0.000362877,6.49E-07,8:42,3,180920,0,
2018-09-20 8:43,,0.000362877,6.49E-07,8:43,3,180920,0,
2018-09-20 8:44,,0.000362877,6.49E-07,8:44,3,180920,0,
2018-09-20 8:45,,0.000362877,6.49E-07,8:45,3,180920,0,
2018-09-20 8:46,,0.000362877,6.49E-07,8:46,3,180920,0,
2018-09-20 8:47,,0.000362877,6.49E-07,8:47,3,180920,0,
2018-09-20 8:48,,0.000362877,6.49E-07,8:48,3,180920,0,
2018-09-20 8:49,,0.000362877,6.49E-07,8:49,3,180920,0,
2018-09-20 8:50,,0.000362877,6.49E-07,8:50,3,180920,0,
2018-09-20 8:51,,0.000362877,6.49E-07,8:51,3,180920,0,
2018-09-20 8:52,,0.000362877,6.49E-07,8:52,3,180920,0,
2018-09-20 8:53,,0.000362877,6.49E-07,8:53,3,180920,0,
2018-09-20 8:54,,0.000362877,6.49E-07,8:54,3,180920,0,
2018-09-20 8:55,,0.000362877,6.49E-07,8:55,3,180920,0,
2018-09-20 8:56,,0.000362877,6.49E-07,8:56,3,180920,0,
2018-09-20 8:57,,0.000362877,6.49E-07,8:57,3,180920,0,
2018-09-20 8:58,,0.000362877,6.49E-07,8:58,3,180920,0,
2018-09-20 8:59,,0.000362877,6.49E-07,8:59,3,180920,0,
2018-09-20 9:00,,0.000362877,6.49E-07,9:00,3,180920,0,
2018-09-20 9:01,,0.000362877,6.49E-07,9:01,3,180920,0,
2018-09-20 9:02,,0.000362877,6.49E-07,9:02,3,180920,0,
2018-09-20 9:03,,0.000362877,6.49E-07,9:03,3,180920,0,
2018-09-20 9:04,,0.000362877,6.49E-07,9:04,3,180920,0,
2018-09-20 9:05,,0.000362877,6.49E-07,9:05,3,180920,0,
2018-09-20 9:06,,0.000362877,6.49E-07,9:06,3,180920,0,
2018-09-20 9:07,,0.000362877,6.49E-07,9:07,3,180920,0,
2018-09-20 9:08,,0.000362877,6.49E-07,9:08,3,180920,0,
2018-09-20 9:09,,0.000362877,6.49E-07,9:09,3,180920,0,
2018-09-20 9:10,,0.000362877,6.49E-07,9:10,3,180920,0,
2018-09-20 9:11,,0.000362877,6.49E-07,9:11,3,180920,0,
2018-09-20 9:12,,0.000362877,6.49E-07,9:12,3,180920,0,
2018-09-20 9:13,,0.000362877,6.49E-07,9:13,3,180920,0,
2018-09-20 9:14,,0.000362877,6.49E-07,9:14,3,180920,0,
2018-09-20 9:15,,0.000362877,6.49E-07,9:15,3,180920,0,
2018-09-20 9:16,,0.000362877,6.49E-07,9:16,3,180920,0,
2018-09-20 9:17,,0.000362877,6.49E-07,9:17,3,180920,0,
2018-09-20 9:18,,0.000362877,6.49E-07,9:18,3,180920,0,
2018-09-20 9:19,,0.000362877,6.49E-07,9:19,3,180920,0,
2018-09-20 9:20,,0.000362877,6.49E-07,9:20,3,180920,0,
2018-09-20 9:21,,0.000362877,6.49E-07,9:21,3,180920,0,
2018-09-20 9:22,,0.000362877,6.49E-07,9:22,3,180920,0,
2018-09-20 9:23,,0.000362877,6.49E-07,9:23,3,180920,0,
2018-09-20 9:24,,0.000362877,6.49E-07,9:24,3,180920,0,
2018-09-20 9:25,,0.000362877,6.49E-07,9:25,3,180920,0,
2018-09-20 9:26,,0.000362877,6.49E-07,9:26,3,180920,0,
2018-09-20 9:27,,0.000362877,6.49E-07,9:27,3,180920,0,
2018-09-20 9:28,,0.000362877,6.49E-07,9:28,3,180920,0,
2018-09-20 9:29,,0.000362877,6.49E-07,9:29,3,180920,0,
2018-09-20 9:30,,0.000362877,6.49E-07,9:30,3,180920,0,
2018-09-20 9:31,,0.000362877,6.49E-07,9:31,3,180920,0,
2018-09-20 9:32,,0.000362877,6.49E-07,9:32,3,180920,0,
2018-09-20 9:33,,0.000362877,6.49E-07,9:33,3,180920,0,
2018-09-20 9:34,,0.000362877,6.49E-07,9:34,3,180920,0,
2018-09-20 9:35,,0.000362877,6.49E-07,9:35,3,180920,0,
2018-09-20 9:36,,0.000362877,6.49E-07,9:36,3,180920,0,
2018-09-20 9:37,,0.000362877,6.49E-07,9:37,3,180920,0,
2018-09-20 9:38,,0.000362877,6.49E-07,9:38,3,180920,0,
2018-09-20 9:39,,0.000362877,6.49E-07,9:39,3,180920,0,
2018-09-20 9:40,,0.000362877,6.49E-07,9:40,3,180920,0,
2018-09-20 9:41,,0.000362877,6.49E-07,9:41,3,180920,0,
2018-09-20 9:42,,0.000362877,6.49E-07,9:42,3,180920,0,
2018-09-20 9:43,,0.000362877,6.49E-07,9:43,3,180920,0,
2018-09-20 9:44,,0.000362877,6.49E-07,9:44,3,180920,0,
2018-09-20 9:45,,0.000362877,6.49E-07,9:45,3,180920,0,
2018-09-20 9:46,,0.000362877,6.49E-07,9:46,3,180920,0,
2018-09-20 9:47,,0.000362877,6.49E-07,9:47,3,180920,0,
2018-09-20 9:48,,0.000362877,6.49E-07,9:48,3,180920,0,
2018-09-20 9:49,,0.000362877,6.49E-07,9:49,3,180920,0,
2018-09-20 9:50,,0.000362877,6.49E-07,9:50,3,180920,0,
2018-09-20 9:51,,0.000362877,6.49E-07,9:51,3,180920,0,
2018-09-20 9:52,,0.000362877,6.49E-07,9:52,3,180920,0,
2018-09-20 9:53,,0.000362877,6.49E-07,9:53,3,180920,0,
2018-09-20 9:54,,0.000362877,6.49E-07,9:54,3,180920,0,
2018-09-20 9:55,,0.000362877,6.49E-07,9:55,3,180920,0,
2018-09-20 9:56,,0.000362877,6.49E-07,9:56,3,180920,0,
2018-09-20 9:57,,0.000362877,6.49E-07,9:57,3,180920,0,
2018-09-20 9:58,,0.000362877,6.49E-07,9:58,3,180920,0,
2018-09-20 9:59,,0.000362877,6.49E-07,9:59,3,180920,0,
2018-09-20 10:00,,0.000362877,6.49E-07,10:00,3,180920,0,
2018-09-20 10:01,,0.000362877,6.49E-07,10:01,3,180920,0,
2018-09-20 10:02,,0.000362877,6.49E-07,10:02,3,180920,0,
2018-09-20 10:03,,0.000362877,6.49E-07,10:03,3,180920,0,
2018-09-20 10:04,,0.000362877,6.49E-07,10:04,3,180920,0,
2018-09-20 10:05,,0.000362877,6.49E-07,10:05,3,180920,0,
2018-09-20 10:06,,0.000362877,6.49E-07,10:06,3,180920,0,
2018-09-20 10:07,,0.000362877,6.49E-07,10:07,3,180920,0,
2018-09-20 10:08,,0.000362877,6.49E-07,10:08,3,180920,0,
2018-09-20 10:09,,0.000362877,6.49E-07,10:09,3,180920,0,
2018-09-20 10:10,,0.000362877,6.49E-07,10:10,3,180920,0,
2018-09-20 10:11,,0.000362877,6.49E-07,10:11,3,180920,0,
2018-09-20 10:12,,0.000362877,6.49E-07,10:12,3,180920,0,
2018-09-20 10:13,,0.000362877,6.49E-07,10:13,3,180920,0,
2018-09-20 10:14,,0.000362877,6.49E-07,10:14,3,180920,0,
2018-09-20 10:15,,0.000362877,6.49E-07,10:15,3,180920,0,
2018-09-20 10:16,,0.000362877,6.49E-07,10:16,3,180920,0,
2018-09-20 10:17,,0.000362877,6.49E-07,10:17,3,180920,0,
2018-09-20 10:18,,0.000362877,6.49E-07,10:18,3,180920,0,
2018-09-20 10:19,,0.000362877,6.49E-07,10:19,3,180920,0,
2018-09-20 10:20,,0.000362877,6.49E-07,10:20,3,180920,0,
2018-09-20 10:21,,0.000362877,6.49E-07,10:21,3,180920,0,
2018-09-20 10:22,,0.000362877,6.49E-07,10:22,3,180920,0,
2018-09-20 10:23,,0.000362877,6.49E-07,10:23,3,180920,0,
2018-09-20 10:24,,0.000362877,6.49E-07,10:24,3,180920,0,
2018-09-20 10:25,,0.000362877,6.49E-07,10:25,3,180920,0,
2018-09-20 10:26,,0.000362877,6.49E-07,10:26,3,180920,0,
2018-09-20 10:27,,0.000362877,6.49E-07,10:27,3,180920,0,
2018-09-20 10:28,,0.000362877,6.49E-07,10:28,3,180920,0,
2018-09-20 10:29,,0.000362877,6.49E-07,10:29,3,180920,0,
2018-09-20 10:30,,0.000362877,6.49E-07,10:30,3,180920,0,
2018-09-20 10:31,,0.000362877,6.49E-07,10:31,3,180920,0,
2018-09-20 10:32,,0.000362877,6.49E-07,10:32,3,180920,0,
2018-09-20 10:33,,0.000362877,6.49E-07,10:33,3,180920,0,
2018-09-20 10:34,,0.000362877,6.49E-07,10:34,3,180920,0,
2018-09-20 10:35,,0.000362877,6.49E-07,10:35,3,180920,0,
2018-09-20 10:36,,0.000362877,6.49E-07,10:36,3,180920,0,
2018-09-20 10:37,,0.000362877,6.49E-07,10:37,3,180920,0,
2018-09-20 10:38,,0.000362877,6.49E-07,10:38,3,180920,0,
2018-09-20 10:39,,0.000362877,6.49E-07,10:39,3,180920,0,
2018-09-20 10:40,,0.000362877,6.49E-07,10:40,3,180920,0,
2018-09-20 10:41,,0.000362877,6.49E-07,10:41,3,180920,0,
2018-09-20 10:42,,0.000362877,6.49E-07,10:42,3,180920,0,
2018-09-20 10:43,,0.000362877,6.49E-07,10:43,3,180920,0,
2018-09-20 10:44,,0.000362877,6.49E-07,10:44,3,180920,0,
2018-09-20 10:45,,0.000362877,6.49E-07,10:45,3,180920,0,
2018-09-20 10:46,,0.000362877,6.49E-07,10:46,3,180920,0,
2018-09-20 10:47,,0.000362877,6.49E-07,10:47,3,180920,0,
2018-09-20 10:48,,0.000362877,6.49E-07,10:48,3,180920,0,
2018-09-20 10:49,,0.000362877,6.49E-07,10:49,3,180920,0,
2018-09-20 10:50,,0.000362877,6.49E-07,10:50,3,180920,0,
2018-09-20 10:51,,0.000362877,6.49E-07,10:51,3,180920,0,
2018-09-20 10:52,,0.000362877,6.49E-07,10:52,3,180920,0,
2018-09-20 10:53,,0.000362877,6.49E-07,10:53,3,180920,0,
2018-09-20 10:54,,0.000362877,6.49E-07,10:54,3,180920,0,
2018-09-20 10:55,,0.000362877,6.49E-07,10:55,3,180920,0,
2018-09-20 10:56,,0.000362877,6.49E-07,10:56,3,180920,0,
2018-09-20 10:57,,0.000362877,6.49E-07,10:57,3,180920,0,
2018-09-20 10:58,,0.000362877,6.49E-07,10:58,3,180920,0,
2018-09-20 10:59,,0.000362877,6.49E-07,10:59,3,180920,0,
2018-09-20 11:00,,0.000362877,6.49E-07,11:00,3,180920,0,
2018-09-20 11:01,,0.000362877,6.49E-07,11:01,3,180920,0,
2018-09-20 11:02,,0.000362877,6.49E-07,11:02,3,180920,0,
2018-09-20 11:03,,0.000362877,6.49E-07,11:03,3,180920,0,
2018-09-20 11:04,,0.000362877,6.49E-07,11:04,3,180920,0,
2018-09-20 11:05,,0.000362877,6.49E-07,11:05,3,180920,0,
2018-09-20 11:06,,0.000362877,6.49E-07,11:06,3,180920,0,
2018-09-20 11:07,,0.000362877,6.49E-07,11:07,3,180920,0,
2018-09-20 11:08,,0.000362877,6.49E-07,11:08,3,180920,0,
2018-09-20 11:09,,0.000362877,6.49E-07,11:09,3,180920,0,
2018-09-20 11:10,,0.000362877,6.49E-07,11:10,3,180920,0,
2018-09-20 11:11,,0.000362877,6.49E-07,11:11,3,180920,0,
2018-09-20 11:12,,0.000362877,6.49E-07,11:12,3,180920,0,
2018-09-20 11:13,,0.000362877,6.49E-07,11:13,3,180920,0,
2018-09-20 11:14,,0.000362877,6.49E-07,11:14,3,180920,0,
2018-09-20 11:15,,0.000362877,6.49E-07,11:15,3,180920,0,
2018-09-20 11:16,,0.000362877,6.49E-07,11:16,3,180920,0,
2018-09-20 11:17,,0.000362877,6.49E-07,11:17,3,180920,0,
2018-09-20 11:18,,0.000362877,6.49E-07,11:18,3,180920,0,
2018-09-20 11:19,,0.000362877,6.49E-07,11:19,3,180920,0,
2018-09-20 11:20,,0.000362877,6.49E-07,11:20,3,180920,0,
2018-09-20 11:21,,0.000362877,6.49E-07,11:21,3,180920,0,
2018-09-20 11:22,,0.000362877,6.49E-07,11:22,3,180920,0,
2018-09-20 11:23,,0.000362877,6.49E-07,11:23,3,180920,0,
2018-09-20 11:24,,0.000362877,6.49E-07,11:24,3,180920,0,
2018-09-20 11:25,,0.000362877,6.49E-07,11:25,3,180920,0,
2018-09-20 11:26,,0.000362877,6.49E-07,11:26,3,180920,0,
2018-09-20 11:27,,0.000362877,6.49E-07,11:27,3,180920,0,
2018-09-20 11:28,,0.000362877,6.49E-07,11:28,3,180920,0,
2018-09-20 11:29,,0.000362877,6.49E-07,11:29,3,180920,0,
2018-09-20 11:30,,0.000362877,6.49E-07,11:30,3,180920,0,
2018-09-20 11:31,,0.000362877,6.49E-07,11:31,3,180920,0,
2018-09-20 11:32,,0.000362877,6.49E-07,11:32,3,180920,0,
2018-09-20 11:33,,0.000362877,6.49E-07,11:33,3,180920,0,
2018-09-20 11:34,,0.000362877,6.49E-07,11:34,3,180920,0,
2018-09-20 11:35,,0.000362877,6.49E-07,11:35,3,180920,0,
2018-09-20 11:36,,0.000362877,6.49E-07,11:36,3,180920,0,
2018-09-20 11:37,,0.000362877,6.49E-07,11:37,3,180920,0,
2018-09-20 11:38,,0.000362877,6.49E-07,11:38,3,180920,0,
2018-09-20 11:39,,0.000362877,6.49E-07,11:39,3,180920,0,
2018-09-20 11:40,,0.000362877,6.49E-07,11:40,3,180920,0,
2018-09-20 11:41,,0.000362877,6.49E-07,11:41,3,180920,0,
2018-09-20 11:42,,0.000362877,6.49E-07,11:42,3,180920,0,
2018-09-20 11:43,,0.000362877,6.49E-07,11:43,3,180920,0,
2018-09-20 11:44,,0.000362877,6.49E-07,11:44,3,180920,0,
2018-09-20 11:45,,0.000362877,6.49E-07,11:45,3,180920,0,
2018-09-20 11:46,,0.000362877,6.49E-07,11:46,3,180920,0,
2018-09-20 11:47,,0.000362877,6.49E-07,11:47,3,180920,0,
2018-09-20 11:48,,0.000362877,6.49E-07,11:48,3,180920,0,
2018-09-20 11:49,,0.000362877,6.49E-07,11:49,3,180920,0,
2018-09-20 11:50,,0.000362877,6.49E-07,11:50,3,180920,0,
2018-09-20 11:51,,0.000362877,6.49E-07,11:51,3,180920,0,
2018-09-20 11:52,,0.000362877,6.49E-07,11:52,3,180920,0,
2018-09-20 11:53,,0.000362877,6.49E-07,11:53,3,180920,0,
2018-09-20 11:54,,0.000362877,6.49E-07,11:54,3,180920,0,
2018-09-20 11:55,,0.000362877,6.49E-07,11:55,3,180920,0,
2018-09-20 11:56,,0.000362877,6.49E-07,11:56,3,180920,0,
2018-09-20 11:57,,0.000362877,6.49E-07,11:57,3,180920,0,
2018-09-20 11:58,,0.000362877,6.49E-07,11:58,3,180920,0,
2018-09-20 11:59,,0.000362877,6.49E-07,11:59,3,180920,0,
2018-09-20 12:00,,0.000362877,6.49E-07,12:00,3,180920,0,
2018-09-20 12:01,,0.000362877,6.49E-07,12:01,3,180920,0,
2018-09-20 12:02,,0.000362877,6.49E-07,12:02,3,180920,0,
2018-09-20 12:03,,0.000362877,6.49E-07,12:03,3,180920,0,
2018-09-20 12:04,,0.000362877,6.49E-07,12:04,3,180920,0,
2018-09-20 12:05,,0.000362877,6.49E-07,12:05,3,180920,0,
2018-09-20 12:06,,0.000362877,6.49E-07,12:06,3,180920,0,
2018-09-20 12:07,,0.000362877,6.49E-07,12:07,3,180920,0,
2018-09-20 12:08,,0.000362877,6.49E-07,12:08,3,180920,0,
2018-09-20 12:09,,0.000362877,6.49E-07,12:09,3,180920,0,
2018-09-20 12:10,,0.000362877,6.49E-07,12:10,3,180920,0,
2018-09-20 12:11,,0.000362877,6.49E-07,12:11,3,180920,0,
2018-09-20 12:12,,0.000362877,6.49E-07,12:12,3,180920,0,
2018-09-20 12:13,,0.000362877,6.49E-07,12:13,3,180920,0,
2018-09-20 12:14,,0.000362877,6.49E-07,12:14,3,180920,0,
2018-09-20 12:15,,0.000362877,6.49E-07,12:15,3,180920,0,
2018-09-20 12:16,,0.000362877,6.49E-07,12:16,3,180920,0,
2018-09-20 12:17,,0.000362877,6.49E-07,12:17,3,180920,0,
2018-09-20 12:18,,0.000362877,6.49E-07,12:18,3,180920,0,
2018-09-20 12:19,,0.000362877,6.49E-07,12:19,3,180920,0,
2018-09-20 12:20,,0.000362877,6.49E-07,12:20,3,180920,0,
2018-09-20 12:21,,0.000362877,6.49E-07,12:21,3,180920,0,
2018-09-20 12:22,,0.000362877,6.49E-07,12:22,3,180920,0,
2018-09-20 12:23,,0.000362877,6.49E-07,12:23,3,180920,0,
2018-09-20 12:24,,0.000362877,6.49E-07,12:24,3,180920,0,
2018-09-20 12:25,,0.000362877,6.49E-07,12:25,3,180920,0,
2018-09-20 12:26,,0.000362877,6.49E-07,12:26,3,180920,0,
2018-09-20 12:27,,0.000362877,6.49E-07,12:27,3,180920,0,
2018-09-20 12:28,,0.000362877,6.49E-07,12:28,3,180920,0,
2018-09-20 12:29,,0.000362877,6.49E-07,12:29,3,180920,0,
2018-09-20 12:30,,0.000362877,6.49E-07,12:30,3,180920,0,
2018-09-20 12:31,,0.000362877,6.49E-07,12:31,3,180920,0,
2018-09-20 12:32,,0.000362877,6.49E-07,12:32,3,180920,0,
2018-09-20 12:33,,0.000362877,6.49E-07,12:33,3,180920,0,
2018-09-20 12:34,,0.000362877,6.49E-07,12:34,3,180920,0,
2018-09-20 12:35,,0.000362877,6.49E-07,12:35,3,180920,0,
2018-09-20 12:36,,0.000362877,6.49E-07,12:36,3,180920,0,
2018-09-20 12:37,,0.000362877,6.49E-07,12:37,3,180920,0,
2018-09-20 12:38,,0.000362877,6.49E-07,12:38,3,180920,0,
2018-09-20 12:39,,0.000362877,6.49E-07,12:39,3,180920,0,
2018-09-20 12:40,,0.000362877,6.49E-07,12:40,3,180920,0,
2018-09-20 12:41,,0.000362877,6.49E-07,12:41,3,180920,0,
2018-09-20 12:42,,0.000362877,6.49E-07,12:42,3,180920,0,
2018-09-20 12:43,,0.000362877,6.49E-07,12:43,3,180920,0,
2018-09-20 12:44,,0.000362877,6.49E-07,12:44,3,180920,0,
2018-09-20 12:45,,0.000362877,6.49E-07,12:45,3,180920,0,
2018-09-20 12:46,,0.000362877,6.49E-07,12:46,3,180920,0,
2018-09-20 12:47,,0.000362877,6.49E-07,12:47,3,180920,0,
2018-09-20 12:48,,0.000362877,6.49E-07,12:48,3,180920,0,
2018-09-20 12:49,,0.000362877,6.49E-07,12:49,3,180920,0,
2018-09-20 12:50,,0.000362877,6.49E-07,12:50,3,180920,0,
2018-09-20 12:51,,0.000362877,6.49E-07,12:51,3,180920,0,
2018-09-20 12:52,,0.000362877,6.49E-07,12:52,3,180920,0,
2018-09-20 12:53,,0.000362877,6.49E-07,12:53,3,180920,0,
2018-09-20 12:54,,0.000362877,6.49E-07,12:54,3,180920,0,
2018-09-20 12:55,,0.000362877,6.49E-07,12:55,3,180920,0,
2018-09-20 12:56,,0.000362877,6.49E-07,12:56,3,180920,0,
2018-09-20 12:57,,0.000362877,6.49E-07,12:57,3,180920,0,
2018-09-20 12:58,,0.000362877,6.49E-07,12:58,3,180920,0,
2018-09-20 12:59,,0.000362877,6.49E-07,12:59,3,180920,0,
2018-09-20 13:00,,0.000362877,6.49E-07,13:00,3,180920,0,
2018-09-20 13:01,,0.000362877,6.49E-07,13:01,3,180920,0,
2018-09-20 13:02,,0.000362877,6.49E-07,13:02,3,180920,0,
2018-09-20 13:03,,0.000362877,6.49E-07,13:03,3,180920,0,
2018-09-20 13:04,,0.000362877,6.49E-07,13:04,3,180920,0,
2018-09-20 13:05,,0.000362877,6.49E-07,13:05,3,180920,0,
2018-09-20 13:06,,0.000362877,6.49E-07,13:06,3,180920,0,
2018-09-20 13:07,,0.000362877,6.49E-07,13:07,3,180920,0,
2018-09-20 13:08,,0.000362877,6.49E-07,13:08,3,180920,0,
2018-09-20 13:09,,0.000362877,6.49E-07,13:09,3,180920,0,
2018-09-20 13:10,,0.000362877,6.49E-07,13:10,3,180920,0,
2018-09-20 13:11,,0.000362877,6.49E-07,13:11,3,180920,0,
2018-09-20 13:12,,0.000362877,6.49E-07,13:12,3,180920,0,
2018-09-20 13:13,,0.000362877,6.49E-07,13:13,3,180920,0,
2018-09-20 13:14,,0.000362877,6.49E-07,13:14,3,180920,0,
2018-09-20 13:15,,0.000362877,6.49E-07,13:15,3,180920,0,
2018-09-20 13:16,,0.000362877,6.49E-07,13:16,3,180920,0,
2018-09-20 13:17,,0.000362877,6.49E-07,13:17,3,180920,0,
2018-09-20 13:18,,0.000362877,6.49E-07,13:18,3,180920,0,
2018-09-20 13:19,,0.000362877,6.49E-07,13:19,3,180920,0,
2018-09-20 13:20,,0.000362877,6.49E-07,13:20,3,180920,0,
2018-09-20 13:21,,0.000362877,6.49E-07,13:21,3,180920,0,
2018-09-20 13:22,,0.000362877,6.49E-07,13:22,3,180920,0,
2018-09-20 13:23,,0.000362877,6.49E-07,13:23,3,180920,0,
2018-09-20 13:24,,0.000362877,6.49E-07,13:24,3,180920,0,
2018-09-20 13:25,,0.000362877,6.49E-07,13:25,3,180920,0,
2018-09-20 13:26,,0.000362877,6.49E-07,13:26,3,180920,0,
2018-09-20 13:27,,0.000362877,6.49E-07,13:27,3,180920,0,
2018-09-20 13:28,,0.000362877,6.49E-07,13:28,3,180920,0,
2018-09-20 13:29,,0.000362877,6.49E-07,13:29,3,180920,0,
2018-09-20 13:30,,0.000362877,6.49E-07,13:30,3,180920,0,
2018-09-20 13:31,,0.000362877,6.49E-07,13:31,3,180920,0,
2018-09-20 13:32,,0.000362877,6.49E-07,13:32,3,180920,0,
2018-09-20 13:33,,0.000362877,6.49E-07,13:33,3,180920,0,
2018-09-20 13:34,,0.000362877,6.49E-07,13:34,3,180920,0,
2018-09-20 13:35,,0.000362877,6.49E-07,13:35,3,180920,0,
2018-09-20 13:36,,0.000362877,6.49E-07,13:36,3,180920,0,
2018-09-20 13:37,,0.000362877,6.49E-07,13:37,3,180920,0,
2018-09-20 13:38,,0.000362877,6.49E-07,13:38,3,180920,0,
2018-09-20 13:39,,0.000362877,6.49E-07,13:39,3,180920,0,
2018-09-20 13:40,,0.000362877,6.49E-07,13:40,3,180920,0,
2018-09-20 13:41,,0.000362877,6.49E-07,13:41,3,180920,0,
2018-09-20 13:42,,0.000362877,6.49E-07,13:42,3,180920,0,
2018-09-20 13:43,,0.000362877,6.49E-07,13:43,3,180920,0,
2018-09-20 13:44,,0.000362877,6.49E-07,13:44,3,180920,0,
2018-09-20 13:45,,0.000362877,6.49E-07,13:45,3,180920,0,
2018-09-20 13:46,,0.000362877,6.49E-07,13:46,3,180920,0,
2018-09-20 13:47,,0.000362877,6.49E-07,13:47,3,180920,0,
2018-09-20 13:48,,0.000362877,6.49E-07,13:48,3,180920,0,
2018-09-20 13:49,,0.000362877,6.49E-07,13:49,3,180920,0,
2018-09-20 13:50,,0.000362877,6.49E-07,13:50,3,180920,0,
2018-09-20 13:51,,0.000362877,6.49E-07,13:51,3,180920,0,
2018-09-20 13:52,,0.000362877,6.49E-07,13:52,3,180920,0,
2018-09-20 13:53,,0.000362877,6.49E-07,13:53,3,180920,0,
2018-09-20 13:54,,0.000362877,6.49E-07,13:54,3,180920,0,
2018-09-20 13:55,,0.000362877,6.49E-07,13:55,3,180920,0,
2018-09-20 13:56,,0.000362877,6.49E-07,13:56,3,180920,0,
2018-09-20 13:57,,0.000362877,6.49E-07,13:57,3,180920,0,
2018-09-20 13:58,,0.000362877,6.49E-07,13:58,3,180920,0,
2018-09-20 13:59,,0.000362877,6.49E-07,13:59,3,180920,0,
2018-09-20 14:00,,0.000362877,6.49E-07,14:00,3,180920,0,
2018-09-20 14:01,,0.000362877,6.49E-07,14:01,3,180920,0,
2018-09-20 14:02,,0.000362877,6.49E-07,14:02,3,180920,0,
2018-09-20 14:03,,0.000362877,6.49E-07,14:03,3,180920,0,
2018-09-20 14:04,,0.000362877,6.49E-07,14:04,3,180920,0,
2018-09-20 14:05,,0.000362877,6.49E-07,14:05,3,180920,0,
2018-09-20 14:06,,0.000362877,6.49E-07,14:06,3,180920,0,
2018-09-20 14:07,,0.000362877,6.49E-07,14:07,3,180920,0,
2018-09-20 14:08,,0.000362877,6.49E-07,14:08,3,180920,0,
2018-09-20 14:09,,0.000362877,6.49E-07,14:09,3,180920,0,
2018-09-20 14:10,,0.000362877,6.49E-07,14:10,3,180920,0,
2018-09-20 14:11,,0.000362877,6.49E-07,14:11,3,180920,0,
2018-09-20 14:12,,0.000362877,6.49E-07,14:12,3,180920,0,
2018-09-20 14:13,,0.000362877,6.49E-07,14:13,3,180920,0,
2018-09-20 14:14,,0.000362877,6.49E-07,14:14,3,180920,0,
2018-09-20 14:15,,0.000362877,6.49E-07,14:15,3,180920,0,
2018-09-20 14:16,,0.000362877,6.49E-07,14:16,3,180920,0,
2018-09-20 14:17,,0.000362877,6.49E-07,14:17,3,180920,0,
2018-09-20 14:18,,0.000362877,6.49E-07,14:18,3,180920,0,
2018-09-20 14:19,,0.000362877,6.49E-07,14:19,3,180920,0,
2018-09-20 14:20,,0.000362877,6.49E-07,14:20,3,180920,0,
2018-09-20 14:21,,0.000362877,6.49E-07,14:21,3,180920,0,
2018-09-20 14:22,,0.000362877,6.49E-07,14:22,3,180920,0,
2018-09-20 14:23,,0.000362877,6.49E-07,14:23,3,180920,0,
2018-09-20 14:24,,0.000362877,6.49E-07,14:24,3,180920,0,
2018-09-20 14:25,,0.000362877,6.49E-07,14:25,3,180920,0,
2018-09-20 14:26,,0.000362877,6.49E-07,14:26,3,180920,0,
2018-09-20 14:27,,0.000362877,6.49E-07,14:27,3,180920,0,
2018-09-20 14:28,,0.000362877,6.49E-07,14:28,3,180920,0,
2018-09-20 14:29,,0.000362877,6.49E-07,14:29,3,180920,0,
2018-09-20 14:30,,0.000362877,6.49E-07,14:30,3,180920,0,
2018-09-20 14:31,,0.000362877,6.49E-07,14:31,3,180920,0,
2018-09-20 14:32,,0.000362877,6.49E-07,14:32,3,180920,0,
2018-09-20 14:33,,0.000362877,6.49E-07,14:33,3,180920,0,
2018-09-20 14:34,,0.000362877,6.49E-07,14:34,3,180920,0,
2018-09-20 14:35,,0.000362877,6.49E-07,14:35,3,180920,0,
2018-09-20 14:36,,0.000362877,6.49E-07,14:36,3,180920,0,
2018-09-20 14:37,,0.000362877,6.49E-07,14:37,3,180920,0,
2018-09-20 14:38,,0.000362877,6.49E-07,14:38,3,180920,0,
2018-09-20 14:39,,0.000362877,6.49E-07,14:39,3,180920,0,
2018-09-20 14:40,,0.000362877,6.49E-07,14:40,3,180920,0,
2018-09-20 14:41,,0.000362877,6.49E-07,14:41,3,180920,0,
2018-09-20 14:42,,0.000362877,6.49E-07,14:42,3,180920,0,
2018-09-20 14:43,,0.000362877,6.49E-07,14:43,3,180920,0,
2018-09-20 14:44,,0.000362877,6.49E-07,14:44,3,180920,0,
2018-09-20 14:45,,0.000362877,6.49E-07,14:45,3,180920,0,
2018-09-20 14:46,,0.000362877,6.49E-07,14:46,3,180920,0,
2018-09-20 14:47,,0.000362877,6.49E-07,14:47,3,180920,0,
2018-09-20 14:48,,0.000362877,6.49E-07,14:48,3,180920,0,
2018-09-20 14:49,,0.000362877,6.49E-07,14:49,3,180920,0,
2018-09-20 14:50,,0.000362877,6.49E-07,14:50,3,180920,0,
2018-09-20 14:51,,0.000362877,6.49E-07,14:51,3,180920,0,
2018-09-20 14:52,,0.000362877,6.49E-07,14:52,3,180920,0,
2018-09-20 14:53,,0.000362877,6.49E-07,14:53,3,180920,0,
2018-09-20 14:54,,0.000362877,6.49E-07,14:54,3,180920,0,
2018-09-20 14:55,,0.000362877,6.49E-07,14:55,3,180920,0,
2018-09-20 14:56,,0.000362877,6.49E-07,14:56,3,180920,0,
2018-09-20 14:57,,0.000362877,6.49E-07,14:57,3,180920,0,
2018-09-20 14:58,,0.000362877,6.49E-07,14:58,3,180920,0,
2018-09-20 14:59,,0.000362877,6.49E-07,14:59,3,180920,0,
2018-09-20 15:00,,0.000362877,6.49E-07,15:00,3,180920,0,
2018-09-20 15:01,,0.000362877,6.49E-07,15:01,3,180920,0,
2018-09-20 15:02,,0.000362877,6.49E-07,15:02,3,180920,0,
2018-09-20 15:03,,0.000362877,6.49E-07,15:03,3,180920,0,
2018-09-20 15:04,,0.000362877,6.49E-07,15:04,3,180920,0,
2018-09-20 15:05,,0.000362877,6.49E-07,15:05,3,180920,0,
2018-09-20 15:06,,0.000362877,6.49E-07,15:06,3,180920,0,
2018-09-20 15:07,,0.000362877,6.49E-07,15:07,3,180920,0,
2018-09-20 15:08,,0.000362877,6.49E-07,15:08,3,180920,0,
2018-09-20 15:09,,0.000362877,6.49E-07,15:09,3,180920,0,
2018-09-20 15:10,,0.000362877,6.49E-07,15:10,3,180920,0,
2018-09-20 15:11,,0.000362877,6.49E-07,15:11,3,180920,0,
2018-09-20 15:12,,0.000362877,6.49E-07,15:12,3,180920,0,
2018-09-20 15:13,,0.000362877,6.49E-07,15:13,3,180920,0,
2018-09-20 15:14,,0.000362877,6.49E-07,15:14,3,180920,0,
2018-09-20 15:15,,0.000362877,6.49E-07,15:15,3,180920,0,
2018-09-20 15:16,,0.000362877,6.49E-07,15:16,3,180920,0,
2018-09-20 15:17,,0.000362877,6.49E-07,15:17,3,180920,0,
2018-09-20 15:18,,0.000362877,6.49E-07,15:18,3,180920,0,
2018-09-20 15:19,,0.000362877,6.49E-07,15:19,3,180920,0,
2018-09-20 15:20,,0.000362877,6.49E-07,15:20,3,180920,0,
2018-09-20 15:21,,0.000362877,6.49E-07,15:21,3,180920,0,
2018-09-20 15:22,,0.000362877,6.49E-07,15:22,3,180920,0,
2018-09-20 15:23,,0.000362877,6.49E-07,15:23,3,180920,0,
2018-09-20 15:24,,0.000362877,6.49E-07,15:24,3,180920,0,
2018-09-20 15:25,,0.000362877,6.49E-07,15:25,3,180920,0,
2018-09-20 15:26,,0.000362877,6.49E-07,15:26,3,180920,0,
2018-09-20 15:27,,0.000362877,6.49E-07,15:27,3,180920,0,
2018-09-20 15:28,,0.000362877,6.49E-07,15:28,3,180920,0,
2018-09-20 15:29,,0.000362877,6.49E-07,15:29,3,180920,0,
2018-09-20 15:30,,0.000362877,6.49E-07,15:30,3,180920,0,
2018-09-20 15:31,,0.000362877,6.49E-07,15:31,3,180920,0,
2018-09-20 15:32,,0.000362877,6.49E-07,15:32,3,180920,0,
2018-09-20 15:33,,0.000362877,6.49E-07,15:33,3,180920,0,
2018-09-20 15:34,,0.000362877,6.49E-07,15:34,3,180920,0,
2018-09-20 15:35,,0.000362877,6.49E-07,15:35,3,180920,0,
2018-09-20 15:36,,0.000362877,6.49E-07,15:36,3,180920,0,
2018-09-20 15:37,,0.000362877,6.49E-07,15:37,3,180920,0,
2018-09-20 15:38,,0.000362877,6.49E-07,15:38,3,180920,0,
2018-09-20 15:39,,0.000362877,6.49E-07,15:39,3,180920,0,
2018-09-20 15:40,,0.000362877,6.49E-07,15:40,3,180920,0,
2018-09-20 15:41,,0.000362877,6.49E-07,15:41,3,180920,0,
2018-09-20 15:42,,0.000362877,6.49E-07,15:42,3,180920,0,
2018-09-20 15:43,,0.000362877,6.49E-07,15:43,3,180920,0,
2018-09-20 15:44,,0.000362877,6.49E-07,15:44,3,180920,0,
2018-09-20 15:45,,0.000362877,6.49E-07,15:45,3,180920,0,
2018-09-20 15:46,,0.000362877,6.49E-07,15:46,3,180920,0,
2018-09-20 15:47,,0.000362877,6.49E-07,15:47,3,180920,0,
2018-09-20 15:48,,0.000362877,6.49E-07,15:48,3,180920,0,
2018-09-20 15:49,,0.000362877,6.49E-07,15:49,3,180920,0,
2018-09-20 15:50,,0.000362877,6.49E-07,15:50,3,180920,0,
2018-09-20 15:51,,0.000362877,6.49E-07,15:51,3,180920,0,
2018-09-20 15:52,,0.000362877,6.49E-07,15:52,3,180920,0,
2018-09-20 15:53,,0.000362877,6.49E-07,15:53,3,180920,0,
2018-09-20 15:54,,0.000362877,6.49E-07,15:54,3,180920,0,
2018-09-20 15:55,,0.000362877,6.49E-07,15:55,3,180920,0,
2018-09-20 15:56,,0.000362877,6.49E-07,15:56,3,180920,0,
2018-09-20 15:57,,0.000362877,6.49E-07,15:57,3,180920,0,
2018-09-20 15:58,,0.000362877,6.49E-07,15:58,3,180920,0,
2018-09-20 15:59,,0.000362877,6.49E-07,15:59,3,180920,0,
2018-09-20 16:00,,0.000362877,6.49E-07,16:00,3,180920,0,
2018-09-20 16:01,,0.000362877,6.49E-07,16:01,3,180920,0,
2018-09-20 16:02,,0.000362877,6.49E-07,16:02,3,180920,0,
2018-09-20 16:03,,0.000362877,6.49E-07,16:03,3,180920,0,
2018-09-20 16:04,,0.000362877,6.49E-07,16:04,3,180920,0,
2018-09-20 16:05,,0.000362877,6.49E-07,16:05,3,180920,0,
2018-09-20 16:06,,0.000362877,6.49E-07,16:06,3,180920,0,
2018-09-20 16:07,,0.000362877,6.49E-07,16:07,3,180920,0,
2018-09-20 16:08,,0.000362877,6.49E-07,16:08,3,180920,0,
2018-09-20 16:09,,0.000362877,6.49E-07,16:09,3,180920,0,
2018-09-20 16:10,,0.000362877,6.49E-07,16:10,3,180920,0,
2018-09-20 16:11,,0.000362877,6.49E-07,16:11,3,180920,0,
2018-09-20 16:12,,0.000362877,6.49E-07,16:12,3,180920,0,
2018-09-20 16:13,,0.000362877,6.49E-07,16:13,3,180920,0,
2018-09-20 16:14,,0.000362877,6.49E-07,16:14,3,180920,0,
2018-09-20 16:15,,0.000362877,6.49E-07,16:15,3,180920,0,
2018-09-20 16:16,,0.000362877,6.49E-07,16:16,3,180920,0,
2018-09-20 16:17,,0.000362877,6.49E-07,16:17,3,180920,0,
2018-09-20 16:18,,0.000362877,6.49E-07,16:18,3,180920,0,
2018-09-20 16:19,,0.000362877,6.49E-07,16:19,3,180920,0,
2018-09-20 16:20,,0.000362877,6.49E-07,16:20,3,180920,0,
2018-09-20 16:21,,0.000362877,6.49E-07,16:21,3,180920,0,
2018-09-20 16:22,,0.000362877,6.49E-07,16:22,3,180920,0,
2018-09-20 16:23,,0.000362877,6.49E-07,16:23,3,180920,0,
2018-09-20 16:24,,0.000362877,6.49E-07,16:24,3,180920,0,
2018-09-20 16:25,,0.000362877,6.49E-07,16:25,3,180920,0,
2018-09-20 16:26,,0.000362877,6.49E-07,16:26,3,180920,0,
2018-09-20 16:27,,0.000362877,6.49E-07,16:27,3,180920,0,
2018-09-20 16:28,,0.000362877,6.49E-07,16:28,3,180920,0,
2018-09-20 16:29,,0.000362877,6.49E-07,16:29,3,180920,0,
2018-09-20 16:30,,0.000362877,6.49E-07,16:30,3,180920,0,
2018-09-20 16:31,,0.000362877,6.49E-07,16:31,3,180920,0,
2018-09-20 16:32,,0.000362877,6.49E-07,16:32,3,180920,0,
2018-09-20 16:33,,0.000362877,6.49E-07,16:33,3,180920,0,
2018-09-20 16:34,,0.000362877,6.49E-07,16:34,3,180920,0,
2018-09-20 16:35,,0.000362877,6.49E-07,16:35,3,180920,0,
2018-09-20 16:36,,0.000362877,6.49E-07,16:36,3,180920,0,
2018-09-20 16:37,,0.000362877,6.49E-07,16:37,3,180920,0,
2018-09-20 16:38,,0.000362877,6.49E-07,16:38,3,180920,0,
2018-09-20 16:39,,0.000362877,6.49E-07,16:39,3,180920,0,
2018-09-20 16:40,,0.000362877,6.49E-07,16:40,3,180920,0,
2018-09-20 16:41,,0.000362877,6.49E-07,16:41,3,180920,0,
2018-09-20 16:42,,0.000362877,6.49E-07,16:42,3,180920,0,
2018-09-20 16:43,,0.000362877,6.49E-07,16:43,3,180920,0,
2018-09-20 16:44,,0.000362877,6.49E-07,16:44,3,180920,0,
2018-09-20 16:45,,0.000362877,6.49E-07,16:45,3,180920,0,
2018-09-20 16:46,,0.000362877,6.49E-07,16:46,3,180920,0,
2018-09-20 16:47,,0.000362877,6.49E-07,16:47,3,180920,0,
2018-09-20 16:48,,0.000362877,6.49E-07,16:48,3,180920,0,
2018-09-20 16:49,,0.000362877,6.49E-07,16:49,3,180920,0,
2018-09-20 16:50,,0.000362877,6.49E-07,16:50,3,180920,0,
2018-09-20 16:51,,0.000362877,6.49E-07,16:51,3,180920,0,
2018-09-20 16:52,,0.000362877,6.49E-07,16:52,3,180920,0,
2018-09-20 16:53,,0.000362877,6.49E-07,16:53,3,180920,0,
2018-09-20 16:54,,0.000362877,6.49E-07,16:54,3,180920,0,
2018-09-20 16:55,,0.000362877,6.49E-07,16:55,3,180920,0,
2018-09-20 16:56,,0.000362877,6.49E-07,16:56,3,180920,0,
2018-09-20 16:57,,0.000362877,6.49E-07,16:57,3,180920,0,
2018-09-20 16:58,,0.000362877,6.49E-07,16:58,3,180920,0,
2018-09-20 16:59,,0.000362877,6.49E-07,16:59,3,180920,0,
2018-09-20 17:00,,0.000362877,6.49E-07,17:00,3,180920,0,
2018-09-20 17:01,,0.000362877,6.49E-07,17:01,3,180920,0,
2018-09-20 17:02,,0.000362877,6.49E-07,17:02,3,180920,0,
2018-09-20 17:03,,0.000362877,6.49E-07,17:03,3,180920,0,
2018-09-20 17:04,,0.000362877,6.49E-07,17:04,3,180920,0,
2018-09-20 17:05,,0.000362877,6.49E-07,17:05,3,180920,0,
2018-09-20 17:06,,0.000362877,6.49E-07,17:06,3,180920,0,
2018-09-20 17:07,,0.000362877,6.49E-07,17:07,3,180920,0,
2018-09-20 17:08,,0.000362877,6.49E-07,17:08,3,180920,0,
2018-09-20 17:09,,0.000362877,6.49E-07,17:09,3,180920,0,
2018-09-20 17:10,,0.000362877,6.49E-07,17:10,3,180920,0,
2018-09-20 17:11,,0.000362877,6.49E-07,17:11,3,180920,0,
2018-09-20 17:12,,0.000362877,6.49E-07,17:12,3,180920,0,
2018-09-20 17:13,,0.000362877,6.49E-07,17:13,3,180920,0,
2018-09-20 17:14,,0.000362877,6.49E-07,17:14,3,180920,0,
2018-09-20 17:15,,0.000362877,6.49E-07,17:15,3,180920,0,
2018-09-20 17:16,,0.000362877,6.49E-07,17:16,3,180920,0,
2018-09-20 17:17,,0.000362877,6.49E-07,17:17,3,180920,0,
2018-09-20 17:18,,0.000362877,6.49E-07,17:18,3,180920,0,
2018-09-20 17:19,,0.000362877,6.49E-07,17:19,3,180920,0,
2018-09-20 17:20,,0.000362877,6.49E-07,17:20,3,180920,0,
2018-09-20 17:21,,0.000362877,6.49E-07,17:21,3,180920,0,
2018-09-20 17:22,,0.000362877,6.49E-07,17:22,3,180920,0,
2018-09-20 17:23,,0.000362877,6.49E-07,17:23,3,180920,0,
2018-09-20 17:24,,0.000362877,6.49E-07,17:24,3,180920,0,
2018-09-20 17:25,,0.000362877,6.49E-07,17:25,3,180920,0,
2018-09-20 17:26,,0.000362877,6.49E-07,17:26,3,180920,0,
2018-09-20 17:27,,0.000362877,6.49E-07,17:27,3,180920,0,
2018-09-20 17:28,,0.000362877,6.49E-07,17:28,3,180920,0,
2018-09-20 17:29,,0.000362877,6.49E-07,17:29,3,180920,0,
2018-09-20 17:30,,0.000362877,6.49E-07,17:30,3,180920,0,
2018-09-20 17:31,,0.000362877,6.49E-07,17:31,3,180920,0,
2018-09-20 17:32,,0.000362877,6.49E-07,17:32,3,180920,0,
2018-09-20 17:33,,0.000362877,6.49E-07,17:33,3,180920,0,
2018-09-20 17:34,,0.000362877,6.49E-07,17:34,3,180920,0,
2018-09-20 17:35,,0.000362877,6.49E-07,17:35,3,180920,0,
2018-09-20 17:36,,0.000362877,6.49E-07,17:36,3,180920,0,
2018-09-20 17:37,,0.000362877,6.49E-07,17:37,3,180920,0,
2018-09-20 17:38,,0.000362877,6.49E-07,17:38,3,180920,0,
2018-09-20 17:39,,0.000362877,6.49E-07,17:39,3,180920,0,
2018-09-20 17:40,,0.000362877,6.49E-07,17:40,3,180920,0,
2018-09-20 17:41,,0.000362877,6.49E-07,17:41,3,180920,0,
2018-09-20 17:42,,0.000362877,6.49E-07,17:42,3,180920,0,
2018-09-20 17:43,,0.000362877,6.49E-07,17:43,3,180920,0,
2018-09-20 17:44,,0.000362877,6.49E-07,17:44,3,180920,0,
2018-09-20 17:45,,0.000362877,6.49E-07,17:45,3,180920,0,
2018-09-20 17:46,,0.000362877,6.49E-07,17:46,3,180920,0,
2018-09-20 17:47,,0.000362877,6.49E-07,17:47,3,180920,0,
2018-09-20 17:48,,0.000362877,6.49E-07,17:48,3,180920,0,
2018-09-20 17:49,,0.000362877,6.49E-07,17:49,3,180920,0,
2018-09-20 17:50,,0.000362877,6.49E-07,17:50,3,180920,0,
2018-09-20 17:51,,0.000362877,6.49E-07,17:51,3,180920,0,
2018-09-20 17:52,,0.000362877,6.49E-07,17:52,3,180920,0,
2018-09-20 17:53,,0.000362877,6.49E-07,17:53,3,180920,0,
2018-09-20 17:54,,0.000362877,6.49E-07,17:54,3,180920,0,
2018-09-20 17:55,,0.000362877,6.49E-07,17:55,3,180920,0,
2018-09-20 17:56,,0.000362877,6.49E-07,17:56,3,180920,0,
2018-09-20 17:57,,0.000362877,6.49E-07,17:57,3,180920,0,
2018-09-20 17:58,,0.000362877,6.49E-07,17:58,3,180920,0,
2018-09-20 17:59,,0.000362877,6.49E-07,17:59,3,180920,0,
2018-09-20 18:00,,0.000362877,6.49E-07,18:00,3,180920,0,
2018-09-20 18:01,,0.000362877,6.49E-07,18:01,3,180920,0,
2018-09-20 18:02,,0.000362877,6.49E-07,18:02,3,180920,0,
2018-09-20 18:03,,0.000362877,6.49E-07,18:03,3,180920,0,
2018-09-20 18:04,,0.000362877,6.49E-07,18:04,3,180920,0,
2018-09-20 18:05,,0.000362877,6.49E-07,18:05,3,180920,0,
2018-09-20 18:06,,0.000362877,6.49E-07,18:06,3,180920,0,
2018-09-20 18:07,,0.000362877,6.49E-07,18:07,3,180920,0,
2018-09-20 18:08,,0.000362877,6.49E-07,18:08,3,180920,0,
2018-09-20 18:09,,0.000362877,6.49E-07,18:09,3,180920,0,
2018-09-20 18:10,,0.000362877,6.49E-07,18:10,3,180920,0,
2018-09-20 18:11,,0.000362877,6.49E-07,18:11,3,180920,0,
2018-09-20 18:12,,0.000362877,6.49E-07,18:12,3,180920,0,
2018-09-20 18:13,,0.000362877,6.49E-07,18:13,3,180920,0,
2018-09-20 18:14,,0.000362877,6.49E-07,18:14,3,180920,0,
2018-09-20 18:15,,0.000362877,6.49E-07,18:15,3,180920,0,
2018-09-20 18:16,,0.000362877,6.49E-07,18:16,3,180920,0,
2018-09-20 18:17,,0.000362877,6.49E-07,18:17,3,180920,0,
2018-09-20 18:18,,0.000362877,6.49E-07,18:18,3,180920,0,
2018-09-20 18:19,,0.000362877,6.49E-07,18:19,3,180920,0,
2018-09-20 18:20,,0.000362877,6.49E-07,18:20,3,180920,0,
2018-09-20 18:21,,0.000362877,6.49E-07,18:21,3,180920,0,
2018-09-20 18:22,,0.000362877,6.49E-07,18:22,3,180920,0,
2018-09-20 18:23,,0.000362877,6.49E-07,18:23,3,180920,0,
2018-09-20 18:24,,0.000362877,6.49E-07,18:24,3,180920,0,
2018-09-20 18:25,,0.000362877,6.49E-07,18:25,3,180920,0,
2018-09-20 18:26,,0.000362877,6.49E-07,18:26,3,180920,0,
2018-09-20 18:27,,0.000362877,6.49E-07,18:27,3,180920,0,
2018-09-20 18:28,,0.000362877,6.49E-07,18:28,3,180920,0,
2018-09-20 18:29,,0.000362877,6.49E-07,18:29,3,180920,0,
2018-09-20 18:30,,0.000362877,6.49E-07,18:30,3,180920,0,
2018-09-20 18:31,,0.000362877,6.49E-07,18:31,3,180920,0,
2018-09-20 18:32,,0.000362877,6.49E-07,18:32,3,180920,0,
2018-09-20 18:33,,0.000362877,6.49E-07,18:33,3,180920,0,
2018-09-20 18:34,,0.000362877,6.49E-07,18:34,3,180920,0,
2018-09-20 18:35,,0.000362877,6.49E-07,18:35,3,180920,0,
2018-09-20 18:36,,0.000362877,6.49E-07,18:36,3,180920,0,
2018-09-20 18:37,,0.000362877,6.49E-07,18:37,3,180920,0,
2018-09-20 18:38,,0.000362877,6.49E-07,18:38,3,180920,0,
2018-09-20 18:39,,0.000362877,6.49E-07,18:39,3,180920,0,
2018-09-20 18:40,,0.000362877,6.49E-07,18:40,3,180920,0,
2018-09-20 18:41,,0.000362877,6.49E-07,18:41,3,180920,0,
2018-09-20 18:42,,0.000362877,6.49E-07,18:42,3,180920,0,
2018-09-20 18:43,,0.000362877,6.49E-07,18:43,3,180920,0,
2018-09-20 18:44,,0.000362877,6.49E-07,18:44,3,180920,0,
2018-09-20 18:45,,0.000362877,6.49E-07,18:45,3,180920,0,
2018-09-20 18:46,,0.000362877,6.49E-07,18:46,3,180920,0,
2018-09-20 18:47,,0.000362877,6.49E-07,18:47,3,180920,0,
2018-09-20 18:48,,0.000362877,6.49E-07,18:48,3,180920,0,
2018-09-20 18:49,,0.000362877,6.49E-07,18:49,3,180920,0,
2018-09-20 18:50,,0.000362877,6.49E-07,18:50,3,180920,0,
2018-09-20 18:51,,0.000362877,6.49E-07,18:51,3,180920,0,
2018-09-20 18:52,,0.000362877,6.49E-07,18:52,3,180920,0,
2018-09-20 18:53,,0.000362877,6.49E-07,18:53,3,180920,0,
2018-09-20 18:54,,0.000362877,6.49E-07,18:54,3,180920,0,
2018-09-20 18:55,,0.000362877,6.49E-07,18:55,3,180920,0,
2018-09-20 18:56,,0.000362877,6.49E-07,18:56,3,180920,0,
2018-09-20 18:57,,0.000362877,6.49E-07,18:57,3,180920,0,
2018-09-20 18:58,,0.000362877,6.49E-07,18:58,3,180920,0,
2018-09-20 18:59,,0.000362877,6.49E-07,18:59,3,180920,0,
2018-09-20 19:00,,0.000362877,6.49E-07,19:00,3,180920,0,
2018-09-20 19:01,,0.000362877,6.49E-07,19:01,3,180920,0,
2018-09-20 19:02,,0.000362877,6.49E-07,19:02,3,180920,0,
2018-09-20 19:03,,0.000362877,6.49E-07,19:03,3,180920,0,
2018-09-20 19:04,,0.000362877,6.49E-07,19:04,3,180920,0,
2018-09-20 19:05,,0.000362877,6.49E-07,19:05,3,180920,0,
2018-09-20 19:06,,0.000362877,6.49E-07,19:06,3,180920,0,
2018-09-20 19:07,,0.000362877,6.49E-07,19:07,3,180920,0,
2018-09-20 19:08,,0.000362877,6.49E-07,19:08,3,180920,0,
2018-09-20 19:09,,0.000362877,6.49E-07,19:09,3,180920,0,
2018-09-20 19:10,,0.000362877,6.49E-07,19:10,3,180920,0,
2018-09-20 19:11,,0.000362877,6.49E-07,19:11,3,180920,0,
2018-09-20 19:12,,0.000362877,6.49E-07,19:12,3,180920,0,
2018-09-20 19:13,,0.000362877,6.49E-07,19:13,3,180920,0,
2018-09-20 19:14,,0.000362877,6.49E-07,19:14,3,180920,0,
2018-09-20 19:15,,0.000362877,6.49E-07,19:15,3,180920,0,
2018-09-20 19:16,,0.000362877,6.49E-07,19:16,3,180920,0,
2018-09-20 19:17,,0.000362877,6.49E-07,19:17,3,180920,0,
2018-09-20 19:18,,0.000362877,6.49E-07,19:18,3,180920,0,
2018-09-20 19:19,,0.000362877,6.49E-07,19:19,3,180920,0,
2018-09-20 19:20,,0.000362877,6.49E-07,19:20,3,180920,0,
2018-09-20 19:21,,0.000362877,6.49E-07,19:21,3,180920,0,
2018-09-20 19:22,,0.000362877,6.49E-07,19:22,3,180920,0,
2018-09-20 19:23,,0.000362877,6.49E-07,19:23,3,180920,0,
2018-09-20 19:24,,0.000362877,6.49E-07,19:24,3,180920,0,
2018-09-20 19:25,,0.000362877,6.49E-07,19:25,3,180920,0,
2018-09-20 19:26,,0.000362877,6.49E-07,19:26,3,180920,0,
2018-09-20 19:27,,0.000362877,6.49E-07,19:27,3,180920,0,
2018-09-20 19:28,,0.000362877,6.49E-07,19:28,3,180920,0,
2018-09-20 19:29,,0.000362877,6.49E-07,19:29,3,180920,0,
2018-09-20 19:30,,0.000362877,6.49E-07,19:30,3,180920,0,
2018-09-20 19:31,,0.000362877,6.49E-07,19:31,3,180920,0,
2018-09-20 19:32,,0.000362877,6.49E-07,19:32,3,180920,0,
2018-09-20 19:33,,0.000362877,6.49E-07,19:33,3,180920,0,
2018-09-20 19:34,,0.000362877,6.49E-07,19:34,3,180920,0,
2018-09-20 19:35,,0.000362877,6.49E-07,19:35,3,180920,0,
2018-09-20 19:36,,0.000362877,6.49E-07,19:36,3,180920,0,
2018-09-20 19:37,,0.000362877,6.49E-07,19:37,3,180920,0,
2018-09-20 19:38,,0.000362877,6.49E-07,19:38,3,180920,0,
2018-09-20 19:39,,0.000362877,6.49E-07,19:39,3,180920,0,
2018-09-20 19:40,,0.000362877,6.49E-07,19:40,3,180920,0,
2018-09-20 19:41,,0.000362877,6.49E-07,19:41,3,180920,0,
2018-09-20 19:42,,0.000362877,6.49E-07,19:42,3,180920,0,
2018-09-20 19:43,,0.000362877,6.49E-07,19:43,3,180920,0,
2018-09-20 19:44,,0.000362877,6.49E-07,19:44,3,180920,0,
2018-09-20 19:45,,0.000362877,6.49E-07,19:45,3,180920,0,
2018-09-20 19:46,,0.000362877,6.49E-07,19:46,3,180920,0,
2018-09-20 19:47,,0.000362877,6.49E-07,19:47,3,180920,0,
2018-09-20 19:48,,0.000362877,6.49E-07,19:48,3,180920,0,
2018-09-20 19:49,,0.000362877,6.49E-07,19:49,3,180920,0,
2018-09-20 19:50,,0.000362877,6.49E-07,19:50,3,180920,0,
2018-09-20 19:51,,0.000362877,6.49E-07,19:51,3,180920,0,
2018-09-20 19:52,,0.000362877,6.49E-07,19:52,3,180920,0,
2018-09-20 19:53,,0.000362877,6.49E-07,19:53,3,180920,0,
2018-09-20 19:54,,0.000362877,6.49E-07,19:54,3,180920,0,
2018-09-20 19:55,,0.000362877,6.49E-07,19:55,3,180920,0,
2018-09-20 19:56,,0.000362877,6.49E-07,19:56,3,180920,0,
2018-09-20 19:57,,0.000362877,6.49E-07,19:57,3,180920,0,
2018-09-20 19:58,,0.000362877,6.49E-07,19:58,3,180920,0,
2018-09-20 19:59,,0.000362877,6.49E-07,19:59,3,180920,0,
2018-09-20 20:00,,0.000362877,6.49E-07,20:00,3,180920,0,
2018-09-20 20:01,,0.000362877,6.49E-07,20:01,3,180920,0,
2018-09-20 20:02,,0.000362877,6.49E-07,20:02,3,180920,0,
2018-09-20 20:03,,0.000362877,6.49E-07,20:03,3,180920,0,
2018-09-20 20:04,,0.000362877,6.49E-07,20:04,3,180920,0,
2018-09-20 20:05,,0.000362877,6.49E-07,20:05,3,180920,0,
2018-09-20 20:06,,0.000362877,6.49E-07,20:06,3,180920,0,
2018-09-20 20:07,,0.000362877,6.49E-07,20:07,3,180920,0,
2018-09-20 20:08,,0.000362877,6.49E-07,20:08,3,180920,0,
2018-09-20 20:09,,0.000362877,6.49E-07,20:09,3,180920,0,
2018-09-20 20:10,,0.000362877,6.49E-07,20:10,3,180920,0,
2018-09-20 20:11,,0.000362877,6.49E-07,20:11,3,180920,0,
2018-09-20 20:12,,0.000362877,6.49E-07,20:12,3,180920,0,
2018-09-20 20:13,,0.000362877,6.49E-07,20:13,3,180920,0,
2018-09-20 20:14,,0.000362877,6.49E-07,20:14,3,180920,0,
2018-09-20 20:15,,0.000362877,6.49E-07,20:15,3,180920,0,
2018-09-20 20:16,,0.000362877,6.49E-07,20:16,3,180920,0,
2018-09-20 20:17,,0.000362877,6.49E-07,20:17,3,180920,0,
2018-09-20 20:18,,0.000362877,6.49E-07,20:18,3,180920,0,
2018-09-20 20:19,,0.000362877,6.49E-07,20:19,3,180920,0,
2018-09-20 20:20,,0.000362877,6.49E-07,20:20,3,180920,0,
2018-09-20 20:21,,0.000362877,6.49E-07,20:21,3,180920,0,
2018-09-20 20:22,,0.000362877,6.49E-07,20:22,3,180920,0,
2018-09-20 20:23,,0.000362877,6.49E-07,20:23,3,180920,0,
2018-09-20 20:24,,0.000362877,6.49E-07,20:24,3,180920,0,
2018-09-20 20:25,,0.000362877,6.49E-07,20:25,3,180920,0,
2018-09-20 20:26,,0.000362877,6.49E-07,20:26,3,180920,0,
2018-09-20 20:27,,0.000362877,6.49E-07,20:27,3,180920,0,
2018-09-20 20:28,,0.000362877,6.49E-07,20:28,3,180920,0,
2018-09-20 20:29,,0.000362877,6.49E-07,20:29,3,180920,0,
2018-09-20 20:30,,0.000362877,6.49E-07,20:30,3,180920,0,
2018-09-20 20:31,,0.000362877,6.49E-07,20:31,3,180920,0,
2018-09-20 20:32,,0.000362877,6.49E-07,20:32,3,180920,0,
2018-09-20 20:33,,0.000362877,6.49E-07,20:33,3,180920,0,
2018-09-20 20:34,,0.000362877,6.49E-07,20:34,3,180920,0,
2018-09-20 20:35,,0.000362877,6.49E-07,20:35,3,180920,0,
2018-09-20 20:36,,0.000362877,6.49E-07,20:36,3,180920,0,
2018-09-20 20:37,,0.000362877,6.49E-07,20:37,3,180920,0,
2018-09-20 20:38,,0.000362877,6.49E-07,20:38,3,180920,0,
2018-09-20 20:39,,0.000362877,6.49E-07,20:39,3,180920,0,
2018-09-20 20:40,,0.000362877,6.49E-07,20:40,3,180920,0,
2018-09-20 20:41,,0.000362877,6.49E-07,20:41,3,180920,0,
2018-09-20 20:42,,0.000362877,6.49E-07,20:42,3,180920,0,
2018-09-20 20:43,,0.000362877,6.49E-07,20:43,3,180920,0,
2018-09-20 20:44,,0.000362877,6.49E-07,20:44,3,180920,0,
2018-09-20 20:45,,0.000362877,6.49E-07,20:45,3,180920,0,
2018-09-20 20:46,,0.000362877,6.49E-07,20:46,3,180920,0,
2018-09-20 20:47,,0.000362877,6.49E-07,20:47,3,180920,0,
2018-09-20 20:48,,0.000362877,6.49E-07,20:48,3,180920,0,
2018-09-20 20:49,,0.000362877,6.49E-07,20:49,3,180920,0,
2018-09-20 20:50,,0.000362877,6.49E-07,20:50,3,180920,0,
2018-09-20 20:51,,0.000362877,6.49E-07,20:51,3,180920,0,
2018-09-20 20:52,,0.000362877,6.49E-07,20:52,3,180920,0,
2018-09-20 20:53,,0.000362877,6.49E-07,20:53,3,180920,0,
2018-09-20 20:54,,0.000362877,6.49E-07,20:54,3,180920,0,
2018-09-20 20:55,,0.000362877,6.49E-07,20:55,3,180920,0,
2018-09-20 20:56,,0.000362877,6.49E-07,20:56,3,180920,0,
2018-09-20 20:57,,0.000362877,6.49E-07,20:57,3,180920,0,
2018-09-20 20:58,,0.000362877,6.49E-07,20:58,3,180920,0,
2018-09-20 20:59,,0.000362877,6.49E-07,20:59,3,180920,0,
2018-09-20 21:00,,0.000362877,6.49E-07,21:00,3,180920,0,
2018-09-20 21:01,,0.000362877,6.49E-07,21:01,3,180920,0,
2018-09-20 21:02,,0.000362877,6.49E-07,21:02,3,180920,0,
2018-09-20 21:03,,0.000362877,6.49E-07,21:03,3,180920,0,
2018-09-20 21:04,,0.000362877,6.49E-07,21:04,3,180920,0,
2018-09-20 21:05,,0.000362877,6.49E-07,21:05,3,180920,0,
2018-09-20 21:06,,0.000362877,6.49E-07,21:06,3,180920,0,
2018-09-20 21:07,,0.000362877,6.49E-07,21:07,3,180920,0,
2018-09-20 21:08,,0.000362877,6.49E-07,21:08,3,180920,0,
2018-09-20 21:09,,0.000362877,6.49E-07,21:09,3,180920,0,
2018-09-20 21:10,,0.000362877,6.49E-07,21:10,3,180920,0,
2018-09-20 21:11,,0.000362877,6.49E-07,21:11,3,180920,0,
2018-09-20 21:12,,0.000362877,6.49E-07,21:12,3,180920,0,
2018-09-20 21:13,,0.000362877,6.49E-07,21:13,3,180920,0,
2018-09-20 21:14,,0.000362877,6.49E-07,21:14,3,180920,0,
2018-09-20 21:15,,0.000362877,6.49E-07,21:15,3,180920,0,
2018-09-20 21:16,,0.000362877,6.49E-07,21:16,3,180920,0,
2018-09-20 21:17,,0.000362877,6.49E-07,21:17,3,180920,0,
2018-09-20 21:18,,0.000362877,6.49E-07,21:18,3,180920,0,
2018-09-20 21:19,,0.000362877,6.49E-07,21:19,3,180920,0,
2018-09-20 21:20,,0.000362877,6.49E-07,21:20,3,180920,0,
2018-09-20 21:21,,0.000362877,6.49E-07,21:21,3,180920,0,
2018-09-20 21:22,,0.000362877,6.49E-07,21:22,3,180920,0,
2018-09-20 21:23,,0.000362877,6.49E-07,21:23,3,180920,0,
2018-09-20 21:24,,0.000362877,6.49E-07,21:24,3,180920,0,
2018-09-20 21:25,,0.000362877,6.49E-07,21:25,3,180920,0,
2018-09-20 21:26,,0.000362877,6.49E-07,21:26,3,180920,0,
2018-09-20 21:27,,0.000362877,6.49E-07,21:27,3,180920,0,
2018-09-20 21:28,,0.000362877,6.49E-07,21:28,3,180920,0,
2018-09-20 21:29,,0.000362877,6.49E-07,21:29,3,180920,0,
2018-09-20 21:30,,0.000362877,6.49E-07,21:30,3,180920,0,
2018-09-20 21:31,,0.000362877,6.49E-07,21:31,3,180920,0,
2018-09-20 21:32,,0.000362877,6.49E-07,21:32,3,180920,0,
2018-09-20 21:33,,0.000362877,6.49E-07,21:33,3,180920,0,
2018-09-20 21:34,,0.000362877,6.49E-07,21:34,3,180920,0,
2018-09-20 21:35,,0.000362877,6.49E-07,21:35,3,180920,0,
2018-09-20 21:36,,0.000362877,6.49E-07,21:36,3,180920,0,
2018-09-20 21:37,,0.000362877,6.49E-07,21:37,3,180920,0,
2018-09-20 21:38,,0.000362877,6.49E-07,21:38,3,180920,0,
2018-09-20 21:39,,0.000362877,6.49E-07,21:39,3,180920,0,
2018-09-20 21:40,,0.000362877,6.49E-07,21:40,3,180920,0,
2018-09-20 21:41,,0.000362877,6.49E-07,21:41,3,180920,0,
2018-09-20 21:42,,0.000362877,6.49E-07,21:42,3,180920,0,
2018-09-20 21:43,,0.000362877,6.49E-07,21:43,3,180920,0,
2018-09-20 21:44,,0.000362877,6.49E-07,21:44,3,180920,0,
2018-09-20 21:45,,0.000362877,6.49E-07,21:45,3,180920,0,
2018-09-20 21:46,,0.000362877,6.49E-07,21:46,3,180920,0,
2018-09-20 21:47,,0.000362877,6.49E-07,21:47,3,180920,0,
2018-09-20 21:48,,0.000362877,6.49E-07,21:48,3,180920,0,
2018-09-20 21:49,,0.000362877,6.49E-07,21:49,3,180920,0,
2018-09-20 21:50,,0.000362877,6.49E-07,21:50,3,180920,0,
2018-09-20 21:51,,0.000362877,6.49E-07,21:51,3,180920,0,
2018-09-20 21:52,,0.000362877,6.49E-07,21:52,3,180920,0,
2018-09-20 21:53,,0.000362877,6.49E-07,21:53,3,180920,0,
2018-09-20 21:54,,0.000362877,6.49E-07,21:54,3,180920,0,
2018-09-20 21:55,,0.000362877,6.49E-07,21:55,3,180920,0,
2018-09-20 21:56,,0.000362877,6.49E-07,21:56,3,180920,0,
2018-09-20 21:57,,0.000362877,6.49E-07,21:57,3,180920,0,
2018-09-20 21:58,,0.000362877,6.49E-07,21:58,3,180920,0,
2018-09-20 21:59,,0.000362877,6.49E-07,21:59,3,180920,0,
2018-09-20 22:00,,0.000362877,6.49E-07,22:00,3,180920,0,
2018-09-20 22:01,,0.000362877,6.49E-07,22:01,3,180920,0,
2018-09-20 22:02,,0.000362877,6.49E-07,22:02,3,180920,0,
2018-09-20 22:03,,0.000362877,6.49E-07,22:03,3,180920,0,
2018-09-20 22:04,,0.000362877,6.49E-07,22:04,3,180920,0,
2018-09-20 22:05,,0.000362877,6.49E-07,22:05,3,180920,0,
2018-09-20 22:06,,0.000362877,6.49E-07,22:06,3,180920,0,
2018-09-20 22:07,,0.000362877,6.49E-07,22:07,3,180920,0,
2018-09-20 22:08,,0.000362877,6.49E-07,22:08,3,180920,0,
2018-09-20 22:09,,0.000362877,6.49E-07,22:09,3,180920,0,
2018-09-20 22:10,,0.000362877,6.49E-07,22:10,3,180920,0,
2018-09-20 22:11,,0.000362877,6.49E-07,22:11,3,180920,0,
2018-09-20 22:12,,0.000362877,6.49E-07,22:12,3,180920,0,
2018-09-20 22:13,,0.000362877,6.49E-07,22:13,3,180920,0,
2018-09-20 22:14,,0.000362877,6.49E-07,22:14,3,180920,0,
2018-09-20 22:15,,0.000362877,6.49E-07,22:15,3,180920,0,
2018-09-20 22:16,,0.000362877,6.49E-07,22:16,3,180920,0,
2018-09-20 22:17,,0.000362877,6.49E-07,22:17,3,180920,0,
2018-09-20 22:18,,0.000362877,6.49E-07,22:18,3,180920,0,
2018-09-20 22:19,,0.000362877,6.49E-07,22:19,3,180920,0,
2018-09-20 22:20,,0.000362877,6.49E-07,22:20,3,180920,0,
2018-09-20 22:21,,0.000362877,6.49E-07,22:21,3,180920,0,
2018-09-20 22:22,,0.000362877,6.49E-07,22:22,3,180920,0,
2018-09-20 22:23,,0.000362877,6.49E-07,22:23,3,180920,0,
2018-09-20 22:24,,0.000362877,6.49E-07,22:24,3,180920,0,
2018-09-20 22:25,,0.000362877,6.49E-07,22:25,3,180920,0,
2018-09-20 22:26,,0.000362877,6.49E-07,22:26,3,180920,0,
2018-09-20 22:27,,0.000362877,6.49E-07,22:27,3,180920,0,
2018-09-20 22:28,,0.000362877,6.49E-07,22:28,3,180920,0,
2018-09-20 22:29,,0.000362877,6.49E-07,22:29,3,180920,0,
2018-09-20 22:30,,0.000362877,6.49E-07,22:30,3,180920,0,
2018-09-20 22:31,,0.000362877,6.49E-07,22:31,3,180920,0,
2018-09-20 22:32,,0.000362877,6.49E-07,22:32,3,180920,0,
2018-09-20 22:33,,0.000362877,6.49E-07,22:33,3,180920,0,
2018-09-20 22:34,,0.000362877,6.49E-07,22:34,3,180920,0,
2018-09-20 22:35,,0.000362877,6.49E-07,22:35,3,180920,0,
2018-09-20 22:36,,0.000362877,6.49E-07,22:36,3,180920,0,
2018-09-20 22:37,,0.000362877,6.49E-07,22:37,3,180920,0,
2018-09-20 22:38,,0.000362877,6.49E-07,22:38,3,180920,0,
2018-09-20 22:39,,0.000362877,6.49E-07,22:39,3,180920,0,
2018-09-20 22:40,,0.000362877,6.49E-07,22:40,3,180920,0,
2018-09-20 22:41,,0.000362877,6.49E-07,22:41,3,180920,0,
2018-09-20 22:42,,0.000362877,6.49E-07,22:42,3,180920,0,
2018-09-20 22:43,,0.000362877,6.49E-07,22:43,3,180920,0,
2018-09-20 22:44,,0.000362877,6.49E-07,22:44,3,180920,0,
2018-09-20 22:45,,0.000362877,6.49E-07,22:45,3,180920,0,
2018-09-20 22:46,,0.000362877,6.49E-07,22:46,3,180920,0,
2018-09-20 22:47,,0.000362877,6.49E-07,22:47,3,180920,0,
2018-09-20 22:48,,0.000362877,6.49E-07,22:48,3,180920,0,
2018-09-20 22:49,,0.000362877,6.49E-07,22:49,3,180920,0,
2018-09-20 22:50,,0.000362877,6.49E-07,22:50,3,180920,0,
2018-09-20 22:51,,0.000362877,6.49E-07,22:51,3,180920,0,
2018-09-20 22:52,,0.000362877,6.49E-07,22:52,3,180920,0,
2018-09-20 22:53,,0.000362877,6.49E-07,22:53,3,180920,0,
2018-09-20 22:54,,0.000362877,6.49E-07,22:54,3,180920,0,
2018-09-20 22:55,,0.000362877,6.49E-07,22:55,3,180920,0,
2018-09-20 22:56,,0.000362877,6.49E-07,22:56,3,180920,0,
2018-09-20 22:57,,0.000362877,6.49E-07,22:57,3,180920,0,
2018-09-20 22:58,,0.000362877,6.49E-07,22:58,3,180920,0,
2018-09-20 22:59,,0.000362877,6.49E-07,22:59,3,180920,0,
2018-09-20 23:00,,0.000362877,6.49E-07,23:00,3,180920,0,
2018-09-20 23:01,,0.000362877,6.49E-07,23:01,3,180920,0,
2018-09-20 23:02,,0.000362877,6.49E-07,23:02,3,180920,0,
2018-09-20 23:03,,0.000362877,6.49E-07,23:03,3,180920,0,
2018-09-20 23:04,,0.000362877,6.49E-07,23:04,3,180920,0,
2018-09-20 23:05,,0.000362877,6.49E-07,23:05,3,180920,0,
2018-09-20 23:06,,0.000362877,6.49E-07,23:06,3,180920,0,
2018-09-20 23:07,,0.000362877,6.49E-07,23:07,3,180920,0,
2018-09-20 23:08,,0.000362877,6.49E-07,23:08,3,180920,0,
2018-09-20 23:09,,0.000362877,6.49E-07,23:09,3,180920,0,
2018-09-20 23:10,,0.000362877,6.49E-07,23:10,3,180920,0,
2018-09-20 23:11,,0.000362877,6.49E-07,23:11,3,180920,0,
2018-09-20 23:12,,0.000362877,6.49E-07,23:12,3,180920,0,
2018-09-20 23:13,,0.000362877,6.49E-07,23:13,3,180920,0,
2018-09-20 23:14,,0.000362877,6.49E-07,23:14,3,180920,0,
2018-09-20 23:15,,0.000362877,6.49E-07,23:15,3,180920,0,
2018-09-20 23:16,,0.000362877,6.49E-07,23:16,3,180920,0,
2018-09-20 23:17,,0.000362877,6.49E-07,23:17,3,180920,0,
2018-09-20 23:18,,0.000362877,6.49E-07,23:18,3,180920,0,
2018-09-20 23:19,,0.000362877,6.49E-07,23:19,3,180920,0,
2018-09-20 23:20,,0.000362877,6.49E-07,23:20,3,180920,0,
2018-09-20 23:21,,0.000362877,6.49E-07,23:21,3,180920,0,
2018-09-20 23:22,,0.000362877,6.49E-07,23:22,3,180920,0,
2018-09-20 23:23,,0.000362877,6.49E-07,23:23,3,180920,0,
2018-09-20 23:24,,0.000362877,6.49E-07,23:24,3,180920,0,
2018-09-20 23:25,,0.000362877,6.49E-07,23:25,3,180920,0,
2018-09-20 23:26,,0.000362877,6.49E-07,23:26,3,180920,0,
2018-09-20 23:27,,0.000362877,6.49E-07,23:27,3,180920,0,
2018-09-20 23:28,,0.000362877,6.49E-07,23:28,3,180920,0,
2018-09-20 23:29,,0.000362877,6.49E-07,23:29,3,180920,0,
2018-09-20 23:30,,0.000362877,6.49E-07,23:30,3,180920,0,
2018-09-20 23:31,,0.000362877,6.49E-07,23:31,3,180920,0,
2018-09-20 23:32,,0.000362877,6.49E-07,23:32,3,180920,0,
2018-09-20 23:33,,0.000362877,6.49E-07,23:33,3,180920,0,
2018-09-20 23:34,,0.000362877,6.49E-07,23:34,3,180920,0,
2018-09-20 23:35,,0.000362877,6.49E-07,23:35,3,180920,0,
2018-09-20 23:36,,0.000362877,6.49E-07,23:36,3,180920,0,
2018-09-20 23:37,,0.000362877,6.49E-07,23:37,3,180920,0,
2018-09-20 23:38,,0.000362877,6.49E-07,23:38,3,180920,0,
2018-09-20 23:39,,0.000362877,6.49E-07,23:39,3,180920,0,
2018-09-20 23:40,,0.000362877,6.49E-07,23:40,3,180920,0,
2018-09-20 23:41,,0.000362877,6.49E-07,23:41,3,180920,0,
2018-09-20 23:42,,0.000362877,6.49E-07,23:42,3,180920,0,
2018-09-20 23:43,,0.000362877,6.49E-07,23:43,3,180920,0,
2018-09-20 23:44,,0.000362877,6.49E-07,23:44,3,180920,0,
2018-09-20 23:45,,0.000362877,6.49E-07,23:45,3,180920,0,
2018-09-20 23:46,,0.000362877,6.49E-07,23:46,3,180920,0,
2018-09-20 23:47,,0.000362877,6.49E-07,23:47,3,180920,0,
2018-09-20 23:48,,0.000362877,6.49E-07,23:48,3,180920,0,
2018-09-20 23:49,,0.000362877,6.49E-07,23:49,3,180920,0,
2018-09-20 23:50,,0.000362877,6.49E-07,23:50,3,180920,0,
2018-09-20 23:51,,0.000362877,6.49E-07,23:51,3,180920,0,
2018-09-20 23:52,,0.000362877,6.49E-07,23:52,3,180920,0,
2018-09-20 23:53,,0.000362877,6.49E-07,23:53,3,180920,0,
2018-09-20 23:54,,0.000362877,6.49E-07,23:54,3,180920,0,
2018-09-20 23:55,,0.000362877,6.49E-07,23:55,3,180920,0,
2018-09-20 23:56,,0.000362877,6.49E-07,23:56,3,180920,0,
2018-09-20 23:57,,0.000362877,6.49E-07,23:57,3,180920,0,
2018-09-20 23:58,,0.000362877,6.49E-07,23:58,3,180920,0,
2018-09-20 23:59,,0.000362877,6.49E-07,23:59,3,180920,0,
2018-09-21 0:00,,0.000362877,6.49E-07,0:00,4,180921,0,
2018-09-21 0:01,,0.000362877,6.49E-07,0:01,4,180921,0,
2018-09-21 0:02,,0.000362877,6.49E-07,0:02,4,180921,0,
2018-09-21 0:03,,0.000362877,6.49E-07,0:03,4,180921,0,
2018-09-21 0:04,,0.000362877,6.49E-07,0:04,4,180921,0,
2018-09-21 0:05,,0.000362877,6.49E-07,0:05,4,180921,0,
2018-09-21 0:06,,0.000362877,6.49E-07,0:06,4,180921,0,
2018-09-21 0:07,,0.000362877,6.49E-07,0:07,4,180921,0,
2018-09-21 0:08,,0.000362877,6.49E-07,0:08,4,180921,0,
2018-09-21 0:09,,0.000362877,6.49E-07,0:09,4,180921,0,
2018-09-21 0:10,,0.000362877,6.49E-07,0:10,4,180921,0,
2018-09-21 0:11,,0.000362877,6.49E-07,0:11,4,180921,0,
2018-09-21 0:12,,0.000362877,6.49E-07,0:12,4,180921,0,
2018-09-21 0:13,,0.000362877,6.49E-07,0:13,4,180921,0,
2018-09-21 0:14,,0.000362877,6.49E-07,0:14,4,180921,0,
2018-09-21 0:15,,0.000362877,6.49E-07,0:15,4,180921,0,
2018-09-21 0:16,,0.000362877,6.49E-07,0:16,4,180921,0,
2018-09-21 0:17,,0.000362877,6.49E-07,0:17,4,180921,0,
2018-09-21 0:18,,0.000362877,6.49E-07,0:18,4,180921,0,
2018-09-21 0:19,,0.000362877,6.49E-07,0:19,4,180921,0,
2018-09-21 0:20,,0.000362877,6.49E-07,0:20,4,180921,0,
2018-09-21 0:21,,0.000362877,6.49E-07,0:21,4,180921,0,
2018-09-21 0:22,,0.000362877,6.49E-07,0:22,4,180921,0,
2018-09-21 0:23,,0.000362877,6.49E-07,0:23,4,180921,0,
2018-09-21 0:24,,0.000362877,6.49E-07,0:24,4,180921,0,
2018-09-21 0:25,,0.000362877,6.49E-07,0:25,4,180921,0,
2018-09-21 0:26,,0.000362877,6.49E-07,0:26,4,180921,0,
2018-09-21 0:27,,0.000362877,6.49E-07,0:27,4,180921,0,
2018-09-21 0:28,,0.000362877,6.49E-07,0:28,4,180921,0,
2018-09-21 0:29,,0.000362877,6.49E-07,0:29,4,180921,0,
2018-09-21 0:30,,0.000362877,6.49E-07,0:30,4,180921,0,
2018-09-21 0:31,,0.000362877,6.49E-07,0:31,4,180921,0,
2018-09-21 0:32,,0.000362877,6.49E-07,0:32,4,180921,0,
2018-09-21 0:33,,0.000362877,6.49E-07,0:33,4,180921,0,
2018-09-21 0:34,,0.000362877,6.49E-07,0:34,4,180921,0,
2018-09-21 0:35,,0.000362877,6.49E-07,0:35,4,180921,0,
2018-09-21 0:36,,0.000362877,6.49E-07,0:36,4,180921,0,
2018-09-21 0:37,,0.000362877,6.49E-07,0:37,4,180921,0,
2018-09-21 0:38,,0.000362877,6.49E-07,0:38,4,180921,0,
2018-09-21 0:39,,0.000362877,6.49E-07,0:39,4,180921,0,
2018-09-21 0:40,,0.000362877,6.49E-07,0:40,4,180921,0,
2018-09-21 0:41,,0.000362877,6.49E-07,0:41,4,180921,0,
2018-09-21 0:42,,0.000362877,6.49E-07,0:42,4,180921,0,
2018-09-21 0:43,,0.000362877,6.49E-07,0:43,4,180921,0,
2018-09-21 0:44,,0.000362877,6.49E-07,0:44,4,180921,0,
2018-09-21 0:45,,0.000362877,6.49E-07,0:45,4,180921,0,
2018-09-21 0:46,,0.000362877,6.49E-07,0:46,4,180921,0,
2018-09-21 0:47,,0.000362877,6.49E-07,0:47,4,180921,0,
2018-09-21 0:48,,0.000362877,6.49E-07,0:48,4,180921,0,
2018-09-21 0:49,,0.000362877,6.49E-07,0:49,4,180921,0,
2018-09-21 0:50,,0.000362877,6.49E-07,0:50,4,180921,0,
2018-09-21 0:51,,0.000362877,6.49E-07,0:51,4,180921,0,
2018-09-21 0:52,,0.000362877,6.49E-07,0:52,4,180921,0,
2018-09-21 0:53,,0.000362877,6.49E-07,0:53,4,180921,0,
2018-09-21 0:54,,0.000362877,6.49E-07,0:54,4,180921,0,
2018-09-21 0:55,,0.000362877,6.49E-07,0:55,4,180921,0,
2018-09-21 0:56,,0.000362877,6.49E-07,0:56,4,180921,0,
2018-09-21 0:57,,0.000362877,6.49E-07,0:57,4,180921,0,
2018-09-21 0:58,,0.000362877,6.49E-07,0:58,4,180921,0,
2018-09-21 0:59,,0.000362877,6.49E-07,0:59,4,180921,0,
2018-09-21 1:00,,0.000362877,6.49E-07,1:00,4,180921,0,
2018-09-21 1:01,,0.000362877,6.49E-07,1:01,4,180921,0,
2018-09-21 1:02,,0.000362877,6.49E-07,1:02,4,180921,0,
2018-09-21 1:03,,0.000362877,6.49E-07,1:03,4,180921,0,
2018-09-21 1:04,,0.000362877,6.49E-07,1:04,4,180921,0,
2018-09-21 1:05,,0.000362877,6.49E-07,1:05,4,180921,0,
2018-09-21 1:06,,0.000362877,6.49E-07,1:06,4,180921,0,
2018-09-21 1:07,,0.000362877,6.49E-07,1:07,4,180921,0,
2018-09-21 1:08,,0.000362877,6.49E-07,1:08,4,180921,0,
2018-09-21 1:09,,0.000362877,6.49E-07,1:09,4,180921,0,
2018-09-21 1:10,,0.000362877,6.49E-07,1:10,4,180921,0,
2018-09-21 1:11,,0.000362877,6.49E-07,1:11,4,180921,0,
2018-09-21 1:12,,0.000362877,6.49E-07,1:12,4,180921,0,
2018-09-21 1:13,,0.000362877,6.49E-07,1:13,4,180921,0,
2018-09-21 1:14,,0.000362877,6.49E-07,1:14,4,180921,0,
2018-09-21 1:15,,0.000362877,6.49E-07,1:15,4,180921,0,
2018-09-21 1:16,,0.000362877,6.49E-07,1:16,4,180921,0,
2018-09-21 1:17,,0.000362877,6.49E-07,1:17,4,180921,0,
2018-09-21 1:18,,0.000362877,6.49E-07,1:18,4,180921,0,
2018-09-21 1:19,,0.000362877,6.49E-07,1:19,4,180921,0,
2018-09-21 1:20,,0.000362877,6.49E-07,1:20,4,180921,0,
2018-09-21 1:21,,0.000362877,6.49E-07,1:21,4,180921,0,
2018-09-21 1:22,,0.000362877,6.49E-07,1:22,4,180921,0,
2018-09-21 1:23,,0.000362877,6.49E-07,1:23,4,180921,0,
2018-09-21 1:24,,0.000362877,6.49E-07,1:24,4,180921,0,
2018-09-21 1:25,,0.000362877,6.49E-07,1:25,4,180921,0,
2018-09-21 1:26,,0.000362877,6.49E-07,1:26,4,180921,0,
2018-09-21 1:27,,0.000362877,6.49E-07,1:27,4,180921,0,
2018-09-21 1:28,,0.000362877,6.49E-07,1:28,4,180921,0,
2018-09-21 1:29,,0.000362877,6.49E-07,1:29,4,180921,0,
2018-09-21 1:30,,0.000362877,6.49E-07,1:30,4,180921,0,
2018-09-21 1:31,,0.000362877,6.49E-07,1:31,4,180921,0,
2018-09-21 1:32,,0.000362877,6.49E-07,1:32,4,180921,0,
2018-09-21 1:33,,0.000362877,6.49E-07,1:33,4,180921,0,
2018-09-21 1:34,,0.000362877,6.49E-07,1:34,4,180921,0,
2018-09-21 1:35,,0.000362877,6.49E-07,1:35,4,180921,0,
2018-09-21 1:36,,0.000362877,6.49E-07,1:36,4,180921,0,
2018-09-21 1:37,,0.000362877,6.49E-07,1:37,4,180921,0,
2018-09-21 1:38,,0.000362877,6.49E-07,1:38,4,180921,0,
2018-09-21 1:39,,0.000362877,6.49E-07,1:39,4,180921,0,
2018-09-21 1:40,,0.000362877,6.49E-07,1:40,4,180921,0,
2018-09-21 1:41,,0.000362877,6.49E-07,1:41,4,180921,0,
2018-09-21 1:42,,0.000362877,6.49E-07,1:42,4,180921,0,
2018-09-21 1:43,,0.000362877,6.49E-07,1:43,4,180921,0,
2018-09-21 1:44,,0.000362877,6.49E-07,1:44,4,180921,0,
2018-09-21 1:45,,0.000362877,6.49E-07,1:45,4,180921,0,
2018-09-21 1:46,,0.000362877,6.49E-07,1:46,4,180921,0,
2018-09-21 1:47,,0.000362877,6.49E-07,1:47,4,180921,0,
2018-09-21 1:48,,0.000362877,6.49E-07,1:48,4,180921,0,
2018-09-21 1:49,,0.000362877,6.49E-07,1:49,4,180921,0,
2018-09-21 1:50,,0.000362877,6.49E-07,1:50,4,180921,0,
2018-09-21 1:51,,0.000362877,6.49E-07,1:51,4,180921,0,
2018-09-21 1:52,,0.000362877,6.49E-07,1:52,4,180921,0,
2018-09-21 1:53,,0.000362877,6.49E-07,1:53,4,180921,0,
2018-09-21 1:54,,0.000362877,6.49E-07,1:54,4,180921,0,
2018-09-21 1:55,,0.000362877,6.49E-07,1:55,4,180921,0,
2018-09-21 1:56,,0.000362877,6.49E-07,1:56,4,180921,0,
2018-09-21 1:57,,0.000362877,6.49E-07,1:57,4,180921,0,
2018-09-21 1:58,,0.000362877,6.49E-07,1:58,4,180921,0,
2018-09-21 1:59,,0.000362877,6.49E-07,1:59,4,180921,0,
2018-09-21 2:00,,0.000362877,6.49E-07,2:00,4,180921,0,
2018-09-21 2:01,,0.000362877,6.49E-07,2:01,4,180921,0,
2018-09-21 2:02,,0.000362877,6.49E-07,2:02,4,180921,0,
2018-09-21 2:03,,0.000362877,6.49E-07,2:03,4,180921,0,
2018-09-21 2:04,,0.000362877,6.49E-07,2:04,4,180921,0,
2018-09-21 2:05,,0.000362877,6.49E-07,2:05,4,180921,0,
2018-09-21 2:06,,0.000362877,6.49E-07,2:06,4,180921,0,
2018-09-21 2:07,,0.000362877,6.49E-07,2:07,4,180921,0,
2018-09-21 2:08,,0.000362877,6.49E-07,2:08,4,180921,0,
2018-09-21 2:09,,0.000362877,6.49E-07,2:09,4,180921,0,
2018-09-21 2:10,,0.000362877,6.49E-07,2:10,4,180921,0,
2018-09-21 2:11,,0.000362877,6.49E-07,2:11,4,180921,0,
2018-09-21 2:12,,0.000362877,6.49E-07,2:12,4,180921,0,
2018-09-21 2:13,,0.000362877,6.49E-07,2:13,4,180921,0,
2018-09-21 2:14,,0.000362877,6.49E-07,2:14,4,180921,0,
2018-09-21 2:15,,0.000362877,6.49E-07,2:15,4,180921,0,
2018-09-21 2:16,,0.000362877,6.49E-07,2:16,4,180921,0,
2018-09-21 2:17,,0.000362877,6.49E-07,2:17,4,180921,0,
2018-09-21 2:18,,0.000362877,6.49E-07,2:18,4,180921,0,
2018-09-21 2:19,,0.000362877,6.49E-07,2:19,4,180921,0,
2018-09-21 2:20,,0.000362877,6.49E-07,2:20,4,180921,0,
2018-09-21 2:21,,0.000362877,6.49E-07,2:21,4,180921,0,
2018-09-21 2:22,,0.000362877,6.49E-07,2:22,4,180921,0,
2018-09-21 2:23,,0.000362877,6.49E-07,2:23,4,180921,0,
2018-09-21 2:24,,0.000362877,6.49E-07,2:24,4,180921,0,
2018-09-21 2:25,,0.000362877,6.49E-07,2:25,4,180921,0,
2018-09-21 2:26,,0.000362877,6.49E-07,2:26,4,180921,0,
2018-09-21 2:27,,0.000362877,6.49E-07,2:27,4,180921,0,
2018-09-21 2:28,,0.000362877,6.49E-07,2:28,4,180921,0,
2018-09-21 2:29,,0.000362877,6.49E-07,2:29,4,180921,0,
2018-09-21 2:30,,0.000362877,6.49E-07,2:30,4,180921,0,
2018-09-21 2:31,,0.000362877,6.49E-07,2:31,4,180921,0,
2018-09-21 2:32,,0.000362877,6.49E-07,2:32,4,180921,0,
2018-09-21 2:33,,0.000362877,6.49E-07,2:33,4,180921,0,
2018-09-21 2:34,,0.000362877,6.49E-07,2:34,4,180921,0,
2018-09-21 2:35,,0.000362877,6.49E-07,2:35,4,180921,0,
2018-09-21 2:36,,0.000362877,6.49E-07,2:36,4,180921,0,
2018-09-21 2:37,,0.000362877,6.49E-07,2:37,4,180921,0,
2018-09-21 2:38,,0.000362877,6.49E-07,2:38,4,180921,0,
2018-09-21 2:39,,0.000362877,6.49E-07,2:39,4,180921,0,
2018-09-21 2:40,,0.000362877,6.49E-07,2:40,4,180921,0,
2018-09-21 2:41,,0.000362877,6.49E-07,2:41,4,180921,0,
2018-09-21 2:42,,0.000362877,6.49E-07,2:42,4,180921,0,
2018-09-21 2:43,,0.000362877,6.49E-07,2:43,4,180921,0,
2018-09-21 2:44,,0.000362877,6.49E-07,2:44,4,180921,0,
2018-09-21 2:45,,0.000362877,6.49E-07,2:45,4,180921,0,
2018-09-21 2:46,,0.000362877,6.49E-07,2:46,4,180921,0,
2018-09-21 2:47,,0.000362877,6.49E-07,2:47,4,180921,0,
2018-09-21 2:48,,0.000362877,6.49E-07,2:48,4,180921,0,
2018-09-21 2:49,,0.000362877,6.49E-07,2:49,4,180921,0,
2018-09-21 2:50,,0.000362877,6.49E-07,2:50,4,180921,0,
2018-09-21 2:51,,0.000362877,6.49E-07,2:51,4,180921,0,
2018-09-21 2:52,,0.000362877,6.49E-07,2:52,4,180921,0,
2018-09-21 2:53,,0.000362877,6.49E-07,2:53,4,180921,0,
2018-09-21 2:54,,0.000362877,6.49E-07,2:54,4,180921,0,
2018-09-21 2:55,,0.000362877,6.49E-07,2:55,4,180921,0,
2018-09-21 2:56,,0.000362877,6.49E-07,2:56,4,180921,0,
2018-09-21 2:57,,0.000362877,6.49E-07,2:57,4,180921,0,
2018-09-21 2:58,,0.000362877,6.49E-07,2:58,4,180921,0,
2018-09-21 2:59,,0.000362877,6.49E-07,2:59,4,180921,0,
2018-09-21 3:00,,0.000362877,6.49E-07,3:00,4,180921,0,
2018-09-21 3:01,,0.000362877,6.49E-07,3:01,4,180921,0,
2018-09-21 3:02,,0.000362877,6.49E-07,3:02,4,180921,0,
2018-09-21 3:03,,0.000362877,6.49E-07,3:03,4,180921,0,
2018-09-21 3:04,,0.000362877,6.49E-07,3:04,4,180921,0,
2018-09-21 3:05,,0.000362877,6.49E-07,3:05,4,180921,0,
2018-09-21 3:06,,0.000362877,6.49E-07,3:06,4,180921,0,
2018-09-21 3:07,,0.000362877,6.49E-07,3:07,4,180921,0,
2018-09-21 3:08,,0.000362877,6.49E-07,3:08,4,180921,0,
2018-09-21 3:09,,0.000362877,6.49E-07,3:09,4,180921,0,
2018-09-21 3:10,,0.000362877,6.49E-07,3:10,4,180921,0,
2018-09-21 3:11,,0.000362877,6.49E-07,3:11,4,180921,0,
2018-09-21 3:12,,0.000362877,6.49E-07,3:12,4,180921,0,
2018-09-21 3:13,,0.000362877,6.49E-07,3:13,4,180921,0,
2018-09-21 3:14,,0.000362877,6.49E-07,3:14,4,180921,0,
2018-09-21 3:15,,0.000362877,6.49E-07,3:15,4,180921,0,
2018-09-21 3:16,,0.000362877,6.49E-07,3:16,4,180921,0,
2018-09-21 3:17,,0.000362877,6.49E-07,3:17,4,180921,0,
2018-09-21 3:18,,0.000362877,6.49E-07,3:18,4,180921,0,
2018-09-21 3:19,,0.000362877,6.49E-07,3:19,4,180921,0,
2018-09-21 3:20,,0.000362877,6.49E-07,3:20,4,180921,0,
2018-09-21 3:21,,0.000362877,6.49E-07,3:21,4,180921,0,
2018-09-21 3:22,,0.000362877,6.49E-07,3:22,4,180921,0,
2018-09-21 3:23,,0.000362877,6.49E-07,3:23,4,180921,0,
2018-09-21 3:24,,0.000362877,6.49E-07,3:24,4,180921,0,
2018-09-21 3:25,,0.000362877,6.49E-07,3:25,4,180921,0,
2018-09-21 3:26,,0.000362877,6.49E-07,3:26,4,180921,0,
2018-09-21 3:27,,0.000362877,6.49E-07,3:27,4,180921,0,
2018-09-21 3:28,,0.000362877,6.49E-07,3:28,4,180921,0,
2018-09-21 3:29,,0.000362877,6.49E-07,3:29,4,180921,0,
2018-09-21 3:30,,0.000362877,6.49E-07,3:30,4,180921,0,
2018-09-21 3:31,,0.000362877,6.49E-07,3:31,4,180921,0,
2018-09-21 3:32,,0.000362877,6.49E-07,3:32,4,180921,0,
2018-09-21 3:33,,0.000362877,6.49E-07,3:33,4,180921,0,
2018-09-21 3:34,,0.000362877,6.49E-07,3:34,4,180921,0,
2018-09-21 3:35,,0.000362877,6.49E-07,3:35,4,180921,0,
2018-09-21 3:36,,0.000362877,6.49E-07,3:36,4,180921,0,
2018-09-21 3:37,,0.000362877,6.49E-07,3:37,4,180921,0,
2018-09-21 3:38,,0.000362877,6.49E-07,3:38,4,180921,0,
2018-09-21 3:39,,0.000362877,6.49E-07,3:39,4,180921,0,
2018-09-21 3:40,,0.000362877,6.49E-07,3:40,4,180921,0,
2018-09-21 3:41,,0.000362877,6.49E-07,3:41,4,180921,0,
2018-09-21 3:42,,0.000362877,6.49E-07,3:42,4,180921,0,
2018-09-21 3:43,,0.000362877,6.49E-07,3:43,4,180921,0,
2018-09-21 3:44,,0.000362877,6.49E-07,3:44,4,180921,0,
2018-09-21 3:45,,0.000362877,6.49E-07,3:45,4,180921,0,
2018-09-21 3:46,,0.000362877,6.49E-07,3:46,4,180921,0,
2018-09-21 3:47,,0.000362877,6.49E-07,3:47,4,180921,0,
2018-09-21 3:48,,0.000362877,6.49E-07,3:48,4,180921,0,
2018-09-21 3:49,,0.000362877,6.49E-07,3:49,4,180921,0,
2018-09-21 3:50,,0.000362877,6.49E-07,3:50,4,180921,0,
2018-09-21 3:51,,0.000362877,6.49E-07,3:51,4,180921,0,
2018-09-21 3:52,,0.000362877,6.49E-07,3:52,4,180921,0,
2018-09-21 3:53,,0.000362877,6.49E-07,3:53,4,180921,0,
2018-09-21 3:54,,0.000362877,6.49E-07,3:54,4,180921,0,
2018-09-21 3:55,,0.000362877,6.49E-07,3:55,4,180921,0,
2018-09-21 3:56,,0.000362877,6.49E-07,3:56,4,180921,0,
2018-09-21 3:57,,0.000362877,6.49E-07,3:57,4,180921,0,
2018-09-21 3:58,,0.000362877,6.49E-07,3:58,4,180921,0,
2018-09-21 3:59,,0.000362877,6.49E-07,3:59,4,180921,0,
2018-09-21 4:00,,0.000362877,6.49E-07,4:00,4,180921,0,
2018-09-21 4:01,,0.000362877,6.49E-07,4:01,4,180921,0,
2018-09-21 4:02,,0.000362877,6.49E-07,4:02,4,180921,0,
2018-09-21 4:03,,0.000362877,6.49E-07,4:03,4,180921,0,
2018-09-21 4:04,,0.000362877,6.49E-07,4:04,4,180921,0,
2018-09-21 4:05,,0.000362877,6.49E-07,4:05,4,180921,0,
2018-09-21 4:06,,0.000362877,6.49E-07,4:06,4,180921,0,
2018-09-21 4:07,,0.000362877,6.49E-07,4:07,4,180921,0,
2018-09-21 4:08,,0.000362877,6.49E-07,4:08,4,180921,0,
2018-09-21 4:09,,0.000362877,6.49E-07,4:09,4,180921,0,
2018-09-21 4:10,,0.000362877,6.49E-07,4:10,4,180921,0,
2018-09-21 4:11,,0.000362877,6.49E-07,4:11,4,180921,0,
2018-09-21 4:12,,0.000362877,6.49E-07,4:12,4,180921,0,
2018-09-21 4:13,,0.000362877,6.49E-07,4:13,4,180921,0,
2018-09-21 4:14,,0.000362877,6.49E-07,4:14,4,180921,0,
2018-09-21 4:15,,0.000362877,6.49E-07,4:15,4,180921,0,
2018-09-21 4:16,,0.000362877,6.49E-07,4:16,4,180921,0,
2018-09-21 4:17,,0.000362877,6.49E-07,4:17,4,180921,0,
2018-09-21 4:18,,0.000362877,6.49E-07,4:18,4,180921,0,
2018-09-21 4:19,,0.000362877,6.49E-07,4:19,4,180921,0,
2018-09-21 4:20,,0.000362877,6.49E-07,4:20,4,180921,0,
2018-09-21 4:21,,0.000362877,6.49E-07,4:21,4,180921,0,
2018-09-21 4:22,,0.000362877,6.49E-07,4:22,4,180921,0,
2018-09-21 4:23,,0.000362877,6.49E-07,4:23,4,180921,0,
2018-09-21 4:24,,0.000362877,6.49E-07,4:24,4,180921,0,
2018-09-21 4:25,,0.000362877,6.49E-07,4:25,4,180921,0,
2018-09-21 4:26,,0.000362877,6.49E-07,4:26,4,180921,0,
2018-09-21 4:27,,0.000362877,6.49E-07,4:27,4,180921,0,
2018-09-21 4:28,,0.000362877,6.49E-07,4:28,4,180921,0,
2018-09-21 4:29,,0.000362877,6.49E-07,4:29,4,180921,0,
2018-09-21 4:30,,0.000362877,6.49E-07,4:30,4,180921,0,
2018-09-21 4:31,,0.000362877,6.49E-07,4:31,4,180921,0,
2018-09-21 4:32,,0.000362877,6.49E-07,4:32,4,180921,0,
2018-09-21 4:33,,0.000362877,6.49E-07,4:33,4,180921,0,
2018-09-21 4:34,,0.000362877,6.49E-07,4:34,4,180921,0,
2018-09-21 4:35,,0.000362877,6.49E-07,4:35,4,180921,0,
2018-09-21 4:36,,0.000362877,6.49E-07,4:36,4,180921,0,
2018-09-21 4:37,,0.000362877,6.49E-07,4:37,4,180921,0,
2018-09-21 4:38,,0.000362877,6.49E-07,4:38,4,180921,0,
2018-09-21 4:39,,0.000362877,6.49E-07,4:39,4,180921,0,
2018-09-21 4:40,,0.000362877,6.49E-07,4:40,4,180921,0,
2018-09-21 4:41,,0.000362877,6.49E-07,4:41,4,180921,0,
2018-09-21 4:42,,0.000362877,6.49E-07,4:42,4,180921,0,
2018-09-21 4:43,,0.000362877,6.49E-07,4:43,4,180921,0,
2018-09-21 4:44,,0.000362877,6.49E-07,4:44,4,180921,0,
2018-09-21 4:45,,0.000362877,6.49E-07,4:45,4,180921,0,
2018-09-21 4:46,,0.000362877,6.49E-07,4:46,4,180921,0,
2018-09-21 4:47,,0.000362877,6.49E-07,4:47,4,180921,0,
2018-09-21 4:48,,0.000362877,6.49E-07,4:48,4,180921,0,
2018-09-21 4:49,,0.000362877,6.49E-07,4:49,4,180921,0,
2018-09-21 4:50,,0.000362877,6.49E-07,4:50,4,180921,0,
2018-09-21 4:51,,0.000362877,6.49E-07,4:51,4,180921,0,
2018-09-21 4:52,,0.000362877,6.49E-07,4:52,4,180921,0,
2018-09-21 4:53,,0.000362877,6.49E-07,4:53,4,180921,0,
2018-09-21 4:54,,0.000362877,6.49E-07,4:54,4,180921,0,
2018-09-21 4:55,,0.000362877,6.49E-07,4:55,4,180921,0,
2018-09-21 4:56,,0.000362877,6.49E-07,4:56,4,180921,0,
2018-09-21 4:57,,0.000362877,6.49E-07,4:57,4,180921,0,
2018-09-21 4:58,,0.000362877,6.49E-07,4:58,4,180921,0,
2018-09-21 4:59,,0.000362877,6.49E-07,4:59,4,180921,0,
2018-09-21 5:00,,0.000362877,6.49E-07,5:00,4,180921,0,
2018-09-21 5:01,,0.000362877,6.49E-07,5:01,4,180921,0,
2018-09-21 5:02,,0.000362877,6.49E-07,5:02,4,180921,0,
2018-09-21 5:03,,0.000362877,6.49E-07,5:03,4,180921,0,
2018-09-21 5:04,,0.000362877,6.49E-07,5:04,4,180921,0,
2018-09-21 5:05,,0.000362877,6.49E-07,5:05,4,180921,0,
2018-09-21 5:06,,0.000362877,6.49E-07,5:06,4,180921,0,
2018-09-21 5:07,,0.000362877,6.49E-07,5:07,4,180921,0,
2018-09-21 5:08,,0.000362877,6.49E-07,5:08,4,180921,0,
2018-09-21 5:09,,0.000362877,6.49E-07,5:09,4,180921,0,
2018-09-21 5:10,,0.000362877,6.49E-07,5:10,4,180921,0,
2018-09-21 5:11,,0.000362877,6.49E-07,5:11,4,180921,0,
2018-09-21 5:12,,0.000362877,6.49E-07,5:12,4,180921,0,
2018-09-21 5:13,,0.000362877,6.49E-07,5:13,4,180921,0,
2018-09-21 5:14,,0.000362877,6.49E-07,5:14,4,180921,0,
2018-09-21 5:15,,0.000362877,6.49E-07,5:15,4,180921,0,
2018-09-21 5:16,,0.000362877,6.49E-07,5:16,4,180921,0,
2018-09-21 5:17,,0.000362877,6.49E-07,5:17,4,180921,0,
2018-09-21 5:18,,0.000362877,6.49E-07,5:18,4,180921,0,
2018-09-21 5:19,,0.000362877,6.49E-07,5:19,4,180921,0,
2018-09-21 5:20,,0.000362877,6.49E-07,5:20,4,180921,0,
2018-09-21 5:21,,0.000362877,6.49E-07,5:21,4,180921,0,
2018-09-21 5:22,,0.000362877,6.49E-07,5:22,4,180921,0,
2018-09-21 5:23,,0.000362877,6.49E-07,5:23,4,180921,0,
2018-09-21 5:24,,0.000362877,6.49E-07,5:24,4,180921,0,
2018-09-21 5:25,,0.000362877,6.49E-07,5:25,4,180921,0,
2018-09-21 5:26,,0.000362877,6.49E-07,5:26,4,180921,0,
2018-09-21 5:27,,0.000362877,6.49E-07,5:27,4,180921,0,
2018-09-21 5:28,,0.000362877,6.49E-07,5:28,4,180921,0,
2018-09-21 5:29,,0.000362877,6.49E-07,5:29,4,180921,0,
2018-09-21 5:30,,0.000362877,6.49E-07,5:30,4,180921,0,
2018-09-21 5:31,,0.000362877,6.49E-07,5:31,4,180921,0,
2018-09-21 5:32,,0.000362877,6.49E-07,5:32,4,180921,0,
2018-09-21 5:33,,0.000362877,6.49E-07,5:33,4,180921,0,
2018-09-21 5:34,,0.000362877,6.49E-07,5:34,4,180921,0,
2018-09-21 5:35,,0.000362877,6.49E-07,5:35,4,180921,0,
2018-09-21 5:36,,0.000362877,6.49E-07,5:36,4,180921,0,
2018-09-21 5:37,,0.000362877,6.49E-07,5:37,4,180921,0,
2018-09-21 5:38,,0.000362877,6.49E-07,5:38,4,180921,0,
2018-09-21 5:39,,0.000362877,6.49E-07,5:39,4,180921,0,
2018-09-21 5:40,,0.000362877,6.49E-07,5:40,4,180921,0,
2018-09-21 5:41,,0.000362877,6.49E-07,5:41,4,180921,0,
2018-09-21 5:42,,0.000362877,6.49E-07,5:42,4,180921,0,
2018-09-21 5:43,,0.000362877,6.49E-07,5:43,4,180921,0,
2018-09-21 5:44,,0.000362877,6.49E-07,5:44,4,180921,0,
2018-09-21 5:45,,0.000362877,6.49E-07,5:45,4,180921,0,
2018-09-21 5:46,,0.000362877,6.49E-07,5:46,4,180921,0,
2018-09-21 5:47,,0.000362877,6.49E-07,5:47,4,180921,0,
2018-09-21 5:48,,0.000362877,6.49E-07,5:48,4,180921,0,
2018-09-21 5:49,,0.000362877,6.49E-07,5:49,4,180921,0,
2018-09-21 5:50,,0.000362877,6.49E-07,5:50,4,180921,0,
2018-09-21 5:51,,0.000362877,6.49E-07,5:51,4,180921,0,
2018-09-21 5:52,,0.000362877,6.49E-07,5:52,4,180921,0,
2018-09-21 5:53,,0.000362877,6.49E-07,5:53,4,180921,0,
2018-09-21 5:54,,0.000362877,6.49E-07,5:54,4,180921,0,
2018-09-21 5:55,,0.000362877,6.49E-07,5:55,4,180921,0,
2018-09-21 5:56,,0.000362877,6.49E-07,5:56,4,180921,0,
2018-09-21 5:57,,0.000362877,6.49E-07,5:57,4,180921,0,
2018-09-21 5:58,,0.000362877,6.49E-07,5:58,4,180921,0,
2018-09-21 5:59,,0.000362877,6.49E-07,5:59,4,180921,0,
2018-09-21 6:00,,0.000362877,6.49E-07,6:00,4,180921,0,
2018-09-21 6:01,,0.000362877,6.49E-07,6:01,4,180921,0,
2018-09-21 6:02,,0.000362877,6.49E-07,6:02,4,180921,0,
2018-09-21 6:03,,0.000362877,6.49E-07,6:03,4,180921,0,
2018-09-21 6:04,,0.000362877,6.49E-07,6:04,4,180921,0,
2018-09-21 6:05,,0.000362877,6.49E-07,6:05,4,180921,0,
2018-09-21 6:06,,0.000362877,6.49E-07,6:06,4,180921,0,
2018-09-21 6:07,,0.000362877,6.49E-07,6:07,4,180921,0,
2018-09-21 6:08,,0.000362877,6.49E-07,6:08,4,180921,0,
2018-09-21 6:09,,0.000362877,6.49E-07,6:09,4,180921,0,
2018-09-21 6:10,,0.000362877,6.49E-07,6:10,4,180921,0,
2018-09-21 6:11,,0.000362877,6.49E-07,6:11,4,180921,0,
2018-09-21 6:12,,0.000362877,6.49E-07,6:12,4,180921,0,
2018-09-21 6:13,,0.000362877,6.49E-07,6:13,4,180921,0,
2018-09-21 6:14,,0.000362877,6.49E-07,6:14,4,180921,0,
2018-09-21 6:15,,0.000362877,6.49E-07,6:15,4,180921,0,
2018-09-21 6:16,,0.000362877,6.49E-07,6:16,4,180921,0,
2018-09-21 6:17,,0.000362877,6.49E-07,6:17,4,180921,0,
2018-09-21 6:18,,0.000362877,6.49E-07,6:18,4,180921,0,
2018-09-21 6:19,,0.000362877,6.49E-07,6:19,4,180921,0,
2018-09-21 6:20,,0.000362877,6.49E-07,6:20,4,180921,0,
2018-09-21 6:21,,0.000362877,6.49E-07,6:21,4,180921,0,
2018-09-21 6:22,,0.000362877,6.49E-07,6:22,4,180921,0,
2018-09-21 6:23,,0.000362877,6.49E-07,6:23,4,180921,0,
2018-09-21 6:24,,0.000362877,6.49E-07,6:24,4,180921,0,
2018-09-21 6:25,,0.000362877,6.49E-07,6:25,4,180921,0,
2018-09-21 6:26,,0.000362877,6.49E-07,6:26,4,180921,0,
2018-09-21 6:27,,0.000362877,6.49E-07,6:27,4,180921,0,
2018-09-21 6:28,,0.000362877,6.49E-07,6:28,4,180921,0,
2018-09-21 6:29,,0.000362877,6.49E-07,6:29,4,180921,0,
2018-09-21 6:30,,0.000362877,6.49E-07,6:30,4,180921,0,
2018-09-21 6:31,,0.000362877,6.49E-07,6:31,4,180921,0,
2018-09-21 6:32,,0.000362877,6.49E-07,6:32,4,180921,0,
2018-09-21 6:33,,0.000362877,6.49E-07,6:33,4,180921,0,
2018-09-21 6:34,,0.000362877,6.49E-07,6:34,4,180921,0,
2018-09-21 6:35,,0.000362877,6.49E-07,6:35,4,180921,0,
2018-09-21 6:36,,0.000362877,6.49E-07,6:36,4,180921,0,
2018-09-21 6:37,,0.000362877,6.49E-07,6:37,4,180921,0,
2018-09-21 6:38,,0.000362877,6.49E-07,6:38,4,180921,0,
2018-09-21 6:39,,0.000362877,6.49E-07,6:39,4,180921,0,
2018-09-21 6:40,,0.000362877,6.49E-07,6:40,4,180921,0,
2018-09-21 6:41,,0.000362877,6.49E-07,6:41,4,180921,0,
2018-09-21 6:42,,0.000362877,6.49E-07,6:42,4,180921,0,
2018-09-21 6:43,,0.000362877,6.49E-07,6:43,4,180921,0,
2018-09-21 6:44,,0.000362877,6.49E-07,6:44,4,180921,0,
2018-09-21 6:45,,0.000362877,6.49E-07,6:45,4,180921,0,
2018-09-21 6:46,,0.000362877,6.49E-07,6:46,4,180921,0,
2018-09-21 6:47,,0.000362877,6.49E-07,6:47,4,180921,0,
2018-09-21 6:48,,0.000362877,6.49E-07,6:48,4,180921,0,
2018-09-21 6:49,,0.000362877,6.49E-07,6:49,4,180921,0,
2018-09-21 6:50,,0.000362877,6.49E-07,6:50,4,180921,0,
2018-09-21 6:51,,0.000362877,6.49E-07,6:51,4,180921,0,
2018-09-21 6:52,,0.000362877,6.49E-07,6:52,4,180921,0,
2018-09-21 6:53,,0.000362877,6.49E-07,6:53,4,180921,0,
2018-09-21 6:54,,0.000362877,6.49E-07,6:54,4,180921,0,
2018-09-21 6:55,,0.000362877,6.49E-07,6:55,4,180921,0,
2018-09-21 6:56,,0.000362877,6.49E-07,6:56,4,180921,0,
2018-09-21 6:57,,0.000362877,6.49E-07,6:57,4,180921,0,
2018-09-21 6:58,,0.000362877,6.49E-07,6:58,4,180921,0,
2018-09-21 6:59,,0.000362877,6.49E-07,6:59,4,180921,0,
2018-09-21 7:00,,0.000362877,6.49E-07,7:00,4,180921,0,
2018-09-21 7:01,,0.000362877,6.49E-07,7:01,4,180921,0,
2018-09-21 7:02,,0.000362877,6.49E-07,7:02,4,180921,0,
2018-09-21 7:03,,0.000362877,6.49E-07,7:03,4,180921,0,
2018-09-21 7:04,,0.000362877,6.49E-07,7:04,4,180921,0,
2018-09-21 7:05,,0.000362877,6.49E-07,7:05,4,180921,0,
2018-09-21 7:06,,0.000362877,6.49E-07,7:06,4,180921,0,
2018-09-21 7:07,,0.000362877,6.49E-07,7:07,4,180921,0,
2018-09-21 7:08,,0.000362877,6.49E-07,7:08,4,180921,0,
2018-09-21 7:09,,0.000362877,6.49E-07,7:09,4,180921,0,
2018-09-21 7:10,,0.000362877,6.49E-07,7:10,4,180921,0,
2018-09-21 7:11,,0.000362877,6.49E-07,7:11,4,180921,0,
2018-09-21 7:12,,0.000362877,6.49E-07,7:12,4,180921,0,
2018-09-21 7:13,,0.000362877,6.49E-07,7:13,4,180921,0,
2018-09-21 7:14,,0.000362877,6.49E-07,7:14,4,180921,0,
2018-09-21 7:15,,0.000362877,6.49E-07,7:15,4,180921,0,
2018-09-21 7:16,,0.000362877,6.49E-07,7:16,4,180921,0,
2018-09-21 7:17,,0.000362877,6.49E-07,7:17,4,180921,0,
2018-09-21 7:18,,0.000362877,6.49E-07,7:18,4,180921,0,
2018-09-21 7:19,,0.000362877,6.49E-07,7:19,4,180921,0,
2018-09-21 7:20,,0.000362877,6.49E-07,7:20,4,180921,0,
2018-09-21 7:21,,0.000362877,6.49E-07,7:21,4,180921,0,
2018-09-21 7:22,,0.000362877,6.49E-07,7:22,4,180921,0,
2018-09-21 7:23,,0.000362877,6.49E-07,7:23,4,180921,0,
2018-09-21 7:24,,0.000362877,6.49E-07,7:24,4,180921,0,
2018-09-21 7:25,,0.000362877,6.49E-07,7:25,4,180921,0,
2018-09-21 7:26,,0.000362877,6.49E-07,7:26,4,180921,0,
2018-09-21 7:27,,0.000362877,6.49E-07,7:27,4,180921,0,
2018-09-21 7:28,,0.000362877,6.49E-07,7:28,4,180921,0,
2018-09-21 7:29,,0.000362877,6.49E-07,7:29,4,180921,0,
2018-09-21 7:30,,0.000362877,6.49E-07,7:30,4,180921,0,
2018-09-21 7:31,,0.000362877,6.49E-07,7:31,4,180921,0,
2018-09-21 7:32,,0.000362877,6.49E-07,7:32,4,180921,0,
2018-09-21 7:33,,0.000362877,6.49E-07,7:33,4,180921,0,
2018-09-21 7:34,,0.000362877,6.49E-07,7:34,4,180921,0,
2018-09-21 7:35,,0.000362877,6.49E-07,7:35,4,180921,0,
2018-09-21 7:36,,0.000362877,6.49E-07,7:36,4,180921,0,
2018-09-21 7:37,,0.000362877,6.49E-07,7:37,4,180921,0,
2018-09-21 7:38,,0.000362877,6.49E-07,7:38,4,180921,0,
2018-09-21 7:39,,0.000362877,6.49E-07,7:39,4,180921,0,
2018-09-21 7:40,,0.000362877,6.49E-07,7:40,4,180921,0,
2018-09-21 7:41,,0.000362877,6.49E-07,7:41,4,180921,0,
2018-09-21 7:42,,0.000362877,6.49E-07,7:42,4,180921,0,
2018-09-21 7:43,,0.000362877,6.49E-07,7:43,4,180921,0,
2018-09-21 7:44,,0.000362877,6.49E-07,7:44,4,180921,0,
2018-09-21 7:45,,0.000362877,6.49E-07,7:45,4,180921,0,
2018-09-21 7:46,,0.000362877,6.49E-07,7:46,4,180921,0,
2018-09-21 7:47,,0.000362877,6.49E-07,7:47,4,180921,0,
2018-09-21 7:48,,0.000362877,6.49E-07,7:48,4,180921,0,
2018-09-21 7:49,,0.000362877,6.49E-07,7:49,4,180921,0,
2018-09-21 7:50,,0.000362877,6.49E-07,7:50,4,180921,0,
2018-09-21 7:51,,0.000362877,6.49E-07,7:51,4,180921,0,
2018-09-21 7:52,,0.000362877,6.49E-07,7:52,4,180921,0,
2018-09-21 7:53,,0.000362877,6.49E-07,7:53,4,180921,0,
2018-09-21 7:54,,0.000362877,6.49E-07,7:54,4,180921,0,
2018-09-21 7:55,,0.000362877,6.49E-07,7:55,4,180921,0,
2018-09-21 7:56,,0.000362877,6.49E-07,7:56,4,180921,0,
2018-09-21 7:57,,0.000362877,6.49E-07,7:57,4,180921,0,
2018-09-21 7:58,,0.000362877,6.49E-07,7:58,4,180921,0,
2018-09-21 7:59,,0.000362877,6.49E-07,7:59,4,180921,0,
2018-09-21 8:00,,0.000362877,6.49E-07,8:00,4,180921,0,
2018-09-21 8:01,,0.000362877,6.49E-07,8:01,4,180921,0,
2018-09-21 8:02,,0.000362877,6.49E-07,8:02,4,180921,0,
2018-09-21 8:03,,0.000362877,6.49E-07,8:03,4,180921,0,
2018-09-21 8:04,,0.000362877,6.49E-07,8:04,4,180921,0,
2018-09-21 8:05,,0.000362877,6.49E-07,8:05,4,180921,0,
2018-09-21 8:06,,0.000362877,6.49E-07,8:06,4,180921,0,
2018-09-21 8:07,,0.000362877,6.49E-07,8:07,4,180921,0,
2018-09-21 8:08,,0.000362877,6.49E-07,8:08,4,180921,0,
2018-09-21 8:09,,0.000362877,6.49E-07,8:09,4,180921,0,
2018-09-21 8:10,,0.000362877,6.49E-07,8:10,4,180921,0,
2018-09-21 8:11,,0.000362877,6.49E-07,8:11,4,180921,0,
2018-09-21 8:12,,0.000362877,6.49E-07,8:12,4,180921,0,
2018-09-21 8:13,,0.000362877,6.49E-07,8:13,4,180921,0,
2018-09-21 8:14,,0.000362877,6.49E-07,8:14,4,180921,0,
2018-09-21 8:15,,0.000362877,6.49E-07,8:15,4,180921,0,
2018-09-21 8:16,,0.000362877,6.49E-07,8:16,4,180921,0,
2018-09-21 8:17,,0.000362877,6.49E-07,8:17,4,180921,0,
2018-09-21 8:18,,0.000362877,6.49E-07,8:18,4,180921,0,
2018-09-21 8:19,,0.000362877,6.49E-07,8:19,4,180921,0,
2018-09-21 8:20,,0.000362877,6.49E-07,8:20,4,180921,0,
2018-09-21 8:21,,0.000362877,6.49E-07,8:21,4,180921,0,
2018-09-21 8:22,,0.000362877,6.49E-07,8:22,4,180921,0,
2018-09-21 8:23,,0.000362877,6.49E-07,8:23,4,180921,0,
2018-09-21 8:24,,0.000362877,6.49E-07,8:24,4,180921,0,
2018-09-21 8:25,,0.000362877,6.49E-07,8:25,4,180921,0,
2018-09-21 8:26,,0.000362877,6.49E-07,8:26,4,180921,0,
2018-09-21 8:27,,0.000362877,6.49E-07,8:27,4,180921,0,
2018-09-21 8:28,,0.000362877,6.49E-07,8:28,4,180921,0,
2018-09-21 8:29,,0.000362877,6.49E-07,8:29,4,180921,0,
2018-09-21 8:30,,0.000362877,6.49E-07,8:30,4,180921,0,
2018-09-21 8:31,,0.000362877,6.49E-07,8:31,4,180921,0,
2018-09-21 8:32,,0.000362877,6.49E-07,8:32,4,180921,0,
2018-09-21 8:33,,0.000362877,6.49E-07,8:33,4,180921,0,
2018-09-21 8:34,,0.000362877,6.49E-07,8:34,4,180921,0,
2018-09-21 8:35,,0.000362877,6.49E-07,8:35,4,180921,0,
2018-09-21 8:36,,0.000362877,6.49E-07,8:36,4,180921,0,
2018-09-21 8:37,,0.000362877,6.49E-07,8:37,4,180921,0,
2018-09-21 8:38,,0.000362877,6.49E-07,8:38,4,180921,0,
2018-09-21 8:39,,0.000362877,6.49E-07,8:39,4,180921,0,
2018-09-21 8:40,,0.000362877,6.49E-07,8:40,4,180921,0,
2018-09-21 8:41,,0.000362877,6.49E-07,8:41,4,180921,0,
2018-09-21 8:42,,0.000362877,6.49E-07,8:42,4,180921,0,
2018-09-21 8:43,,0.000362877,6.49E-07,8:43,4,180921,0,
2018-09-21 8:44,,0.000362877,6.49E-07,8:44,4,180921,0,
2018-09-21 8:45,,0.000362877,6.49E-07,8:45,4,180921,0,
2018-09-21 8:46,,0.000362877,6.49E-07,8:46,4,180921,0,
2018-09-21 8:47,,0.000362877,6.49E-07,8:47,4,180921,0,
2018-09-21 8:48,,0.000362877,6.49E-07,8:48,4,180921,0,
2018-09-21 8:49,,0.000362877,6.49E-07,8:49,4,180921,0,
2018-09-21 8:50,,0.000362877,6.49E-07,8:50,4,180921,0,
2018-09-21 8:51,,0.000362877,6.49E-07,8:51,4,180921,0,
2018-09-21 8:52,,0.000362877,6.49E-07,8:52,4,180921,0,
2018-09-21 8:53,,0.000362877,6.49E-07,8:53,4,180921,0,
2018-09-21 8:54,,0.000362877,6.49E-07,8:54,4,180921,0,
2018-09-21 8:55,,0.000362877,6.49E-07,8:55,4,180921,0,
2018-09-21 8:56,,0.000362877,6.49E-07,8:56,4,180921,0,
2018-09-21 8:57,,0.000362877,6.49E-07,8:57,4,180921,0,
2018-09-21 8:58,,0.000362877,6.49E-07,8:58,4,180921,0,
2018-09-21 8:59,,0.000362877,6.49E-07,8:59,4,180921,0,
2018-09-21 9:00,,0.000362877,6.49E-07,9:00,4,180921,0,
2018-09-21 9:01,,0.000362877,6.49E-07,9:01,4,180921,0,
2018-09-21 9:02,,0.000362877,6.49E-07,9:02,4,180921,0,
2018-09-21 9:03,,0.000362877,6.49E-07,9:03,4,180921,0,
2018-09-21 9:04,,0.000362877,6.49E-07,9:04,4,180921,0,
2018-09-21 9:05,,0.000362877,6.49E-07,9:05,4,180921,0,
2018-09-21 9:06,,0.000362877,6.49E-07,9:06,4,180921,0,
2018-09-21 9:07,,0.000362877,6.49E-07,9:07,4,180921,0,
2018-09-21 9:08,,0.000362877,6.49E-07,9:08,4,180921,0,
2018-09-21 9:09,,0.000362877,6.49E-07,9:09,4,180921,0,
2018-09-21 9:10,,0.000362877,6.49E-07,9:10,4,180921,0,
2018-09-21 9:11,,0.000362877,6.49E-07,9:11,4,180921,0,
2018-09-21 9:12,,0.000362877,6.49E-07,9:12,4,180921,0,
2018-09-21 9:13,,0.000362877,6.49E-07,9:13,4,180921,0,
2018-09-21 9:14,,0.000362877,6.49E-07,9:14,4,180921,0,
2018-09-21 9:15,,0.000362877,6.49E-07,9:15,4,180921,0,
2018-09-21 9:16,,0.000362877,6.49E-07,9:16,4,180921,0,
2018-09-21 9:17,,0.000362877,6.49E-07,9:17,4,180921,0,
2018-09-21 9:18,,0.000362877,6.49E-07,9:18,4,180921,0,
2018-09-21 9:19,,0.000362877,6.49E-07,9:19,4,180921,0,
2018-09-21 9:20,,0.000362877,6.49E-07,9:20,4,180921,0,
2018-09-21 9:21,,0.000362877,6.49E-07,9:21,4,180921,0,
2018-09-21 9:22,,0.000362877,6.49E-07,9:22,4,180921,0,
2018-09-21 9:23,,0.000362877,6.49E-07,9:23,4,180921,0,
2018-09-21 9:24,,0.000362877,6.49E-07,9:24,4,180921,0,
2018-09-21 9:25,,0.000362877,6.49E-07,9:25,4,180921,0,
2018-09-21 9:26,,0.000362877,6.49E-07,9:26,4,180921,0,
2018-09-21 9:27,,0.000362877,6.49E-07,9:27,4,180921,0,
2018-09-21 9:28,,0.000362877,6.49E-07,9:28,4,180921,0,
2018-09-21 9:29,,0.000362877,6.49E-07,9:29,4,180921,0,
2018-09-21 9:30,,0.000362877,6.49E-07,9:30,4,180921,0,
2018-09-21 9:31,,0.000362877,6.49E-07,9:31,4,180921,0,
2018-09-21 9:32,,0.000362877,6.49E-07,9:32,4,180921,0,
2018-09-21 9:33,,0.000362877,6.49E-07,9:33,4,180921,0,
2018-09-21 9:34,,0.000362877,6.49E-07,9:34,4,180921,0,
2018-09-21 9:35,,0.000362877,6.49E-07,9:35,4,180921,0,
2018-09-21 9:36,,0.000362877,6.49E-07,9:36,4,180921,0,
2018-09-21 9:37,,0.000362877,6.49E-07,9:37,4,180921,0,
2018-09-21 9:38,,0.000362877,6.49E-07,9:38,4,180921,0,
2018-09-21 9:39,,0.000362877,6.49E-07,9:39,4,180921,0,
2018-09-21 9:40,,0.000362877,6.49E-07,9:40,4,180921,0,
2018-09-21 9:41,,0.000362877,6.49E-07,9:41,4,180921,0,
2018-09-21 9:42,,0.000362877,6.49E-07,9:42,4,180921,0,
2018-09-21 9:43,,0.000362877,6.49E-07,9:43,4,180921,0,
2018-09-21 9:44,,0.000362877,6.49E-07,9:44,4,180921,0,
2018-09-21 9:45,,0.000362877,6.49E-07,9:45,4,180921,0,
2018-09-21 9:46,,0.000362877,6.49E-07,9:46,4,180921,0,
2018-09-21 9:47,,0.000362877,6.49E-07,9:47,4,180921,0,
2018-09-21 9:48,,0.000362877,6.49E-07,9:48,4,180921,0,
2018-09-21 9:49,,0.000362877,6.49E-07,9:49,4,180921,0,
2018-09-21 9:50,,0.000362877,6.49E-07,9:50,4,180921,0,
2018-09-21 9:51,,0.000362877,6.49E-07,9:51,4,180921,0,
2018-09-21 9:52,,0.000362877,6.49E-07,9:52,4,180921,0,
2018-09-21 9:53,,0.000362877,6.49E-07,9:53,4,180921,0,
2018-09-21 9:54,,0.000362877,6.49E-07,9:54,4,180921,0,
2018-09-21 9:55,,0.000362877,6.49E-07,9:55,4,180921,0,
2018-09-21 9:56,,0.000362877,6.49E-07,9:56,4,180921,0,
2018-09-21 9:57,,0.000362877,6.49E-07,9:57,4,180921,0,
2018-09-21 9:58,,0.000362877,6.49E-07,9:58,4,180921,0,
2018-09-21 9:59,,0.000362877,6.49E-07,9:59,4,180921,0,
2018-09-21 10:00,,0.000362877,6.49E-07,10:00,4,180921,0,
2018-09-21 10:01,,0.000362877,6.49E-07,10:01,4,180921,0,
2018-09-21 10:02,,0.000362877,6.49E-07,10:02,4,180921,0,
2018-09-21 10:03,,0.000362877,6.49E-07,10:03,4,180921,0,
2018-09-21 10:04,,0.000362877,6.49E-07,10:04,4,180921,0,
2018-09-21 10:05,,0.000362877,6.49E-07,10:05,4,180921,0,
2018-09-21 10:06,,0.000362877,6.49E-07,10:06,4,180921,0,
2018-09-21 10:07,,0.000362877,6.49E-07,10:07,4,180921,0,
2018-09-21 10:08,,0.000362877,6.49E-07,10:08,4,180921,0,
2018-09-21 10:09,,0.000362877,6.49E-07,10:09,4,180921,0,
2018-09-21 10:10,,0.000362877,6.49E-07,10:10,4,180921,0,
2018-09-21 10:11,,0.000362877,6.49E-07,10:11,4,180921,0,
2018-09-21 10:12,,0.000362877,6.49E-07,10:12,4,180921,0,
2018-09-21 10:13,,0.000362877,6.49E-07,10:13,4,180921,0,
2018-09-21 10:14,,0.000362877,6.49E-07,10:14,4,180921,0,
2018-09-21 10:15,,0.000362877,6.49E-07,10:15,4,180921,0,
2018-09-21 10:16,,0.000362877,6.49E-07,10:16,4,180921,0,
2018-09-21 10:17,,0.000362877,6.49E-07,10:17,4,180921,0,
2018-09-21 10:18,,0.000362877,6.49E-07,10:18,4,180921,0,
2018-09-21 10:19,,0.000362877,6.49E-07,10:19,4,180921,0,
2018-09-21 10:20,,0.000362877,6.49E-07,10:20,4,180921,0,
2018-09-21 10:21,,0.000362877,6.49E-07,10:21,4,180921,0,
2018-09-21 10:22,,0.000362877,6.49E-07,10:22,4,180921,0,
2018-09-21 10:23,,0.000362877,6.49E-07,10:23,4,180921,0,
2018-09-21 10:24,,0.000362877,6.49E-07,10:24,4,180921,0,
2018-09-21 10:25,,0.000362877,6.49E-07,10:25,4,180921,0,
2018-09-21 10:26,,0.000362877,6.49E-07,10:26,4,180921,0,
2018-09-21 10:27,,0.000362877,6.49E-07,10:27,4,180921,0,
2018-09-21 10:28,,0.000362877,6.49E-07,10:28,4,180921,0,
2018-09-21 10:29,,0.000362877,6.49E-07,10:29,4,180921,0,
2018-09-21 10:30,,0.000362877,6.49E-07,10:30,4,180921,0,
2018-09-21 10:31,,0.000362877,6.49E-07,10:31,4,180921,0,
2018-09-21 10:32,,0.000362877,6.49E-07,10:32,4,180921,0,
2018-09-21 10:33,,0.000362877,6.49E-07,10:33,4,180921,0,
2018-09-21 10:34,,0.000362877,6.49E-07,10:34,4,180921,0,
2018-09-21 10:35,,0.000362877,6.49E-07,10:35,4,180921,0,
2018-09-21 10:36,,0.000362877,6.49E-07,10:36,4,180921,0,
2018-09-21 10:37,,0.000362877,6.49E-07,10:37,4,180921,0,
2018-09-21 10:38,,0.000362877,6.49E-07,10:38,4,180921,0,
2018-09-21 10:39,,0.000362877,6.49E-07,10:39,4,180921,0,
2018-09-21 10:40,,0.000362877,6.49E-07,10:40,4,180921,0,
2018-09-21 10:41,,0.000362877,6.49E-07,10:41,4,180921,0,
2018-09-21 10:42,,0.000362877,6.49E-07,10:42,4,180921,0,
2018-09-21 10:43,,0.000362877,6.49E-07,10:43,4,180921,0,
2018-09-21 10:44,,0.000362877,6.49E-07,10:44,4,180921,0,
2018-09-21 10:45,,0.000362877,6.49E-07,10:45,4,180921,0,
2018-09-21 10:46,,0.000362877,6.49E-07,10:46,4,180921,0,
2018-09-21 10:47,,0.000362877,6.49E-07,10:47,4,180921,0,
2018-09-21 10:48,,0.000362877,6.49E-07,10:48,4,180921,0,
2018-09-21 10:49,,0.000362877,6.49E-07,10:49,4,180921,0,
2018-09-21 10:50,,0.000362877,6.49E-07,10:50,4,180921,0,
2018-09-21 10:51,,0.000362877,6.49E-07,10:51,4,180921,0,
2018-09-21 10:52,,0.000362877,6.49E-07,10:52,4,180921,0,
2018-09-21 10:53,,0.000362877,6.49E-07,10:53,4,180921,0,
2018-09-21 10:54,,0.000362877,6.49E-07,10:54,4,180921,0,
2018-09-21 10:55,,0.000362877,6.49E-07,10:55,4,180921,0,
2018-09-21 10:56,,0.000362877,6.49E-07,10:56,4,180921,0,
2018-09-21 10:57,,0.000362877,6.49E-07,10:57,4,180921,0,
2018-09-21 10:58,,0.000362877,6.49E-07,10:58,4,180921,0,
2018-09-21 10:59,,0.000362877,6.49E-07,10:59,4,180921,0,
2018-09-21 11:00,,0.000362877,6.49E-07,11:00,4,180921,0,
2018-09-21 11:01,,0.000362877,6.49E-07,11:01,4,180921,0,
2018-09-21 11:02,,0.000362877,6.49E-07,11:02,4,180921,0,
2018-09-21 11:03,,0.000362877,6.49E-07,11:03,4,180921,0,
2018-09-21 11:04,,0.000362877,6.49E-07,11:04,4,180921,0,
2018-09-21 11:05,,0.000362877,6.49E-07,11:05,4,180921,0,
2018-09-21 11:06,,0.000362877,6.49E-07,11:06,4,180921,0,
2018-09-21 11:07,,0.000362877,6.49E-07,11:07,4,180921,0,
2018-09-21 11:08,,0.000362877,6.49E-07,11:08,4,180921,0,
2018-09-21 11:09,,0.000362877,6.49E-07,11:09,4,180921,0,
2018-09-21 11:10,,0.000362877,6.49E-07,11:10,4,180921,0,
2018-09-21 11:11,,0.000362877,6.49E-07,11:11,4,180921,0,
2018-09-21 11:12,,0.000362877,6.49E-07,11:12,4,180921,0,
2018-09-21 11:13,,0.000362877,6.49E-07,11:13,4,180921,0,
2018-09-21 11:14,,0.000362877,6.49E-07,11:14,4,180921,0,
2018-09-21 11:15,,0.000362877,6.49E-07,11:15,4,180921,0,
2018-09-21 11:16,,0.000362877,6.49E-07,11:16,4,180921,0,
2018-09-21 11:17,,0.000362877,6.49E-07,11:17,4,180921,0,
2018-09-21 11:18,,0.000362877,6.49E-07,11:18,4,180921,0,
2018-09-21 11:19,,0.000362877,6.49E-07,11:19,4,180921,0,
2018-09-21 11:20,,0.000362877,6.49E-07,11:20,4,180921,0,
2018-09-21 11:21,,0.000362877,6.49E-07,11:21,4,180921,0,
2018-09-21 11:22,,0.000362877,6.49E-07,11:22,4,180921,0,
2018-09-21 11:23,,0.000362877,6.49E-07,11:23,4,180921,0,
2018-09-21 11:24,,0.000362877,6.49E-07,11:24,4,180921,0,
2018-09-21 11:25,,0.000362877,6.49E-07,11:25,4,180921,0,
2018-09-21 11:26,,0.000362877,6.49E-07,11:26,4,180921,0,
2018-09-21 11:27,,0.000362877,6.49E-07,11:27,4,180921,0,
2018-09-21 11:28,,0.000362877,6.49E-07,11:28,4,180921,0,
2018-09-21 11:29,,0.000362877,6.49E-07,11:29,4,180921,0,
2018-09-21 11:30,,0.000362877,6.49E-07,11:30,4,180921,0,
2018-09-21 11:31,,0.000362877,6.49E-07,11:31,4,180921,0,
2018-09-21 11:32,,0.000362877,6.49E-07,11:32,4,180921,0,
2018-09-21 11:33,,0.000362877,6.49E-07,11:33,4,180921,0,
2018-09-21 11:34,,0.000362877,6.49E-07,11:34,4,180921,0,
2018-09-21 11:35,,0.000362877,6.49E-07,11:35,4,180921,0,
2018-09-21 11:36,,0.000362877,6.49E-07,11:36,4,180921,0,
2018-09-21 11:37,,0.000362877,6.49E-07,11:37,4,180921,0,
2018-09-21 11:38,,0.000362877,6.49E-07,11:38,4,180921,0,
2018-09-21 11:39,,0.000362877,6.49E-07,11:39,4,180921,0,
2018-09-21 11:40,,0.000362877,6.49E-07,11:40,4,180921,0,
2018-09-21 11:41,,0.000362877,6.49E-07,11:41,4,180921,0,
2018-09-21 11:42,,0.000362877,6.49E-07,11:42,4,180921,0,
2018-09-21 11:43,,0.000362877,6.49E-07,11:43,4,180921,0,
2018-09-21 11:44,,0.000362877,6.49E-07,11:44,4,180921,0,
2018-09-21 11:45,,0.000362877,6.49E-07,11:45,4,180921,0,
2018-09-21 11:46,,0.000362877,6.49E-07,11:46,4,180921,0,
2018-09-21 11:47,,0.000362877,6.49E-07,11:47,4,180921,0,
2018-09-21 11:48,,0.000362877,6.49E-07,11:48,4,180921,0,
2018-09-21 11:49,,0.000362877,6.49E-07,11:49,4,180921,0,
2018-09-21 11:50,,0.000362877,6.49E-07,11:50,4,180921,0,
2018-09-21 11:51,,0.000362877,6.49E-07,11:51,4,180921,0,
2018-09-21 11:52,,0.000362877,6.49E-07,11:52,4,180921,0,
2018-09-21 11:53,,0.000362877,6.49E-07,11:53,4,180921,0,
2018-09-21 11:54,,0.000362877,6.49E-07,11:54,4,180921,0,
2018-09-21 11:55,,0.000362877,6.49E-07,11:55,4,180921,0,
2018-09-21 11:56,,0.000362877,6.49E-07,11:56,4,180921,0,
2018-09-21 11:57,,0.000362877,6.49E-07,11:57,4,180921,0,
2018-09-21 11:58,,0.000362877,6.49E-07,11:58,4,180921,0,
2018-09-21 11:59,,0.000362877,6.49E-07,11:59,4,180921,0,
2018-09-21 12:00,,0.000362877,6.49E-07,12:00,4,180921,0,
2018-09-21 12:01,,0.000362877,6.49E-07,12:01,4,180921,0,
2018-09-21 12:02,,0.000362877,6.49E-07,12:02,4,180921,0,
2018-09-21 12:03,,0.000362877,6.49E-07,12:03,4,180921,0,
2018-09-21 12:04,,0.000362877,6.49E-07,12:04,4,180921,0,
2018-09-21 12:05,,0.000362877,6.49E-07,12:05,4,180921,0,
2018-09-21 12:06,,0.000362877,6.49E-07,12:06,4,180921,0,
2018-09-21 12:07,,0.000362877,6.49E-07,12:07,4,180921,0,
2018-09-21 12:08,,0.000362877,6.49E-07,12:08,4,180921,0,
2018-09-21 12:09,,0.000362877,6.49E-07,12:09,4,180921,0,
2018-09-21 12:10,,0.000362877,6.49E-07,12:10,4,180921,0,
2018-09-21 12:11,,0.000362877,6.49E-07,12:11,4,180921,0,
2018-09-21 12:12,,0.000362877,6.49E-07,12:12,4,180921,0,
2018-09-21 12:13,,0.000362877,6.49E-07,12:13,4,180921,0,
2018-09-21 12:14,,0.000362877,6.49E-07,12:14,4,180921,0,
2018-09-21 12:15,,0.000362877,6.49E-07,12:15,4,180921,0,
2018-09-21 12:16,,0.000362877,6.49E-07,12:16,4,180921,0,
2018-09-21 12:17,,0.000362877,6.49E-07,12:17,4,180921,0,
2018-09-21 12:18,,0.000362877,6.49E-07,12:18,4,180921,0,
2018-09-21 12:19,,0.000362877,6.49E-07,12:19,4,180921,0,
2018-09-21 12:20,,0.000362877,6.49E-07,12:20,4,180921,0,
2018-09-21 12:21,,0.000362877,6.49E-07,12:21,4,180921,0,
2018-09-21 12:22,,0.000362877,6.49E-07,12:22,4,180921,0,
2018-09-21 12:23,,0.000362877,6.49E-07,12:23,4,180921,0,
2018-09-21 12:24,,0.000362877,6.49E-07,12:24,4,180921,0,
2018-09-21 12:25,,0.000362877,6.49E-07,12:25,4,180921,0,
2018-09-21 12:26,,0.000362877,6.49E-07,12:26,4,180921,0,
2018-09-21 12:27,,0.000362877,6.49E-07,12:27,4,180921,0,
2018-09-21 12:28,,0.000362877,6.49E-07,12:28,4,180921,0,
2018-09-21 12:29,,0.000362877,6.49E-07,12:29,4,180921,0,
2018-09-21 12:30,,0.000362877,6.49E-07,12:30,4,180921,0,
2018-09-21 12:31,,0.000362877,6.49E-07,12:31,4,180921,0,
2018-09-21 12:32,,0.000362877,6.49E-07,12:32,4,180921,0,
2018-09-21 12:33,,0.000362877,6.49E-07,12:33,4,180921,0,
2018-09-21 12:34,,0.000362877,6.49E-07,12:34,4,180921,0,
2018-09-21 12:35,,0.000362877,6.49E-07,12:35,4,180921,0,
2018-09-21 12:36,,0.000362877,6.49E-07,12:36,4,180921,0,
2018-09-21 12:37,,0.000362877,6.49E-07,12:37,4,180921,0,
2018-09-21 12:38,,0.000362877,6.49E-07,12:38,4,180921,0,
2018-09-21 12:39,,0.000362877,6.49E-07,12:39,4,180921,0,
2018-09-21 12:40,,0.000362877,6.49E-07,12:40,4,180921,0,
2018-09-21 12:41,,0.000362877,6.49E-07,12:41,4,180921,0,
2018-09-21 12:42,,0.000362877,6.49E-07,12:42,4,180921,0,
2018-09-21 12:43,,0.000362877,6.49E-07,12:43,4,180921,0,
2018-09-21 12:44,,0.000362877,6.49E-07,12:44,4,180921,0,
2018-09-21 12:45,,0.000362877,6.49E-07,12:45,4,180921,0,
2018-09-21 12:46,,0.000362877,6.49E-07,12:46,4,180921,0,
2018-09-21 12:47,,0.000362877,6.49E-07,12:47,4,180921,0,
2018-09-21 12:48,,0.000362877,6.49E-07,12:48,4,180921,0,
2018-09-21 12:49,,0.000362877,6.49E-07,12:49,4,180921,0,
2018-09-21 12:50,,0.000362877,6.49E-07,12:50,4,180921,0,
2018-09-21 12:51,,0.000362877,6.49E-07,12:51,4,180921,0,
2018-09-21 12:52,,0.000362877,6.49E-07,12:52,4,180921,0,
2018-09-21 12:53,,0.000362877,6.49E-07,12:53,4,180921,0,
2018-09-21 12:54,,0.000362877,6.49E-07,12:54,4,180921,0,
2018-09-21 12:55,,0.000362877,6.49E-07,12:55,4,180921,0,
2018-09-21 12:56,,0.000362877,6.49E-07,12:56,4,180921,0,
2018-09-21 12:57,,0.000362877,6.49E-07,12:57,4,180921,0,
2018-09-21 12:58,,0.000362877,6.49E-07,12:58,4,180921,0,
2018-09-21 12:59,,0.000362877,6.49E-07,12:59,4,180921,0,
2018-09-21 13:00,,0.000362877,6.49E-07,13:00,4,180921,0,
2018-09-21 13:01,,0.000362877,6.49E-07,13:01,4,180921,0,
2018-09-21 13:02,,0.000362877,6.49E-07,13:02,4,180921,0,
2018-09-21 13:03,,0.000362877,6.49E-07,13:03,4,180921,0,
2018-09-21 13:04,,0.000362877,6.49E-07,13:04,4,180921,0,
2018-09-21 13:05,,0.000362877,6.49E-07,13:05,4,180921,0,
2018-09-21 13:06,,0.000362877,6.49E-07,13:06,4,180921,0,
2018-09-21 13:07,,0.000362877,6.49E-07,13:07,4,180921,0,
2018-09-21 13:08,,0.000362877,6.49E-07,13:08,4,180921,0,
2018-09-21 13:09,,0.000362877,6.49E-07,13:09,4,180921,0,
2018-09-21 13:10,,0.000362877,6.49E-07,13:10,4,180921,0,
2018-09-21 13:11,,0.000362877,6.49E-07,13:11,4,180921,0,
2018-09-21 13:12,,0.000362877,6.49E-07,13:12,4,180921,0,
2018-09-21 13:13,,0.000362877,6.49E-07,13:13,4,180921,0,
2018-09-21 13:14,,0.000362877,6.49E-07,13:14,4,180921,0,
2018-09-21 13:15,,0.000362877,6.49E-07,13:15,4,180921,0,
2018-09-21 13:16,,0.000362877,6.49E-07,13:16,4,180921,0,
2018-09-21 13:17,,0.000362877,6.49E-07,13:17,4,180921,0,
2018-09-21 13:18,,0.000362877,6.49E-07,13:18,4,180921,0,
2018-09-21 13:19,,0.000362877,6.49E-07,13:19,4,180921,0,
2018-09-21 13:20,,0.000362877,6.49E-07,13:20,4,180921,0,
2018-09-21 13:21,,0.000362877,6.49E-07,13:21,4,180921,0,
2018-09-21 13:22,,0.000362877,6.49E-07,13:22,4,180921,0,
2018-09-21 13:23,,0.000362877,6.49E-07,13:23,4,180921,0,
2018-09-21 13:24,,0.000362877,6.49E-07,13:24,4,180921,0,
2018-09-21 13:25,,0.000362877,6.49E-07,13:25,4,180921,0,
2018-09-21 13:26,,0.000362877,6.49E-07,13:26,4,180921,0,
2018-09-21 13:27,,0.000362877,6.49E-07,13:27,4,180921,0,
2018-09-21 13:28,,0.000362877,6.49E-07,13:28,4,180921,0,
2018-09-21 13:29,,0.000362877,6.49E-07,13:29,4,180921,0,
2018-09-21 13:30,,0.000362877,6.49E-07,13:30,4,180921,0,
2018-09-21 13:31,,0.000362877,6.49E-07,13:31,4,180921,0,
2018-09-21 13:32,,0.000362877,6.49E-07,13:32,4,180921,0,
2018-09-21 13:33,,0.000362877,6.49E-07,13:33,4,180921,0,
2018-09-21 13:34,,0.000362877,6.49E-07,13:34,4,180921,0,
2018-09-21 13:35,,0.000362877,6.49E-07,13:35,4,180921,0,
2018-09-21 13:36,,0.000362877,6.49E-07,13:36,4,180921,0,
2018-09-21 13:37,,0.000362877,6.49E-07,13:37,4,180921,0,
2018-09-21 13:38,,0.000362877,6.49E-07,13:38,4,180921,0,
2018-09-21 13:39,,0.000362877,6.49E-07,13:39,4,180921,0,
2018-09-21 13:40,,0.000362877,6.49E-07,13:40,4,180921,0,
2018-09-21 13:41,,0.000362877,6.49E-07,13:41,4,180921,0,
2018-09-21 13:42,,0.000362877,6.49E-07,13:42,4,180921,0,
2018-09-21 13:43,,0.000362877,6.49E-07,13:43,4,180921,0,
2018-09-21 13:44,,0.000362877,6.49E-07,13:44,4,180921,0,
2018-09-21 13:45,,0.000362877,6.49E-07,13:45,4,180921,0,
2018-09-21 13:46,,0.000362877,6.49E-07,13:46,4,180921,0,
2018-09-21 13:47,,0.000362877,6.49E-07,13:47,4,180921,0,
2018-09-21 13:48,,0.000362877,6.49E-07,13:48,4,180921,0,
2018-09-21 13:49,,0.000362877,6.49E-07,13:49,4,180921,0,
2018-09-21 13:50,0.999,0.000362877,6.49E-07,13:50,4,180921,0,
2018-09-21 13:51,,0.0125,0.008582242,13:51,4,180921,0,
2018-09-21 13:52,,0.0125,6.48E-07,13:52,4,180921,0,
2018-09-21 13:53,,0.0125,6.48E-07,13:53,4,180921,0,
2018-09-21 13:54,,0.0125,6.48E-07,13:54,4,180921,0,
2018-09-21 13:55,,0.0125,6.48E-07,13:55,4,180921,0,
2018-09-21 13:56,,0.0125,6.48E-07,13:56,4,180921,0,
2018-09-21 13:57,,0.0125,6.48E-07,13:57,4,180921,0,
2018-09-21 13:58,,0.0125,6.48E-07,13:58,4,180921,0,
2018-09-21 13:59,,0.0125,6.48E-07,13:59,4,180921,0,
2018-09-21 14:00,,0.0125,6.48E-07,14:00,4,180921,0,
2018-09-21 14:01,,0.0125,6.48E-07,14:01,4,180921,0,
2018-09-21 14:02,,0.0125,6.48E-07,14:02,4,180921,0,
2018-09-21 14:03,,0.0125,6.48E-07,14:03,4,180921,0,
2018-09-21 14:04,,0.0125,6.48E-07,14:04,4,180921,0,
2018-09-21 14:05,,0.0125,6.48E-07,14:05,4,180921,0,
2018-09-21 14:06,,0.0125,6.48E-07,14:06,4,180921,0,
2018-09-21 14:07,,0.0125,6.48E-07,14:07,4,180921,0,
2018-09-21 14:08,,0.0125,6.48E-07,14:08,4,180921,0,
2018-09-21 14:09,,0.0125,6.48E-07,14:09,4,180921,0,
2018-09-21 14:10,,0.0125,6.48E-07,14:10,4,180921,0,
2018-09-21 14:11,,0.0125,6.48E-07,14:11,4,180921,0,
2018-09-21 14:12,,0.0125,6.48E-07,14:12,4,180921,0,
2018-09-21 14:13,,0.0125,6.48E-07,14:13,4,180921,0,
2018-09-21 14:14,,0.0125,6.48E-07,14:14,4,180921,0,
2018-09-21 14:15,,0.0125,6.48E-07,14:15,4,180921,0,
2018-09-21 14:16,,0.0125,6.48E-07,14:16,4,180921,0,
2018-09-21 14:17,,0.0125,6.48E-07,14:17,4,180921,0,
2018-09-21 14:18,,0.0125,6.48E-07,14:18,4,180921,0,
2018-09-21 14:19,,0.0125,6.48E-07,14:19,4,180921,0,
2018-09-21 14:20,,0.0125,6.48E-07,14:20,4,180921,0,
2018-09-21 14:21,,0.0125,6.48E-07,14:21,4,180921,0,
2018-09-21 14:22,,0.0125,6.48E-07,14:22,4,180921,0,
2018-09-21 14:23,,0.0125,6.48E-07,14:23,4,180921,0,
2018-09-21 14:24,,0.0125,6.48E-07,14:24,4,180921,0,
2018-09-21 14:25,,0.0125,6.48E-07,14:25,4,180921,0,
2018-09-21 14:26,,0.0125,6.48E-07,14:26,4,180921,0,
2018-09-21 14:27,,0.0125,6.48E-07,14:27,4,180921,0,
2018-09-21 14:28,,0.0125,6.48E-07,14:28,4,180921,0,
2018-09-21 14:29,,0.0125,6.48E-07,14:29,4,180921,0,
2018-09-21 14:30,,0.0125,6.48E-07,14:30,4,180921,0,
2018-09-21 14:31,,0.0125,6.48E-07,14:31,4,180921,0,
2018-09-21 14:32,,0.0125,6.48E-07,14:32,4,180921,0,
2018-09-21 14:33,,0.0125,6.48E-07,14:33,4,180921,0,
2018-09-21 14:34,,0.0125,6.48E-07,14:34,4,180921,0,
2018-09-21 14:35,,0.0125,6.48E-07,14:35,4,180921,0,
2018-09-21 14:36,,0.0125,6.48E-07,14:36,4,180921,0,
2018-09-21 14:37,,0.0125,6.48E-07,14:37,4,180921,0,
2018-09-21 14:38,,0.0125,6.48E-07,14:38,4,180921,0,
2018-09-21 14:39,,0.0125,6.48E-07,14:39,4,180921,0,
2018-09-21 14:40,,0.0125,6.48E-07,14:40,4,180921,0,
2018-09-21 14:41,,0.0125,6.48E-07,14:41,4,180921,0,
2018-09-21 14:42,,0.0125,6.48E-07,14:42,4,180921,0,
2018-09-21 14:43,,0.0125,6.48E-07,14:43,4,180921,0,
2018-09-21 14:44,,0.0125,6.48E-07,14:44,4,180921,0,
2018-09-21 14:45,,0.0125,6.48E-07,14:45,4,180921,0,
2018-09-21 14:46,,0.0125,6.48E-07,14:46,4,180921,0,
2018-09-21 14:47,,0.0125,6.48E-07,14:47,4,180921,0,
2018-09-21 14:48,,0.0125,6.48E-07,14:48,4,180921,0,
2018-09-21 14:49,,0.0125,6.48E-07,14:49,4,180921,0,
2018-09-21 14:50,,0.0125,6.48E-07,14:50,4,180921,0,
2018-09-21 14:51,,0.0125,6.48E-07,14:51,4,180921,0,
2018-09-21 14:52,,0.0125,6.48E-07,14:52,4,180921,0,
2018-09-21 14:53,,0.0125,6.48E-07,14:53,4,180921,0,
2018-09-21 14:54,,0.0125,6.48E-07,14:54,4,180921,0,
2018-09-21 14:55,,0.0125,6.48E-07,14:55,4,180921,0,
2018-09-21 14:56,,0.0125,6.48E-07,14:56,4,180921,0,
2018-09-21 14:57,,0.0125,6.48E-07,14:57,4,180921,0,
2018-09-21 14:58,,0.0125,6.48E-07,14:58,4,180921,0,
2018-09-21 14:59,,0.0125,6.48E-07,14:59,4,180921,0,
2018-09-21 15:00,,0.0125,6.48E-07,15:00,4,180921,0,
2018-09-21 15:01,,0.0125,6.48E-07,15:01,4,180921,0,
2018-09-21 15:02,,0.0125,6.48E-07,15:02,4,180921,0,
2018-09-21 15:03,,0.0125,6.48E-07,15:03,4,180921,0,
2018-09-21 15:04,,0.0125,6.48E-07,15:04,4,180921,0,
2018-09-21 15:05,,0.0125,6.48E-07,15:05,4,180921,0,
2018-09-21 15:06,,0.0125,6.48E-07,15:06,4,180921,0,
2018-09-21 15:07,,0.0125,6.48E-07,15:07,4,180921,0,
2018-09-21 15:08,,0.0125,6.48E-07,15:08,4,180921,0,
2018-09-21 15:09,,0.0125,6.48E-07,15:09,4,180921,0,
2018-09-21 15:10,1,0.0125,6.48E-07,15:10,4,180921,0,
2018-09-21 15:11,,0.0124875,8.86E-06,15:11,4,180921,0,
2018-09-21 15:12,,0.0124875,6.48E-07,15:12,4,180921,0,
2018-09-21 15:13,,0.0124875,6.48E-07,15:13,4,180921,0,
2018-09-21 15:14,,0.0124875,6.48E-07,15:14,4,180921,0,
2018-09-21 15:15,,0.0124875,6.48E-07,15:15,4,180921,0,
2018-09-21 15:16,,0.0124875,6.48E-07,15:16,4,180921,0,
2018-09-21 15:17,,0.0124875,6.48E-07,15:17,4,180921,0,
2018-09-21 15:18,,0.0124875,6.48E-07,15:18,4,180921,0,
2018-09-21 15:19,,0.0124875,6.48E-07,15:19,4,180921,0,
2018-09-21 15:20,,0.0124875,6.48E-07,15:20,4,180921,0,
2018-09-21 15:21,,0.0124875,6.48E-07,15:21,4,180921,0,
2018-09-21 15:22,,0.0124875,6.48E-07,15:22,4,180921,0,
2018-09-21 15:23,,0.0124875,6.48E-07,15:23,4,180921,0,
2018-09-21 15:24,,0.0124875,6.48E-07,15:24,4,180921,0,
2018-09-21 15:25,,0.0124875,6.48E-07,15:25,4,180921,0,
2018-09-21 15:26,,0.0124875,6.48E-07,15:26,4,180921,0,
2018-09-21 15:27,,0.0124875,6.48E-07,15:27,4,180921,0,
2018-09-21 15:28,,0.0124875,6.48E-07,15:28,4,180921,0,
2018-09-21 15:29,,0.0124875,6.48E-07,15:29,4,180921,0,
2018-09-21 15:30,,0.0124875,6.48E-07,15:30,4,180921,0,
2018-09-21 15:31,,0.0124875,6.48E-07,15:31,4,180921,0,
2018-09-21 15:32,,0.0124875,6.48E-07,15:32,4,180921,0,
2018-09-21 15:33,,0.0124875,6.48E-07,15:33,4,180921,0,
2018-09-21 15:34,,0.0124875,6.48E-07,15:34,4,180921,0,
2018-09-21 15:35,,0.0124875,6.48E-07,15:35,4,180921,0,
2018-09-21 15:36,,0.0124875,6.48E-07,15:36,4,180921,0,
2018-09-21 15:37,,0.0124875,6.48E-07,15:37,4,180921,0,
2018-09-21 15:38,,0.0124875,6.48E-07,15:38,4,180921,0,
2018-09-21 15:39,,0.0124875,6.48E-07,15:39,4,180921,0,
2018-09-21 15:40,,0.0124875,6.48E-07,15:40,4,180921,0,
2018-09-21 15:41,,0.0124875,6.48E-07,15:41,4,180921,0,
2018-09-21 15:42,,0.0124875,6.48E-07,15:42,4,180921,0,
2018-09-21 15:43,,0.0124875,6.48E-07,15:43,4,180921,0,
2018-09-21 15:44,,0.0124875,6.48E-07,15:44,4,180921,0,
2018-09-21 15:45,,0.0124875,6.48E-07,15:45,4,180921,0,
2018-09-21 15:46,,0.0124875,6.48E-07,15:46,4,180921,0,
2018-09-21 15:47,,0.0124875,6.48E-07,15:47,4,180921,0,
2018-09-21 15:48,,0.0124875,6.48E-07,15:48,4,180921,0,
2018-09-21 15:49,,0.0124875,6.48E-07,15:49,4,180921,0,
2018-09-21 15:50,,0.0124875,6.48E-07,15:50,4,180921,0,
2018-09-21 15:51,,0.0124875,6.48E-07,15:51,4,180921,0,
2018-09-21 15:52,,0.0124875,6.48E-07,15:52,4,180921,0,
2018-09-21 15:53,,0.0124875,6.48E-07,15:53,4,180921,0,
2018-09-21 15:54,,0.0124875,6.48E-07,15:54,4,180921,0,
2018-09-21 15:55,,0.0124875,6.48E-07,15:55,4,180921,0,
2018-09-21 15:56,,0.0124875,6.48E-07,15:56,4,180921,0,
2018-09-21 15:57,,0.0124875,6.48E-07,15:57,4,180921,0,
2018-09-21 15:58,,0.0124875,6.48E-07,15:58,4,180921,0,
2018-09-21 15:59,,0.0124875,6.48E-07,15:59,4,180921,0,
2018-09-21 16:00,,0.0124875,6.48E-07,16:00,4,180921,0,
2018-09-21 16:01,,0.0124875,6.48E-07,16:01,4,180921,0,
2018-09-21 16:02,,0.0124875,6.48E-07,16:02,4,180921,0,
2018-09-21 16:03,,0.0124875,6.48E-07,16:03,4,180921,0,
2018-09-21 16:04,,0.0124875,6.48E-07,16:04,4,180921,0,
2018-09-21 16:05,,0.0124875,6.48E-07,16:05,4,180921,0,
2018-09-21 16:06,,0.0124875,6.48E-07,16:06,4,180921,0,
2018-09-21 16:07,,0.0124875,6.48E-07,16:07,4,180921,0,
2018-09-21 16:08,,0.0124875,6.48E-07,16:08,4,180921,0,
2018-09-21 16:09,,0.0124875,6.48E-07,16:09,4,180921,0,
2018-09-21 16:10,,0.0124875,6.48E-07,16:10,4,180921,0,
2018-09-21 16:11,,0.0124875,6.48E-07,16:11,4,180921,0,
2018-09-21 16:12,,0.0124875,6.48E-07,16:12,4,180921,0,
2018-09-21 16:13,,0.0124875,6.48E-07,16:13,4,180921,0,
2018-09-21 16:14,,0.0124875,6.48E-07,16:14,4,180921,0,
2018-09-21 16:15,,0.0124875,6.48E-07,16:15,4,180921,0,
2018-09-21 16:16,,0.0124875,6.48E-07,16:16,4,180921,0,
2018-09-21 16:17,,0.0124875,6.48E-07,16:17,4,180921,0,
2018-09-21 16:18,,0.0124875,6.48E-07,16:18,4,180921,0,
2018-09-21 16:19,,0.0124875,6.48E-07,16:19,4,180921,0,
2018-09-21 16:20,,0.0124875,6.48E-07,16:20,4,180921,0,
2018-09-21 16:21,,0.0124875,6.48E-07,16:21,4,180921,0,
2018-09-21 16:22,,0.0124875,6.48E-07,16:22,4,180921,0,
2018-09-21 16:23,,0.0124875,6.48E-07,16:23,4,180921,0,
2018-09-21 16:24,,0.0124875,6.48E-07,16:24,4,180921,0,
2018-09-21 16:25,,0.0124875,6.48E-07,16:25,4,180921,0,
2018-09-21 16:26,,0.0124875,6.48E-07,16:26,4,180921,0,
2018-09-21 16:27,,0.0124875,6.48E-07,16:27,4,180921,0,
2018-09-21 16:28,,0.0124875,6.48E-07,16:28,4,180921,0,
2018-09-21 16:29,,0.0124875,6.48E-07,16:29,4,180921,0,
2018-09-21 16:30,0.999,0.0124875,6.48E-07,16:30,4,180921,0,
2018-09-21 16:31,,0.0125,8.86E-06,16:31,4,180921,0,
2018-09-21 16:32,,0.0125,6.48E-07,16:32,4,180921,0,
2018-09-21 16:33,,0.0125,6.48E-07,16:33,4,180921,0,
2018-09-21 16:34,,0.0125,6.48E-07,16:34,4,180921,0,
2018-09-21 16:35,,0.0125,6.48E-07,16:35,4,180921,0,
2018-09-21 16:36,,0.0125,6.48E-07,16:36,4,180921,0,
2018-09-21 16:37,,0.0125,6.48E-07,16:37,4,180921,0,
2018-09-21 16:38,,0.0125,6.48E-07,16:38,4,180921,0,
2018-09-21 16:39,,0.0125,6.48E-07,16:39,4,180921,0,
2018-09-21 16:40,,0.0125,6.48E-07,16:40,4,180921,0,
2018-09-21 16:41,,0.0125,6.48E-07,16:41,4,180921,0,
2018-09-21 16:42,,0.0125,6.48E-07,16:42,4,180921,0,
2018-09-21 16:43,,0.0125,6.48E-07,16:43,4,180921,0,
2018-09-21 16:44,,0.0125,6.48E-07,16:44,4,180921,0,
2018-09-21 16:45,,0.0125,6.48E-07,16:45,4,180921,0,
2018-09-21 16:46,,0.0125,6.48E-07,16:46,4,180921,0,
2018-09-21 16:47,,0.0125,6.48E-07,16:47,4,180921,0,
2018-09-21 16:48,,0.0125,6.48E-07,16:48,4,180921,0,
2018-09-21 16:49,,0.0125,6.48E-07,16:49,4,180921,0,
2018-09-21 16:50,,0.0125,6.48E-07,16:50,4,180921,0,
2018-09-21 16:51,,0.0125,6.48E-07,16:51,4,180921,0,
2018-09-21 16:52,,0.0125,6.48E-07,16:52,4,180921,0,
2018-09-21 16:53,,0.0125,6.48E-07,16:53,4,180921,0,
2018-09-21 16:54,,0.0125,6.48E-07,16:54,4,180921,0,
2018-09-21 16:55,,0.0125,6.48E-07,16:55,4,180921,0,
2018-09-21 16:56,,0.0125,6.48E-07,16:56,4,180921,0,
2018-09-21 16:57,,0.0125,6.48E-07,16:57,4,180921,0,
2018-09-21 16:58,,0.0125,6.48E-07,16:58,4,180921,0,
2018-09-21 16:59,,0.0125,6.48E-07,16:59,4,180921,0,
2018-09-21 17:00,,0.0125,6.48E-07,17:00,4,180921,0,
2018-09-21 17:01,,0.0125,6.48E-07,17:01,4,180921,0,
2018-09-21 17:02,,0.0125,6.48E-07,17:02,4,180921,0,
2018-09-21 17:03,,0.0125,6.48E-07,17:03,4,180921,0,
2018-09-21 17:04,,0.0125,6.48E-07,17:04,4,180921,0,
2018-09-21 17:05,,0.0125,6.48E-07,17:05,4,180921,0,
2018-09-21 17:06,,0.0125,6.48E-07,17:06,4,180921,0,
2018-09-21 17:07,,0.0125,6.48E-07,17:07,4,180921,0,
2018-09-21 17:08,,0.0125,6.48E-07,17:08,4,180921,0,
2018-09-21 17:09,,0.0125,6.48E-07,17:09,4,180921,0,
2018-09-21 17:10,,0.0125,6.48E-07,17:10,4,180921,0,
2018-09-21 17:11,,0.0125,6.48E-07,17:11,4,180921,0,
2018-09-21 17:12,,0.0125,6.48E-07,17:12,4,180921,0,
2018-09-21 17:13,,0.0125,6.48E-07,17:13,4,180921,0,
2018-09-21 17:14,,0.0125,6.48E-07,17:14,4,180921,0,
2018-09-21 17:15,,0.0125,6.48E-07,17:15,4,180921,0,
2018-09-21 17:16,,0.0125,6.48E-07,17:16,4,180921,0,
2018-09-21 17:17,,0.0125,6.48E-07,17:17,4,180921,0,
2018-09-21 17:18,,0.0125,6.48E-07,17:18,4,180921,0,
2018-09-21 17:19,,0.0125,6.48E-07,17:19,4,180921,0,
2018-09-21 17:20,,0.0125,6.48E-07,17:20,4,180921,0,
2018-09-21 17:21,,0.0125,6.48E-07,17:21,4,180921,0,
2018-09-21 17:22,,0.0125,6.48E-07,17:22,4,180921,0,
2018-09-21 17:23,,0.0125,6.48E-07,17:23,4,180921,0,
2018-09-21 17:24,,0.0125,6.48E-07,17:24,4,180921,0,
2018-09-21 17:25,,0.0125,6.48E-07,17:25,4,180921,0,
2018-09-21 17:26,,0.0125,6.48E-07,17:26,4,180921,0,
2018-09-21 17:27,,0.0125,6.48E-07,17:27,4,180921,0,
2018-09-21 17:28,,0.0125,6.48E-07,17:28,4,180921,0,
2018-09-21 17:29,,0.0125,6.48E-07,17:29,4,180921,0,
2018-09-21 17:30,,0.0125,6.48E-07,17:30,4,180921,0,
2018-09-21 17:31,,0.0125,6.48E-07,17:31,4,180921,0,
2018-09-21 17:32,,0.0125,6.48E-07,17:32,4,180921,0,
2018-09-21 17:33,,0.0125,6.48E-07,17:33,4,180921,0,
2018-09-21 17:34,,0.0125,6.48E-07,17:34,4,180921,0,
2018-09-21 17:35,,0.0125,6.48E-07,17:35,4,180921,0,
2018-09-21 17:36,,0.0125,6.48E-07,17:36,4,180921,0,
2018-09-21 17:37,,0.0125,6.48E-07,17:37,4,180921,0,
2018-09-21 17:38,,0.0125,6.48E-07,17:38,4,180921,0,
2018-09-21 17:39,,0.0125,6.48E-07,17:39,4,180921,0,
2018-09-21 17:40,,0.0125,6.48E-07,17:40,4,180921,0,
2018-09-21 17:41,,0.0125,6.48E-07,17:41,4,180921,0,
2018-09-21 17:42,,0.0125,6.48E-07,17:42,4,180921,0,
2018-09-21 17:43,,0.0125,6.48E-07,17:43,4,180921,0,
2018-09-21 17:44,,0.0125,6.48E-07,17:44,4,180921,0,
2018-09-21 17:45,,0.0125,6.48E-07,17:45,4,180921,0,
2018-09-21 17:46,,0.0125,6.48E-07,17:46,4,180921,0,
2018-09-21 17:47,,0.0125,6.48E-07,17:47,4,180921,0,
2018-09-21 17:48,,0.0125,6.48E-07,17:48,4,180921,0,
2018-09-21 17:49,,0.0125,6.48E-07,17:49,4,180921,0,
2018-09-21 17:50,1,0.0125,6.48E-07,17:50,4,180921,0,
2018-09-21 17:51,,0.016932203,0.003134041,17:51,4,180921,0,
2018-09-21 17:52,,0.016932203,6.48E-07,17:52,4,180921,0,
2018-09-21 17:53,,0.016932203,6.48E-07,17:53,4,180921,0,
2018-09-21 17:54,,0.016932203,6.48E-07,17:54,4,180921,0,
2018-09-21 17:55,,0.016932203,6.48E-07,17:55,4,180921,0,
2018-09-21 17:56,,0.016932203,6.48E-07,17:56,4,180921,0,
2018-09-21 17:57,,0.016932203,6.48E-07,17:57,4,180921,0,
2018-09-21 17:58,,0.016932203,6.48E-07,17:58,4,180921,0,
2018-09-21 17:59,,0.016932203,6.48E-07,17:59,4,180921,0,
2018-09-21 18:00,,0.016932203,6.48E-07,18:00,4,180921,0,
2018-09-21 18:01,,0.016932203,6.48E-07,18:01,4,180921,0,
2018-09-21 18:02,,0.016932203,6.48E-07,18:02,4,180921,0,
2018-09-21 18:03,,0.016932203,6.48E-07,18:03,4,180921,0,
2018-09-21 18:04,,0.016932203,6.48E-07,18:04,4,180921,0,
2018-09-21 18:05,,0.016932203,6.48E-07,18:05,4,180921,0,
2018-09-21 18:06,,0.016932203,6.48E-07,18:06,4,180921,0,
2018-09-21 18:07,,0.016932203,6.48E-07,18:07,4,180921,0,
2018-09-21 18:08,,0.016932203,6.48E-07,18:08,4,180921,0,
2018-09-21 18:09,,0.016932203,6.48E-07,18:09,4,180921,0,
2018-09-21 18:10,,0.016932203,6.48E-07,18:10,4,180921,0,
2018-09-21 18:11,,0.016932203,6.48E-07,18:11,4,180921,0,
2018-09-21 18:12,,0.016932203,6.48E-07,18:12,4,180921,0,
2018-09-21 18:13,,0.016932203,6.48E-07,18:13,4,180921,0,
2018-09-21 18:14,,0.016932203,6.48E-07,18:14,4,180921,0,
2018-09-21 18:15,,0.016932203,6.48E-07,18:15,4,180921,0,
2018-09-21 18:16,,0.016932203,6.48E-07,18:16,4,180921,0,
2018-09-21 18:17,,0.016932203,6.48E-07,18:17,4,180921,0,
2018-09-21 18:18,,0.016932203,6.48E-07,18:18,4,180921,0,
2018-09-21 18:19,,0.016932203,6.48E-07,18:19,4,180921,0,
2018-09-21 18:20,,0.016932203,6.48E-07,18:20,4,180921,0,
2018-09-21 18:21,,0.016932203,6.48E-07,18:21,4,180921,0,
2018-09-21 18:22,,0.016932203,6.48E-07,18:22,4,180921,0,
2018-09-21 18:23,,0.016932203,6.48E-07,18:23,4,180921,0,
2018-09-21 18:24,,0.016932203,6.48E-07,18:24,4,180921,0,
2018-09-21 18:25,,0.016932203,6.48E-07,18:25,4,180921,0,
2018-09-21 18:26,,0.016932203,6.48E-07,18:26,4,180921,0,
2018-09-21 18:27,,0.016932203,6.48E-07,18:27,4,180921,0,
2018-09-21 18:28,,0.016932203,6.48E-07,18:28,4,180921,0,
2018-09-21 18:29,,0.016932203,6.48E-07,18:29,4,180921,0,
2018-09-21 18:30,,0.016932203,6.48E-07,18:30,4,180921,0,
2018-09-21 18:31,,0.016932203,6.48E-07,18:31,4,180921,0,
2018-09-21 18:32,,0.016932203,6.48E-07,18:32,4,180921,0,
2018-09-21 18:33,,0.016932203,6.48E-07,18:33,4,180921,0,
2018-09-21 18:34,,0.016932203,6.48E-07,18:34,4,180921,0,
2018-09-21 18:35,,0.016932203,6.48E-07,18:35,4,180921,0,
2018-09-21 18:36,,0.016932203,6.48E-07,18:36,4,180921,0,
2018-09-21 18:37,,0.016932203,6.48E-07,18:37,4,180921,0,
2018-09-21 18:38,,0.016932203,6.48E-07,18:38,4,180921,0,
2018-09-21 18:39,,0.016932203,6.48E-07,18:39,4,180921,0,
2018-09-21 18:40,,0.016932203,6.48E-07,18:40,4,180921,0,
2018-09-21 18:41,,0.016932203,6.48E-07,18:41,4,180921,0,
2018-09-21 18:42,,0.016932203,6.48E-07,18:42,4,180921,0,
2018-09-21 18:43,,0.016932203,6.48E-07,18:43,4,180921,0,
2018-09-21 18:44,,0.016932203,6.48E-07,18:44,4,180921,0,
2018-09-21 18:45,,0.016932203,6.48E-07,18:45,4,180921,0,
2018-09-21 18:46,,0.016932203,6.48E-07,18:46,4,180921,0,
2018-09-21 18:47,,0.016932203,6.48E-07,18:47,4,180921,0,
2018-09-21 18:48,,0.016932203,6.48E-07,18:48,4,180921,0,
2018-09-21 18:49,0.999,0.016932203,6.48E-07,18:49,4,180921,0,1
2018-09-21 18:50,4.001,5.5005,3.877467974,18:50,4,180921,1,1
2018-09-21 18:51,7,5.5005,4.17E-07,18:51,4,180921,1,1
2018-09-21 18:52,7,8.5,2.12096679,18:52,4,180921,1,1
2018-09-21 18:53,10,8.5,2.02E-07,18:53,4,180921,1,1
2018-09-21 18:54,9.999,10.5,1.414213562,18:54,4,180921,1,1
2018-09-21 18:55,11.001,10.5,0,18:55,4,180921,1,1
2018-09-21 18:56,11,11.33333333,0.589255651,18:56,4,180921,1,1
2018-09-21 18:57,11,11.33333333,0,18:57,4,180921,1,1
2018-09-21 18:58,12,11.33333333,0,18:58,4,180921,1,1
2018-09-21 18:59,13,13.2,1.319932658,18:59,4,180921,1,1
2018-09-21 19:00,13,13.2,0,19:00,4,180921,1,1
2018-09-21 19:01,13,13.2,0,19:01,4,180921,1,1
2018-09-21 19:02,13,13.2,0,19:02,4,180921,1,1
2018-09-21 19:03,14,13.2,0,19:03,4,180921,1,1
2018-09-21 19:04,13,13.9995,0.565331872,19:04,4,180921,1,1
2018-09-21 19:05,14.999,13.9995,0,19:05,4,180921,1,1
2018-09-21 19:06,14,14.5,0.353906944,19:06,4,180921,1,1
2018-09-21 19:07,15,14.5,0,19:07,4,180921,1,1
2018-09-21 19:08,15,14.9995,0.353199837,19:08,4,180921,1,1
2018-09-21 19:09,14.999,14.9995,0,19:09,4,180921,1,1
2018-09-21 19:10,14,14.33333333,0.471050967,19:10,4,180921,1,1
2018-09-21 19:11,14,14.33333333,0,19:11,4,180921,1,1
2018-09-21 19:12,15,14.33333333,0,19:12,4,180921,1,1
2018-09-21 19:13,13,13.5,0.589255651,19:13,4,180921,1,1
2018-09-21 19:14,14,13.5,0,19:14,4,180921,1,1
2018-09-21 19:15,13,13.5,0,19:15,4,180921,1,1
2018-09-21 19:16,14,13.5,0,19:16,4,180921,1,1
2018-09-21 19:17,12,12.5,0.707106781,19:17,4,180921,1,1
2018-09-21 19:18,13,12.5,0,19:18,4,180921,1,1
2018-09-21 19:19,,11.9995,0.353906944,19:19,4,180921,1,1
2018-09-21 19:20,23.999,11.9995,0,19:20,4,180921,1,1
2018-09-21 19:21,12,11.5005,0.352846284,19:21,4,180921,1,1
2018-09-21 19:22,11.001,11.5005,0,19:22,4,180921,1,1
2018-09-21 19:23,11,5.5,4.242994241,19:23,4,180921,1,1
2018-09-21 19:24,,5.5,2.60E-07,19:24,4,180921,1,1
2018-09-21 19:25,20.001,15.5005,7.071421365,19:25,4,180921,1,1
2018-09-21 19:26,11,15.5005,0,19:26,4,180921,1,1
2018-09-21 19:27,11,10.5,3.535887459,19:27,4,180921,1,1
2018-09-21 19:28,10,10.5,0,19:28,4,180921,1,1
2018-09-21 19:29,11,11.0005,0.353906944,19:29,4,180921,1,1
2018-09-21 19:30,11.001,11.0005,0,19:30,4,180921,1,1
2018-09-21 19:31,11,11.00033333,0.000117851,19:31,4,180921,1,1
2018-09-21 19:32,11,11.00033333,0,19:32,4,180921,1,1
2018-09-21 19:33,11.001,11.00033333,0,19:33,4,180921,1,1
2018-09-21 19:34,11,11.00033333,0,19:34,4,180921,1,1
2018-09-21 19:35,11,11.00033333,0,19:35,4,180921,1,1
2018-09-21 19:36,11.001,11.00033333,0,19:36,4,180921,1,1
2018-09-21 19:37,11,11.33333333,0.235466558,19:37,4,180921,1,1
2018-09-21 19:38,11,11.33333333,0,19:38,4,180921,1,1
2018-09-21 19:39,12,11.33333333,0,19:39,4,180921,1,1
2018-09-21 19:40,11.001,11.0005,0.235348707,19:40,4,180921,1,1
2018-09-21 19:41,11,11.0005,0,19:41,4,180921,1,1
2018-09-21 19:42,11,11.5,0.353199837,19:42,4,180921,1,1
2018-09-21 19:43,12,11.5,0,19:43,4,180921,1,1
2018-09-21 19:44,11.001,11.0005,0.353199837,19:44,4,180921,1,1
2018-09-21 19:45,11,11.0005,0,19:45,4,180921,1,1
2018-09-21 19:46,12,11.5,0.353199837,19:46,4,180921,1,1
2018-09-21 19:47,11,11.5,0,19:47,4,180921,1,1
2018-09-21 19:48,11,11.0005,0.353199837,19:48,4,180921,1,1
2018-09-21 19:49,11.001,11.0005,0,19:49,4,180921,1,1
2018-09-21 19:50,12,11.5,0.353199837,19:50,4,180921,1,1
2018-09-21 19:51,11,11.5,0,19:51,4,180921,1,1
2018-09-21 19:52,11,11.5,0,19:52,4,180921,1,1
2018-09-21 19:53,12,11.5,0,19:53,4,180921,1,1
2018-09-21 19:54,11.001,11.0005,0.353199837,19:54,4,180921,1,1
2018-09-21 19:55,11,11.0005,0,19:55,4,180921,1,1
2018-09-21 19:56,12,11.5,0.353199837,19:56,4,180921,1,1
2018-09-21 19:57,11,11.5,0,19:57,4,180921,1,1
2018-09-21 19:58,12,11.5,0,19:58,4,180921,1,1
2018-09-21 19:59,11,11.5,0,19:59,4,180921,1,1
2018-09-21 20:00,12,11.5005,0.000353553,20:00,4,180921,1,1
2018-09-21 20:01,11.001,11.5005,0,20:01,4,180921,1,1
2018-09-21 20:02,11,11.5,0.000353553,20:02,4,180921,1,1
2018-09-21 20:03,12,11.5,0,20:03,4,180921,1,1
2018-09-21 20:04,12,11.33333333,0.11785113,20:04,4,180921,1,1
2018-09-21 20:05,12,11.33333333,0,20:05,4,180921,1,1
2018-09-21 20:06,10,11.33333333,0,20:06,4,180921,1,1
2018-09-21 20:07,9.999,9.9995,0.943162595,20:07,4,180921,1,1
2018-09-21 20:08,10,9.9995,0,20:08,4,180921,1,1
2018-09-21 20:09,9,9.5,0.353199837,20:09,4,180921,1,1
2018-09-21 20:10,10,9.5,1.48E-07,20:10,4,180921,1,1
2018-09-21 20:11,10,9.999666667,0.353317688,20:11,4,180921,1,1
2018-09-21 20:12,10,9.999666667,0,20:12,4,180921,1,1
2018-09-21 20:13,9.999,9.999666667,0,20:13,4,180921,1,1
2018-09-21 20:14,10,9.5,0.353317688,20:14,4,180921,1,1
2018-09-21 20:15,9,9.5,1.60E-07,20:15,4,180921,1,1
2018-09-21 20:16,10,9.999666667,0.353317688,20:16,4,180921,1,1
2018-09-21 20:17,10,9.999666667,0,20:17,4,180921,1,1
2018-09-21 20:18,9.999,9.999666667,0,20:18,4,180921,1,1
2018-09-21 20:19,10,9.5,0.353317688,20:19,4,180921,1,1
2018-09-21 20:20,9,9.5,1.70E-07,20:20,4,180921,1,1
2018-09-21 20:21,10,9.99975,0.353376614,20:21,4,180921,1,1
2018-09-21 20:22,10,9.99975,2.55E-08,20:22,4,180921,1,1
2018-09-21 20:23,10,9.99975,2.55E-08,20:23,4,180921,1,1
2018-09-21 20:24,9.999,9.99975,2.55E-08,20:24,4,180921,1,1
2018-09-21 20:25,10,9.5,0.353376614,20:25,4,180921,1,1
2018-09-21 20:26,9,9.5,1.60E-07,20:26,4,180921,1,1
2018-09-21 20:27,10,9.666666667,0.11785113,20:27,4,180921,1,1
2018-09-21 20:28,10,9.666666667,1.27E-07,20:28,4,180921,1,1
2018-09-21 20:29,9,9.666666667,1.27E-07,20:29,4,180921,1,1
2018-09-21 20:30,10,9.999666667,0.235466558,20:30,4,180921,1,1
2018-09-21 20:31,10,9.999666667,2.57E-08,20:31,4,180921,1,1
2018-09-21 20:32,9.999,9.999666667,2.57E-08,20:32,4,180921,1,1
2018-09-21 20:33,10,9.75,0.176540993,20:33,4,180921,1,1
2018-09-21 20:34,10,9.75,1.14E-07,20:34,4,180921,1,1
2018-09-21 20:35,10,9.75,1.14E-07,20:35,4,180921,1,1
2018-09-21 20:36,9,9.75,1.14E-07,20:36,4,180921,1,1
2018-09-21 20:37,10,9.5,0.176776695,20:37,4,180921,1,1
2018-09-21 20:38,9,9.5,1.54E-07,20:38,4,180921,1,1
2018-09-21 20:39,10,9.5,1.54E-07,20:39,4,180921,1,1
2018-09-21 20:40,9,9.5,1.54E-07,20:40,4,180921,1,1
2018-09-21 20:41,9,9.5,1.54E-07,20:41,4,180921,1,1
2018-09-21 20:42,10,9.5,1.54E-07,20:42,4,180921,1,1
2018-09-21 20:43,9,9.333333333,0.11785113,20:43,4,180921,1,1
2018-09-21 20:44,9,9.333333333,1.76E-07,20:44,4,180921,1,1
2018-09-21 20:45,10,9.333333333,1.76E-07,20:45,4,180921,1,1
2018-09-21 20:46,9,9.5,0.11785113,20:46,4,180921,1,1
2018-09-21 20:47,10,9.5,1.50E-07,20:47,4,180921,1,1
2018-09-21 20:48,9,9.00025,0.353376614,20:48,4,180921,1,1
2018-09-21 20:49,9,9.00025,2.09E-07,20:49,4,180921,1,1
2018-09-21 20:50,9,9.00025,2.09E-07,20:50,4,180921,1,1
2018-09-21 20:51,9.001,9.00025,2.09E-07,20:51,4,180921,1,1
2018-09-21 20:52,9.999,9.4995,0.353023061,20:52,4,180921,1,1
2018-09-21 20:53,9,9.4995,1.24E-07,20:53,4,180921,1,1
2018-09-21 20:54,9.001,9.0005,0.352846284,20:54,4,180921,1,1
2018-09-21 20:55,9,9.0005,2.09E-07,20:55,4,180921,1,1
2018-09-21 20:56,7.999,8.5,0.353906944,20:56,4,180921,1,1
2018-09-21 20:57,9.001,8.5,2.72E-07,20:57,4,180921,1,1
2018-09-21 20:58,9,8.75,0.176776695,20:58,4,180921,1,1
2018-09-21 20:59,9,8.75,2.45E-07,20:59,4,180921,1,1
2018-09-21 21:00,9,8.75,2.45E-07,21:00,4,180921,1,1
2018-09-21 21:01,8,8.75,2.45E-07,21:01,4,180921,1,1
2018-09-21 21:02,9,8.666666667,0.058925565,21:02,4,180921,1,1
2018-09-21 21:03,9,8.666666667,2.54E-07,21:03,4,180921,1,1
2018-09-21 21:04,8,8.666666667,2.54E-07,21:04,4,180921,1,1
2018-09-21 21:05,9,8.5,0.11785113,21:05,4,180921,1,1
2018-09-21 21:06,8,8.5,2.70E-07,21:06,4,180921,1,1
2018-09-21 21:07,9,8.4995,0.000353553,21:07,4,180921,1,1
2018-09-21 21:08,7.999,8.4995,2.70E-07,21:08,4,180921,1,1
2018-09-21 21:09,9.001,8.5,0.000353553,21:09,4,180921,1,1
2018-09-21 21:10,7.999,8.5,2.70E-07,21:10,4,180921,1,1
2018-09-21 21:11,9,8.5,2.70E-07,21:11,4,180921,1,1
2018-09-21 21:12,8,8.5,2.70E-07,21:12,4,180921,1,1
2018-09-21 21:13,8,7.9995,0.353906944,21:13,4,180921,1,1
2018-09-21 21:14,7.999,7.9995,3.18E-07,21:14,4,180921,1,1
2018-09-21 21:15,8,7.9995,3.18E-07,21:15,4,180921,1,1
2018-09-21 21:16,7.999,7.9995,3.18E-07,21:16,4,180921,1,1
2018-09-21 21:17,9.001,8.5,0.353906944,21:17,4,180921,1,1
2018-09-21 21:18,7.999,8.5,2.75E-07,21:18,4,180921,1,1
2018-09-21 21:19,8,7.9995,0.353906944,21:19,4,180921,1,1
2018-09-21 21:20,7.999,7.9995,3.22E-07,21:20,4,180921,1,1
2018-09-21 21:21,8,5,2.12096679,21:21,4,180921,1,1
2018-09-21 21:22,2,5,5.08E-07,21:22,4,180921,1,1
2018-09-21 21:23,1,0.5,3.181980515,21:23,4,180921,0,1
2018-09-21 21:24,,0.5,7.08E-07,21:24,4,180921,0,
2018-09-21 21:25,,0.017839286,0.340939111,21:25,4,180921,0,
2018-09-21 21:26,,0.017839286,7.26E-07,21:26,4,180921,0,
2018-09-21 21:27,,0.017839286,7.26E-07,21:27,4,180921,0,
2018-09-21 21:28,,0.017839286,7.26E-07,21:28,4,180921,0,
2018-09-21 21:29,,0.017839286,7.26E-07,21:29,4,180921,0,
2018-09-21 21:30,,0.017839286,7.26E-07,21:30,4,180921,0,
2018-09-21 21:31,,0.017839286,7.26E-07,21:31,4,180921,0,
2018-09-21 21:32,,0.017839286,7.26E-07,21:32,4,180921,0,
2018-09-21 21:33,,0.017839286,7.26E-07,21:33,4,180921,0,
2018-09-21 21:34,,0.017839286,7.26E-07,21:34,4,180921,0,
2018-09-21 21:35,,0.017839286,7.26E-07,21:35,4,180921,0,
2018-09-21 21:36,,0.017839286,7.26E-07,21:36,4,180921,0,
2018-09-21 21:37,,0.017839286,7.26E-07,21:37,4,180921,0,
2018-09-21 21:38,,0.017839286,7.26E-07,21:38,4,180921,0,
2018-09-21 21:39,,0.017839286,7.26E-07,21:39,4,180921,0,
2018-09-21 21:40,,0.017839286,7.26E-07,21:40,4,180921,0,
2018-09-21 21:41,,0.017839286,7.26E-07,21:41,4,180921,0,
2018-09-21 21:42,,0.017839286,7.26E-07,21:42,4,180921,0,
2018-09-21 21:43,,0.017839286,7.26E-07,21:43,4,180921,0,
2018-09-21 21:44,,0.017839286,7.26E-07,21:44,4,180921,0,
2018-09-21 21:45,,0.017839286,7.26E-07,21:45,4,180921,0,
2018-09-21 21:46,,0.017839286,7.26E-07,21:46,4,180921,0,
2018-09-21 21:47,,0.017839286,7.26E-07,21:47,4,180921,0,
2018-09-21 21:48,,0.017839286,7.26E-07,21:48,4,180921,0,
2018-09-21 21:49,,0.017839286,7.26E-07,21:49,4,180921,0,
2018-09-21 21:50,,0.017839286,7.26E-07,21:50,4,180921,0,
2018-09-21 21:51,,0.017839286,7.26E-07,21:51,4,180921,0,
2018-09-21 21:52,,0.017839286,7.26E-07,21:52,4,180921,0,
2018-09-21 21:53,,0.017839286,7.26E-07,21:53,4,180921,0,
2018-09-21 21:54,,0.017839286,7.26E-07,21:54,4,180921,0,
2018-09-21 21:55,,0.017839286,7.26E-07,21:55,4,180921,0,
2018-09-21 21:56,,0.017839286,7.26E-07,21:56,4,180921,0,
2018-09-21 21:57,,0.017839286,7.26E-07,21:57,4,180921,0,
2018-09-21 21:58,,0.017839286,7.26E-07,21:58,4,180921,0,
2018-09-21 21:59,,0.017839286,7.26E-07,21:59,4,180921,0,
2018-09-21 22:00,,0.017839286,7.26E-07,22:00,4,180921,0,
2018-09-21 22:01,,0.017839286,7.26E-07,22:01,4,180921,0,
2018-09-21 22:02,,0.017839286,7.26E-07,22:02,4,180921,0,
2018-09-21 22:03,,0.017839286,7.26E-07,22:03,4,180921,0,
2018-09-21 22:04,,0.017839286,7.26E-07,22:04,4,180921,0,
2018-09-21 22:05,,0.017839286,7.26E-07,22:05,4,180921,0,
2018-09-21 22:06,,0.017839286,7.26E-07,22:06,4,180921,0,
2018-09-21 22:07,,0.017839286,7.26E-07,22:07,4,180921,0,
2018-09-21 22:08,,0.017839286,7.26E-07,22:08,4,180921,0,
2018-09-21 22:09,,0.017839286,7.26E-07,22:09,4,180921,0,
2018-09-21 22:10,,0.017839286,7.26E-07,22:10,4,180921,0,
2018-09-21 22:11,,0.017839286,7.26E-07,22:11,4,180921,0,
2018-09-21 22:12,,0.017839286,7.26E-07,22:12,4,180921,0,
2018-09-21 22:13,,0.017839286,7.26E-07,22:13,4,180921,0,
2018-09-21 22:14,,0.017839286,7.26E-07,22:14,4,180921,0,
2018-09-21 22:15,,0.017839286,7.26E-07,22:15,4,180921,0,
2018-09-21 22:16,,0.017839286,7.26E-07,22:16,4,180921,0,
2018-09-21 22:17,,0.017839286,7.26E-07,22:17,4,180921,0,
2018-09-21 22:18,,0.017839286,7.26E-07,22:18,4,180921,0,
2018-09-21 22:19,,0.017839286,7.26E-07,22:19,4,180921,0,
2018-09-21 22:20,0.999,0.017839286,7.26E-07,22:20,4,180921,0,
2018-09-21 22:21,,0.015625,0.001565737,22:21,4,180921,0,
2018-09-21 22:22,,0.015625,7.26E-07,22:22,4,180921,0,
2018-09-21 22:23,,0.015625,7.26E-07,22:23,4,180921,0,
2018-09-21 22:24,,0.015625,7.26E-07,22:24,4,180921,0,
2018-09-21 22:25,,0.015625,7.26E-07,22:25,4,180921,0,
2018-09-21 22:26,,0.015625,7.26E-07,22:26,4,180921,0,
2018-09-21 22:27,,0.015625,7.26E-07,22:27,4,180921,0,
2018-09-21 22:28,,0.015625,7.26E-07,22:28,4,180921,0,
2018-09-21 22:29,,0.015625,7.26E-07,22:29,4,180921,0,
2018-09-21 22:30,,0.015625,7.26E-07,22:30,4,180921,0,
2018-09-21 22:31,,0.015625,7.26E-07,22:31,4,180921,0,
2018-09-21 22:32,,0.015625,7.26E-07,22:32,4,180921,0,
2018-09-21 22:33,,0.015625,7.26E-07,22:33,4,180921,0,
2018-09-21 22:34,,0.015625,7.26E-07,22:34,4,180921,0,
2018-09-21 22:35,,0.015625,7.26E-07,22:35,4,180921,0,
2018-09-21 22:36,,0.015625,7.26E-07,22:36,4,180921,0,
2018-09-21 22:37,,0.015625,7.26E-07,22:37,4,180921,0,
2018-09-21 22:38,,0.015625,7.26E-07,22:38,4,180921,0,
2018-09-21 22:39,,0.015625,7.26E-07,22:39,4,180921,0,
2018-09-21 22:40,,0.015625,7.26E-07,22:40,4,180921,0,
2018-09-21 22:41,,0.015625,7.26E-07,22:41,4,180921,0,
2018-09-21 22:42,,0.015625,7.26E-07,22:42,4,180921,0,
2018-09-21 22:43,,0.015625,7.26E-07,22:43,4,180921,0,
2018-09-21 22:44,,0.015625,7.26E-07,22:44,4,180921,0,
2018-09-21 22:45,,0.015625,7.26E-07,22:45,4,180921,0,
2018-09-21 22:46,,0.015625,7.26E-07,22:46,4,180921,0,
2018-09-21 22:47,,0.015625,7.26E-07,22:47,4,180921,0,
2018-09-21 22:48,,0.015625,7.26E-07,22:48,4,180921,0,
2018-09-21 22:49,,0.015625,7.26E-07,22:49,4,180921,0,
2018-09-21 22:50,,0.015625,7.26E-07,22:50,4,180921,0,
2018-09-21 22:51,,0.015625,7.26E-07,22:51,4,180921,0,
2018-09-21 22:52,,0.015625,7.26E-07,22:52,4,180921,0,
2018-09-21 22:53,,0.015625,7.26E-07,22:53,4,180921,0,
2018-09-21 22:54,,0.015625,7.26E-07,22:54,4,180921,0,
2018-09-21 22:55,,0.015625,7.26E-07,22:55,4,180921,0,
2018-09-21 22:56,,0.015625,7.26E-07,22:56,4,180921,0,
2018-09-21 22:57,,0.015625,7.26E-07,22:57,4,180921,0,
2018-09-21 22:58,,0.015625,7.26E-07,22:58,4,180921,0,
2018-09-21 22:59,,0.015625,7.26E-07,22:59,4,180921,0,
2018-09-21 23:00,,0.015625,7.26E-07,23:00,4,180921,0,
2018-09-21 23:01,,0.015625,7.26E-07,23:01,4,180921,0,
2018-09-21 23:02,,0.015625,7.26E-07,23:02,4,180921,0,
2018-09-21 23:03,,0.015625,7.26E-07,23:03,4,180921,0,
2018-09-21 23:04,,0.015625,7.26E-07,23:04,4,180921,0,
2018-09-21 23:05,,0.015625,7.26E-07,23:05,4,180921,0,
2018-09-21 23:06,,0.015625,7.26E-07,23:06,4,180921,0,
2018-09-21 23:07,,0.015625,7.26E-07,23:07,4,180921,0,
2018-09-21 23:08,,0.015625,7.26E-07,23:08,4,180921,0,
2018-09-21 23:09,,0.015625,7.26E-07,23:09,4,180921,0,
2018-09-21 23:10,,0.015625,7.26E-07,23:10,4,180921,0,
2018-09-21 23:11,,0.015625,7.26E-07,23:11,4,180921,0,
2018-09-21 23:12,,0.015625,7.26E-07,23:12,4,180921,0,
2018-09-21 23:13,,0.015625,7.26E-07,23:13,4,180921,0,
2018-09-21 23:14,,0.015625,7.26E-07,23:14,4,180921,0,
2018-09-21 23:15,,0.015625,7.26E-07,23:15,4,180921,0,
2018-09-21 23:16,,0.015625,7.26E-07,23:16,4,180921,0,
2018-09-21 23:17,,0.015625,7.26E-07,23:17,4,180921,0,
2018-09-21 23:18,,0.015625,7.26E-07,23:18,4,180921,0,
2018-09-21 23:19,,0.015625,7.26E-07,23:19,4,180921,0,
2018-09-21 23:20,,0.015625,7.26E-07,23:20,4,180921,0,
2018-09-21 23:21,,0.015625,7.26E-07,23:21,4,180921,0,
2018-09-21 23:22,,0.015625,7.26E-07,23:22,4,180921,0,
2018-09-21 23:23,,0.015625,7.26E-07,23:23,4,180921,0,
2018-09-21 23:24,1,0.015625,7.26E-07,23:24,4,180921,0,
2018-09-21 23:25,,0.015857143,0.000164151,23:25,4,180921,0,
2018-09-21 23:26,,0.015857143,7.26E-07,23:26,4,180921,0,
2018-09-21 23:27,,0.015857143,7.26E-07,23:27,4,180921,0,
2018-09-21 23:28,,0.015857143,7.26E-07,23:28,4,180921,0,
2018-09-21 23:29,,0.015857143,7.26E-07,23:29,4,180921,0,
2018-09-21 23:30,,0.015857143,7.26E-07,23:30,4,180921,0,
2018-09-21 23:31,,0.015857143,7.26E-07,23:31,4,180921,0,
2018-09-21 23:32,,0.015857143,7.26E-07,23:32,4,180921,0,
2018-09-21 23:33,,0.015857143,7.26E-07,23:33,4,180921,0,
2018-09-21 23:34,,0.015857143,7.26E-07,23:34,4,180921,0,
2018-09-21 23:35,,0.015857143,7.26E-07,23:35,4,180921,0,
2018-09-21 23:36,,0.015857143,7.26E-07,23:36,4,180921,0,
2018-09-21 23:37,,0.015857143,7.26E-07,23:37,4,180921,0,
2018-09-21 23:38,,0.015857143,7.26E-07,23:38,4,180921,0,
2018-09-21 23:39,,0.015857143,7.26E-07,23:39,4,180921,0,
2018-09-21 23:40,,0.015857143,7.26E-07,23:40,4,180921,0,
2018-09-21 23:41,,0.015857143,7.26E-07,23:41,4,180921,0,
2018-09-21 23:42,,0.015857143,7.26E-07,23:42,4,180921,0,
2018-09-21 23:43,,0.015857143,7.26E-07,23:43,4,180921,0,
2018-09-21 23:44,,0.015857143,7.26E-07,23:44,4,180921,0,
2018-09-21 23:45,,0.015857143,7.26E-07,23:45,4,180921,0,
2018-09-21 23:46,,0.015857143,7.26E-07,23:46,4,180921,0,
2018-09-21 23:47,,0.015857143,7.26E-07,23:47,4,180921,0,
2018-09-21 23:48,,0.015857143,7.26E-07,23:48,4,180921,0,
2018-09-21 23:49,,0.015857143,7.26E-07,23:49,4,180921,0,
2018-09-21 23:50,,0.015857143,7.26E-07,23:50,4,180921,0,
2018-09-21 23:51,,0.015857143,7.26E-07,23:51,4,180921,0,
2018-09-21 23:52,,0.015857143,7.26E-07,23:52,4,180921,0,
2018-09-21 23:53,,0.015857143,7.26E-07,23:53,4,180921,0,
2018-09-21 23:54,,0.015857143,7.26E-07,23:54,4,180921,0,
2018-09-21 23:55,,0.015857143,7.26E-07,23:55,4,180921,0,
2018-09-21 23:56,,0.015857143,7.26E-07,23:56,4,180921,0,
2018-09-21 23:57,,0.015857143,7.26E-07,23:57,4,180921,0,
2018-09-21 23:58,,0.015857143,7.26E-07,23:58,4,180921,0,
2018-09-21 23:59,,0.015857143,7.26E-07,23:59,4,180921,0,
2018-09-22 0:00,,0.015857143,7.26E-07,0:00,5,180922,0,
2018-09-22 0:01,,0.015857143,7.26E-07,0:01,5,180922,0,
2018-09-22 0:02,,0.015857143,7.26E-07,0:02,5,180922,0,
2018-09-22 0:03,,0.015857143,7.26E-07,0:03,5,180922,0,
2018-09-22 0:04,,0.015857143,7.26E-07,0:04,5,180922,0,
2018-09-22 0:05,,0.015857143,7.26E-07,0:05,5,180922,0,
2018-09-22 0:06,,0.015857143,7.26E-07,0:06,5,180922,0,
2018-09-22 0:07,,0.015857143,7.26E-07,0:07,5,180922,0,
2018-09-22 0:08,,0.015857143,7.26E-07,0:08,5,180922,0,
2018-09-22 0:09,,0.015857143,7.26E-07,0:09,5,180922,0,
2018-09-22 0:10,,0.015857143,7.26E-07,0:10,5,180922,0,
2018-09-22 0:11,,0.015857143,7.26E-07,0:11,5,180922,0,
2018-09-22 0:12,,0.015857143,7.26E-07,0:12,5,180922,0,
2018-09-22 0:13,,0.015857143,7.26E-07,0:13,5,180922,0,
2018-09-22 0:14,,0.015857143,7.26E-07,0:14,5,180922,0,
2018-09-22 0:15,,0.015857143,7.26E-07,0:15,5,180922,0,
2018-09-22 0:16,,0.015857143,7.26E-07,0:16,5,180922,0,
2018-09-22 0:17,,0.015857143,7.26E-07,0:17,5,180922,0,
2018-09-22 0:18,,0.015857143,7.26E-07,0:18,5,180922,0,
2018-09-22 0:19,,0.015857143,7.26E-07,0:19,5,180922,0,
2018-09-22 0:20,,0.015857143,7.26E-07,0:20,5,180922,0,
2018-09-22 0:21,,0.015857143,7.26E-07,0:21,5,180922,0,
2018-09-22 0:22,,0.015857143,7.26E-07,0:22,5,180922,0,
2018-09-22 0:23,,0.015857143,7.26E-07,0:23,5,180922,0,
2018-09-22 0:24,,0.015857143,7.26E-07,0:24,5,180922,0,
2018-09-22 0:25,,0.015857143,7.26E-07,0:25,5,180922,0,
2018-09-22 0:26,,0.015857143,7.26E-07,0:26,5,180922,0,
2018-09-22 0:27,0.999,0.015857143,7.26E-07,0:27,5,180922,0,
2018-09-22 0:28,,0.015873016,1.12E-05,0:28,5,180922,0,
2018-09-22 0:29,,0.015873016,7.26E-07,0:29,5,180922,0,
2018-09-22 0:30,,0.015873016,7.26E-07,0:30,5,180922,0,
2018-09-22 0:31,,0.015873016,7.26E-07,0:31,5,180922,0,
2018-09-22 0:32,,0.015873016,7.26E-07,0:32,5,180922,0,
2018-09-22 0:33,,0.015873016,7.26E-07,0:33,5,180922,0,
2018-09-22 0:34,,0.015873016,7.26E-07,0:34,5,180922,0,
2018-09-22 0:35,,0.015873016,7.26E-07,0:35,5,180922,0,
2018-09-22 0:36,,0.015873016,7.26E-07,0:36,5,180922,0,
2018-09-22 0:37,,0.015873016,7.26E-07,0:37,5,180922,0,
2018-09-22 0:38,,0.015873016,7.26E-07,0:38,5,180922,0,
2018-09-22 0:39,,0.015873016,7.26E-07,0:39,5,180922,0,
2018-09-22 0:40,,0.015873016,7.26E-07,0:40,5,180922,0,
2018-09-22 0:41,,0.015873016,7.26E-07,0:41,5,180922,0,
2018-09-22 0:42,,0.015873016,7.26E-07,0:42,5,180922,0,
2018-09-22 0:43,,0.015873016,7.26E-07,0:43,5,180922,0,
2018-09-22 0:44,,0.015873016,7.26E-07,0:44,5,180922,0,
2018-09-22 0:45,,0.015873016,7.26E-07,0:45,5,180922,0,
2018-09-22 0:46,,0.015873016,7.26E-07,0:46,5,180922,0,
2018-09-22 0:47,,0.015873016,7.26E-07,0:47,5,180922,0,
2018-09-22 0:48,,0.015873016,7.26E-07,0:48,5,180922,0,
2018-09-22 0:49,,0.015873016,7.26E-07,0:49,5,180922,0,
2018-09-22 0:50,,0.015873016,7.26E-07,0:50,5,180922,0,
2018-09-22 0:51,,0.015873016,7.26E-07,0:51,5,180922,0,
2018-09-22 0:52,,0.015873016,7.26E-07,0:52,5,180922,0,
2018-09-22 0:53,,0.015873016,7.26E-07,0:53,5,180922,0,
2018-09-22 0:54,,0.015873016,7.26E-07,0:54,5,180922,0,
2018-09-22 0:55,,0.015873016,7.26E-07,0:55,5,180922,0,
2018-09-22 0:56,,0.015873016,7.26E-07,0:56,5,180922,0,
2018-09-22 0:57,,0.015873016,7.26E-07,0:57,5,180922,0,
2018-09-22 0:58,,0.015873016,7.26E-07,0:58,5,180922,0,
2018-09-22 0:59,,0.015873016,7.26E-07,0:59,5,180922,0,
2018-09-22 1:00,,0.015873016,7.26E-07,1:00,5,180922,0,
2018-09-22 1:01,,0.015873016,7.26E-07,1:01,5,180922,0,
2018-09-22 1:02,,0.015873016,7.26E-07,1:02,5,180922,0,
2018-09-22 1:03,,0.015873016,7.26E-07,1:03,5,180922,0,
2018-09-22 1:04,,0.015873016,7.26E-07,1:04,5,180922,0,
2018-09-22 1:05,,0.015873016,7.26E-07,1:05,5,180922,0,
2018-09-22 1:06,,0.015873016,7.26E-07,1:06,5,180922,0,
2018-09-22 1:07,,0.015873016,7.26E-07,1:07,5,180922,0,
2018-09-22 1:08,,0.015873016,7.26E-07,1:08,5,180922,0,
2018-09-22 1:09,,0.015873016,7.26E-07,1:09,5,180922,0,
2018-09-22 1:10,,0.015873016,7.26E-07,1:10,5,180922,0,
2018-09-22 1:11,,0.015873016,7.26E-07,1:11,5,180922,0,
2018-09-22 1:12,,0.015873016,7.26E-07,1:12,5,180922,0,
2018-09-22 1:13,,0.015873016,7.26E-07,1:13,5,180922,0,
2018-09-22 1:14,,0.015873016,7.26E-07,1:14,5,180922,0,
2018-09-22 1:15,,0.015873016,7.26E-07,1:15,5,180922,0,
2018-09-22 1:16,,0.015873016,7.26E-07,1:16,5,180922,0,
2018-09-22 1:17,,0.015873016,7.26E-07,1:17,5,180922,0,
2018-09-22 1:18,,0.015873016,7.26E-07,1:18,5,180922,0,
2018-09-22 1:19,,0.015873016,7.26E-07,1:19,5,180922,0,
2018-09-22 1:20,,0.015873016,7.26E-07,1:20,5,180922,0,
2018-09-22 1:21,,0.015873016,7.26E-07,1:21,5,180922,0,
2018-09-22 1:22,,0.015873016,7.26E-07,1:22,5,180922,0,
2018-09-22 1:23,,0.015873016,7.26E-07,1:23,5,180922,0,
2018-09-22 1:24,,0.015873016,7.26E-07,1:24,5,180922,0,
2018-09-22 1:25,,0.015873016,7.26E-07,1:25,5,180922,0,
2018-09-22 1:26,,0.015873016,7.26E-07,1:26,5,180922,0,
2018-09-22 1:27,,0.015873016,7.26E-07,1:27,5,180922,0,
2018-09-22 1:28,,0.015873016,7.26E-07,1:28,5,180922,0,
2018-09-22 1:29,,0.015873016,7.26E-07,1:29,5,180922,0,
2018-09-22 1:30,1,0.015873016,7.26E-07,1:30,5,180922,0,
2018-09-22 1:31,,0.016129032,0.000181032,1:31,5,180922,0,
2018-09-22 1:32,,0.016129032,7.26E-07,1:32,5,180922,0,
2018-09-22 1:33,,0.016129032,7.26E-07,1:33,5,180922,0,
2018-09-22 1:34,,0.016129032,7.26E-07,1:34,5,180922,0,
2018-09-22 1:35,,0.016129032,7.26E-07,1:35,5,180922,0,
2018-09-22 1:36,,0.016129032,7.26E-07,1:36,5,180922,0,
2018-09-22 1:37,,0.016129032,7.26E-07,1:37,5,180922,0,
2018-09-22 1:38,,0.016129032,7.26E-07,1:38,5,180922,0,
2018-09-22 1:39,,0.016129032,7.26E-07,1:39,5,180922,0,
2018-09-22 1:40,,0.016129032,7.26E-07,1:40,5,180922,0,
2018-09-22 1:41,,0.016129032,7.26E-07,1:41,5,180922,0,
2018-09-22 1:42,,0.016129032,7.26E-07,1:42,5,180922,0,
2018-09-22 1:43,,0.016129032,7.26E-07,1:43,5,180922,0,
2018-09-22 1:44,,0.016129032,7.26E-07,1:44,5,180922,0,
2018-09-22 1:45,,0.016129032,7.26E-07,1:45,5,180922,0,
2018-09-22 1:46,,0.016129032,7.26E-07,1:46,5,180922,0,
2018-09-22 1:47,,0.016129032,7.26E-07,1:47,5,180922,0,
2018-09-22 1:48,,0.016129032,7.26E-07,1:48,5,180922,0,
2018-09-22 1:49,,0.016129032,7.26E-07,1:49,5,180922,0,
2018-09-22 1:50,,0.016129032,7.26E-07,1:50,5,180922,0,
2018-09-22 1:51,,0.016129032,7.26E-07,1:51,5,180922,0,
2018-09-22 1:52,,0.016129032,7.26E-07,1:52,5,180922,0,
2018-09-22 1:53,,0.016129032,7.26E-07,1:53,5,180922,0,
2018-09-22 1:54,,0.016129032,7.26E-07,1:54,5,180922,0,
2018-09-22 1:55,,0.016129032,7.26E-07,1:55,5,180922,0,
2018-09-22 1:56,,0.016129032,7.26E-07,1:56,5,180922,0,
2018-09-22 1:57,,0.016129032,7.26E-07,1:57,5,180922,0,
2018-09-22 1:58,,0.016129032,7.26E-07,1:58,5,180922,0,
2018-09-22 1:59,,0.016129032,7.26E-07,1:59,5,180922,0,
2018-09-22 2:00,,0.016129032,7.26E-07,2:00,5,180922,0,
2018-09-22 2:01,,0.016129032,7.26E-07,2:01,5,180922,0,
2018-09-22 2:02,,0.016129032,7.26E-07,2:02,5,180922,0,
2018-09-22 2:03,,0.016129032,7.26E-07,2:03,5,180922,0,
2018-09-22 2:04,,0.016129032,7.26E-07,2:04,5,180922,0,
2018-09-22 2:05,,0.016129032,7.26E-07,2:05,5,180922,0,
2018-09-22 2:06,,0.016129032,7.26E-07,2:06,5,180922,0,
2018-09-22 2:07,,0.016129032,7.26E-07,2:07,5,180922,0,
2018-09-22 2:08,,0.016129032,7.26E-07,2:08,5,180922,0,
2018-09-22 2:09,,0.016129032,7.26E-07,2:09,5,180922,0,
2018-09-22 2:10,,0.016129032,7.26E-07,2:10,5,180922,0,
2018-09-22 2:11,,0.016129032,7.26E-07,2:11,5,180922,0,
2018-09-22 2:12,,0.016129032,7.26E-07,2:12,5,180922,0,
2018-09-22 2:13,,0.016129032,7.26E-07,2:13,5,180922,0,
2018-09-22 2:14,,0.016129032,7.26E-07,2:14,5,180922,0,
2018-09-22 2:15,,0.016129032,7.26E-07,2:15,5,180922,0,
2018-09-22 2:16,,0.016129032,7.26E-07,2:16,5,180922,0,
2018-09-22 2:17,,0.016129032,7.26E-07,2:17,5,180922,0,
2018-09-22 2:18,,0.016129032,7.26E-07,2:18,5,180922,0,
2018-09-22 2:19,,0.016129032,7.26E-07,2:19,5,180922,0,
2018-09-22 2:20,,0.016129032,7.26E-07,2:20,5,180922,0,
2018-09-22 2:21,,0.016129032,7.26E-07,2:21,5,180922,0,
2018-09-22 2:22,,0.016129032,7.26E-07,2:22,5,180922,0,
2018-09-22 2:23,,0.016129032,7.26E-07,2:23,5,180922,0,
2018-09-22 2:24,,0.016129032,7.26E-07,2:24,5,180922,0,
2018-09-22 2:25,,0.016129032,7.26E-07,2:25,5,180922,0,
2018-09-22 2:26,,0.016129032,7.26E-07,2:26,5,180922,0,
2018-09-22 2:27,,0.016129032,7.26E-07,2:27,5,180922,0,
2018-09-22 2:28,,0.016129032,7.26E-07,2:28,5,180922,0,
2018-09-22 2:29,,0.016129032,7.26E-07,2:29,5,180922,0,
2018-09-22 2:30,,0.016129032,7.26E-07,2:30,5,180922,0,
2018-09-22 2:31,,0.016129032,7.26E-07,2:31,5,180922,0,
2018-09-22 2:32,1,0.016129032,7.26E-07,2:32,5,180922,0,
2018-09-22 2:33,,0.016112903,1.14E-05,2:33,5,180922,0,
2018-09-22 2:34,,0.016112903,7.26E-07,2:34,5,180922,0,
2018-09-22 2:35,,0.016112903,7.26E-07,2:35,5,180922,0,
2018-09-22 2:36,,0.016112903,7.26E-07,2:36,5,180922,0,
2018-09-22 2:37,,0.016112903,7.26E-07,2:37,5,180922,0,
2018-09-22 2:38,,0.016112903,7.26E-07,2:38,5,180922,0,
2018-09-22 2:39,,0.016112903,7.26E-07,2:39,5,180922,0,
2018-09-22 2:40,,0.016112903,7.26E-07,2:40,5,180922,0,
2018-09-22 2:41,,0.016112903,7.26E-07,2:41,5,180922,0,
2018-09-22 2:42,,0.016112903,7.26E-07,2:42,5,180922,0,
2018-09-22 2:43,,0.016112903,7.26E-07,2:43,5,180922,0,
2018-09-22 2:44,,0.016112903,7.26E-07,2:44,5,180922,0,
2018-09-22 2:45,,0.016112903,7.26E-07,2:45,5,180922,0,
2018-09-22 2:46,,0.016112903,7.26E-07,2:46,5,180922,0,
2018-09-22 2:47,,0.016112903,7.26E-07,2:47,5,180922,0,
2018-09-22 2:48,,0.016112903,7.26E-07,2:48,5,180922,0,
2018-09-22 2:49,,0.016112903,7.26E-07,2:49,5,180922,0,
2018-09-22 2:50,,0.016112903,7.26E-07,2:50,5,180922,0,
2018-09-22 2:51,,0.016112903,7.26E-07,2:51,5,180922,0,
2018-09-22 2:52,,0.016112903,7.26E-07,2:52,5,180922,0,
2018-09-22 2:53,,0.016112903,7.26E-07,2:53,5,180922,0,
2018-09-22 2:54,,0.016112903,7.26E-07,2:54,5,180922,0,
2018-09-22 2:55,,0.016112903,7.26E-07,2:55,5,180922,0,
2018-09-22 2:56,,0.016112903,7.26E-07,2:56,5,180922,0,
2018-09-22 2:57,,0.016112903,7.26E-07,2:57,5,180922,0,
2018-09-22 2:58,,0.016112903,7.26E-07,2:58,5,180922,0,
2018-09-22 2:59,,0.016112903,7.26E-07,2:59,5,180922,0,
2018-09-22 3:00,,0.016112903,7.26E-07,3:00,5,180922,0,
2018-09-22 3:01,,0.016112903,7.26E-07,3:01,5,180922,0,
2018-09-22 3:02,,0.016112903,7.26E-07,3:02,5,180922,0,
2018-09-22 3:03,,0.016112903,7.26E-07,3:03,5,180922,0,
2018-09-22 3:04,,0.016112903,7.26E-07,3:04,5,180922,0,
2018-09-22 3:05,,0.016112903,7.26E-07,3:05,5,180922,0,
2018-09-22 3:06,,0.016112903,7.26E-07,3:06,5,180922,0,
2018-09-22 3:07,,0.016112903,7.26E-07,3:07,5,180922,0,
2018-09-22 3:08,,0.016112903,7.26E-07,3:08,5,180922,0,
2018-09-22 3:09,,0.016112903,7.26E-07,3:09,5,180922,0,
2018-09-22 3:10,,0.016112903,7.26E-07,3:10,5,180922,0,
2018-09-22 3:11,,0.016112903,7.26E-07,3:11,5,180922,0,
2018-09-22 3:12,,0.016112903,7.26E-07,3:12,5,180922,0,
2018-09-22 3:13,,0.016112903,7.26E-07,3:13,5,180922,0,
2018-09-22 3:14,,0.016112903,7.26E-07,3:14,5,180922,0,
2018-09-22 3:15,,0.016112903,7.26E-07,3:15,5,180922,0,
2018-09-22 3:16,,0.016112903,7.26E-07,3:16,5,180922,0,
2018-09-22 3:17,,0.016112903,7.26E-07,3:17,5,180922,0,
2018-09-22 3:18,,0.016112903,7.26E-07,3:18,5,180922,0,
2018-09-22 3:19,,0.016112903,7.26E-07,3:19,5,180922,0,
2018-09-22 3:20,,0.016112903,7.26E-07,3:20,5,180922,0,
2018-09-22 3:21,,0.016112903,7.26E-07,3:21,5,180922,0,
2018-09-22 3:22,,0.016112903,7.26E-07,3:22,5,180922,0,
2018-09-22 3:23,,0.016112903,7.26E-07,3:23,5,180922,0,
2018-09-22 3:24,,0.016112903,7.26E-07,3:24,5,180922,0,
2018-09-22 3:25,,0.016112903,7.26E-07,3:25,5,180922,0,
2018-09-22 3:26,,0.016112903,7.26E-07,3:26,5,180922,0,
2018-09-22 3:27,,0.016112903,7.26E-07,3:27,5,180922,0,
2018-09-22 3:28,,0.016112903,7.26E-07,3:28,5,180922,0,
2018-09-22 3:29,,0.016112903,7.26E-07,3:29,5,180922,0,
2018-09-22 3:30,,0.016112903,7.26E-07,3:30,5,180922,0,
2018-09-22 3:31,,0.016112903,7.26E-07,3:31,5,180922,0,
2018-09-22 3:32,,0.016112903,7.26E-07,3:32,5,180922,0,
2018-09-22 3:33,,0.016112903,7.26E-07,3:33,5,180922,0,
2018-09-22 3:34,0.999,0.016112903,7.26E-07,3:34,5,180922,0,
2018-09-22 3:35,,0.016129032,1.14E-05,3:35,5,180922,0,
2018-09-22 3:36,,0.016129032,7.26E-07,3:36,5,180922,0,
2018-09-22 3:37,,0.016129032,7.26E-07,3:37,5,180922,0,
2018-09-22 3:38,,0.016129032,7.26E-07,3:38,5,180922,0,
2018-09-22 3:39,,0.016129032,7.26E-07,3:39,5,180922,0,
2018-09-22 3:40,,0.016129032,7.26E-07,3:40,5,180922,0,
2018-09-22 3:41,,0.016129032,7.26E-07,3:41,5,180922,0,
2018-09-22 3:42,,0.016129032,7.26E-07,3:42,5,180922,0,
2018-09-22 3:43,,0.016129032,7.26E-07,3:43,5,180922,0,
2018-09-22 3:44,,0.016129032,7.26E-07,3:44,5,180922,0,
2018-09-22 3:45,,0.016129032,7.26E-07,3:45,5,180922,0,
2018-09-22 3:46,,0.016129032,7.26E-07,3:46,5,180922,0,
2018-09-22 3:47,,0.016129032,7.26E-07,3:47,5,180922,0,
2018-09-22 3:48,,0.016129032,7.26E-07,3:48,5,180922,0,
2018-09-22 3:49,,0.016129032,7.26E-07,3:49,5,180922,0,
2018-09-22 3:50,,0.016129032,7.26E-07,3:50,5,180922,0,
2018-09-22 3:51,,0.016129032,7.26E-07,3:51,5,180922,0,
2018-09-22 3:52,,0.016129032,7.26E-07,3:52,5,180922,0,
2018-09-22 3:53,,0.016129032,7.26E-07,3:53,5,180922,0,
2018-09-22 3:54,,0.016129032,7.26E-07,3:54,5,180922,0,
2018-09-22 3:55,,0.016129032,7.26E-07,3:55,5,180922,0,
2018-09-22 3:56,,0.016129032,7.26E-07,3:56,5,180922,0,
2018-09-22 3:57,,0.016129032,7.26E-07,3:57,5,180922,0,
2018-09-22 3:58,,0.016129032,7.26E-07,3:58,5,180922,0,
2018-09-22 3:59,,0.016129032,7.26E-07,3:59,5,180922,0,
2018-09-22 4:00,,0.016129032,7.26E-07,4:00,5,180922,0,
2018-09-22 4:01,,0.016129032,7.26E-07,4:01,5,180922,0,
2018-09-22 4:02,,0.016129032,7.26E-07,4:02,5,180922,0,
2018-09-22 4:03,,0.016129032,7.26E-07,4:03,5,180922,0,
2018-09-22 4:04,,0.016129032,7.26E-07,4:04,5,180922,0,
2018-09-22 4:05,,0.016129032,7.26E-07,4:05,5,180922,0,
2018-09-22 4:06,,0.016129032,7.26E-07,4:06,5,180922,0,
2018-09-22 4:07,,0.016129032,7.26E-07,4:07,5,180922,0,
2018-09-22 4:08,,0.016129032,7.26E-07,4:08,5,180922,0,
2018-09-22 4:09,,0.016129032,7.26E-07,4:09,5,180922,0,
2018-09-22 4:10,,0.016129032,7.26E-07,4:10,5,180922,0,
2018-09-22 4:11,,0.016129032,7.26E-07,4:11,5,180922,0,
2018-09-22 4:12,,0.016129032,7.26E-07,4:12,5,180922,0,
2018-09-22 4:13,,0.016129032,7.26E-07,4:13,5,180922,0,
2018-09-22 4:14,,0.016129032,7.26E-07,4:14,5,180922,0,
2018-09-22 4:15,,0.016129032,7.26E-07,4:15,5,180922,0,
2018-09-22 4:16,,0.016129032,7.26E-07,4:16,5,180922,0,
2018-09-22 4:17,,0.016129032,7.26E-07,4:17,5,180922,0,
2018-09-22 4:18,,0.016129032,7.26E-07,4:18,5,180922,0,
2018-09-22 4:19,,0.016129032,7.26E-07,4:19,5,180922,0,
2018-09-22 4:20,,0.016129032,7.26E-07,4:20,5,180922,0,
2018-09-22 4:21,,0.016129032,7.26E-07,4:21,5,180922,0,
2018-09-22 4:22,,0.016129032,7.26E-07,4:22,5,180922,0,
2018-09-22 4:23,,0.016129032,7.26E-07,4:23,5,180922,0,
2018-09-22 4:24,,0.016129032,7.26E-07,4:24,5,180922,0,
2018-09-22 4:25,,0.016129032,7.26E-07,4:25,5,180922,0,
2018-09-22 4:26,,0.016129032,7.26E-07,4:26,5,180922,0,
2018-09-22 4:27,,0.016129032,7.26E-07,4:27,5,180922,0,
2018-09-22 4:28,,0.016129032,7.26E-07,4:28,5,180922,0,
2018-09-22 4:29,,0.016129032,7.26E-07,4:29,5,180922,0,
2018-09-22 4:30,,0.016129032,7.26E-07,4:30,5,180922,0,
2018-09-22 4:31,,0.016129032,7.26E-07,4:31,5,180922,0,
2018-09-22 4:32,,0.016129032,7.26E-07,4:32,5,180922,0,
2018-09-22 4:33,,0.016129032,7.26E-07,4:33,5,180922,0,
2018-09-22 4:34,,0.016129032,7.26E-07,4:34,5,180922,0,
2018-09-22 4:35,,0.016129032,7.26E-07,4:35,5,180922,0,
2018-09-22 4:36,1,0.016129032,7.26E-07,4:36,5,180922,0,
2018-09-22 4:37,,0.016112903,1.14E-05,4:37,5,180922,0,
2018-09-22 4:38,,0.016112903,7.26E-07,4:38,5,180922,0,
2018-09-22 4:39,,0.016112903,7.26E-07,4:39,5,180922,0,
2018-09-22 4:40,,0.016112903,7.26E-07,4:40,5,180922,0,
2018-09-22 4:41,,0.016112903,7.26E-07,4:41,5,180922,0,
2018-09-22 4:42,,0.016112903,7.26E-07,4:42,5,180922,0,
2018-09-22 4:43,,0.016112903,7.26E-07,4:43,5,180922,0,
2018-09-22 4:44,,0.016112903,7.26E-07,4:44,5,180922,0,
2018-09-22 4:45,,0.016112903,7.26E-07,4:45,5,180922,0,
2018-09-22 4:46,,0.016112903,7.26E-07,4:46,5,180922,0,
2018-09-22 4:47,,0.016112903,7.26E-07,4:47,5,180922,0,
2018-09-22 4:48,,0.016112903,7.26E-07,4:48,5,180922,0,
2018-09-22 4:49,,0.016112903,7.26E-07,4:49,5,180922,0,
2018-09-22 4:50,,0.016112903,7.26E-07,4:50,5,180922,0,
2018-09-22 4:51,,0.016112903,7.26E-07,4:51,5,180922,0,
2018-09-22 4:52,,0.016112903,7.26E-07,4:52,5,180922,0,
2018-09-22 4:53,,0.016112903,7.26E-07,4:53,5,180922,0,
2018-09-22 4:54,,0.016112903,7.26E-07,4:54,5,180922,0,
2018-09-22 4:55,,0.016112903,7.26E-07,4:55,5,180922,0,
2018-09-22 4:56,,0.016112903,7.26E-07,4:56,5,180922,0,
2018-09-22 4:57,,0.016112903,7.26E-07,4:57,5,180922,0,
2018-09-22 4:58,,0.016112903,7.26E-07,4:58,5,180922,0,
2018-09-22 4:59,,0.016112903,7.26E-07,4:59,5,180922,0,
2018-09-22 5:00,,0.016112903,7.26E-07,5:00,5,180922,0,
2018-09-22 5:01,,0.016112903,7.26E-07,5:01,5,180922,0,
2018-09-22 5:02,,0.016112903,7.26E-07,5:02,5,180922,0,
2018-09-22 5:03,,0.016112903,7.26E-07,5:03,5,180922,0,
2018-09-22 5:04,,0.016112903,7.26E-07,5:04,5,180922,0,
2018-09-22 5:05,,0.016112903,7.26E-07,5:05,5,180922,0,
2018-09-22 5:06,,0.016112903,7.26E-07,5:06,5,180922,0,
2018-09-22 5:07,,0.016112903,7.26E-07,5:07,5,180922,0,
2018-09-22 5:08,,0.016112903,7.26E-07,5:08,5,180922,0,
2018-09-22 5:09,,0.016112903,7.26E-07,5:09,5,180922,0,
2018-09-22 5:10,,0.016112903,7.26E-07,5:10,5,180922,0,
2018-09-22 5:11,,0.016112903,7.26E-07,5:11,5,180922,0,
2018-09-22 5:12,,0.016112903,7.26E-07,5:12,5,180922,0,
2018-09-22 5:13,,0.016112903,7.26E-07,5:13,5,180922,0,
2018-09-22 5:14,,0.016112903,7.26E-07,5:14,5,180922,0,
2018-09-22 5:15,,0.016112903,7.26E-07,5:15,5,180922,0,
2018-09-22 5:16,,0.016112903,7.26E-07,5:16,5,180922,0,
2018-09-22 5:17,,0.016112903,7.26E-07,5:17,5,180922,0,
2018-09-22 5:18,,0.016112903,7.26E-07,5:18,5,180922,0,
2018-09-22 5:19,,0.016112903,7.26E-07,5:19,5,180922,0,
2018-09-22 5:20,,0.016112903,7.26E-07,5:20,5,180922,0,
2018-09-22 5:21,,0.016112903,7.26E-07,5:21,5,180922,0,
2018-09-22 5:22,,0.016112903,7.26E-07,5:22,5,180922,0,
2018-09-22 5:23,,0.016112903,7.26E-07,5:23,5,180922,0,
2018-09-22 5:24,,0.016112903,7.26E-07,5:24,5,180922,0,
2018-09-22 5:25,,0.016112903,7.26E-07,5:25,5,180922,0,
2018-09-22 5:26,,0.016112903,7.26E-07,5:26,5,180922,0,
2018-09-22 5:27,,0.016112903,7.26E-07,5:27,5,180922,0,
2018-09-22 5:28,,0.016112903,7.26E-07,5:28,5,180922,0,
2018-09-22 5:29,,0.016112903,7.26E-07,5:29,5,180922,0,
2018-09-22 5:30,,0.016112903,7.26E-07,5:30,5,180922,0,
2018-09-22 5:31,,0.016112903,7.26E-07,5:31,5,180922,0,
2018-09-22 5:32,,0.016112903,7.26E-07,5:32,5,180922,0,
2018-09-22 5:33,,0.016112903,7.26E-07,5:33,5,180922,0,
2018-09-22 5:34,,0.016112903,7.26E-07,5:34,5,180922,0,
2018-09-22 5:35,,0.016112903,7.26E-07,5:35,5,180922,0,
2018-09-22 5:36,,0.016112903,7.26E-07,5:36,5,180922,0,
2018-09-22 5:37,,0.016112903,7.26E-07,5:37,5,180922,0,
2018-09-22 5:38,0.999,0.016112903,7.26E-07,5:38,5,180922,0,
2018-09-22 5:39,,0.015873016,0.000169628,5:39,5,180922,0,
2018-09-22 5:40,,0.015873016,7.26E-07,5:40,5,180922,0,
2018-09-22 5:41,,0.015873016,7.26E-07,5:41,5,180922,0,
2018-09-22 5:42,,0.015873016,7.26E-07,5:42,5,180922,0,
2018-09-22 5:43,,0.015873016,7.26E-07,5:43,5,180922,0,
2018-09-22 5:44,,0.015873016,7.26E-07,5:44,5,180922,0,
2018-09-22 5:45,,0.015873016,7.26E-07,5:45,5,180922,0,
2018-09-22 5:46,,0.015873016,7.26E-07,5:46,5,180922,0,
2018-09-22 5:47,,0.015873016,7.26E-07,5:47,5,180922,0,
2018-09-22 5:48,,0.015873016,7.26E-07,5:48,5,180922,0,
2018-09-22 5:49,,0.015873016,7.26E-07,5:49,5,180922,0,
2018-09-22 5:50,,0.015873016,7.26E-07,5:50,5,180922,0,
2018-09-22 5:51,,0.015873016,7.26E-07,5:51,5,180922,0,
2018-09-22 5:52,,0.015873016,7.26E-07,5:52,5,180922,0,
2018-09-22 5:53,,0.015873016,7.26E-07,5:53,5,180922,0,
2018-09-22 5:54,,0.015873016,7.26E-07,5:54,5,180922,0,
2018-09-22 5:55,,0.015873016,7.26E-07,5:55,5,180922,0,
2018-09-22 5:56,,0.015873016,7.26E-07,5:56,5,180922,0,
2018-09-22 5:57,,0.015873016,7.26E-07,5:57,5,180922,0,
2018-09-22 5:58,,0.015873016,7.26E-07,5:58,5,180922,0,
2018-09-22 5:59,,0.015873016,7.26E-07,5:59,5,180922,0,
2018-09-22 6:00,,0.015873016,7.26E-07,6:00,5,180922,0,
2018-09-22 6:01,,0.015873016,7.26E-07,6:01,5,180922,0,
2018-09-22 6:02,,0.015873016,7.26E-07,6:02,5,180922,0,
2018-09-22 6:03,,0.015873016,7.26E-07,6:03,5,180922,0,
2018-09-22 6:04,,0.015873016,7.26E-07,6:04,5,180922,0,
2018-09-22 6:05,,0.015873016,7.26E-07,6:05,5,180922,0,
2018-09-22 6:06,,0.015873016,7.26E-07,6:06,5,180922,0,
2018-09-22 6:07,,0.015873016,7.26E-07,6:07,5,180922,0,
2018-09-22 6:08,,0.015873016,7.26E-07,6:08,5,180922,0,
2018-09-22 6:09,,0.015873016,7.26E-07,6:09,5,180922,0,
2018-09-22 6:10,,0.015873016,7.26E-07,6:10,5,180922,0,
2018-09-22 6:11,,0.015873016,7.26E-07,6:11,5,180922,0,
2018-09-22 6:12,,0.015873016,7.26E-07,6:12,5,180922,0,
2018-09-22 6:13,,0.015873016,7.26E-07,6:13,5,180922,0,
2018-09-22 6:14,,0.015873016,7.26E-07,6:14,5,180922,0,
2018-09-22 6:15,,0.015873016,7.26E-07,6:15,5,180922,0,
2018-09-22 6:16,,0.015873016,7.26E-07,6:16,5,180922,0,
2018-09-22 6:17,,0.015873016,7.26E-07,6:17,5,180922,0,
2018-09-22 6:18,,0.015873016,7.26E-07,6:18,5,180922,0,
2018-09-22 6:19,,0.015873016,7.26E-07,6:19,5,180922,0,
2018-09-22 6:20,,0.015873016,7.26E-07,6:20,5,180922,0,
2018-09-22 6:21,,0.015873016,7.26E-07,6:21,5,180922,0,
2018-09-22 6:22,,0.015873016,7.26E-07,6:22,5,180922,0,
2018-09-22 6:23,,0.015873016,7.26E-07,6:23,5,180922,0,
2018-09-22 6:24,,0.015873016,7.26E-07,6:24,5,180922,0,
2018-09-22 6:25,,0.015873016,7.26E-07,6:25,5,180922,0,
2018-09-22 6:26,,0.015873016,7.26E-07,6:26,5,180922,0,
2018-09-22 6:27,,0.015873016,7.26E-07,6:27,5,180922,0,
2018-09-22 6:28,,0.015873016,7.26E-07,6:28,5,180922,0,
2018-09-22 6:29,,0.015873016,7.26E-07,6:29,5,180922,0,
2018-09-22 6:30,,0.015873016,7.26E-07,6:30,5,180922,0,
2018-09-22 6:31,,0.015873016,7.26E-07,6:31,5,180922,0,
2018-09-22 6:32,,0.015873016,7.26E-07,6:32,5,180922,0,
2018-09-22 6:33,,0.015873016,7.26E-07,6:33,5,180922,0,
2018-09-22 6:34,,0.015873016,7.26E-07,6:34,5,180922,0,
2018-09-22 6:35,,0.015873016,7.26E-07,6:35,5,180922,0,
2018-09-22 6:36,,0.015873016,7.26E-07,6:36,5,180922,0,
2018-09-22 6:37,,0.015873016,7.26E-07,6:37,5,180922,0,
2018-09-22 6:38,,0.015873016,7.26E-07,6:38,5,180922,0,
2018-09-22 6:39,,0.015873016,7.26E-07,6:39,5,180922,0,
2018-09-22 6:40,,0.015873016,7.26E-07,6:40,5,180922,0,
2018-09-22 6:41,1,0.015873016,7.26E-07,6:41,5,180922,0,
2018-09-22 6:42,,0.016112903,0.000169628,6:42,5,180922,0,
2018-09-22 6:43,,0.016112903,7.26E-07,6:43,5,180922,0,
2018-09-22 6:44,,0.016112903,7.26E-07,6:44,5,180922,0,
2018-09-22 6:45,,0.016112903,7.26E-07,6:45,5,180922,0,
2018-09-22 6:46,,0.016112903,7.26E-07,6:46,5,180922,0,
2018-09-22 6:47,,0.016112903,7.26E-07,6:47,5,180922,0,
2018-09-22 6:48,,0.016112903,7.26E-07,6:48,5,180922,0,
2018-09-22 6:49,,0.016112903,7.26E-07,6:49,5,180922,0,
2018-09-22 6:50,,0.016112903,7.26E-07,6:50,5,180922,0,
2018-09-22 6:51,,0.016112903,7.26E-07,6:51,5,180922,0,
2018-09-22 6:52,,0.016112903,7.26E-07,6:52,5,180922,0,
2018-09-22 6:53,,0.016112903,7.26E-07,6:53,5,180922,0,
2018-09-22 6:54,,0.016112903,7.26E-07,6:54,5,180922,0,
2018-09-22 6:55,,0.016112903,7.26E-07,6:55,5,180922,0,
2018-09-22 6:56,,0.016112903,7.26E-07,6:56,5,180922,0,
2018-09-22 6:57,,0.016112903,7.26E-07,6:57,5,180922,0,
2018-09-22 6:58,,0.016112903,7.26E-07,6:58,5,180922,0,
2018-09-22 6:59,,0.016112903,7.26E-07,6:59,5,180922,0,
2018-09-22 7:00,,0.016112903,7.26E-07,7:00,5,180922,0,
2018-09-22 7:01,,0.016112903,7.26E-07,7:01,5,180922,0,
2018-09-22 7:02,,0.016112903,7.26E-07,7:02,5,180922,0,
2018-09-22 7:03,,0.016112903,7.26E-07,7:03,5,180922,0,
2018-09-22 7:04,,0.016112903,7.26E-07,7:04,5,180922,0,
2018-09-22 7:05,,0.016112903,7.26E-07,7:05,5,180922,0,
2018-09-22 7:06,,0.016112903,7.26E-07,7:06,5,180922,0,
2018-09-22 7:07,,0.016112903,7.26E-07,7:07,5,180922,0,
2018-09-22 7:08,,0.016112903,7.26E-07,7:08,5,180922,0,
2018-09-22 7:09,,0.016112903,7.26E-07,7:09,5,180922,0,
2018-09-22 7:10,,0.016112903,7.26E-07,7:10,5,180922,0,
2018-09-22 7:11,,0.016112903,7.26E-07,7:11,5,180922,0,
2018-09-22 7:12,,0.016112903,7.26E-07,7:12,5,180922,0,
2018-09-22 7:13,,0.016112903,7.26E-07,7:13,5,180922,0,
2018-09-22 7:14,,0.016112903,7.26E-07,7:14,5,180922,0,
2018-09-22 7:15,,0.016112903,7.26E-07,7:15,5,180922,0,
2018-09-22 7:16,,0.016112903,7.26E-07,7:16,5,180922,0,
2018-09-22 7:17,,0.016112903,7.26E-07,7:17,5,180922,0,
2018-09-22 7:18,,0.016112903,7.26E-07,7:18,5,180922,0,
2018-09-22 7:19,,0.016112903,7.26E-07,7:19,5,180922,0,
2018-09-22 7:20,,0.016112903,7.26E-07,7:20,5,180922,0,
2018-09-22 7:21,,0.016112903,7.26E-07,7:21,5,180922,0,
2018-09-22 7:22,,0.016112903,7.26E-07,7:22,5,180922,0,
2018-09-22 7:23,,0.016112903,7.26E-07,7:23,5,180922,0,
2018-09-22 7:24,,0.016112903,7.26E-07,7:24,5,180922,0,
2018-09-22 7:25,,0.016112903,7.26E-07,7:25,5,180922,0,
2018-09-22 7:26,,0.016112903,7.26E-07,7:26,5,180922,0,
2018-09-22 7:27,,0.016112903,7.26E-07,7:27,5,180922,0,
2018-09-22 7:28,,0.016112903,7.26E-07,7:28,5,180922,0,
2018-09-22 7:29,,0.016112903,7.26E-07,7:29,5,180922,0,
2018-09-22 7:30,,0.016112903,7.26E-07,7:30,5,180922,0,
2018-09-22 7:31,,0.016112903,7.26E-07,7:31,5,180922,0,
2018-09-22 7:32,,0.016112903,7.26E-07,7:32,5,180922,0,
2018-09-22 7:33,,0.016112903,7.26E-07,7:33,5,180922,0,
2018-09-22 7:34,,0.016112903,7.26E-07,7:34,5,180922,0,
2018-09-22 7:35,,0.016112903,7.26E-07,7:35,5,180922,0,
2018-09-22 7:36,,0.016112903,7.26E-07,7:36,5,180922,0,
2018-09-22 7:37,,0.016112903,7.26E-07,7:37,5,180922,0,
2018-09-22 7:38,,0.016112903,7.26E-07,7:38,5,180922,0,
2018-09-22 7:39,,0.016112903,7.26E-07,7:39,5,180922,0,
2018-09-22 7:40,,0.016112903,7.26E-07,7:40,5,180922,0,
2018-09-22 7:41,,0.016112903,7.26E-07,7:41,5,180922,0,
2018-09-22 7:42,,0.016112903,7.26E-07,7:42,5,180922,0,
2018-09-22 7:43,0.999,0.016112903,7.26E-07,7:43,5,180922,0,
2018-09-22 7:44,,0.016129032,1.14E-05,7:44,5,180922,0,
2018-09-22 7:45,,0.016129032,7.26E-07,7:45,5,180922,0,
2018-09-22 7:46,,0.016129032,7.26E-07,7:46,5,180922,0,
2018-09-22 7:47,,0.016129032,7.26E-07,7:47,5,180922,0,
2018-09-22 7:48,,0.016129032,7.26E-07,7:48,5,180922,0,
2018-09-22 7:49,,0.016129032,7.26E-07,7:49,5,180922,0,
2018-09-22 7:50,,0.016129032,7.26E-07,7:50,5,180922,0,
2018-09-22 7:51,,0.016129032,7.26E-07,7:51,5,180922,0,
2018-09-22 7:52,,0.016129032,7.26E-07,7:52,5,180922,0,
2018-09-22 7:53,,0.016129032,7.26E-07,7:53,5,180922,0,
2018-09-22 7:54,,0.016129032,7.26E-07,7:54,5,180922,0,
2018-09-22 7:55,,0.016129032,7.26E-07,7:55,5,180922,0,
2018-09-22 7:56,,0.016129032,7.26E-07,7:56,5,180922,0,
2018-09-22 7:57,,0.016129032,7.26E-07,7:57,5,180922,0,
2018-09-22 7:58,,0.016129032,7.26E-07,7:58,5,180922,0,
2018-09-22 7:59,,0.016129032,7.26E-07,7:59,5,180922,0,
2018-09-22 8:00,,0.016129032,7.26E-07,8:00,5,180922,0,
2018-09-22 8:01,,0.016129032,7.26E-07,8:01,5,180922,0,
2018-09-22 8:02,,0.016129032,7.26E-07,8:02,5,180922,0,
2018-09-22 8:03,,0.016129032,7.26E-07,8:03,5,180922,0,
2018-09-22 8:04,,0.016129032,7.26E-07,8:04,5,180922,0,
2018-09-22 8:05,,0.016129032,7.26E-07,8:05,5,180922,0,
2018-09-22 8:06,,0.016129032,7.26E-07,8:06,5,180922,0,
2018-09-22 8:07,,0.016129032,7.26E-07,8:07,5,180922,0,
2018-09-22 8:08,,0.016129032,7.26E-07,8:08,5,180922,0,
2018-09-22 8:09,,0.016129032,7.26E-07,8:09,5,180922,0,
2018-09-22 8:10,,0.016129032,7.26E-07,8:10,5,180922,0,
2018-09-22 8:11,,0.016129032,7.26E-07,8:11,5,180922,0,
2018-09-22 8:12,,0.016129032,7.26E-07,8:12,5,180922,0,
2018-09-22 8:13,,0.016129032,7.26E-07,8:13,5,180922,0,
2018-09-22 8:14,,0.016129032,7.26E-07,8:14,5,180922,0,
2018-09-22 8:15,,0.016129032,7.26E-07,8:15,5,180922,0,
2018-09-22 8:16,,0.016129032,7.26E-07,8:16,5,180922,0,
2018-09-22 8:17,,0.016129032,7.26E-07,8:17,5,180922,0,
2018-09-22 8:18,,0.016129032,7.26E-07,8:18,5,180922,0,
2018-09-22 8:19,,0.016129032,7.26E-07,8:19,5,180922,0,
2018-09-22 8:20,,0.016129032,7.26E-07,8:20,5,180922,0,
2018-09-22 8:21,,0.016129032,7.26E-07,8:21,5,180922,0,
2018-09-22 8:22,,0.016129032,7.26E-07,8:22,5,180922,0,
2018-09-22 8:23,,0.016129032,7.26E-07,8:23,5,180922,0,
2018-09-22 8:24,,0.016129032,7.26E-07,8:24,5,180922,0,
2018-09-22 8:25,,0.016129032,7.26E-07,8:25,5,180922,0,
2018-09-22 8:26,,0.016129032,7.26E-07,8:26,5,180922,0,
2018-09-22 8:27,,0.016129032,7.26E-07,8:27,5,180922,0,
2018-09-22 8:28,,0.016129032,7.26E-07,8:28,5,180922,0,
2018-09-22 8:29,,0.016129032,7.26E-07,8:29,5,180922,0,
2018-09-22 8:30,,0.016129032,7.26E-07,8:30,5,180922,0,
2018-09-22 8:31,,0.016129032,7.26E-07,8:31,5,180922,0,
2018-09-22 8:32,,0.016129032,7.26E-07,8:32,5,180922,0,
2018-09-22 8:33,,0.016129032,7.26E-07,8:33,5,180922,0,
2018-09-22 8:34,,0.016129032,7.26E-07,8:34,5,180922,0,
2018-09-22 8:35,,0.016129032,7.26E-07,8:35,5,180922,0,
2018-09-22 8:36,,0.016129032,7.26E-07,8:36,5,180922,0,
2018-09-22 8:37,,0.016129032,7.26E-07,8:37,5,180922,0,
2018-09-22 8:38,,0.016129032,7.26E-07,8:38,5,180922,0,
2018-09-22 8:39,,0.016129032,7.26E-07,8:39,5,180922,0,
2018-09-22 8:40,,0.016129032,7.26E-07,8:40,5,180922,0,
2018-09-22 8:41,,0.016129032,7.26E-07,8:41,5,180922,0,
2018-09-22 8:42,,0.016129032,7.26E-07,8:42,5,180922,0,
2018-09-22 8:43,,0.016129032,7.26E-07,8:43,5,180922,0,
2018-09-22 8:44,,0.016129032,7.26E-07,8:44,5,180922,0,
2018-09-22 8:45,1,0.016129032,7.26E-07,8:45,5,180922,0,
2018-09-22 8:46,,0.016129032,7.26E-07,8:46,5,180922,0,
2018-09-22 8:47,,0.016129032,7.26E-07,8:47,5,180922,0,
2018-09-22 8:48,,0.016129032,7.26E-07,8:48,5,180922,0,
2018-09-22 8:49,,0.016129032,7.26E-07,8:49,5,180922,0,
2018-09-22 8:50,,0.016129032,7.26E-07,8:50,5,180922,0,
2018-09-22 8:51,,0.016129032,7.26E-07,8:51,5,180922,0,
2018-09-22 8:52,,0.016129032,7.26E-07,8:52,5,180922,0,
2018-09-22 8:53,,0.016129032,7.26E-07,8:53,5,180922,0,
2018-09-22 8:54,,0.016129032,7.26E-07,8:54,5,180922,0,
2018-09-22 8:55,,0.016129032,7.26E-07,8:55,5,180922,0,
2018-09-22 8:56,,0.016129032,7.26E-07,8:56,5,180922,0,
2018-09-22 8:57,,0.016129032,7.26E-07,8:57,5,180922,0,
2018-09-22 8:58,,0.016129032,7.26E-07,8:58,5,180922,0,
2018-09-22 8:59,,0.016129032,7.26E-07,8:59,5,180922,0,
2018-09-22 9:00,,0.016129032,7.26E-07,9:00,5,180922,0,
2018-09-22 9:01,,0.016129032,7.26E-07,9:01,5,180922,0,
2018-09-22 9:02,,0.016129032,7.26E-07,9:02,5,180922,0,
2018-09-22 9:03,,0.016129032,7.26E-07,9:03,5,180922,0,
2018-09-22 9:04,,0.016129032,7.26E-07,9:04,5,180922,0,
2018-09-22 9:05,,0.016129032,7.26E-07,9:05,5,180922,0,
2018-09-22 9:06,,0.016129032,7.26E-07,9:06,5,180922,0,
2018-09-22 9:07,,0.016129032,7.26E-07,9:07,5,180922,0,
2018-09-22 9:08,,0.016129032,7.26E-07,9:08,5,180922,0,
2018-09-22 9:09,,0.016129032,7.26E-07,9:09,5,180922,0,
2018-09-22 9:10,,0.016129032,7.26E-07,9:10,5,180922,0,
2018-09-22 9:11,,0.016129032,7.26E-07,9:11,5,180922,0,
2018-09-22 9:12,,0.016129032,7.26E-07,9:12,5,180922,0,
2018-09-22 9:13,,0.016129032,7.26E-07,9:13,5,180922,0,
2018-09-22 9:14,,0.016129032,7.26E-07,9:14,5,180922,0,
2018-09-22 9:15,,0.016129032,7.26E-07,9:15,5,180922,0,
2018-09-22 9:16,,0.016129032,7.26E-07,9:16,5,180922,0,
2018-09-22 9:17,,0.016129032,7.26E-07,9:17,5,180922,0,
2018-09-22 9:18,,0.016129032,7.26E-07,9:18,5,180922,0,
2018-09-22 9:19,,0.016129032,7.26E-07,9:19,5,180922,0,
2018-09-22 9:20,,0.016129032,7.26E-07,9:20,5,180922,0,
2018-09-22 9:21,,0.016129032,7.26E-07,9:21,5,180922,0,
2018-09-22 9:22,,0.016129032,7.26E-07,9:22,5,180922,0,
2018-09-22 9:23,,0.016129032,7.26E-07,9:23,5,180922,0,
2018-09-22 9:24,,0.016129032,7.26E-07,9:24,5,180922,0,
2018-09-22 9:25,,0.016129032,7.26E-07,9:25,5,180922,0,
2018-09-22 9:26,,0.016129032,7.26E-07,9:26,5,180922,0,
2018-09-22 9:27,,0.016129032,7.26E-07,9:27,5,180922,0,
2018-09-22 9:28,,0.016129032,7.26E-07,9:28,5,180922,0,
2018-09-22 9:29,,0.016129032,7.26E-07,9:29,5,180922,0,
2018-09-22 9:30,,0.016129032,7.26E-07,9:30,5,180922,0,
2018-09-22 9:31,,0.016129032,7.26E-07,9:31,5,180922,0,
2018-09-22 9:32,,0.016129032,7.26E-07,9:32,5,180922,0,
2018-09-22 9:33,,0.016129032,7.26E-07,9:33,5,180922,0,
2018-09-22 9:34,,0.016129032,7.26E-07,9:34,5,180922,0,
2018-09-22 9:35,,0.016129032,7.26E-07,9:35,5,180922,0,
2018-09-22 9:36,,0.016129032,7.26E-07,9:36,5,180922,0,
2018-09-22 9:37,,0.016129032,7.26E-07,9:37,5,180922,0,
2018-09-22 9:38,,0.016129032,7.26E-07,9:38,5,180922,0,
2018-09-22 9:39,,0.016129032,7.26E-07,9:39,5,180922,0,
2018-09-22 9:40,,0.016129032,7.26E-07,9:40,5,180922,0,
2018-09-22 9:41,,0.016129032,7.26E-07,9:41,5,180922,0,
2018-09-22 9:42,,0.016129032,7.26E-07,9:42,5,180922,0,
2018-09-22 9:43,,0.016129032,7.26E-07,9:43,5,180922,0,
2018-09-22 9:44,,0.016129032,7.26E-07,9:44,5,180922,0,
2018-09-22 9:45,,0.016129032,7.26E-07,9:45,5,180922,0,
2018-09-22 9:46,,0.016129032,7.26E-07,9:46,5,180922,0,
2018-09-22 9:47,1,0.016129032,7.26E-07,9:47,5,180922,0,
2018-09-22 9:48,,0.016112903,1.14E-05,9:48,5,180922,0,
2018-09-22 9:49,,0.016112903,7.26E-07,9:49,5,180922,0,
2018-09-22 9:50,,0.016112903,7.26E-07,9:50,5,180922,0,
2018-09-22 9:51,,0.016112903,7.26E-07,9:51,5,180922,0,
2018-09-22 9:52,,0.016112903,7.26E-07,9:52,5,180922,0,
2018-09-22 9:53,,0.016112903,7.26E-07,9:53,5,180922,0,
2018-09-22 9:54,,0.016112903,7.26E-07,9:54,5,180922,0,
2018-09-22 9:55,,0.016112903,7.26E-07,9:55,5,180922,0,
2018-09-22 9:56,,0.016112903,7.26E-07,9:56,5,180922,0,
2018-09-22 9:57,,0.016112903,7.26E-07,9:57,5,180922,0,
2018-09-22 9:58,,0.016112903,7.26E-07,9:58,5,180922,0,
2018-09-22 9:59,,0.016112903,7.26E-07,9:59,5,180922,0,
2018-09-22 10:00,,0.016112903,7.26E-07,10:00,5,180922,0,
2018-09-22 10:01,,0.016112903,7.26E-07,10:01,5,180922,0,
2018-09-22 10:02,,0.016112903,7.26E-07,10:02,5,180922,0,
2018-09-22 10:03,,0.016112903,7.26E-07,10:03,5,180922,0,
2018-09-22 10:04,,0.016112903,7.26E-07,10:04,5,180922,0,
2018-09-22 10:05,,0.016112903,7.26E-07,10:05,5,180922,0,
2018-09-22 10:06,,0.016112903,7.26E-07,10:06,5,180922,0,
2018-09-22 10:07,,0.016112903,7.26E-07,10:07,5,180922,0,
2018-09-22 10:08,,0.016112903,7.26E-07,10:08,5,180922,0,
2018-09-22 10:09,,0.016112903,7.26E-07,10:09,5,180922,0,
2018-09-22 10:10,,0.016112903,7.26E-07,10:10,5,180922,0,
2018-09-22 10:11,,0.016112903,7.26E-07,10:11,5,180922,0,
2018-09-22 10:12,,0.016112903,7.26E-07,10:12,5,180922,0,
2018-09-22 10:13,,0.016112903,7.26E-07,10:13,5,180922,0,
2018-09-22 10:14,,0.016112903,7.26E-07,10:14,5,180922,0,
2018-09-22 10:15,,0.016112903,7.26E-07,10:15,5,180922,0,
2018-09-22 10:16,,0.016112903,7.26E-07,10:16,5,180922,0,
2018-09-22 10:17,,0.016112903,7.26E-07,10:17,5,180922,0,
2018-09-22 10:18,,0.016112903,7.26E-07,10:18,5,180922,0,
2018-09-22 10:19,,0.016112903,7.26E-07,10:19,5,180922,0,
2018-09-22 10:20,,0.016112903,7.26E-07,10:20,5,180922,0,
2018-09-22 10:21,,0.016112903,7.26E-07,10:21,5,180922,0,
2018-09-22 10:22,,0.016112903,7.26E-07,10:22,5,180922,0,
2018-09-22 10:23,,0.016112903,7.26E-07,10:23,5,180922,0,
2018-09-22 10:24,,0.016112903,7.26E-07,10:24,5,180922,0,
2018-09-22 10:25,,0.016112903,7.26E-07,10:25,5,180922,0,
2018-09-22 10:26,,0.016112903,7.26E-07,10:26,5,180922,0,
2018-09-22 10:27,,0.016112903,7.26E-07,10:27,5,180922,0,
2018-09-22 10:28,,0.016112903,7.26E-07,10:28,5,180922,0,
2018-09-22 10:29,,0.016112903,7.26E-07,10:29,5,180922,0,
2018-09-22 10:30,,0.016112903,7.26E-07,10:30,5,180922,0,
2018-09-22 10:31,,0.016112903,7.26E-07,10:31,5,180922,0,
2018-09-22 10:32,,0.016112903,7.26E-07,10:32,5,180922,0,
2018-09-22 10:33,,0.016112903,7.26E-07,10:33,5,180922,0,
2018-09-22 10:34,,0.016112903,7.26E-07,10:34,5,180922,0,
2018-09-22 10:35,,0.016112903,7.26E-07,10:35,5,180922,0,
2018-09-22 10:36,,0.016112903,7.26E-07,10:36,5,180922,0,
2018-09-22 10:37,,0.016112903,7.26E-07,10:37,5,180922,0,
2018-09-22 10:38,,0.016112903,7.26E-07,10:38,5,180922,0,
2018-09-22 10:39,,0.016112903,7.26E-07,10:39,5,180922,0,
2018-09-22 10:40,,0.016112903,7.26E-07,10:40,5,180922,0,
2018-09-22 10:41,,0.016112903,7.26E-07,10:41,5,180922,0,
2018-09-22 10:42,,0.016112903,7.26E-07,10:42,5,180922,0,
2018-09-22 10:43,,0.016112903,7.26E-07,10:43,5,180922,0,
2018-09-22 10:44,,0.016112903,7.26E-07,10:44,5,180922,0,
2018-09-22 10:45,,0.016112903,7.26E-07,10:45,5,180922,0,
2018-09-22 10:46,,0.016112903,7.26E-07,10:46,5,180922,0,
2018-09-22 10:47,,0.016112903,7.26E-07,10:47,5,180922,0,
2018-09-22 10:48,,0.016112903,7.26E-07,10:48,5,180922,0,
2018-09-22 10:49,0.999,0.016112903,7.26E-07,10:49,5,180922,0,
2018-09-22 10:50,,0.016129032,1.14E-05,10:50,5,180922,0,
2018-09-22 10:51,,0.016129032,7.26E-07,10:51,5,180922,0,
2018-09-22 10:52,,0.016129032,7.26E-07,10:52,5,180922,0,
2018-09-22 10:53,,0.016129032,7.26E-07,10:53,5,180922,0,
2018-09-22 10:54,,0.016129032,7.26E-07,10:54,5,180922,0,
2018-09-22 10:55,,0.016129032,7.26E-07,10:55,5,180922,0,
2018-09-22 10:56,,0.016129032,7.26E-07,10:56,5,180922,0,
2018-09-22 10:57,,0.016129032,7.26E-07,10:57,5,180922,0,
2018-09-22 10:58,,0.016129032,7.26E-07,10:58,5,180922,0,
2018-09-22 10:59,,0.016129032,7.26E-07,10:59,5,180922,0,
2018-09-22 11:00,,0.016129032,7.26E-07,11:00,5,180922,0,
2018-09-22 11:01,,0.016129032,7.26E-07,11:01,5,180922,0,
2018-09-22 11:02,,0.016129032,7.26E-07,11:02,5,180922,0,
2018-09-22 11:03,,0.016129032,7.26E-07,11:03,5,180922,0,
2018-09-22 11:04,,0.016129032,7.26E-07,11:04,5,180922,0,
2018-09-22 11:05,,0.016129032,7.26E-07,11:05,5,180922,0,
2018-09-22 11:06,,0.016129032,7.26E-07,11:06,5,180922,0,
2018-09-22 11:07,,0.016129032,7.26E-07,11:07,5,180922,0,
2018-09-22 11:08,,0.016129032,7.26E-07,11:08,5,180922,0,
2018-09-22 11:09,,0.016129032,7.26E-07,11:09,5,180922,0,
2018-09-22 11:10,,0.016129032,7.26E-07,11:10,5,180922,0,
2018-09-22 11:11,,0.016129032,7.26E-07,11:11,5,180922,0,
2018-09-22 11:12,,0.016129032,7.26E-07,11:12,5,180922,0,
2018-09-22 11:13,,0.016129032,7.26E-07,11:13,5,180922,0,
2018-09-22 11:14,,0.016129032,7.26E-07,11:14,5,180922,0,
2018-09-22 11:15,,0.016129032,7.26E-07,11:15,5,180922,0,
2018-09-22 11:16,,0.016129032,7.26E-07,11:16,5,180922,0,
2018-09-22 11:17,,0.016129032,7.26E-07,11:17,5,180922,0,
2018-09-22 11:18,,0.016129032,7.26E-07,11:18,5,180922,0,
2018-09-22 11:19,,0.016129032,7.26E-07,11:19,5,180922,0,
2018-09-22 11:20,,0.016129032,7.26E-07,11:20,5,180922,0,
2018-09-22 11:21,,0.016129032,7.26E-07,11:21,5,180922,0,
2018-09-22 11:22,,0.016129032,7.26E-07,11:22,5,180922,0,
2018-09-22 11:23,,0.016129032,7.26E-07,11:23,5,180922,0,
2018-09-22 11:24,,0.016129032,7.26E-07,11:24,5,180922,0,
2018-09-22 11:25,,0.016129032,7.26E-07,11:25,5,180922,0,
2018-09-22 11:26,,0.016129032,7.26E-07,11:26,5,180922,0,
2018-09-22 11:27,,0.016129032,7.26E-07,11:27,5,180922,0,
2018-09-22 11:28,,0.016129032,7.26E-07,11:28,5,180922,0,
2018-09-22 11:29,,0.016129032,7.26E-07,11:29,5,180922,0,
2018-09-22 11:30,,0.016129032,7.26E-07,11:30,5,180922,0,
2018-09-22 11:31,,0.016129032,7.26E-07,11:31,5,180922,0,
2018-09-22 11:32,,0.016129032,7.26E-07,11:32,5,180922,0,
2018-09-22 11:33,,0.016129032,7.26E-07,11:33,5,180922,0,
2018-09-22 11:34,,0.016129032,7.26E-07,11:34,5,180922,0,
2018-09-22 11:35,,0.016129032,7.26E-07,11:35,5,180922,0,
2018-09-22 11:36,,0.016129032,7.26E-07,11:36,5,180922,0,
2018-09-22 11:37,,0.016129032,7.26E-07,11:37,5,180922,0,
2018-09-22 11:38,,0.016129032,7.26E-07,11:38,5,180922,0,
2018-09-22 11:39,,0.016129032,7.26E-07,11:39,5,180922,0,
2018-09-22 11:40,,0.016129032,7.26E-07,11:40,5,180922,0,
2018-09-22 11:41,,0.016129032,7.26E-07,11:41,5,180922,0,
2018-09-22 11:42,,0.016129032,7.26E-07,11:42,5,180922,0,
2018-09-22 11:43,,0.016129032,7.26E-07,11:43,5,180922,0,
2018-09-22 11:44,,0.016129032,7.26E-07,11:44,5,180922,0,
2018-09-22 11:45,,0.016129032,7.26E-07,11:45,5,180922,0,
2018-09-22 11:46,,0.016129032,7.26E-07,11:46,5,180922,0,
2018-09-22 11:47,,0.016129032,7.26E-07,11:47,5,180922,0,
2018-09-22 11:48,,0.016129032,7.26E-07,11:48,5,180922,0,
2018-09-22 11:49,,0.016129032,7.26E-07,11:49,5,180922,0,
2018-09-22 11:50,,0.016129032,7.26E-07,11:50,5,180922,0,
2018-09-22 11:51,1,0.016129032,7.26E-07,11:51,5,180922,0,
2018-09-22 11:52,,0.015857143,0.000192256,11:52,5,180922,0,
2018-09-22 11:53,,0.015857143,7.26E-07,11:53,5,180922,0,
2018-09-22 11:54,,0.015857143,7.26E-07,11:54,5,180922,0,
2018-09-22 11:55,,0.015857143,7.26E-07,11:55,5,180922,0,
2018-09-22 11:56,,0.015857143,7.26E-07,11:56,5,180922,0,
2018-09-22 11:57,,0.015857143,7.26E-07,11:57,5,180922,0,
2018-09-22 11:58,,0.015857143,7.26E-07,11:58,5,180922,0,
2018-09-22 11:59,,0.015857143,7.26E-07,11:59,5,180922,0,
2018-09-22 12:00,,0.015857143,7.26E-07,12:00,5,180922,0,
2018-09-22 12:01,,0.015857143,7.26E-07,12:01,5,180922,0,
2018-09-22 12:02,,0.015857143,7.26E-07,12:02,5,180922,0,
2018-09-22 12:03,,0.015857143,7.26E-07,12:03,5,180922,0,
2018-09-22 12:04,,0.015857143,7.26E-07,12:04,5,180922,0,
2018-09-22 12:05,,0.015857143,7.26E-07,12:05,5,180922,0,
2018-09-22 12:06,,0.015857143,7.26E-07,12:06,5,180922,0,
2018-09-22 12:07,,0.015857143,7.26E-07,12:07,5,180922,0,
2018-09-22 12:08,,0.015857143,7.26E-07,12:08,5,180922,0,
2018-09-22 12:09,,0.015857143,7.26E-07,12:09,5,180922,0,
2018-09-22 12:10,,0.015857143,7.26E-07,12:10,5,180922,0,
2018-09-22 12:11,,0.015857143,7.26E-07,12:11,5,180922,0,
2018-09-22 12:12,,0.015857143,7.26E-07,12:12,5,180922,0,
2018-09-22 12:13,,0.015857143,7.26E-07,12:13,5,180922,0,
2018-09-22 12:14,,0.015857143,7.26E-07,12:14,5,180922,0,
2018-09-22 12:15,,0.015857143,7.26E-07,12:15,5,180922,0,
2018-09-22 12:16,,0.015857143,7.26E-07,12:16,5,180922,0,
2018-09-22 12:17,,0.015857143,7.26E-07,12:17,5,180922,0,
2018-09-22 12:18,,0.015857143,7.26E-07,12:18,5,180922,0,
2018-09-22 12:19,,0.015857143,7.26E-07,12:19,5,180922,0,
2018-09-22 12:20,,0.015857143,7.26E-07,12:20,5,180922,0,
2018-09-22 12:21,,0.015857143,7.26E-07,12:21,5,180922,0,
2018-09-22 12:22,,0.015857143,7.26E-07,12:22,5,180922,0,
2018-09-22 12:23,,0.015857143,7.26E-07,12:23,5,180922,0,
2018-09-22 12:24,,0.015857143,7.26E-07,12:24,5,180922,0,
2018-09-22 12:25,,0.015857143,7.26E-07,12:25,5,180922,0,
2018-09-22 12:26,,0.015857143,7.26E-07,12:26,5,180922,0,
2018-09-22 12:27,,0.015857143,7.26E-07,12:27,5,180922,0,
2018-09-22 12:28,,0.015857143,7.26E-07,12:28,5,180922,0,
2018-09-22 12:29,,0.015857143,7.26E-07,12:29,5,180922,0,
2018-09-22 12:30,,0.015857143,7.26E-07,12:30,5,180922,0,
2018-09-22 12:31,,0.015857143,7.26E-07,12:31,5,180922,0,
2018-09-22 12:32,,0.015857143,7.26E-07,12:32,5,180922,0,
2018-09-22 12:33,,0.015857143,7.26E-07,12:33,5,180922,0,
2018-09-22 12:34,,0.015857143,7.26E-07,12:34,5,180922,0,
2018-09-22 12:35,,0.015857143,7.26E-07,12:35,5,180922,0,
2018-09-22 12:36,,0.015857143,7.26E-07,12:36,5,180922,0,
2018-09-22 12:37,,0.015857143,7.26E-07,12:37,5,180922,0,
2018-09-22 12:38,,0.015857143,7.26E-07,12:38,5,180922,0,
2018-09-22 12:39,,0.015857143,7.26E-07,12:39,5,180922,0,
2018-09-22 12:40,,0.015857143,7.26E-07,12:40,5,180922,0,
2018-09-22 12:41,,0.015857143,7.26E-07,12:41,5,180922,0,
2018-09-22 12:42,,0.015857143,7.26E-07,12:42,5,180922,0,
2018-09-22 12:43,,0.015857143,7.26E-07,12:43,5,180922,0,
2018-09-22 12:44,,0.015857143,7.26E-07,12:44,5,180922,0,
2018-09-22 12:45,,0.015857143,7.26E-07,12:45,5,180922,0,
2018-09-22 12:46,,0.015857143,7.26E-07,12:46,5,180922,0,
2018-09-22 12:47,,0.015857143,7.26E-07,12:47,5,180922,0,
2018-09-22 12:48,,0.015857143,7.26E-07,12:48,5,180922,0,
2018-09-22 12:49,,0.015857143,7.26E-07,12:49,5,180922,0,
2018-09-22 12:50,,0.015857143,7.26E-07,12:50,5,180922,0,
2018-09-22 12:51,,0.015857143,7.26E-07,12:51,5,180922,0,
2018-09-22 12:52,,0.015857143,7.26E-07,12:52,5,180922,0,
2018-09-22 12:53,,0.015857143,7.26E-07,12:53,5,180922,0,
2018-09-22 12:54,0.999,0.015857143,7.26E-07,12:54,5,180922,0,
2018-09-22 12:55,,0.016129032,0.000192256,12:55,5,180922,0,
2018-09-22 12:56,,0.016129032,7.26E-07,12:56,5,180922,0,
2018-09-22 12:57,,0.016129032,7.26E-07,12:57,5,180922,0,
2018-09-22 12:58,,0.016129032,7.26E-07,12:58,5,180922,0,
2018-09-22 12:59,,0.016129032,7.26E-07,12:59,5,180922,0,
2018-09-22 13:00,,0.016129032,7.26E-07,13:00,5,180922,0,
2018-09-22 13:01,,0.016129032,7.26E-07,13:01,5,180922,0,
2018-09-22 13:02,,0.016129032,7.26E-07,13:02,5,180922,0,
2018-09-22 13:03,,0.016129032,7.26E-07,13:03,5,180922,0,
2018-09-22 13:04,,0.016129032,7.26E-07,13:04,5,180922,0,
2018-09-22 13:05,,0.016129032,7.26E-07,13:05,5,180922,0,
2018-09-22 13:06,,0.016129032,7.26E-07,13:06,5,180922,0,
2018-09-22 13:07,,0.016129032,7.26E-07,13:07,5,180922,0,
2018-09-22 13:08,,0.016129032,7.26E-07,13:08,5,180922,0,
2018-09-22 13:09,,0.016129032,7.26E-07,13:09,5,180922,0,
2018-09-22 13:10,,0.016129032,7.26E-07,13:10,5,180922,0,
2018-09-22 13:11,,0.016129032,7.26E-07,13:11,5,180922,0,
2018-09-22 13:12,,0.016129032,7.26E-07,13:12,5,180922,0,
2018-09-22 13:13,,0.016129032,7.26E-07,13:13,5,180922,0,
2018-09-22 13:14,,0.016129032,7.26E-07,13:14,5,180922,0,
2018-09-22 13:15,,0.016129032,7.26E-07,13:15,5,180922,0,
2018-09-22 13:16,,0.016129032,7.26E-07,13:16,5,180922,0,
2018-09-22 13:17,,0.016129032,7.26E-07,13:17,5,180922,0,
2018-09-22 13:18,,0.016129032,7.26E-07,13:18,5,180922,0,
2018-09-22 13:19,,0.016129032,7.26E-07,13:19,5,180922,0,
2018-09-22 13:20,,0.016129032,7.26E-07,13:20,5,180922,0,
2018-09-22 13:21,,0.016129032,7.26E-07,13:21,5,180922,0,
2018-09-22 13:22,,0.016129032,7.26E-07,13:22,5,180922,0,
2018-09-22 13:23,,0.016129032,7.26E-07,13:23,5,180922,0,
2018-09-22 13:24,,0.016129032,7.26E-07,13:24,5,180922,0,
2018-09-22 13:25,,0.016129032,7.26E-07,13:25,5,180922,0,
2018-09-22 13:26,,0.016129032,7.26E-07,13:26,5,180922,0,
2018-09-22 13:27,,0.016129032,7.26E-07,13:27,5,180922,0,
2018-09-22 13:28,,0.016129032,7.26E-07,13:28,5,180922,0,
2018-09-22 13:29,,0.016129032,7.26E-07,13:29,5,180922,0,
2018-09-22 13:30,,0.016129032,7.26E-07,13:30,5,180922,0,
2018-09-22 13:31,,0.016129032,7.26E-07,13:31,5,180922,0,
2018-09-22 13:32,,0.016129032,7.26E-07,13:32,5,180922,0,
2018-09-22 13:33,,0.016129032,7.26E-07,13:33,5,180922,0,
2018-09-22 13:34,,0.016129032,7.26E-07,13:34,5,180922,0,
2018-09-22 13:35,,0.016129032,7.26E-07,13:35,5,180922,0,
2018-09-22 13:36,,0.016129032,7.26E-07,13:36,5,180922,0,
2018-09-22 13:37,,0.016129032,7.26E-07,13:37,5,180922,0,
2018-09-22 13:38,,0.016129032,7.26E-07,13:38,5,180922,0,
2018-09-22 13:39,,0.016129032,7.26E-07,13:39,5,180922,0,
2018-09-22 13:40,,0.016129032,7.26E-07,13:40,5,180922,0,
2018-09-22 13:41,,0.016129032,7.26E-07,13:41,5,180922,0,
2018-09-22 13:42,,0.016129032,7.26E-07,13:42,5,180922,0,
2018-09-22 13:43,,0.016129032,7.26E-07,13:43,5,180922,0,
2018-09-22 13:44,,0.016129032,7.26E-07,13:44,5,180922,0,
2018-09-22 13:45,,0.016129032,7.26E-07,13:45,5,180922,0,
2018-09-22 13:46,,0.016129032,7.26E-07,13:46,5,180922,0,
2018-09-22 13:47,,0.016129032,7.26E-07,13:47,5,180922,0,
2018-09-22 13:48,,0.016129032,7.26E-07,13:48,5,180922,0,
2018-09-22 13:49,,0.016129032,7.26E-07,13:49,5,180922,0,
2018-09-22 13:50,,0.016129032,7.26E-07,13:50,5,180922,0,
2018-09-22 13:51,,0.016129032,7.26E-07,13:51,5,180922,0,
2018-09-22 13:52,,0.016129032,7.26E-07,13:52,5,180922,0,
2018-09-22 13:53,,0.016129032,7.26E-07,13:53,5,180922,0,
2018-09-22 13:54,,0.016129032,7.26E-07,13:54,5,180922,0,
2018-09-22 13:55,,0.016129032,7.26E-07,13:55,5,180922,0,
2018-09-22 13:56,1,0.016129032,7.26E-07,13:56,5,180922,0,
2018-09-22 13:57,,0.016112903,1.14E-05,13:57,5,180922,0,
2018-09-22 13:58,,0.016112903,7.26E-07,13:58,5,180922,0,
2018-09-22 13:59,,0.016112903,7.26E-07,13:59,5,180922,0,
2018-09-22 14:00,,0.016112903,7.26E-07,14:00,5,180922,0,
2018-09-22 14:01,,0.016112903,7.26E-07,14:01,5,180922,0,
2018-09-22 14:02,,0.016112903,7.26E-07,14:02,5,180922,0,
2018-09-22 14:03,,0.016112903,7.26E-07,14:03,5,180922,0,
2018-09-22 14:04,,0.016112903,7.26E-07,14:04,5,180922,0,
2018-09-22 14:05,,0.016112903,7.26E-07,14:05,5,180922,0,
2018-09-22 14:06,,0.016112903,7.26E-07,14:06,5,180922,0,
2018-09-22 14:07,,0.016112903,7.26E-07,14:07,5,180922,0,
2018-09-22 14:08,,0.016112903,7.26E-07,14:08,5,180922,0,
2018-09-22 14:09,,0.016112903,7.26E-07,14:09,5,180922,0,
2018-09-22 14:10,,0.016112903,7.26E-07,14:10,5,180922,0,
2018-09-22 14:11,,0.016112903,7.26E-07,14:11,5,180922,0,
2018-09-22 14:12,,0.016112903,7.26E-07,14:12,5,180922,0,
2018-09-22 14:13,,0.016112903,7.26E-07,14:13,5,180922,0,
2018-09-22 14:14,,0.016112903,7.26E-07,14:14,5,180922,0,
2018-09-22 14:15,,0.016112903,7.26E-07,14:15,5,180922,0,
2018-09-22 14:16,,0.016112903,7.26E-07,14:16,5,180922,0,
2018-09-22 14:17,,0.016112903,7.26E-07,14:17,5,180922,0,
2018-09-22 14:18,,0.016112903,7.26E-07,14:18,5,180922,0,
2018-09-22 14:19,,0.016112903,7.26E-07,14:19,5,180922,0,
2018-09-22 14:20,,0.016112903,7.26E-07,14:20,5,180922,0,
2018-09-22 14:21,,0.016112903,7.26E-07,14:21,5,180922,0,
2018-09-22 14:22,,0.016112903,7.26E-07,14:22,5,180922,0,
2018-09-22 14:23,,0.016112903,7.26E-07,14:23,5,180922,0,
2018-09-22 14:24,,0.016112903,7.26E-07,14:24,5,180922,0,
2018-09-22 14:25,,0.016112903,7.26E-07,14:25,5,180922,0,
2018-09-22 14:26,,0.016112903,7.26E-07,14:26,5,180922,0,
2018-09-22 14:27,,0.016112903,7.26E-07,14:27,5,180922,0,
2018-09-22 14:28,,0.016112903,7.26E-07,14:28,5,180922,0,
2018-09-22 14:29,,0.016112903,7.26E-07,14:29,5,180922,0,
2018-09-22 14:30,,0.016112903,7.26E-07,14:30,5,180922,0,
2018-09-22 14:31,,0.016112903,7.26E-07,14:31,5,180922,0,
2018-09-22 14:32,,0.016112903,7.26E-07,14:32,5,180922,0,
2018-09-22 14:33,,0.016112903,7.26E-07,14:33,5,180922,0,
2018-09-22 14:34,,0.016112903,7.26E-07,14:34,5,180922,0,
2018-09-22 14:35,,0.016112903,7.26E-07,14:35,5,180922,0,
2018-09-22 14:36,,0.016112903,7.26E-07,14:36,5,180922,0,
2018-09-22 14:37,,0.016112903,7.26E-07,14:37,5,180922,0,
2018-09-22 14:38,,0.016112903,7.26E-07,14:38,5,180922,0,
2018-09-22 14:39,,0.016112903,7.26E-07,14:39,5,180922,0,
2018-09-22 14:40,,0.016112903,7.26E-07,14:40,5,180922,0,
2018-09-22 14:41,,0.016112903,7.26E-07,14:41,5,180922,0,
2018-09-22 14:42,,0.016112903,7.26E-07,14:42,5,180922,0,
2018-09-22 14:43,,0.016112903,7.26E-07,14:43,5,180922,0,
2018-09-22 14:44,,0.016112903,7.26E-07,14:44,5,180922,0,
2018-09-22 14:45,,0.016112903,7.26E-07,14:45,5,180922,0,
2018-09-22 14:46,,0.016112903,7.26E-07,14:46,5,180922,0,
2018-09-22 14:47,,0.016112903,7.26E-07,14:47,5,180922,0,
2018-09-22 14:48,,0.016112903,7.26E-07,14:48,5,180922,0,
2018-09-22 14:49,,0.016112903,7.26E-07,14:49,5,180922,0,
2018-09-22 14:50,,0.016112903,7.26E-07,14:50,5,180922,0,
2018-09-22 14:51,,0.016112903,7.26E-07,14:51,5,180922,0,
2018-09-22 14:52,,0.016112903,7.26E-07,14:52,5,180922,0,
2018-09-22 14:53,,0.016112903,7.26E-07,14:53,5,180922,0,
2018-09-22 14:54,,0.016112903,7.26E-07,14:54,5,180922,0,
2018-09-22 14:55,,0.016112903,7.26E-07,14:55,5,180922,0,
2018-09-22 14:56,,0.016112903,7.26E-07,14:56,5,180922,0,
2018-09-22 14:57,,0.016112903,7.26E-07,14:57,5,180922,0,
2018-09-22 14:58,0.999,0.016112903,7.26E-07,14:58,5,180922,0,
2018-09-22 14:59,,0.016129032,1.14E-05,14:59,5,180922,0,
2018-09-22 15:00,,0.016129032,7.26E-07,15:00,5,180922,0,
2018-09-22 15:01,,0.016129032,7.26E-07,15:01,5,180922,0,
2018-09-22 15:02,,0.016129032,7.26E-07,15:02,5,180922,0,
2018-09-22 15:03,,0.016129032,7.26E-07,15:03,5,180922,0,
2018-09-22 15:04,,0.016129032,7.26E-07,15:04,5,180922,0,
2018-09-22 15:05,,0.016129032,7.26E-07,15:05,5,180922,0,
2018-09-22 15:06,,0.016129032,7.26E-07,15:06,5,180922,0,
2018-09-22 15:07,,0.016129032,7.26E-07,15:07,5,180922,0,
2018-09-22 15:08,,0.016129032,7.26E-07,15:08,5,180922,0,
2018-09-22 15:09,,0.016129032,7.26E-07,15:09,5,180922,0,
2018-09-22 15:10,,0.016129032,7.26E-07,15:10,5,180922,0,
2018-09-22 15:11,,0.016129032,7.26E-07,15:11,5,180922,0,
2018-09-22 15:12,,0.016129032,7.26E-07,15:12,5,180922,0,
2018-09-22 15:13,,0.016129032,7.26E-07,15:13,5,180922,0,
2018-09-22 15:14,,0.016129032,7.26E-07,15:14,5,180922,0,
2018-09-22 15:15,,0.016129032,7.26E-07,15:15,5,180922,0,
2018-09-22 15:16,,0.016129032,7.26E-07,15:16,5,180922,0,
2018-09-22 15:17,,0.016129032,7.26E-07,15:17,5,180922,0,
2018-09-22 15:18,,0.016129032,7.26E-07,15:18,5,180922,0,
2018-09-22 15:19,,0.016129032,7.26E-07,15:19,5,180922,0,
2018-09-22 15:20,,0.016129032,7.26E-07,15:20,5,180922,0,
2018-09-22 15:21,,0.016129032,7.26E-07,15:21,5,180922,0,
2018-09-22 15:22,,0.016129032,7.26E-07,15:22,5,180922,0,
2018-09-22 15:23,,0.016129032,7.26E-07,15:23,5,180922,0,
2018-09-22 15:24,,0.016129032,7.26E-07,15:24,5,180922,0,
2018-09-22 15:25,,0.016129032,7.26E-07,15:25,5,180922,0,
2018-09-22 15:26,,0.016129032,7.26E-07,15:26,5,180922,0,
2018-09-22 15:27,,0.016129032,7.26E-07,15:27,5,180922,0,
2018-09-22 15:28,,0.016129032,7.26E-07,15:28,5,180922,0,
2018-09-22 15:29,,0.016129032,7.26E-07,15:29,5,180922,0,
2018-09-22 15:30,,0.016129032,7.26E-07,15:30,5,180922,0,
2018-09-22 15:31,,0.016129032,7.26E-07,15:31,5,180922,0,
2018-09-22 15:32,,0.016129032,7.26E-07,15:32,5,180922,0,
2018-09-22 15:33,,0.016129032,7.26E-07,15:33,5,180922,0,
2018-09-22 15:34,,0.016129032,7.26E-07,15:34,5,180922,0,
2018-09-22 15:35,,0.016129032,7.26E-07,15:35,5,180922,0,
2018-09-22 15:36,,0.016129032,7.26E-07,15:36,5,180922,0,
2018-09-22 15:37,,0.016129032,7.26E-07,15:37,5,180922,0,
2018-09-22 15:38,,0.016129032,7.26E-07,15:38,5,180922,0,
2018-09-22 15:39,,0.016129032,7.26E-07,15:39,5,180922,0,
2018-09-22 15:40,,0.016129032,7.26E-07,15:40,5,180922,0,
2018-09-22 15:41,,0.016129032,7.26E-07,15:41,5,180922,0,
2018-09-22 15:42,,0.016129032,7.26E-07,15:42,5,180922,0,
2018-09-22 15:43,,0.016129032,7.26E-07,15:43,5,180922,0,
2018-09-22 15:44,,0.016129032,7.26E-07,15:44,5,180922,0,
2018-09-22 15:45,,0.016129032,7.26E-07,15:45,5,180922,0,
2018-09-22 15:46,,0.016129032,7.26E-07,15:46,5,180922,0,
2018-09-22 15:47,,0.016129032,7.26E-07,15:47,5,180922,0,
2018-09-22 15:48,,0.016129032,7.26E-07,15:48,5,180922,0,
2018-09-22 15:49,,0.016129032,7.26E-07,15:49,5,180922,0,
2018-09-22 15:50,,0.016129032,7.26E-07,15:50,5,180922,0,
2018-09-22 15:51,,0.016129032,7.26E-07,15:51,5,180922,0,
2018-09-22 15:52,,0.016129032,7.26E-07,15:52,5,180922,0,
2018-09-22 15:53,,0.016129032,7.26E-07,15:53,5,180922,0,
2018-09-22 15:54,,0.016129032,7.26E-07,15:54,5,180922,0,
2018-09-22 15:55,,0.016129032,7.26E-07,15:55,5,180922,0,
2018-09-22 15:56,,0.016129032,7.26E-07,15:56,5,180922,0,
2018-09-22 15:57,,0.016129032,7.26E-07,15:57,5,180922,0,
2018-09-22 15:58,,0.016129032,7.26E-07,15:58,5,180922,0,
2018-09-22 15:59,,0.016129032,7.26E-07,15:59,5,180922,0,
2018-09-22 16:00,1,0.016129032,7.26E-07,16:00,5,180922,0,
2018-09-22 16:01,,0.016129032,7.26E-07,16:01,5,180922,0,
2018-09-22 16:02,,0.016129032,7.26E-07,16:02,5,180922,0,
2018-09-22 16:03,,0.016129032,7.26E-07,16:03,5,180922,0,
2018-09-22 16:04,,0.016129032,7.26E-07,16:04,5,180922,0,
2018-09-22 16:05,,0.016129032,7.26E-07,16:05,5,180922,0,
2018-09-22 16:06,,0.016129032,7.26E-07,16:06,5,180922,0,
2018-09-22 16:07,,0.016129032,7.26E-07,16:07,5,180922,0,
2018-09-22 16:08,,0.016129032,7.26E-07,16:08,5,180922,0,
2018-09-22 16:09,,0.016129032,7.26E-07,16:09,5,180922,0,
2018-09-22 16:10,,0.016129032,7.26E-07,16:10,5,180922,0,
2018-09-22 16:11,,0.016129032,7.26E-07,16:11,5,180922,0,
2018-09-22 16:12,,0.016129032,7.26E-07,16:12,5,180922,0,
2018-09-22 16:13,,0.016129032,7.26E-07,16:13,5,180922,0,
2018-09-22 16:14,,0.016129032,7.26E-07,16:14,5,180922,0,
2018-09-22 16:15,,0.016129032,7.26E-07,16:15,5,180922,0,
2018-09-22 16:16,,0.016129032,7.26E-07,16:16,5,180922,0,
2018-09-22 16:17,,0.016129032,7.26E-07,16:17,5,180922,0,
2018-09-22 16:18,,0.016129032,7.26E-07,16:18,5,180922,0,
2018-09-22 16:19,,0.016129032,7.26E-07,16:19,5,180922,0,
2018-09-22 16:20,,0.016129032,7.26E-07,16:20,5,180922,0,
2018-09-22 16:21,,0.016129032,7.26E-07,16:21,5,180922,0,
2018-09-22 16:22,,0.016129032,7.26E-07,16:22,5,180922,0,
2018-09-22 16:23,,0.016129032,7.26E-07,16:23,5,180922,0,
2018-09-22 16:24,,0.016129032,7.26E-07,16:24,5,180922,0,
2018-09-22 16:25,,0.016129032,7.26E-07,16:25,5,180922,0,
2018-09-22 16:26,,0.016129032,7.26E-07,16:26,5,180922,0,
2018-09-22 16:27,,0.016129032,7.26E-07,16:27,5,180922,0,
2018-09-22 16:28,,0.016129032,7.26E-07,16:28,5,180922,0,
2018-09-22 16:29,,0.016129032,7.26E-07,16:29,5,180922,0,
2018-09-22 16:30,,0.016129032,7.26E-07,16:30,5,180922,0,
2018-09-22 16:31,,0.016129032,7.26E-07,16:31,5,180922,0,
2018-09-22 16:32,,0.016129032,7.26E-07,16:32,5,180922,0,
2018-09-22 16:33,,0.016129032,7.26E-07,16:33,5,180922,0,
2018-09-22 16:34,,0.016129032,7.26E-07,16:34,5,180922,0,
2018-09-22 16:35,,0.016129032,7.26E-07,16:35,5,180922,0,
2018-09-22 16:36,,0.016129032,7.26E-07,16:36,5,180922,0,
2018-09-22 16:37,,0.016129032,7.26E-07,16:37,5,180922,0,
2018-09-22 16:38,,0.016129032,7.26E-07,16:38,5,180922,0,
2018-09-22 16:39,,0.016129032,7.26E-07,16:39,5,180922,0,
2018-09-22 16:40,,0.016129032,7.26E-07,16:40,5,180922,0,
2018-09-22 16:41,,0.016129032,7.26E-07,16:41,5,180922,0,
2018-09-22 16:42,,0.016129032,7.26E-07,16:42,5,180922,0,
2018-09-22 16:43,,0.016129032,7.26E-07,16:43,5,180922,0,
2018-09-22 16:44,,0.016129032,7.26E-07,16:44,5,180922,0,
2018-09-22 16:45,,0.016129032,7.26E-07,16:45,5,180922,0,
2018-09-22 16:46,,0.016129032,7.26E-07,16:46,5,180922,0,
2018-09-22 16:47,,0.016129032,7.26E-07,16:47,5,180922,0,
2018-09-22 16:48,,0.016129032,7.26E-07,16:48,5,180922,0,
2018-09-22 16:49,,0.016129032,7.26E-07,16:49,5,180922,0,
2018-09-22 16:50,,0.016129032,7.26E-07,16:50,5,180922,0,
2018-09-22 16:51,,0.016129032,7.26E-07,16:51,5,180922,0,
2018-09-22 16:52,,0.016129032,7.26E-07,16:52,5,180922,0,
2018-09-22 16:53,,0.016129032,7.26E-07,16:53,5,180922,0,
2018-09-22 16:54,,0.016129032,7.26E-07,16:54,5,180922,0,
2018-09-22 16:55,,0.016129032,7.26E-07,16:55,5,180922,0,
2018-09-22 16:56,,0.016129032,7.26E-07,16:56,5,180922,0,
2018-09-22 16:57,,0.016129032,7.26E-07,16:57,5,180922,0,
2018-09-22 16:58,,0.016129032,7.26E-07,16:58,5,180922,0,
2018-09-22 16:59,,0.016129032,7.26E-07,16:59,5,180922,0,
2018-09-22 17:00,,0.016129032,7.26E-07,17:00,5,180922,0,
2018-09-22 17:01,,0.016129032,7.26E-07,17:01,5,180922,0,
2018-09-22 17:02,1,0.016129032,7.26E-07,17:02,5,180922,0,
2018-09-22 17:03,,0.015857143,0.000192256,17:03,5,180922,0,
2018-09-22 17:04,,0.015857143,7.26E-07,17:04,5,180922,0,
2018-09-22 17:05,,0.015857143,7.26E-07,17:05,5,180922,0,
2018-09-22 17:06,,0.015857143,7.26E-07,17:06,5,180922,0,
2018-09-22 17:07,,0.015857143,7.26E-07,17:07,5,180922,0,
2018-09-22 17:08,,0.015857143,7.26E-07,17:08,5,180922,0,
2018-09-22 17:09,,0.015857143,7.26E-07,17:09,5,180922,0,
2018-09-22 17:10,,0.015857143,7.26E-07,17:10,5,180922,0,
2018-09-22 17:11,,0.015857143,7.26E-07,17:11,5,180922,0,
2018-09-22 17:12,,0.015857143,7.26E-07,17:12,5,180922,0,
2018-09-22 17:13,,0.015857143,7.26E-07,17:13,5,180922,0,
2018-09-22 17:14,,0.015857143,7.26E-07,17:14,5,180922,0,
2018-09-22 17:15,,0.015857143,7.26E-07,17:15,5,180922,0,
2018-09-22 17:16,,0.015857143,7.26E-07,17:16,5,180922,0,
2018-09-22 17:17,,0.015857143,7.26E-07,17:17,5,180922,0,
2018-09-22 17:18,,0.015857143,7.26E-07,17:18,5,180922,0,
2018-09-22 17:19,,0.015857143,7.26E-07,17:19,5,180922,0,
2018-09-22 17:20,,0.015857143,7.26E-07,17:20,5,180922,0,
2018-09-22 17:21,,0.015857143,7.26E-07,17:21,5,180922,0,
2018-09-22 17:22,,0.015857143,7.26E-07,17:22,5,180922,0,
2018-09-22 17:23,,0.015857143,7.26E-07,17:23,5,180922,0,
2018-09-22 17:24,,0.015857143,7.26E-07,17:24,5,180922,0,
2018-09-22 17:25,,0.015857143,7.26E-07,17:25,5,180922,0,
2018-09-22 17:26,,0.015857143,7.26E-07,17:26,5,180922,0,
2018-09-22 17:27,,0.015857143,7.26E-07,17:27,5,180922,0,
2018-09-22 17:28,,0.015857143,7.26E-07,17:28,5,180922,0,
2018-09-22 17:29,,0.015857143,7.26E-07,17:29,5,180922,0,
2018-09-22 17:30,,0.015857143,7.26E-07,17:30,5,180922,0,
2018-09-22 17:31,,0.015857143,7.26E-07,17:31,5,180922,0,
2018-09-22 17:32,,0.015857143,7.26E-07,17:32,5,180922,0,
2018-09-22 17:33,,0.015857143,7.26E-07,17:33,5,180922,0,
2018-09-22 17:34,,0.015857143,7.26E-07,17:34,5,180922,0,
2018-09-22 17:35,,0.015857143,7.26E-07,17:35,5,180922,0,
2018-09-22 17:36,,0.015857143,7.26E-07,17:36,5,180922,0,
2018-09-22 17:37,,0.015857143,7.26E-07,17:37,5,180922,0,
2018-09-22 17:38,,0.015857143,7.26E-07,17:38,5,180922,0,
2018-09-22 17:39,,0.015857143,7.26E-07,17:39,5,180922,0,
2018-09-22 17:40,,0.015857143,7.26E-07,17:40,5,180922,0,
2018-09-22 17:41,,0.015857143,7.26E-07,17:41,5,180922,0,
2018-09-22 17:42,,0.015857143,7.26E-07,17:42,5,180922,0,
2018-09-22 17:43,,0.015857143,7.26E-07,17:43,5,180922,0,
2018-09-22 17:44,,0.015857143,7.26E-07,17:44,5,180922,0,
2018-09-22 17:45,,0.015857143,7.26E-07,17:45,5,180922,0,
2018-09-22 17:46,,0.015857143,7.26E-07,17:46,5,180922,0,
2018-09-22 17:47,,0.015857143,7.26E-07,17:47,5,180922,0,
2018-09-22 17:48,,0.015857143,7.26E-07,17:48,5,180922,0,
2018-09-22 17:49,,0.015857143,7.26E-07,17:49,5,180922,0,
2018-09-22 17:50,,0.015857143,7.26E-07,17:50,5,180922,0,
2018-09-22 17:51,,0.015857143,7.26E-07,17:51,5,180922,0,
2018-09-22 17:52,,0.015857143,7.26E-07,17:52,5,180922,0,
2018-09-22 17:53,,0.015857143,7.26E-07,17:53,5,180922,0,
2018-09-22 17:54,,0.015857143,7.26E-07,17:54,5,180922,0,
2018-09-22 17:55,,0.015857143,7.26E-07,17:55,5,180922,0,
2018-09-22 17:56,,0.015857143,7.26E-07,17:56,5,180922,0,
2018-09-22 17:57,,0.015857143,7.26E-07,17:57,5,180922,0,
2018-09-22 17:58,,0.015857143,7.26E-07,17:58,5,180922,0,
2018-09-22 17:59,,0.015857143,7.26E-07,17:59,5,180922,0,
2018-09-22 18:00,,0.015857143,7.26E-07,18:00,5,180922,0,
2018-09-22 18:01,,0.015857143,7.26E-07,18:01,5,180922,0,
2018-09-22 18:02,,0.015857143,7.26E-07,18:02,5,180922,0,
2018-09-22 18:03,,0.015857143,7.26E-07,18:03,5,180922,0,
2018-09-22 18:04,,0.015857143,7.26E-07,18:04,5,180922,0,
2018-09-22 18:05,0.999,0.015857143,7.26E-07,18:05,5,180922,0,
2018-09-22 18:06,,0.016129032,0.000192256,18:06,5,180922,0,
2018-09-22 18:07,,0.016129032,7.26E-07,18:07,5,180922,0,
2018-09-22 18:08,,0.016129032,7.26E-07,18:08,5,180922,0,
2018-09-22 18:09,,0.016129032,7.26E-07,18:09,5,180922,0,
2018-09-22 18:10,,0.016129032,7.26E-07,18:10,5,180922,0,
2018-09-22 18:11,,0.016129032,7.26E-07,18:11,5,180922,0,
2018-09-22 18:12,,0.016129032,7.26E-07,18:12,5,180922,0,
2018-09-22 18:13,,0.016129032,7.26E-07,18:13,5,180922,0,
2018-09-22 18:14,,0.016129032,7.26E-07,18:14,5,180922,0,
2018-09-22 18:15,,0.016129032,7.26E-07,18:15,5,180922,0,
2018-09-22 18:16,,0.016129032,7.26E-07,18:16,5,180922,0,
2018-09-22 18:17,,0.016129032,7.26E-07,18:17,5,180922,0,
2018-09-22 18:18,,0.016129032,7.26E-07,18:18,5,180922,0,
2018-09-22 18:19,,0.016129032,7.26E-07,18:19,5,180922,0,
2018-09-22 18:20,,0.016129032,7.26E-07,18:20,5,180922,0,
2018-09-22 18:21,,0.016129032,7.26E-07,18:21,5,180922,0,
2018-09-22 18:22,,0.016129032,7.26E-07,18:22,5,180922,0,
2018-09-22 18:23,,0.016129032,7.26E-07,18:23,5,180922,0,
2018-09-22 18:24,,0.016129032,7.26E-07,18:24,5,180922,0,
2018-09-22 18:25,,0.016129032,7.26E-07,18:25,5,180922,0,
2018-09-22 18:26,,0.016129032,7.26E-07,18:26,5,180922,0,
2018-09-22 18:27,,0.016129032,7.26E-07,18:27,5,180922,0,
2018-09-22 18:28,,0.016129032,7.26E-07,18:28,5,180922,0,
2018-09-22 18:29,,0.016129032,7.26E-07,18:29,5,180922,0,
2018-09-22 18:30,,0.016129032,7.26E-07,18:30,5,180922,0,
2018-09-22 18:31,,0.016129032,7.26E-07,18:31,5,180922,0,
2018-09-22 18:32,,0.016129032,7.26E-07,18:32,5,180922,0,
2018-09-22 18:33,,0.016129032,7.26E-07,18:33,5,180922,0,
2018-09-22 18:34,,0.016129032,7.26E-07,18:34,5,180922,0,
2018-09-22 18:35,,0.016129032,7.26E-07,18:35,5,180922,0,
2018-09-22 18:36,,0.016129032,7.26E-07,18:36,5,180922,0,
2018-09-22 18:37,,0.016129032,7.26E-07,18:37,5,180922,0,
2018-09-22 18:38,,0.016129032,7.26E-07,18:38,5,180922,0,
2018-09-22 18:39,,0.016129032,7.26E-07,18:39,5,180922,0,
2018-09-22 18:40,,0.016129032,7.26E-07,18:40,5,180922,0,
2018-09-22 18:41,,0.016129032,7.26E-07,18:41,5,180922,0,
2018-09-22 18:42,,0.016129032,7.26E-07,18:42,5,180922,0,
2018-09-22 18:43,,0.016129032,7.26E-07,18:43,5,180922,0,
2018-09-22 18:44,,0.016129032,7.26E-07,18:44,5,180922,0,
2018-09-22 18:45,,0.016129032,7.26E-07,18:45,5,180922,0,
2018-09-22 18:46,,0.016129032,7.26E-07,18:46,5,180922,0,
2018-09-22 18:47,,0.016129032,7.26E-07,18:47,5,180922,0,
2018-09-22 18:48,,0.016129032,7.26E-07,18:48,5,180922,0,
2018-09-22 18:49,,0.016129032,7.26E-07,18:49,5,180922,0,
2018-09-22 18:50,,0.016129032,7.26E-07,18:50,5,180922,0,
2018-09-22 18:51,,0.016129032,7.26E-07,18:51,5,180922,0,
2018-09-22 18:52,,0.016129032,7.26E-07,18:52,5,180922,0,
2018-09-22 18:53,,0.016129032,7.26E-07,18:53,5,180922,0,
2018-09-22 18:54,,0.016129032,7.26E-07,18:54,5,180922,0,
2018-09-22 18:55,,0.016129032,7.26E-07,18:55,5,180922,0,
2018-09-22 18:56,,0.016129032,7.26E-07,18:56,5,180922,0,
2018-09-22 18:57,,0.016129032,7.26E-07,18:57,5,180922,0,
2018-09-22 18:58,,0.016129032,7.26E-07,18:58,5,180922,0,
2018-09-22 18:59,,0.016129032,7.26E-07,18:59,5,180922,0,
2018-09-22 19:00,,0.016129032,7.26E-07,19:00,5,180922,0,
2018-09-22 19:01,,0.016129032,7.26E-07,19:01,5,180922,0,
2018-09-22 19:02,,0.016129032,7.26E-07,19:02,5,180922,0,
2018-09-22 19:03,,0.016129032,7.26E-07,19:03,5,180922,0,
2018-09-22 19:04,,0.016129032,7.26E-07,19:04,5,180922,0,
2018-09-22 19:05,,0.016129032,7.26E-07,19:05,5,180922,0,
2018-09-22 19:06,,0.016129032,7.26E-07,19:06,5,180922,0,
2018-09-22 19:07,1,0.016129032,7.26E-07,19:07,5,180922,0,
2018-09-22 19:08,,0.016112903,1.14E-05,19:08,5,180922,0,
2018-09-22 19:09,,0.016112903,7.26E-07,19:09,5,180922,0,
2018-09-22 19:10,,0.016112903,7.26E-07,19:10,5,180922,0,
2018-09-22 19:11,,0.016112903,7.26E-07,19:11,5,180922,0,
2018-09-22 19:12,,0.016112903,7.26E-07,19:12,5,180922,0,
2018-09-22 19:13,,0.016112903,7.26E-07,19:13,5,180922,0,
2018-09-22 19:14,,0.016112903,7.26E-07,19:14,5,180922,0,
2018-09-22 19:15,,0.016112903,7.26E-07,19:15,5,180922,0,
2018-09-22 19:16,,0.016112903,7.26E-07,19:16,5,180922,0,
2018-09-22 19:17,,0.016112903,7.26E-07,19:17,5,180922,0,
2018-09-22 19:18,,0.016112903,7.26E-07,19:18,5,180922,0,
2018-09-22 19:19,,0.016112903,7.26E-07,19:19,5,180922,0,
2018-09-22 19:20,,0.016112903,7.26E-07,19:20,5,180922,0,
2018-09-22 19:21,,0.016112903,7.26E-07,19:21,5,180922,0,
2018-09-22 19:22,,0.016112903,7.26E-07,19:22,5,180922,0,
2018-09-22 19:23,,0.016112903,7.26E-07,19:23,5,180922,0,
2018-09-22 19:24,,0.016112903,7.26E-07,19:24,5,180922,0,
2018-09-22 19:25,,0.016112903,7.26E-07,19:25,5,180922,0,
2018-09-22 19:26,,0.016112903,7.26E-07,19:26,5,180922,0,
2018-09-22 19:27,,0.016112903,7.26E-07,19:27,5,180922,0,
2018-09-22 19:28,,0.016112903,7.26E-07,19:28,5,180922,0,
2018-09-22 19:29,,0.016112903,7.26E-07,19:29,5,180922,0,
2018-09-22 19:30,,0.016112903,7.26E-07,19:30,5,180922,0,
2018-09-22 19:31,,0.016112903,7.26E-07,19:31,5,180922,0,
2018-09-22 19:32,,0.016112903,7.26E-07,19:32,5,180922,0,
2018-09-22 19:33,,0.016112903,7.26E-07,19:33,5,180922,0,
2018-09-22 19:34,,0.016112903,7.26E-07,19:34,5,180922,0,
2018-09-22 19:35,,0.016112903,7.26E-07,19:35,5,180922,0,
2018-09-22 19:36,,0.016112903,7.26E-07,19:36,5,180922,0,
2018-09-22 19:37,,0.016112903,7.26E-07,19:37,5,180922,0,
2018-09-22 19:38,,0.016112903,7.26E-07,19:38,5,180922,0,
2018-09-22 19:39,,0.016112903,7.26E-07,19:39,5,180922,0,
2018-09-22 19:40,,0.016112903,7.26E-07,19:40,5,180922,0,
2018-09-22 19:41,,0.016112903,7.26E-07,19:41,5,180922,0,
2018-09-22 19:42,,0.016112903,7.26E-07,19:42,5,180922,0,
2018-09-22 19:43,,0.016112903,7.26E-07,19:43,5,180922,0,
2018-09-22 19:44,,0.016112903,7.26E-07,19:44,5,180922,0,
2018-09-22 19:45,,0.016112903,7.26E-07,19:45,5,180922,0,
2018-09-22 19:46,,0.016112903,7.26E-07,19:46,5,180922,0,
2018-09-22 19:47,,0.016112903,7.26E-07,19:47,5,180922,0,
2018-09-22 19:48,,0.016112903,7.26E-07,19:48,5,180922,0,
2018-09-22 19:49,,0.016112903,7.26E-07,19:49,5,180922,0,
2018-09-22 19:50,,0.016112903,7.26E-07,19:50,5,180922,0,
2018-09-22 19:51,,0.016112903,7.26E-07,19:51,5,180922,0,
2018-09-22 19:52,,0.016112903,7.26E-07,19:52,5,180922,0,
2018-09-22 19:53,,0.016112903,7.26E-07,19:53,5,180922,0,
2018-09-22 19:54,,0.016112903,7.26E-07,19:54,5,180922,0,
2018-09-22 19:55,,0.016112903,7.26E-07,19:55,5,180922,0,
2018-09-22 19:56,,0.016112903,7.26E-07,19:56,5,180922,0,
2018-09-22 19:57,,0.016112903,7.26E-07,19:57,5,180922,0,
2018-09-22 19:58,,0.016112903,7.26E-07,19:58,5,180922,0,
2018-09-22 19:59,,0.016112903,7.26E-07,19:59,5,180922,0,
2018-09-22 20:00,,0.016112903,7.26E-07,20:00,5,180922,0,
2018-09-22 20:01,,0.016112903,7.26E-07,20:01,5,180922,0,
2018-09-22 20:02,,0.016112903,7.26E-07,20:02,5,180922,0,
2018-09-22 20:03,,0.016112903,7.26E-07,20:03,5,180922,0,
2018-09-22 20:04,,0.016112903,7.26E-07,20:04,5,180922,0,
2018-09-22 20:05,,0.016112903,7.26E-07,20:05,5,180922,0,
2018-09-22 20:06,,0.016112903,7.26E-07,20:06,5,180922,0,
2018-09-22 20:07,,0.016112903,7.26E-07,20:07,5,180922,0,
2018-09-22 20:08,,0.016112903,7.26E-07,20:08,5,180922,0,
2018-09-22 20:09,0.999,0.016112903,7.26E-07,20:09,5,180922,0,
2018-09-22 20:10,,0.016129032,1.14E-05,20:10,5,180922,0,
2018-09-22 20:11,,0.016129032,7.26E-07,20:11,5,180922,0,
2018-09-22 20:12,,0.016129032,7.26E-07,20:12,5,180922,0,
2018-09-22 20:13,,0.016129032,7.26E-07,20:13,5,180922,0,
2018-09-22 20:14,,0.016129032,7.26E-07,20:14,5,180922,0,
2018-09-22 20:15,,0.016129032,7.26E-07,20:15,5,180922,0,
2018-09-22 20:16,,0.016129032,7.26E-07,20:16,5,180922,0,
2018-09-22 20:17,,0.016129032,7.26E-07,20:17,5,180922,0,
2018-09-22 20:18,,0.016129032,7.26E-07,20:18,5,180922,0,
2018-09-22 20:19,,0.016129032,7.26E-07,20:19,5,180922,0,
2018-09-22 20:20,,0.016129032,7.26E-07,20:20,5,180922,0,
2018-09-22 20:21,,0.016129032,7.26E-07,20:21,5,180922,0,
2018-09-22 20:22,,0.016129032,7.26E-07,20:22,5,180922,0,
2018-09-22 20:23,,0.016129032,7.26E-07,20:23,5,180922,0,
2018-09-22 20:24,,0.016129032,7.26E-07,20:24,5,180922,0,
2018-09-22 20:25,,0.016129032,7.26E-07,20:25,5,180922,0,
2018-09-22 20:26,,0.016129032,7.26E-07,20:26,5,180922,0,
2018-09-22 20:27,,0.016129032,7.26E-07,20:27,5,180922,0,
2018-09-22 20:28,,0.016129032,7.26E-07,20:28,5,180922,0,
2018-09-22 20:29,,0.016129032,7.26E-07,20:29,5,180922,0,
2018-09-22 20:30,,0.016129032,7.26E-07,20:30,5,180922,0,
2018-09-22 20:31,,0.016129032,7.26E-07,20:31,5,180922,0,
2018-09-22 20:32,,0.016129032,7.26E-07,20:32,5,180922,0,
2018-09-22 20:33,,0.016129032,7.26E-07,20:33,5,180922,0,
2018-09-22 20:34,,0.016129032,7.26E-07,20:34,5,180922,0,
2018-09-22 20:35,,0.016129032,7.26E-07,20:35,5,180922,0,
2018-09-22 20:36,,0.016129032,7.26E-07,20:36,5,180922,0,
2018-09-22 20:37,,0.016129032,7.26E-07,20:37,5,180922,0,
2018-09-22 20:38,,0.016129032,7.26E-07,20:38,5,180922,0,
2018-09-22 20:39,,0.016129032,7.26E-07,20:39,5,180922,0,
2018-09-22 20:40,,0.016129032,7.26E-07,20:40,5,180922,0,
2018-09-22 20:41,,0.016129032,7.26E-07,20:41,5,180922,0,
2018-09-22 20:42,,0.016129032,7.26E-07,20:42,5,180922,0,
2018-09-22 20:43,,0.016129032,7.26E-07,20:43,5,180922,0,
2018-09-22 20:44,,0.016129032,7.26E-07,20:44,5,180922,0,
2018-09-22 20:45,,0.016129032,7.26E-07,20:45,5,180922,0,
2018-09-22 20:46,,0.016129032,7.26E-07,20:46,5,180922,0,
2018-09-22 20:47,,0.016129032,7.26E-07,20:47,5,180922,0,
2018-09-22 20:48,,0.016129032,7.26E-07,20:48,5,180922,0,
2018-09-22 20:49,,0.016129032,7.26E-07,20:49,5,180922,0,
2018-09-22 20:50,,0.016129032,7.26E-07,20:50,5,180922,0,
2018-09-22 20:51,,0.016129032,7.26E-07,20:51,5,180922,0,
2018-09-22 20:52,,0.016129032,7.26E-07,20:52,5,180922,0,
2018-09-22 20:53,,0.016129032,7.26E-07,20:53,5,180922,0,
2018-09-22 20:54,,0.016129032,7.26E-07,20:54,5,180922,0,
2018-09-22 20:55,,0.016129032,7.26E-07,20:55,5,180922,0,
2018-09-22 20:56,,0.016129032,7.26E-07,20:56,5,180922,0,
2018-09-22 20:57,,0.016129032,7.26E-07,20:57,5,180922,0,
2018-09-22 20:58,,0.016129032,7.26E-07,20:58,5,180922,0,
2018-09-22 20:59,,0.016129032,7.26E-07,20:59,5,180922,0,
2018-09-22 21:00,,0.016129032,7.26E-07,21:00,5,180922,0,
2018-09-22 21:01,,0.016129032,7.26E-07,21:01,5,180922,0,
2018-09-22 21:02,,0.016129032,7.26E-07,21:02,5,180922,0,
2018-09-22 21:03,,0.016129032,7.26E-07,21:03,5,180922,0,
2018-09-22 21:04,,0.016129032,7.26E-07,21:04,5,180922,0,
2018-09-22 21:05,,0.016129032,7.26E-07,21:05,5,180922,0,
2018-09-22 21:06,,0.016129032,7.26E-07,21:06,5,180922,0,
2018-09-22 21:07,,0.016129032,7.26E-07,21:07,5,180922,0,
2018-09-22 21:08,,0.016129032,7.26E-07,21:08,5,180922,0,
2018-09-22 21:09,,0.016129032,7.26E-07,21:09,5,180922,0,
2018-09-22 21:10,,0.016129032,7.26E-07,21:10,5,180922,0,
2018-09-22 21:11,1,0.016129032,7.26E-07,21:11,5,180922,0,
2018-09-22 21:12,,0.015873016,0.000181032,21:12,5,180922,0,
2018-09-22 21:13,,0.015873016,7.26E-07,21:13,5,180922,0,
2018-09-22 21:14,,0.015873016,7.26E-07,21:14,5,180922,0,
2018-09-22 21:15,,0.015873016,7.26E-07,21:15,5,180922,0,
2018-09-22 21:16,,0.015873016,7.26E-07,21:16,5,180922,0,
2018-09-22 21:17,,0.015873016,7.26E-07,21:17,5,180922,0,
2018-09-22 21:18,,0.015873016,7.26E-07,21:18,5,180922,0,
2018-09-22 21:19,,0.015873016,7.26E-07,21:19,5,180922,0,
2018-09-22 21:20,,0.015873016,7.26E-07,21:20,5,180922,0,
2018-09-22 21:21,,0.015873016,7.26E-07,21:21,5,180922,0,
2018-09-22 21:22,,0.015873016,7.26E-07,21:22,5,180922,0,
2018-09-22 21:23,,0.015873016,7.26E-07,21:23,5,180922,0,
2018-09-22 21:24,,0.015873016,7.26E-07,21:24,5,180922,0,
2018-09-22 21:25,,0.015873016,7.26E-07,21:25,5,180922,0,
2018-09-22 21:26,,0.015873016,7.26E-07,21:26,5,180922,0,
2018-09-22 21:27,,0.015873016,7.26E-07,21:27,5,180922,0,
2018-09-22 21:28,,0.015873016,7.26E-07,21:28,5,180922,0,
2018-09-22 21:29,,0.015873016,7.26E-07,21:29,5,180922,0,
2018-09-22 21:30,,0.015873016,7.26E-07,21:30,5,180922,0,
2018-09-22 21:31,,0.015873016,7.26E-07,21:31,5,180922,0,
2018-09-22 21:32,,0.015873016,7.26E-07,21:32,5,180922,0,
2018-09-22 21:33,,0.015873016,7.26E-07,21:33,5,180922,0,
2018-09-22 21:34,,0.015873016,7.26E-07,21:34,5,180922,0,
2018-09-22 21:35,,0.015873016,7.26E-07,21:35,5,180922,0,
2018-09-22 21:36,,0.015873016,7.26E-07,21:36,5,180922,0,
2018-09-22 21:37,,0.015873016,7.26E-07,21:37,5,180922,0,
2018-09-22 21:38,,0.015873016,7.26E-07,21:38,5,180922,0,
2018-09-22 21:39,,0.015873016,7.26E-07,21:39,5,180922,0,
2018-09-22 21:40,,0.015873016,7.26E-07,21:40,5,180922,0,
2018-09-22 21:41,,0.015873016,7.26E-07,21:41,5,180922,0,
2018-09-22 21:42,,0.015873016,7.26E-07,21:42,5,180922,0,
2018-09-22 21:43,,0.015873016,7.26E-07,21:43,5,180922,0,
2018-09-22 21:44,,0.015873016,7.26E-07,21:44,5,180922,0,
2018-09-22 21:45,,0.015873016,7.26E-07,21:45,5,180922,0,
2018-09-22 21:46,,0.015873016,7.26E-07,21:46,5,180922,0,
2018-09-22 21:47,,0.015873016,7.26E-07,21:47,5,180922,0,
2018-09-22 21:48,,0.015873016,7.26E-07,21:48,5,180922,0,
2018-09-22 21:49,,0.015873016,7.26E-07,21:49,5,180922,0,
2018-09-22 21:50,,0.015873016,7.26E-07,21:50,5,180922,0,
2018-09-22 21:51,,0.015873016,7.26E-07,21:51,5,180922,0,
2018-09-22 21:52,,0.015873016,7.26E-07,21:52,5,180922,0,
2018-09-22 21:53,,0.015873016,7.26E-07,21:53,5,180922,0,
2018-09-22 21:54,,0.015873016,7.26E-07,21:54,5,180922,0,
2018-09-22 21:55,,0.015873016,7.26E-07,21:55,5,180922,0,
2018-09-22 21:56,,0.015873016,7.26E-07,21:56,5,180922,0,
2018-09-22 21:57,,0.015873016,7.26E-07,21:57,5,180922,0,
2018-09-22 21:58,,0.015873016,7.26E-07,21:58,5,180922,0,
2018-09-22 21:59,,0.015873016,7.26E-07,21:59,5,180922,0,
2018-09-22 22:00,,0.015873016,7.26E-07,22:00,5,180922,0,
2018-09-22 22:01,,0.015873016,7.26E-07,22:01,5,180922,0,
2018-09-22 22:02,,0.015873016,7.26E-07,22:02,5,180922,0,
2018-09-22 22:03,,0.015873016,7.26E-07,22:03,5,180922,0,
2018-09-22 22:04,,0.015873016,7.26E-07,22:04,5,180922,0,
2018-09-22 22:05,,0.015873016,7.26E-07,22:05,5,180922,0,
2018-09-22 22:06,,0.015873016,7.26E-07,22:06,5,180922,0,
2018-09-22 22:07,,0.015873016,7.26E-07,22:07,5,180922,0,
2018-09-22 22:08,,0.015873016,7.26E-07,22:08,5,180922,0,
2018-09-22 22:09,,0.015873016,7.26E-07,22:09,5,180922,0,
2018-09-22 22:10,,0.015873016,7.26E-07,22:10,5,180922,0,
2018-09-22 22:11,,0.015873016,7.26E-07,22:11,5,180922,0,
2018-09-22 22:12,,0.015873016,7.26E-07,22:12,5,180922,0,
2018-09-22 22:13,,0.015873016,7.26E-07,22:13,5,180922,0,
2018-09-22 22:14,1,0.015873016,7.26E-07,22:14,5,180922,0,
2018-09-22 22:15,,0.016377049,0.000356406,22:15,5,180922,0,
2018-09-22 22:16,,0.016377049,7.26E-07,22:16,5,180922,0,
2018-09-22 22:17,,0.016377049,7.26E-07,22:17,5,180922,0,
2018-09-22 22:18,,0.016377049,7.26E-07,22:18,5,180922,0,
2018-09-22 22:19,,0.016377049,7.26E-07,22:19,5,180922,0,
2018-09-22 22:20,,0.016377049,7.26E-07,22:20,5,180922,0,
2018-09-22 22:21,,0.016377049,7.26E-07,22:21,5,180922,0,
2018-09-22 22:22,,0.016377049,7.26E-07,22:22,5,180922,0,
2018-09-22 22:23,,0.016377049,7.26E-07,22:23,5,180922,0,
2018-09-22 22:24,,0.016377049,7.26E-07,22:24,5,180922,0,
2018-09-22 22:25,,0.016377049,7.26E-07,22:25,5,180922,0,
2018-09-22 22:26,,0.016377049,7.26E-07,22:26,5,180922,0,
2018-09-22 22:27,,0.016377049,7.26E-07,22:27,5,180922,0,
2018-09-22 22:28,,0.016377049,7.26E-07,22:28,5,180922,0,
2018-09-22 22:29,,0.016377049,7.26E-07,22:29,5,180922,0,
2018-09-22 22:30,,0.016377049,7.26E-07,22:30,5,180922,0,
2018-09-22 22:31,,0.016377049,7.26E-07,22:31,5,180922,0,
2018-09-22 22:32,,0.016377049,7.26E-07,22:32,5,180922,0,
2018-09-22 22:33,,0.016377049,7.26E-07,22:33,5,180922,0,
2018-09-22 22:34,,0.016377049,7.26E-07,22:34,5,180922,0,
2018-09-22 22:35,,0.016377049,7.26E-07,22:35,5,180922,0,
2018-09-22 22:36,,0.016377049,7.26E-07,22:36,5,180922,0,
2018-09-22 22:37,,0.016377049,7.26E-07,22:37,5,180922,0,
2018-09-22 22:38,,0.016377049,7.26E-07,22:38,5,180922,0,
2018-09-22 22:39,,0.016377049,7.26E-07,22:39,5,180922,0,
2018-09-22 22:40,,0.016377049,7.26E-07,22:40,5,180922,0,
2018-09-22 22:41,,0.016377049,7.26E-07,22:41,5,180922,0,
2018-09-22 22:42,,0.016377049,7.26E-07,22:42,5,180922,0,
2018-09-22 22:43,,0.016377049,7.26E-07,22:43,5,180922,0,
2018-09-22 22:44,,0.016377049,7.26E-07,22:44,5,180922,0,
2018-09-22 22:45,,0.016377049,7.26E-07,22:45,5,180922,0,
2018-09-22 22:46,,0.016377049,7.26E-07,22:46,5,180922,0,
2018-09-22 22:47,,0.016377049,7.26E-07,22:47,5,180922,0,
2018-09-22 22:48,,0.016377049,7.26E-07,22:48,5,180922,0,
2018-09-22 22:49,,0.016377049,7.26E-07,22:49,5,180922,0,
2018-09-22 22:50,,0.016377049,7.26E-07,22:50,5,180922,0,
2018-09-22 22:51,,0.016377049,7.26E-07,22:51,5,180922,0,
2018-09-22 22:52,,0.016377049,7.26E-07,22:52,5,180922,0,
2018-09-22 22:53,,0.016377049,7.26E-07,22:53,5,180922,0,
2018-09-22 22:54,,0.016377049,7.26E-07,22:54,5,180922,0,
2018-09-22 22:55,,0.016377049,7.26E-07,22:55,5,180922,0,
2018-09-22 22:56,,0.016377049,7.26E-07,22:56,5,180922,0,
2018-09-22 22:57,,0.016377049,7.26E-07,22:57,5,180922,0,
2018-09-22 22:58,,0.016377049,7.26E-07,22:58,5,180922,0,
2018-09-22 22:59,,0.016377049,7.26E-07,22:59,5,180922,0,
2018-09-22 23:00,,0.016377049,7.26E-07,23:00,5,180922,0,
2018-09-22 23:01,,0.016377049,7.26E-07,23:01,5,180922,0,
2018-09-22 23:02,,0.016377049,7.26E-07,23:02,5,180922,0,
2018-09-22 23:03,,0.016377049,7.26E-07,23:03,5,180922,0,
2018-09-22 23:04,,0.016377049,7.26E-07,23:04,5,180922,0,
2018-09-22 23:05,,0.016377049,7.26E-07,23:05,5,180922,0,
2018-09-22 23:06,,0.016377049,7.26E-07,23:06,5,180922,0,
2018-09-22 23:07,,0.016377049,7.26E-07,23:07,5,180922,0,
2018-09-22 23:08,,0.016377049,7.26E-07,23:08,5,180922,0,
2018-09-22 23:09,,0.016377049,7.26E-07,23:09,5,180922,0,
2018-09-22 23:10,,0.016377049,7.26E-07,23:10,5,180922,0,
2018-09-22 23:11,,0.016377049,7.26E-07,23:11,5,180922,0,
2018-09-22 23:12,,0.016377049,7.26E-07,23:12,5,180922,0,
2018-09-22 23:13,,0.016377049,7.26E-07,23:13,5,180922,0,
2018-09-22 23:14,,0.016377049,7.26E-07,23:14,5,180922,0,
2018-09-22 23:15,0.999,0.016377049,7.26E-07,23:15,5,180922,0,
2018-09-22 23:16,,0.016129032,0.000175376,23:16,5,180922,0,
2018-09-22 23:17,,0.016129032,7.26E-07,23:17,5,180922,0,
2018-09-22 23:18,,0.016129032,7.26E-07,23:18,5,180922,0,
2018-09-22 23:19,,0.016129032,7.26E-07,23:19,5,180922,0,
2018-09-22 23:20,,0.016129032,7.26E-07,23:20,5,180922,0,
2018-09-22 23:21,,0.016129032,7.26E-07,23:21,5,180922,0,
2018-09-22 23:22,,0.016129032,7.26E-07,23:22,5,180922,0,
2018-09-22 23:23,,0.016129032,7.26E-07,23:23,5,180922,0,
2018-09-22 23:24,,0.016129032,7.26E-07,23:24,5,180922,0,
2018-09-22 23:25,,0.016129032,7.26E-07,23:25,5,180922,0,
2018-09-22 23:26,,0.016129032,7.26E-07,23:26,5,180922,0,
2018-09-22 23:27,,0.016129032,7.26E-07,23:27,5,180922,0,
2018-09-22 23:28,,0.016129032,7.26E-07,23:28,5,180922,0,
2018-09-22 23:29,,0.016129032,7.26E-07,23:29,5,180922,0,
2018-09-22 23:30,,0.016129032,7.26E-07,23:30,5,180922,0,
2018-09-22 23:31,,0.016129032,7.26E-07,23:31,5,180922,0,
2018-09-22 23:32,,0.016129032,7.26E-07,23:32,5,180922,0,
2018-09-22 23:33,,0.016129032,7.26E-07,23:33,5,180922,0,
2018-09-22 23:34,,0.016129032,7.26E-07,23:34,5,180922,0,
2018-09-22 23:35,,0.016129032,7.26E-07,23:35,5,180922,0,
2018-09-22 23:36,,0.016129032,7.26E-07,23:36,5,180922,0,
2018-09-22 23:37,,0.016129032,7.26E-07,23:37,5,180922,0,
2018-09-22 23:38,,0.016129032,7.26E-07,23:38,5,180922,0,
2018-09-22 23:39,,0.016129032,7.26E-07,23:39,5,180922,0,
2018-09-22 23:40,,0.016129032,7.26E-07,23:40,5,180922,0,
2018-09-22 23:41,,0.016129032,7.26E-07,23:41,5,180922,0,
2018-09-22 23:42,,0.016129032,7.26E-07,23:42,5,180922,0,
2018-09-22 23:43,,0.016129032,7.26E-07,23:43,5,180922,0,
2018-09-22 23:44,,0.016129032,7.26E-07,23:44,5,180922,0,
2018-09-22 23:45,,0.016129032,7.26E-07,23:45,5,180922,0,
2018-09-22 23:46,,0.016129032,7.26E-07,23:46,5,180922,0,
2018-09-22 23:47,,0.016129032,7.26E-07,23:47,5,180922,0,
2018-09-22 23:48,,0.016129032,7.26E-07,23:48,5,180922,0,
2018-09-22 23:49,,0.016129032,7.26E-07,23:49,5,180922,0,
2018-09-22 23:50,,0.016129032,7.26E-07,23:50,5,180922,0,
2018-09-22 23:51,,0.016129032,7.26E-07,23:51,5,180922,0,
2018-09-22 23:52,,0.016129032,7.26E-07,23:52,5,180922,0,
2018-09-22 23:53,,0.016129032,7.26E-07,23:53,5,180922,0,
2018-09-22 23:54,,0.016129032,7.26E-07,23:54,5,180922,0,
2018-09-22 23:55,,0.016129032,7.26E-07,23:55,5,180922,0,
2018-09-22 23:56,,0.016129032,7.26E-07,23:56,5,180922,0,
2018-09-22 23:57,,0.016129032,7.26E-07,23:57,5,180922,0,
2018-09-22 23:58,,0.016129032,7.26E-07,23:58,5,180922,0,
2018-09-22 23:59,,0.016129032,7.26E-07,23:59,5,180922,0,
2018-09-23 0:00,,0.016129032,7.26E-07,0:00,6,180923,0,
2018-09-23 0:01,,0.016129032,7.26E-07,0:01,6,180923,0,
2018-09-23 0:02,,0.016129032,7.26E-07,0:02,6,180923,0,
2018-09-23 0:03,,0.016129032,7.26E-07,0:03,6,180923,0,
2018-09-23 0:04,,0.016129032,7.26E-07,0:04,6,180923,0,
2018-09-23 0:05,,0.016129032,7.26E-07,0:05,6,180923,0,
2018-09-23 0:06,,0.016129032,7.26E-07,0:06,6,180923,0,
2018-09-23 0:07,,0.016129032,7.26E-07,0:07,6,180923,0,
2018-09-23 0:08,,0.016129032,7.26E-07,0:08,6,180923,0,
2018-09-23 0:09,,0.016129032,7.26E-07,0:09,6,180923,0,
2018-09-23 0:10,,0.016129032,7.26E-07,0:10,6,180923,0,
2018-09-23 0:11,,0.016129032,7.26E-07,0:11,6,180923,0,
2018-09-23 0:12,,0.016129032,7.26E-07,0:12,6,180923,0,
2018-09-23 0:13,,0.016129032,7.26E-07,0:13,6,180923,0,
2018-09-23 0:14,,0.016129032,7.26E-07,0:14,6,180923,0,
2018-09-23 0:15,,0.016129032,7.26E-07,0:15,6,180923,0,
2018-09-23 0:16,,0.016129032,7.26E-07,0:16,6,180923,0,
2018-09-23 0:17,1,0.016129032,7.26E-07,0:17,6,180923,0,
2018-09-23 0:18,,0.016112903,1.14E-05,0:18,6,180923,0,
2018-09-23 0:19,,0.016112903,7.26E-07,0:19,6,180923,0,
2018-09-23 0:20,,0.016112903,7.26E-07,0:20,6,180923,0,
2018-09-23 0:21,,0.016112903,7.26E-07,0:21,6,180923,0,
2018-09-23 0:22,,0.016112903,7.26E-07,0:22,6,180923,0,
2018-09-23 0:23,,0.016112903,7.26E-07,0:23,6,180923,0,
2018-09-23 0:24,,0.016112903,7.26E-07,0:24,6,180923,0,
2018-09-23 0:25,,0.016112903,7.26E-07,0:25,6,180923,0,
2018-09-23 0:26,,0.016112903,7.26E-07,0:26,6,180923,0,
2018-09-23 0:27,,0.016112903,7.26E-07,0:27,6,180923,0,
2018-09-23 0:28,,0.016112903,7.26E-07,0:28,6,180923,0,
2018-09-23 0:29,,0.016112903,7.26E-07,0:29,6,180923,0,
2018-09-23 0:30,,0.016112903,7.26E-07,0:30,6,180923,0,
2018-09-23 0:31,,0.016112903,7.26E-07,0:31,6,180923,0,
2018-09-23 0:32,,0.016112903,7.26E-07,0:32,6,180923,0,
2018-09-23 0:33,,0.016112903,7.26E-07,0:33,6,180923,0,
2018-09-23 0:34,,0.016112903,7.26E-07,0:34,6,180923,0,
2018-09-23 0:35,,0.016112903,7.26E-07,0:35,6,180923,0,
2018-09-23 0:36,,0.016112903,7.26E-07,0:36,6,180923,0,
2018-09-23 0:37,,0.016112903,7.26E-07,0:37,6,180923,0,
2018-09-23 0:38,,0.016112903,7.26E-07,0:38,6,180923,0,
2018-09-23 0:39,,0.016112903,7.26E-07,0:39,6,180923,0,
2018-09-23 0:40,,0.016112903,7.26E-07,0:40,6,180923,0,
2018-09-23 0:41,,0.016112903,7.26E-07,0:41,6,180923,0,
2018-09-23 0:42,,0.016112903,7.26E-07,0:42,6,180923,0,
2018-09-23 0:43,,0.016112903,7.26E-07,0:43,6,180923,0,
2018-09-23 0:44,,0.016112903,7.26E-07,0:44,6,180923,0,
2018-09-23 0:45,,0.016112903,7.26E-07,0:45,6,180923,0,
2018-09-23 0:46,,0.016112903,7.26E-07,0:46,6,180923,0,
2018-09-23 0:47,,0.016112903,7.26E-07,0:47,6,180923,0,
2018-09-23 0:48,,0.016112903,7.26E-07,0:48,6,180923,0,
2018-09-23 0:49,,0.016112903,7.26E-07,0:49,6,180923,0,
2018-09-23 0:50,,0.016112903,7.26E-07,0:50,6,180923,0,
2018-09-23 0:51,,0.016112903,7.26E-07,0:51,6,180923,0,
2018-09-23 0:52,,0.016112903,7.26E-07,0:52,6,180923,0,
2018-09-23 0:53,,0.016112903,7.26E-07,0:53,6,180923,0,
2018-09-23 0:54,,0.016112903,7.26E-07,0:54,6,180923,0,
2018-09-23 0:55,,0.016112903,7.26E-07,0:55,6,180923,0,
2018-09-23 0:56,,0.016112903,7.26E-07,0:56,6,180923,0,
2018-09-23 0:57,,0.016112903,7.26E-07,0:57,6,180923,0,
2018-09-23 0:58,,0.016112903,7.26E-07,0:58,6,180923,0,
2018-09-23 0:59,,0.016112903,7.26E-07,0:59,6,180923,0,
2018-09-23 1:00,,0.016112903,7.26E-07,1:00,6,180923,0,
2018-09-23 1:01,,0.016112903,7.26E-07,1:01,6,180923,0,
2018-09-23 1:02,,0.016112903,7.26E-07,1:02,6,180923,0,
2018-09-23 1:03,,0.016112903,7.26E-07,1:03,6,180923,0,
2018-09-23 1:04,,0.016112903,7.26E-07,1:04,6,180923,0,
2018-09-23 1:05,,0.016112903,7.26E-07,1:05,6,180923,0,
2018-09-23 1:06,,0.016112903,7.26E-07,1:06,6,180923,0,
2018-09-23 1:07,,0.016112903,7.26E-07,1:07,6,180923,0,
2018-09-23 1:08,,0.016112903,7.26E-07,1:08,6,180923,0,
2018-09-23 1:09,,0.016112903,7.26E-07,1:09,6,180923,0,
2018-09-23 1:10,,0.016112903,7.26E-07,1:10,6,180923,0,
2018-09-23 1:11,,0.016112903,7.26E-07,1:11,6,180923,0,
2018-09-23 1:12,,0.016112903,7.26E-07,1:12,6,180923,0,
2018-09-23 1:13,,0.016112903,7.26E-07,1:13,6,180923,0,
2018-09-23 1:14,,0.016112903,7.26E-07,1:14,6,180923,0,
2018-09-23 1:15,,0.016112903,7.26E-07,1:15,6,180923,0,
2018-09-23 1:16,,0.016112903,7.26E-07,1:16,6,180923,0,
2018-09-23 1:17,,0.016112903,7.26E-07,1:17,6,180923,0,
2018-09-23 1:18,,0.016112903,7.26E-07,1:18,6,180923,0,
2018-09-23 1:19,0.999,0.016112903,7.26E-07,1:19,6,180923,0,
2018-09-23 1:20,,0.015873016,0.000169628,1:20,6,180923,0,
2018-09-23 1:21,,0.015873016,7.26E-07,1:21,6,180923,0,
2018-09-23 1:22,,0.015873016,7.26E-07,1:22,6,180923,0,
2018-09-23 1:23,,0.015873016,7.26E-07,1:23,6,180923,0,
2018-09-23 1:24,,0.015873016,7.26E-07,1:24,6,180923,0,
2018-09-23 1:25,,0.015873016,7.26E-07,1:25,6,180923,0,
2018-09-23 1:26,,0.015873016,7.26E-07,1:26,6,180923,0,
2018-09-23 1:27,,0.015873016,7.26E-07,1:27,6,180923,0,
2018-09-23 1:28,,0.015873016,7.26E-07,1:28,6,180923,0,
2018-09-23 1:29,,0.015873016,7.26E-07,1:29,6,180923,0,
2018-09-23 1:30,,0.015873016,7.26E-07,1:30,6,180923,0,
2018-09-23 1:31,,0.015873016,7.26E-07,1:31,6,180923,0,
2018-09-23 1:32,,0.015873016,7.26E-07,1:32,6,180923,0,
2018-09-23 1:33,,0.015873016,7.26E-07,1:33,6,180923,0,
2018-09-23 1:34,,0.015873016,7.26E-07,1:34,6,180923,0,
2018-09-23 1:35,,0.015873016,7.26E-07,1:35,6,180923,0,
2018-09-23 1:36,,0.015873016,7.26E-07,1:36,6,180923,0,
2018-09-23 1:37,,0.015873016,7.26E-07,1:37,6,180923,0,
2018-09-23 1:38,,0.015873016,7.26E-07,1:38,6,180923,0,
2018-09-23 1:39,,0.015873016,7.26E-07,1:39,6,180923,0,
2018-09-23 1:40,,0.015873016,7.26E-07,1:40,6,180923,0,
2018-09-23 1:41,,0.015873016,7.26E-07,1:41,6,180923,0,
2018-09-23 1:42,,0.015873016,7.26E-07,1:42,6,180923,0,
2018-09-23 1:43,,0.015873016,7.26E-07,1:43,6,180923,0,
2018-09-23 1:44,,0.015873016,7.26E-07,1:44,6,180923,0,
2018-09-23 1:45,,0.015873016,7.26E-07,1:45,6,180923,0,
2018-09-23 1:46,,0.015873016,7.26E-07,1:46,6,180923,0,
2018-09-23 1:47,,0.015873016,7.26E-07,1:47,6,180923,0,
2018-09-23 1:48,,0.015873016,7.26E-07,1:48,6,180923,0,
2018-09-23 1:49,,0.015873016,7.26E-07,1:49,6,180923,0,
2018-09-23 1:50,,0.015873016,7.26E-07,1:50,6,180923,0,
2018-09-23 1:51,,0.015873016,7.26E-07,1:51,6,180923,0,
2018-09-23 1:52,,0.015873016,7.26E-07,1:52,6,180923,0,
2018-09-23 1:53,,0.015873016,7.26E-07,1:53,6,180923,0,
2018-09-23 1:54,,0.015873016,7.26E-07,1:54,6,180923,0,
2018-09-23 1:55,,0.015873016,7.26E-07,1:55,6,180923,0,
2018-09-23 1:56,,0.015873016,7.26E-07,1:56,6,180923,0,
2018-09-23 1:57,,0.015873016,7.26E-07,1:57,6,180923,0,
2018-09-23 1:58,,0.015873016,7.26E-07,1:58,6,180923,0,
2018-09-23 1:59,,0.015873016,7.26E-07,1:59,6,180923,0,
2018-09-23 2:00,,0.015873016,7.26E-07,2:00,6,180923,0,
2018-09-23 2:01,,0.015873016,7.26E-07,2:01,6,180923,0,
2018-09-23 2:02,,0.015873016,7.26E-07,2:02,6,180923,0,
2018-09-23 2:03,,0.015873016,7.26E-07,2:03,6,180923,0,
2018-09-23 2:04,,0.015873016,7.26E-07,2:04,6,180923,0,
2018-09-23 2:05,,0.015873016,7.26E-07,2:05,6,180923,0,
2018-09-23 2:06,,0.015873016,7.26E-07,2:06,6,180923,0,
2018-09-23 2:07,,0.015873016,7.26E-07,2:07,6,180923,0,
2018-09-23 2:08,,0.015873016,7.26E-07,2:08,6,180923,0,
2018-09-23 2:09,,0.015873016,7.26E-07,2:09,6,180923,0,
2018-09-23 2:10,,0.015873016,7.26E-07,2:10,6,180923,0,
2018-09-23 2:11,,0.015873016,7.26E-07,2:11,6,180923,0,
2018-09-23 2:12,,0.015873016,7.26E-07,2:12,6,180923,0,
2018-09-23 2:13,,0.015873016,7.26E-07,2:13,6,180923,0,
2018-09-23 2:14,,0.015873016,7.26E-07,2:14,6,180923,0,
2018-09-23 2:15,,0.015873016,7.26E-07,2:15,6,180923,0,
2018-09-23 2:16,,0.015873016,7.26E-07,2:16,6,180923,0,
2018-09-23 2:17,,0.015873016,7.26E-07,2:17,6,180923,0,
2018-09-23 2:18,,0.015873016,7.26E-07,2:18,6,180923,0,
2018-09-23 2:19,,0.015873016,7.26E-07,2:19,6,180923,0,
2018-09-23 2:20,,0.015873016,7.26E-07,2:20,6,180923,0,
2018-09-23 2:21,,0.015873016,7.26E-07,2:21,6,180923,0,
2018-09-23 2:22,1,0.015873016,7.26E-07,2:22,6,180923,0,
2018-09-23 2:23,,0.016112903,0.000169628,2:23,6,180923,0,
2018-09-23 2:24,,0.016112903,7.26E-07,2:24,6,180923,0,
2018-09-23 2:25,,0.016112903,7.26E-07,2:25,6,180923,0,
2018-09-23 2:26,,0.016112903,7.26E-07,2:26,6,180923,0,
2018-09-23 2:27,,0.016112903,7.26E-07,2:27,6,180923,0,
2018-09-23 2:28,,0.016112903,7.26E-07,2:28,6,180923,0,
2018-09-23 2:29,,0.016112903,7.26E-07,2:29,6,180923,0,
2018-09-23 2:30,,0.016112903,7.26E-07,2:30,6,180923,0,
2018-09-23 2:31,,0.016112903,7.26E-07,2:31,6,180923,0,
2018-09-23 2:32,,0.016112903,7.26E-07,2:32,6,180923,0,
2018-09-23 2:33,,0.016112903,7.26E-07,2:33,6,180923,0,
2018-09-23 2:34,,0.016112903,7.26E-07,2:34,6,180923,0,
2018-09-23 2:35,,0.016112903,7.26E-07,2:35,6,180923,0,
2018-09-23 2:36,,0.016112903,7.26E-07,2:36,6,180923,0,
2018-09-23 2:37,,0.016112903,7.26E-07,2:37,6,180923,0,
2018-09-23 2:38,,0.016112903,7.26E-07,2:38,6,180923,0,
2018-09-23 2:39,,0.016112903,7.26E-07,2:39,6,180923,0,
2018-09-23 2:40,,0.016112903,7.26E-07,2:40,6,180923,0,
2018-09-23 2:41,,0.016112903,7.26E-07,2:41,6,180923,0,
2018-09-23 2:42,,0.016112903,7.26E-07,2:42,6,180923,0,
2018-09-23 2:43,,0.016112903,7.26E-07,2:43,6,180923,0,
2018-09-23 2:44,,0.016112903,7.26E-07,2:44,6,180923,0,
2018-09-23 2:45,,0.016112903,7.26E-07,2:45,6,180923,0,
2018-09-23 2:46,,0.016112903,7.26E-07,2:46,6,180923,0,
2018-09-23 2:47,,0.016112903,7.26E-07,2:47,6,180923,0,
2018-09-23 2:48,,0.016112903,7.26E-07,2:48,6,180923,0,
2018-09-23 2:49,,0.016112903,7.26E-07,2:49,6,180923,0,
2018-09-23 2:50,,0.016112903,7.26E-07,2:50,6,180923,0,
2018-09-23 2:51,,0.016112903,7.26E-07,2:51,6,180923,0,
2018-09-23 2:52,,0.016112903,7.26E-07,2:52,6,180923,0,
2018-09-23 2:53,,0.016112903,7.26E-07,2:53,6,180923,0,
2018-09-23 2:54,,0.016112903,7.26E-07,2:54,6,180923,0,
2018-09-23 2:55,,0.016112903,7.26E-07,2:55,6,180923,0,
2018-09-23 2:56,,0.016112903,7.26E-07,2:56,6,180923,0,
2018-09-23 2:57,,0.016112903,7.26E-07,2:57,6,180923,0,
2018-09-23 2:58,,0.016112903,7.26E-07,2:58,6,180923,0,
2018-09-23 2:59,,0.016112903,7.26E-07,2:59,6,180923,0,
2018-09-23 3:00,,0.016112903,7.26E-07,3:00,6,180923,0,
2018-09-23 3:01,,0.016112903,7.26E-07,3:01,6,180923,0,
2018-09-23 3:02,,0.016112903,7.26E-07,3:02,6,180923,0,
2018-09-23 3:03,,0.016112903,7.26E-07,3:03,6,180923,0,
2018-09-23 3:04,,0.016112903,7.26E-07,3:04,6,180923,0,
2018-09-23 3:05,,0.016112903,7.26E-07,3:05,6,180923,0,
2018-09-23 3:06,,0.016112903,7.26E-07,3:06,6,180923,0,
2018-09-23 3:07,,0.016112903,7.26E-07,3:07,6,180923,0,
2018-09-23 3:08,,0.016112903,7.26E-07,3:08,6,180923,0,
2018-09-23 3:09,,0.016112903,7.26E-07,3:09,6,180923,0,
2018-09-23 3:10,,0.016112903,7.26E-07,3:10,6,180923,0,
2018-09-23 3:11,,0.016112903,7.26E-07,3:11,6,180923,0,
2018-09-23 3:12,,0.016112903,7.26E-07,3:12,6,180923,0,
2018-09-23 3:13,,0.016112903,7.26E-07,3:13,6,180923,0,
2018-09-23 3:14,,0.016112903,7.26E-07,3:14,6,180923,0,
2018-09-23 3:15,,0.016112903,7.26E-07,3:15,6,180923,0,
2018-09-23 3:16,,0.016112903,7.26E-07,3:16,6,180923,0,
2018-09-23 3:17,,0.016112903,7.26E-07,3:17,6,180923,0,
2018-09-23 3:18,,0.016112903,7.26E-07,3:18,6,180923,0,
2018-09-23 3:19,,0.016112903,7.26E-07,3:19,6,180923,0,
2018-09-23 3:20,,0.016112903,7.26E-07,3:20,6,180923,0,
2018-09-23 3:21,,0.016112903,7.26E-07,3:21,6,180923,0,
2018-09-23 3:22,,0.016112903,7.26E-07,3:22,6,180923,0,
2018-09-23 3:23,,0.016112903,7.26E-07,3:23,6,180923,0,
2018-09-23 3:24,0.999,0.016112903,7.26E-07,3:24,6,180923,0,
2018-09-23 3:25,,0.016129032,1.14E-05,3:25,6,180923,0,
2018-09-23 3:26,,0.016129032,7.26E-07,3:26,6,180923,0,
2018-09-23 3:27,,0.016129032,7.26E-07,3:27,6,180923,0,
2018-09-23 3:28,,0.016129032,7.26E-07,3:28,6,180923,0,
2018-09-23 3:29,,0.016129032,7.26E-07,3:29,6,180923,0,
2018-09-23 3:30,,0.016129032,7.26E-07,3:30,6,180923,0,
2018-09-23 3:31,,0.016129032,7.26E-07,3:31,6,180923,0,
2018-09-23 3:32,,0.016129032,7.26E-07,3:32,6,180923,0,
2018-09-23 3:33,,0.016129032,7.26E-07,3:33,6,180923,0,
2018-09-23 3:34,,0.016129032,7.26E-07,3:34,6,180923,0,
2018-09-23 3:35,,0.016129032,7.26E-07,3:35,6,180923,0,
2018-09-23 3:36,,0.016129032,7.26E-07,3:36,6,180923,0,
2018-09-23 3:37,,0.016129032,7.26E-07,3:37,6,180923,0,
2018-09-23 3:38,,0.016129032,7.26E-07,3:38,6,180923,0,
2018-09-23 3:39,,0.016129032,7.26E-07,3:39,6,180923,0,
2018-09-23 3:40,,0.016129032,7.26E-07,3:40,6,180923,0,
2018-09-23 3:41,,0.016129032,7.26E-07,3:41,6,180923,0,
2018-09-23 3:42,,0.016129032,7.26E-07,3:42,6,180923,0,
2018-09-23 3:43,,0.016129032,7.26E-07,3:43,6,180923,0,
2018-09-23 3:44,,0.016129032,7.26E-07,3:44,6,180923,0,
2018-09-23 3:45,,0.016129032,7.26E-07,3:45,6,180923,0,
2018-09-23 3:46,,0.016129032,7.26E-07,3:46,6,180923,0,
2018-09-23 3:47,,0.016129032,7.26E-07,3:47,6,180923,0,
2018-09-23 3:48,,0.016129032,7.26E-07,3:48,6,180923,0,
2018-09-23 3:49,,0.016129032,7.26E-07,3:49,6,180923,0,
2018-09-23 3:50,,0.016129032,7.26E-07,3:50,6,180923,0,
2018-09-23 3:51,,0.016129032,7.26E-07,3:51,6,180923,0,
2018-09-23 3:52,,0.016129032,7.26E-07,3:52,6,180923,0,
2018-09-23 3:53,,0.016129032,7.26E-07,3:53,6,180923,0,
2018-09-23 3:54,,0.016129032,7.26E-07,3:54,6,180923,0,
2018-09-23 3:55,,0.016129032,7.26E-07,3:55,6,180923,0,
2018-09-23 3:56,,0.016129032,7.26E-07,3:56,6,180923,0,
2018-09-23 3:57,,0.016129032,7.26E-07,3:57,6,180923,0,
2018-09-23 3:58,,0.016129032,7.26E-07,3:58,6,180923,0,
2018-09-23 3:59,,0.016129032,7.26E-07,3:59,6,180923,0,
2018-09-23 4:00,,0.016129032,7.26E-07,4:00,6,180923,0,
2018-09-23 4:01,,0.016129032,7.26E-07,4:01,6,180923,0,
2018-09-23 4:02,,0.016129032,7.26E-07,4:02,6,180923,0,
2018-09-23 4:03,,0.016129032,7.26E-07,4:03,6,180923,0,
2018-09-23 4:04,,0.016129032,7.26E-07,4:04,6,180923,0,
2018-09-23 4:05,,0.016129032,7.26E-07,4:05,6,180923,0,
2018-09-23 4:06,,0.016129032,7.26E-07,4:06,6,180923,0,
2018-09-23 4:07,,0.016129032,7.26E-07,4:07,6,180923,0,
2018-09-23 4:08,,0.016129032,7.26E-07,4:08,6,180923,0,
2018-09-23 4:09,,0.016129032,7.26E-07,4:09,6,180923,0,
2018-09-23 4:10,,0.016129032,7.26E-07,4:10,6,180923,0,
2018-09-23 4:11,,0.016129032,7.26E-07,4:11,6,180923,0,
2018-09-23 4:12,,0.016129032,7.26E-07,4:12,6,180923,0,
2018-09-23 4:13,,0.016129032,7.26E-07,4:13,6,180923,0,
2018-09-23 4:14,,0.016129032,7.26E-07,4:14,6,180923,0,
2018-09-23 4:15,,0.016129032,7.26E-07,4:15,6,180923,0,
2018-09-23 4:16,,0.016129032,7.26E-07,4:16,6,180923,0,
2018-09-23 4:17,,0.016129032,7.26E-07,4:17,6,180923,0,
2018-09-23 4:18,,0.016129032,7.26E-07,4:18,6,180923,0,
2018-09-23 4:19,,0.016129032,7.26E-07,4:19,6,180923,0,
2018-09-23 4:20,,0.016129032,7.26E-07,4:20,6,180923,0,
2018-09-23 4:21,,0.016129032,7.26E-07,4:21,6,180923,0,
2018-09-23 4:22,,0.016129032,7.26E-07,4:22,6,180923,0,
2018-09-23 4:23,,0.016129032,7.26E-07,4:23,6,180923,0,
2018-09-23 4:24,,0.016129032,7.26E-07,4:24,6,180923,0,
2018-09-23 4:25,,0.016129032,7.26E-07,4:25,6,180923,0,
2018-09-23 4:26,1,0.016129032,7.26E-07,4:26,6,180923,0,
2018-09-23 4:27,,0.016129032,7.26E-07,4:27,6,180923,0,
2018-09-23 4:28,,0.016129032,7.26E-07,4:28,6,180923,0,
2018-09-23 4:29,,0.016129032,7.26E-07,4:29,6,180923,0,
2018-09-23 4:30,,0.016129032,7.26E-07,4:30,6,180923,0,
2018-09-23 4:31,,0.016129032,7.26E-07,4:31,6,180923,0,
2018-09-23 4:32,,0.016129032,7.26E-07,4:32,6,180923,0,
2018-09-23 4:33,,0.016129032,7.26E-07,4:33,6,180923,0,
2018-09-23 4:34,,0.016129032,7.26E-07,4:34,6,180923,0,
2018-09-23 4:35,,0.016129032,7.26E-07,4:35,6,180923,0,
2018-09-23 4:36,,0.016129032,7.26E-07,4:36,6,180923,0,
2018-09-23 4:37,,0.016129032,7.26E-07,4:37,6,180923,0,
2018-09-23 4:38,,0.016129032,7.26E-07,4:38,6,180923,0,
2018-09-23 4:39,,0.016129032,7.26E-07,4:39,6,180923,0,
2018-09-23 4:40,,0.016129032,7.26E-07,4:40,6,180923,0,
2018-09-23 4:41,,0.016129032,7.26E-07,4:41,6,180923,0,
2018-09-23 4:42,,0.016129032,7.26E-07,4:42,6,180923,0,
2018-09-23 4:43,,0.016129032,7.26E-07,4:43,6,180923,0,
2018-09-23 4:44,,0.016129032,7.26E-07,4:44,6,180923,0,
2018-09-23 4:45,,0.016129032,7.26E-07,4:45,6,180923,0,
2018-09-23 4:46,,0.016129032,7.26E-07,4:46,6,180923,0,
2018-09-23 4:47,,0.016129032,7.26E-07,4:47,6,180923,0,
2018-09-23 4:48,,0.016129032,7.26E-07,4:48,6,180923,0,
2018-09-23 4:49,,0.016129032,7.26E-07,4:49,6,180923,0,
2018-09-23 4:50,,0.016129032,7.26E-07,4:50,6,180923,0,
2018-09-23 4:51,,0.016129032,7.26E-07,4:51,6,180923,0,
2018-09-23 4:52,,0.016129032,7.26E-07,4:52,6,180923,0,
2018-09-23 4:53,,0.016129032,7.26E-07,4:53,6,180923,0,
2018-09-23 4:54,,0.016129032,7.26E-07,4:54,6,180923,0,
2018-09-23 4:55,,0.016129032,7.26E-07,4:55,6,180923,0,
2018-09-23 4:56,,0.016129032,7.26E-07,4:56,6,180923,0,
2018-09-23 4:57,,0.016129032,7.26E-07,4:57,6,180923,0,
2018-09-23 4:58,,0.016129032,7.26E-07,4:58,6,180923,0,
2018-09-23 4:59,,0.016129032,7.26E-07,4:59,6,180923,0,
2018-09-23 5:00,,0.016129032,7.26E-07,5:00,6,180923,0,
2018-09-23 5:01,,0.016129032,7.26E-07,5:01,6,180923,0,
2018-09-23 5:02,,0.016129032,7.26E-07,5:02,6,180923,0,
2018-09-23 5:03,,0.016129032,7.26E-07,5:03,6,180923,0,
2018-09-23 5:04,,0.016129032,7.26E-07,5:04,6,180923,0,
2018-09-23 5:05,,0.016129032,7.26E-07,5:05,6,180923,0,
2018-09-23 5:06,,0.016129032,7.26E-07,5:06,6,180923,0,
2018-09-23 5:07,,0.016129032,7.26E-07,5:07,6,180923,0,
2018-09-23 5:08,,0.016129032,7.26E-07,5:08,6,180923,0,
2018-09-23 5:09,,0.016129032,7.26E-07,5:09,6,180923,0,
2018-09-23 5:10,,0.016129032,7.26E-07,5:10,6,180923,0,
2018-09-23 5:11,,0.016129032,7.26E-07,5:11,6,180923,0,
2018-09-23 5:12,,0.016129032,7.26E-07,5:12,6,180923,0,
2018-09-23 5:13,,0.016129032,7.26E-07,5:13,6,180923,0,
2018-09-23 5:14,,0.016129032,7.26E-07,5:14,6,180923,0,
2018-09-23 5:15,,0.016129032,7.26E-07,5:15,6,180923,0,
2018-09-23 5:16,,0.016129032,7.26E-07,5:16,6,180923,0,
2018-09-23 5:17,,0.016129032,7.26E-07,5:17,6,180923,0,
2018-09-23 5:18,,0.016129032,7.26E-07,5:18,6,180923,0,
2018-09-23 5:19,,0.016129032,7.26E-07,5:19,6,180923,0,
2018-09-23 5:20,,0.016129032,7.26E-07,5:20,6,180923,0,
2018-09-23 5:21,,0.016129032,7.26E-07,5:21,6,180923,0,
2018-09-23 5:22,,0.016129032,7.26E-07,5:22,6,180923,0,
2018-09-23 5:23,,0.016129032,7.26E-07,5:23,6,180923,0,
2018-09-23 5:24,,0.016129032,7.26E-07,5:24,6,180923,0,
2018-09-23 5:25,,0.016129032,7.26E-07,5:25,6,180923,0,
2018-09-23 5:26,,0.016129032,7.26E-07,5:26,6,180923,0,
2018-09-23 5:27,,0.016129032,7.26E-07,5:27,6,180923,0,
2018-09-23 5:28,1,0.016129032,7.26E-07,5:28,6,180923,0,
2018-09-23 5:29,,0.016112903,1.14E-05,5:29,6,180923,0,
2018-09-23 5:30,,0.016112903,7.26E-07,5:30,6,180923,0,
2018-09-23 5:31,,0.016112903,7.26E-07,5:31,6,180923,0,
2018-09-23 5:32,,0.016112903,7.26E-07,5:32,6,180923,0,
2018-09-23 5:33,,0.016112903,7.26E-07,5:33,6,180923,0,
2018-09-23 5:34,,0.016112903,7.26E-07,5:34,6,180923,0,
2018-09-23 5:35,,0.016112903,7.26E-07,5:35,6,180923,0,
2018-09-23 5:36,,0.016112903,7.26E-07,5:36,6,180923,0,
2018-09-23 5:37,,0.016112903,7.26E-07,5:37,6,180923,0,
2018-09-23 5:38,,0.016112903,7.26E-07,5:38,6,180923,0,
2018-09-23 5:39,,0.016112903,7.26E-07,5:39,6,180923,0,
2018-09-23 5:40,,0.016112903,7.26E-07,5:40,6,180923,0,
2018-09-23 5:41,,0.016112903,7.26E-07,5:41,6,180923,0,
2018-09-23 5:42,,0.016112903,7.26E-07,5:42,6,180923,0,
2018-09-23 5:43,,0.016112903,7.26E-07,5:43,6,180923,0,
2018-09-23 5:44,,0.016112903,7.26E-07,5:44,6,180923,0,
2018-09-23 5:45,,0.016112903,7.26E-07,5:45,6,180923,0,
2018-09-23 5:46,,0.016112903,7.26E-07,5:46,6,180923,0,
2018-09-23 5:47,,0.016112903,7.26E-07,5:47,6,180923,0,
2018-09-23 5:48,,0.016112903,7.26E-07,5:48,6,180923,0,
2018-09-23 5:49,,0.016112903,7.26E-07,5:49,6,180923,0,
2018-09-23 5:50,,0.016112903,7.26E-07,5:50,6,180923,0,
2018-09-23 5:51,,0.016112903,7.26E-07,5:51,6,180923,0,
2018-09-23 5:52,,0.016112903,7.26E-07,5:52,6,180923,0,
2018-09-23 5:53,,0.016112903,7.26E-07,5:53,6,180923,0,
2018-09-23 5:54,,0.016112903,7.26E-07,5:54,6,180923,0,
2018-09-23 5:55,,0.016112903,7.26E-07,5:55,6,180923,0,
2018-09-23 5:56,,0.016112903,7.26E-07,5:56,6,180923,0,
2018-09-23 5:57,,0.016112903,7.26E-07,5:57,6,180923,0,
2018-09-23 5:58,,0.016112903,7.26E-07,5:58,6,180923,0,
2018-09-23 5:59,,0.016112903,7.26E-07,5:59,6,180923,0,
2018-09-23 6:00,,0.016112903,7.26E-07,6:00,6,180923,0,
2018-09-23 6:01,,0.016112903,7.26E-07,6:01,6,180923,0,
2018-09-23 6:02,,0.016112903,7.26E-07,6:02,6,180923,0,
2018-09-23 6:03,,0.016112903,7.26E-07,6:03,6,180923,0,
2018-09-23 6:04,,0.016112903,7.26E-07,6:04,6,180923,0,
2018-09-23 6:05,,0.016112903,7.26E-07,6:05,6,180923,0,
2018-09-23 6:06,,0.016112903,7.26E-07,6:06,6,180923,0,
2018-09-23 6:07,,0.016112903,7.26E-07,6:07,6,180923,0,
2018-09-23 6:08,,0.016112903,7.26E-07,6:08,6,180923,0,
2018-09-23 6:09,,0.016112903,7.26E-07,6:09,6,180923,0,
2018-09-23 6:10,,0.016112903,7.26E-07,6:10,6,180923,0,
2018-09-23 6:11,,0.016112903,7.26E-07,6:11,6,180923,0,
2018-09-23 6:12,,0.016112903,7.26E-07,6:12,6,180923,0,
2018-09-23 6:13,,0.016112903,7.26E-07,6:13,6,180923,0,
2018-09-23 6:14,,0.016112903,7.26E-07,6:14,6,180923,0,
2018-09-23 6:15,,0.016112903,7.26E-07,6:15,6,180923,0,
2018-09-23 6:16,,0.016112903,7.26E-07,6:16,6,180923,0,
2018-09-23 6:17,,0.016112903,7.26E-07,6:17,6,180923,0,
2018-09-23 6:18,,0.016112903,7.26E-07,6:18,6,180923,0,
2018-09-23 6:19,,0.016112903,7.26E-07,6:19,6,180923,0,
2018-09-23 6:20,,0.016112903,7.26E-07,6:20,6,180923,0,
2018-09-23 6:21,,0.016112903,7.26E-07,6:21,6,180923,0,
2018-09-23 6:22,,0.016112903,7.26E-07,6:22,6,180923,0,
2018-09-23 6:23,,0.016112903,7.26E-07,6:23,6,180923,0,
2018-09-23 6:24,,0.016112903,7.26E-07,6:24,6,180923,0,
2018-09-23 6:25,,0.016112903,7.26E-07,6:25,6,180923,0,
2018-09-23 6:26,,0.016112903,7.26E-07,6:26,6,180923,0,
2018-09-23 6:27,,0.016112903,7.26E-07,6:27,6,180923,0,
2018-09-23 6:28,,0.016112903,7.26E-07,6:28,6,180923,0,
2018-09-23 6:29,,0.016112903,7.26E-07,6:29,6,180923,0,
2018-09-23 6:30,0.999,0.016112903,7.26E-07,6:30,6,180923,0,
2018-09-23 6:31,,0.015873016,0.000169628,6:31,6,180923,0,
2018-09-23 6:32,,0.015873016,7.26E-07,6:32,6,180923,0,
2018-09-23 6:33,,0.015873016,7.26E-07,6:33,6,180923,0,
2018-09-23 6:34,,0.015873016,7.26E-07,6:34,6,180923,0,
2018-09-23 6:35,,0.015873016,7.26E-07,6:35,6,180923,0,
2018-09-23 6:36,,0.015873016,7.26E-07,6:36,6,180923,0,
2018-09-23 6:37,,0.015873016,7.26E-07,6:37,6,180923,0,
2018-09-23 6:38,,0.015873016,7.26E-07,6:38,6,180923,0,
2018-09-23 6:39,,0.015873016,7.26E-07,6:39,6,180923,0,
2018-09-23 6:40,,0.015873016,7.26E-07,6:40,6,180923,0,
2018-09-23 6:41,,0.015873016,7.26E-07,6:41,6,180923,0,
2018-09-23 6:42,,0.015873016,7.26E-07,6:42,6,180923,0,
2018-09-23 6:43,,0.015873016,7.26E-07,6:43,6,180923,0,
2018-09-23 6:44,,0.015873016,7.26E-07,6:44,6,180923,0,
2018-09-23 6:45,,0.015873016,7.26E-07,6:45,6,180923,0,
2018-09-23 6:46,,0.015873016,7.26E-07,6:46,6,180923,0,
2018-09-23 6:47,,0.015873016,7.26E-07,6:47,6,180923,0,
2018-09-23 6:48,,0.015873016,7.26E-07,6:48,6,180923,0,
2018-09-23 6:49,,0.015873016,7.26E-07,6:49,6,180923,0,
2018-09-23 6:50,,0.015873016,7.26E-07,6:50,6,180923,0,
2018-09-23 6:51,,0.015873016,7.26E-07,6:51,6,180923,0,
2018-09-23 6:52,,0.015873016,7.26E-07,6:52,6,180923,0,
2018-09-23 6:53,,0.015873016,7.26E-07,6:53,6,180923,0,
2018-09-23 6:54,,0.015873016,7.26E-07,6:54,6,180923,0,
2018-09-23 6:55,,0.015873016,7.26E-07,6:55,6,180923,0,
2018-09-23 6:56,,0.015873016,7.26E-07,6:56,6,180923,0,
2018-09-23 6:57,,0.015873016,7.26E-07,6:57,6,180923,0,
2018-09-23 6:58,,0.015873016,7.26E-07,6:58,6,180923,0,
2018-09-23 6:59,,0.015873016,7.26E-07,6:59,6,180923,0,
2018-09-23 7:00,,0.015873016,7.26E-07,7:00,6,180923,0,
2018-09-23 7:01,,0.015873016,7.26E-07,7:01,6,180923,0,
2018-09-23 7:02,,0.015873016,7.26E-07,7:02,6,180923,0,
2018-09-23 7:03,,0.015873016,7.26E-07,7:03,6,180923,0,
2018-09-23 7:04,,0.015873016,7.26E-07,7:04,6,180923,0,
2018-09-23 7:05,,0.015873016,7.26E-07,7:05,6,180923,0,
2018-09-23 7:06,,0.015873016,7.26E-07,7:06,6,180923,0,
2018-09-23 7:07,,0.015873016,7.26E-07,7:07,6,180923,0,
2018-09-23 7:08,,0.015873016,7.26E-07,7:08,6,180923,0,
2018-09-23 7:09,,0.015873016,7.26E-07,7:09,6,180923,0,
2018-09-23 7:10,,0.015873016,7.26E-07,7:10,6,180923,0,
2018-09-23 7:11,,0.015873016,7.26E-07,7:11,6,180923,0,
2018-09-23 7:12,,0.015873016,7.26E-07,7:12,6,180923,0,
2018-09-23 7:13,,0.015873016,7.26E-07,7:13,6,180923,0,
2018-09-23 7:14,,0.015873016,7.26E-07,7:14,6,180923,0,
2018-09-23 7:15,,0.015873016,7.26E-07,7:15,6,180923,0,
2018-09-23 7:16,,0.015873016,7.26E-07,7:16,6,180923,0,
2018-09-23 7:17,,0.015873016,7.26E-07,7:17,6,180923,0,
2018-09-23 7:18,,0.015873016,7.26E-07,7:18,6,180923,0,
2018-09-23 7:19,,0.015873016,7.26E-07,7:19,6,180923,0,
2018-09-23 7:20,,0.015873016,7.26E-07,7:20,6,180923,0,
2018-09-23 7:21,,0.015873016,7.26E-07,7:21,6,180923,0,
2018-09-23 7:22,,0.015873016,7.26E-07,7:22,6,180923,0,
2018-09-23 7:23,,0.015873016,7.26E-07,7:23,6,180923,0,
2018-09-23 7:24,,0.015873016,7.26E-07,7:24,6,180923,0,
2018-09-23 7:25,,0.015873016,7.26E-07,7:25,6,180923,0,
2018-09-23 7:26,,0.015873016,7.26E-07,7:26,6,180923,0,
2018-09-23 7:27,,0.015873016,7.26E-07,7:27,6,180923,0,
2018-09-23 7:28,,0.015873016,7.26E-07,7:28,6,180923,0,
2018-09-23 7:29,,0.015873016,7.26E-07,7:29,6,180923,0,
2018-09-23 7:30,,0.015873016,7.26E-07,7:30,6,180923,0,
2018-09-23 7:31,,0.015873016,7.26E-07,7:31,6,180923,0,
2018-09-23 7:32,,0.015873016,7.26E-07,7:32,6,180923,0,
2018-09-23 7:33,1,0.015873016,7.26E-07,7:33,6,180923,0,
2018-09-23 7:34,,0.016112903,0.000169628,7:34,6,180923,0,
2018-09-23 7:35,,0.016112903,7.26E-07,7:35,6,180923,0,
2018-09-23 7:36,,0.016112903,7.26E-07,7:36,6,180923,0,
2018-09-23 7:37,,0.016112903,7.26E-07,7:37,6,180923,0,
2018-09-23 7:38,,0.016112903,7.26E-07,7:38,6,180923,0,
2018-09-23 7:39,,0.016112903,7.26E-07,7:39,6,180923,0,
2018-09-23 7:40,,0.016112903,7.26E-07,7:40,6,180923,0,
2018-09-23 7:41,,0.016112903,7.26E-07,7:41,6,180923,0,
2018-09-23 7:42,,0.016112903,7.26E-07,7:42,6,180923,0,
2018-09-23 7:43,,0.016112903,7.26E-07,7:43,6,180923,0,
2018-09-23 7:44,,0.016112903,7.26E-07,7:44,6,180923,0,
2018-09-23 7:45,,0.016112903,7.26E-07,7:45,6,180923,0,
2018-09-23 7:46,,0.016112903,7.26E-07,7:46,6,180923,0,
2018-09-23 7:47,,0.016112903,7.26E-07,7:47,6,180923,0,
2018-09-23 7:48,,0.016112903,7.26E-07,7:48,6,180923,0,
2018-09-23 7:49,,0.016112903,7.26E-07,7:49,6,180923,0,
2018-09-23 7:50,,0.016112903,7.26E-07,7:50,6,180923,0,
2018-09-23 7:51,,0.016112903,7.26E-07,7:51,6,180923,0,
2018-09-23 7:52,,0.016112903,7.26E-07,7:52,6,180923,0,
2018-09-23 7:53,,0.016112903,7.26E-07,7:53,6,180923,0,
2018-09-23 7:54,,0.016112903,7.26E-07,7:54,6,180923,0,
2018-09-23 7:55,,0.016112903,7.26E-07,7:55,6,180923,0,
2018-09-23 7:56,,0.016112903,7.26E-07,7:56,6,180923,0,
2018-09-23 7:57,,0.016112903,7.26E-07,7:57,6,180923,0,
2018-09-23 7:58,,0.016112903,7.26E-07,7:58,6,180923,0,
2018-09-23 7:59,,0.016112903,7.26E-07,7:59,6,180923,0,
2018-09-23 8:00,,0.016112903,7.26E-07,8:00,6,180923,0,
2018-09-23 8:01,,0.016112903,7.26E-07,8:01,6,180923,0,
2018-09-23 8:02,,0.016112903,7.26E-07,8:02,6,180923,0,
2018-09-23 8:03,,0.016112903,7.26E-07,8:03,6,180923,0,
2018-09-23 8:04,,0.016112903,7.26E-07,8:04,6,180923,0,
2018-09-23 8:05,,0.016112903,7.26E-07,8:05,6,180923,0,
2018-09-23 8:06,,0.016112903,7.26E-07,8:06,6,180923,0,
2018-09-23 8:07,,0.016112903,7.26E-07,8:07,6,180923,0,
2018-09-23 8:08,,0.016112903,7.26E-07,8:08,6,180923,0,
2018-09-23 8:09,,0.016112903,7.26E-07,8:09,6,180923,0,
2018-09-23 8:10,,0.016112903,7.26E-07,8:10,6,180923,0,
2018-09-23 8:11,,0.016112903,7.26E-07,8:11,6,180923,0,
2018-09-23 8:12,,0.016112903,7.26E-07,8:12,6,180923,0,
2018-09-23 8:13,,0.016112903,7.26E-07,8:13,6,180923,0,
2018-09-23 8:14,,0.016112903,7.26E-07,8:14,6,180923,0,
2018-09-23 8:15,,0.016112903,7.26E-07,8:15,6,180923,0,
2018-09-23 8:16,,0.016112903,7.26E-07,8:16,6,180923,0,
2018-09-23 8:17,,0.016112903,7.26E-07,8:17,6,180923,0,
2018-09-23 8:18,,0.016112903,7.26E-07,8:18,6,180923,0,
2018-09-23 8:19,,0.016112903,7.26E-07,8:19,6,180923,0,
2018-09-23 8:20,,0.016112903,7.26E-07,8:20,6,180923,0,
2018-09-23 8:21,,0.016112903,7.26E-07,8:21,6,180923,0,
2018-09-23 8:22,,0.016112903,7.26E-07,8:22,6,180923,0,
2018-09-23 8:23,,0.016112903,7.26E-07,8:23,6,180923,0,
2018-09-23 8:24,,0.016112903,7.26E-07,8:24,6,180923,0,
2018-09-23 8:25,,0.016112903,7.26E-07,8:25,6,180923,0,
2018-09-23 8:26,,0.016112903,7.26E-07,8:26,6,180923,0,
2018-09-23 8:27,,0.016112903,7.26E-07,8:27,6,180923,0,
2018-09-23 8:28,,0.016112903,7.26E-07,8:28,6,180923,0,
2018-09-23 8:29,,0.016112903,7.26E-07,8:29,6,180923,0,
2018-09-23 8:30,,0.016112903,7.26E-07,8:30,6,180923,0,
2018-09-23 8:31,,0.016112903,7.26E-07,8:31,6,180923,0,
2018-09-23 8:32,,0.016112903,7.26E-07,8:32,6,180923,0,
2018-09-23 8:33,,0.016112903,7.26E-07,8:33,6,180923,0,
2018-09-23 8:34,,0.016112903,7.26E-07,8:34,6,180923,0,
2018-09-23 8:35,0.999,0.016112903,7.26E-07,8:35,6,180923,0,
2018-09-23 8:36,,0.016129032,1.14E-05,8:36,6,180923,0,
2018-09-23 8:37,,0.016129032,7.26E-07,8:37,6,180923,0,
2018-09-23 8:38,,0.016129032,7.26E-07,8:38,6,180923,0,
2018-09-23 8:39,,0.016129032,7.26E-07,8:39,6,180923,0,
2018-09-23 8:40,,0.016129032,7.26E-07,8:40,6,180923,0,
2018-09-23 8:41,,0.016129032,7.26E-07,8:41,6,180923,0,
2018-09-23 8:42,,0.016129032,7.26E-07,8:42,6,180923,0,
2018-09-23 8:43,,0.016129032,7.26E-07,8:43,6,180923,0,
2018-09-23 8:44,,0.016129032,7.26E-07,8:44,6,180923,0,
2018-09-23 8:45,,0.016129032,7.26E-07,8:45,6,180923,0,
2018-09-23 8:46,,0.016129032,7.26E-07,8:46,6,180923,0,
2018-09-23 8:47,,0.016129032,7.26E-07,8:47,6,180923,0,
2018-09-23 8:48,,0.016129032,7.26E-07,8:48,6,180923,0,
2018-09-23 8:49,,0.016129032,7.26E-07,8:49,6,180923,0,
2018-09-23 8:50,,0.016129032,7.26E-07,8:50,6,180923,0,
2018-09-23 8:51,,0.016129032,7.26E-07,8:51,6,180923,0,
2018-09-23 8:52,,0.016129032,7.26E-07,8:52,6,180923,0,
2018-09-23 8:53,,0.016129032,7.26E-07,8:53,6,180923,0,
2018-09-23 8:54,,0.016129032,7.26E-07,8:54,6,180923,0,
2018-09-23 8:55,,0.016129032,7.26E-07,8:55,6,180923,0,
2018-09-23 8:56,,0.016129032,7.26E-07,8:56,6,180923,0,
2018-09-23 8:57,,0.016129032,7.26E-07,8:57,6,180923,0,
2018-09-23 8:58,,0.016129032,7.26E-07,8:58,6,180923,0,
2018-09-23 8:59,,0.016129032,7.26E-07,8:59,6,180923,0,
2018-09-23 9:00,,0.016129032,7.26E-07,9:00,6,180923,0,
2018-09-23 9:01,,0.016129032,7.26E-07,9:01,6,180923,0,
2018-09-23 9:02,,0.016129032,7.26E-07,9:02,6,180923,0,
2018-09-23 9:03,,0.016129032,7.26E-07,9:03,6,180923,0,
2018-09-23 9:04,,0.016129032,7.26E-07,9:04,6,180923,0,
2018-09-23 9:05,,0.016129032,7.26E-07,9:05,6,180923,0,
2018-09-23 9:06,,0.016129032,7.26E-07,9:06,6,180923,0,
2018-09-23 9:07,,0.016129032,7.26E-07,9:07,6,180923,0,
2018-09-23 9:08,,0.016129032,7.26E-07,9:08,6,180923,0,
2018-09-23 9:09,,0.016129032,7.26E-07,9:09,6,180923,0,
2018-09-23 9:10,,0.016129032,7.26E-07,9:10,6,180923,0,
2018-09-23 9:11,,0.016129032,7.26E-07,9:11,6,180923,0,
2018-09-23 9:12,,0.016129032,7.26E-07,9:12,6,180923,0,
2018-09-23 9:13,,0.016129032,7.26E-07,9:13,6,180923,0,
2018-09-23 9:14,,0.016129032,7.26E-07,9:14,6,180923,0,
2018-09-23 9:15,,0.016129032,7.26E-07,9:15,6,180923,0,
2018-09-23 9:16,,0.016129032,7.26E-07,9:16,6,180923,0,
2018-09-23 9:17,,0.016129032,7.26E-07,9:17,6,180923,0,
2018-09-23 9:18,,0.016129032,7.26E-07,9:18,6,180923,0,
2018-09-23 9:19,,0.016129032,7.26E-07,9:19,6,180923,0,
2018-09-23 9:20,,0.016129032,7.26E-07,9:20,6,180923,0,
2018-09-23 9:21,,0.016129032,7.26E-07,9:21,6,180923,0,
2018-09-23 9:22,,0.016129032,7.26E-07,9:22,6,180923,0,
2018-09-23 9:23,,0.016129032,7.26E-07,9:23,6,180923,0,
2018-09-23 9:24,,0.016129032,7.26E-07,9:24,6,180923,0,
2018-09-23 9:25,,0.016129032,7.26E-07,9:25,6,180923,0,
2018-09-23 9:26,,0.016129032,7.26E-07,9:26,6,180923,0,
2018-09-23 9:27,,0.016129032,7.26E-07,9:27,6,180923,0,
2018-09-23 9:28,,0.016129032,7.26E-07,9:28,6,180923,0,
2018-09-23 9:29,,0.016129032,7.26E-07,9:29,6,180923,0,
2018-09-23 9:30,,0.016129032,7.26E-07,9:30,6,180923,0,
2018-09-23 9:31,,0.016129032,7.26E-07,9:31,6,180923,0,
2018-09-23 9:32,,0.016129032,7.26E-07,9:32,6,180923,0,
2018-09-23 9:33,,0.016129032,7.26E-07,9:33,6,180923,0,
2018-09-23 9:34,,0.016129032,7.26E-07,9:34,6,180923,0,
2018-09-23 9:35,,0.016129032,7.26E-07,9:35,6,180923,0,
2018-09-23 9:36,,0.016129032,7.26E-07,9:36,6,180923,0,
2018-09-23 9:37,1,0.016129032,7.26E-07,9:37,6,180923,0,
2018-09-23 9:38,,0.016377049,0.000175376,9:38,6,180923,0,
2018-09-23 9:39,,0.016377049,7.26E-07,9:39,6,180923,0,
2018-09-23 9:40,,0.016377049,7.26E-07,9:40,6,180923,0,
2018-09-23 9:41,,0.016377049,7.26E-07,9:41,6,180923,0,
2018-09-23 9:42,,0.016377049,7.26E-07,9:42,6,180923,0,
2018-09-23 9:43,,0.016377049,7.26E-07,9:43,6,180923,0,
2018-09-23 9:44,,0.016377049,7.26E-07,9:44,6,180923,0,
2018-09-23 9:45,,0.016377049,7.26E-07,9:45,6,180923,0,
2018-09-23 9:46,,0.016377049,7.26E-07,9:46,6,180923,0,
2018-09-23 9:47,,0.016377049,7.26E-07,9:47,6,180923,0,
2018-09-23 9:48,,0.016377049,7.26E-07,9:48,6,180923,0,
2018-09-23 9:49,,0.016377049,7.26E-07,9:49,6,180923,0,
2018-09-23 9:50,,0.016377049,7.26E-07,9:50,6,180923,0,
2018-09-23 9:51,,0.016377049,7.26E-07,9:51,6,180923,0,
2018-09-23 9:52,,0.016377049,7.26E-07,9:52,6,180923,0,
2018-09-23 9:53,,0.016377049,7.26E-07,9:53,6,180923,0,
2018-09-23 9:54,,0.016377049,7.26E-07,9:54,6,180923,0,
2018-09-23 9:55,,0.016377049,7.26E-07,9:55,6,180923,0,
2018-09-23 9:56,,0.016377049,7.26E-07,9:56,6,180923,0,
2018-09-23 9:57,,0.016377049,7.26E-07,9:57,6,180923,0,
2018-09-23 9:58,,0.016377049,7.26E-07,9:58,6,180923,0,
2018-09-23 9:59,,0.016377049,7.26E-07,9:59,6,180923,0,
2018-09-23 10:00,,0.016377049,7.26E-07,10:00,6,180923,0,
2018-09-23 10:01,,0.016377049,7.26E-07,10:01,6,180923,0,
2018-09-23 10:02,,0.016377049,7.26E-07,10:02,6,180923,0,
2018-09-23 10:03,,0.016377049,7.26E-07,10:03,6,180923,0,
2018-09-23 10:04,,0.016377049,7.26E-07,10:04,6,180923,0,
2018-09-23 10:05,,0.016377049,7.26E-07,10:05,6,180923,0,
2018-09-23 10:06,,0.016377049,7.26E-07,10:06,6,180923,0,
2018-09-23 10:07,,0.016377049,7.26E-07,10:07,6,180923,0,
2018-09-23 10:08,,0.016377049,7.26E-07,10:08,6,180923,0,
2018-09-23 10:09,,0.016377049,7.26E-07,10:09,6,180923,0,
2018-09-23 10:10,,0.016377049,7.26E-07,10:10,6,180923,0,
2018-09-23 10:11,,0.016377049,7.26E-07,10:11,6,180923,0,
2018-09-23 10:12,,0.016377049,7.26E-07,10:12,6,180923,0,
2018-09-23 10:13,,0.016377049,7.26E-07,10:13,6,180923,0,
2018-09-23 10:14,,0.016377049,7.26E-07,10:14,6,180923,0,
2018-09-23 10:15,,0.016377049,7.26E-07,10:15,6,180923,0,
2018-09-23 10:16,,0.016377049,7.26E-07,10:16,6,180923,0,
2018-09-23 10:17,,0.016377049,7.26E-07,10:17,6,180923,0,
2018-09-23 10:18,,0.016377049,7.26E-07,10:18,6,180923,0,
2018-09-23 10:19,,0.016377049,7.26E-07,10:19,6,180923,0,
2018-09-23 10:20,,0.016377049,7.26E-07,10:20,6,180923,0,
2018-09-23 10:21,,0.016377049,7.26E-07,10:21,6,180923,0,
2018-09-23 10:22,,0.016377049,7.26E-07,10:22,6,180923,0,
2018-09-23 10:23,,0.016377049,7.26E-07,10:23,6,180923,0,
2018-09-23 10:24,,0.016377049,7.26E-07,10:24,6,180923,0,
2018-09-23 10:25,,0.016377049,7.26E-07,10:25,6,180923,0,
2018-09-23 10:26,,0.016377049,7.26E-07,10:26,6,180923,0,
2018-09-23 10:27,,0.016377049,7.26E-07,10:27,6,180923,0,
2018-09-23 10:28,,0.016377049,7.26E-07,10:28,6,180923,0,
2018-09-23 10:29,,0.016377049,7.26E-07,10:29,6,180923,0,
2018-09-23 10:30,,0.016377049,7.26E-07,10:30,6,180923,0,
2018-09-23 10:31,,0.016377049,7.26E-07,10:31,6,180923,0,
2018-09-23 10:32,,0.016377049,7.26E-07,10:32,6,180923,0,
2018-09-23 10:33,,0.016377049,7.26E-07,10:33,6,180923,0,
2018-09-23 10:34,,0.016377049,7.26E-07,10:34,6,180923,0,
2018-09-23 10:35,,0.016377049,7.26E-07,10:35,6,180923,0,
2018-09-23 10:36,,0.016377049,7.26E-07,10:36,6,180923,0,
2018-09-23 10:37,,0.016377049,7.26E-07,10:37,6,180923,0,
2018-09-23 10:38,0.999,0.016377049,7.26E-07,10:38,6,180923,0,
2018-09-23 10:39,,0.015873016,0.000356406,10:39,6,180923,0,
2018-09-23 10:40,,0.015873016,7.26E-07,10:40,6,180923,0,
2018-09-23 10:41,,0.015873016,7.26E-07,10:41,6,180923,0,
2018-09-23 10:42,,0.015873016,7.26E-07,10:42,6,180923,0,
2018-09-23 10:43,,0.015873016,7.26E-07,10:43,6,180923,0,
2018-09-23 10:44,,0.015873016,7.26E-07,10:44,6,180923,0,
2018-09-23 10:45,,0.015873016,7.26E-07,10:45,6,180923,0,
2018-09-23 10:46,,0.015873016,7.26E-07,10:46,6,180923,0,
2018-09-23 10:47,,0.015873016,7.26E-07,10:47,6,180923,0,
2018-09-23 10:48,,0.015873016,7.26E-07,10:48,6,180923,0,
2018-09-23 10:49,,0.015873016,7.26E-07,10:49,6,180923,0,
2018-09-23 10:50,,0.015873016,7.26E-07,10:50,6,180923,0,
2018-09-23 10:51,,0.015873016,7.26E-07,10:51,6,180923,0,
2018-09-23 10:52,,0.015873016,7.26E-07,10:52,6,180923,0,
2018-09-23 10:53,,0.015873016,7.26E-07,10:53,6,180923,0,
2018-09-23 10:54,,0.015873016,7.26E-07,10:54,6,180923,0,
2018-09-23 10:55,,0.015873016,7.26E-07,10:55,6,180923,0,
2018-09-23 10:56,,0.015873016,7.26E-07,10:56,6,180923,0,
2018-09-23 10:57,,0.015873016,7.26E-07,10:57,6,180923,0,
2018-09-23 10:58,,0.015873016,7.26E-07,10:58,6,180923,0,
2018-09-23 10:59,,0.015873016,7.26E-07,10:59,6,180923,0,
2018-09-23 11:00,,0.015873016,7.26E-07,11:00,6,180923,0,
2018-09-23 11:01,,0.015873016,7.26E-07,11:01,6,180923,0,
2018-09-23 11:02,,0.015873016,7.26E-07,11:02,6,180923,0,
2018-09-23 11:03,,0.015873016,7.26E-07,11:03,6,180923,0,
2018-09-23 11:04,,0.015873016,7.26E-07,11:04,6,180923,0,
2018-09-23 11:05,,0.015873016,7.26E-07,11:05,6,180923,0,
2018-09-23 11:06,,0.015873016,7.26E-07,11:06,6,180923,0,
2018-09-23 11:07,,0.015873016,7.26E-07,11:07,6,180923,0,
2018-09-23 11:08,,0.015873016,7.26E-07,11:08,6,180923,0,
2018-09-23 11:09,,0.015873016,7.26E-07,11:09,6,180923,0,
2018-09-23 11:10,,0.015873016,7.26E-07,11:10,6,180923,0,
2018-09-23 11:11,,0.015873016,7.26E-07,11:11,6,180923,0,
2018-09-23 11:12,,0.015873016,7.26E-07,11:12,6,180923,0,
2018-09-23 11:13,,0.015873016,7.26E-07,11:13,6,180923,0,
2018-09-23 11:14,,0.015873016,7.26E-07,11:14,6,180923,0,
2018-09-23 11:15,,0.015873016,7.26E-07,11:15,6,180923,0,
2018-09-23 11:16,,0.015873016,7.26E-07,11:16,6,180923,0,
2018-09-23 11:17,,0.015873016,7.26E-07,11:17,6,180923,0,
2018-09-23 11:18,,0.015873016,7.26E-07,11:18,6,180923,0,
2018-09-23 11:19,,0.015873016,7.26E-07,11:19,6,180923,0,
2018-09-23 11:20,,0.015873016,7.26E-07,11:20,6,180923,0,
2018-09-23 11:21,,0.015873016,7.26E-07,11:21,6,180923,0,
2018-09-23 11:22,,0.015873016,7.26E-07,11:22,6,180923,0,
2018-09-23 11:23,,0.015873016,7.26E-07,11:23,6,180923,0,
2018-09-23 11:24,,0.015873016,7.26E-07,11:24,6,180923,0,
2018-09-23 11:25,,0.015873016,7.26E-07,11:25,6,180923,0,
2018-09-23 11:26,,0.015873016,7.26E-07,11:26,6,180923,0,
2018-09-23 11:27,,0.015873016,7.26E-07,11:27,6,180923,0,
2018-09-23 11:28,,0.015873016,7.26E-07,11:28,6,180923,0,
2018-09-23 11:29,,0.015873016,7.26E-07,11:29,6,180923,0,
2018-09-23 11:30,,0.015873016,7.26E-07,11:30,6,180923,0,
2018-09-23 11:31,,0.015873016,7.26E-07,11:31,6,180923,0,
2018-09-23 11:32,,0.015873016,7.26E-07,11:32,6,180923,0,
2018-09-23 11:33,,0.015873016,7.26E-07,11:33,6,180923,0,
2018-09-23 11:34,,0.015873016,7.26E-07,11:34,6,180923,0,
2018-09-23 11:35,,0.015873016,7.26E-07,11:35,6,180923,0,
2018-09-23 11:36,,0.015873016,7.26E-07,11:36,6,180923,0,
2018-09-23 11:37,,0.015873016,7.26E-07,11:37,6,180923,0,
2018-09-23 11:38,,0.015873016,7.26E-07,11:38,6,180923,0,
2018-09-23 11:39,,0.015873016,7.26E-07,11:39,6,180923,0,
2018-09-23 11:40,,0.015873016,7.26E-07,11:40,6,180923,0,
2018-09-23 11:41,1,0.015873016,7.26E-07,11:41,6,180923,0,
2018-09-23 11:42,,0.016129032,0.000181032,11:42,6,180923,0,
2018-09-23 11:43,,0.016129032,7.26E-07,11:43,6,180923,0,
2018-09-23 11:44,,0.016129032,7.26E-07,11:44,6,180923,0,
2018-09-23 11:45,,0.016129032,7.26E-07,11:45,6,180923,0,
2018-09-23 11:46,,0.016129032,7.26E-07,11:46,6,180923,0,
2018-09-23 11:47,,0.016129032,7.26E-07,11:47,6,180923,0,
2018-09-23 11:48,,0.016129032,7.26E-07,11:48,6,180923,0,
2018-09-23 11:49,,0.016129032,7.26E-07,11:49,6,180923,0,
2018-09-23 11:50,,0.016129032,7.26E-07,11:50,6,180923,0,
2018-09-23 11:51,,0.016129032,7.26E-07,11:51,6,180923,0,
2018-09-23 11:52,,0.016129032,7.26E-07,11:52,6,180923,0,
2018-09-23 11:53,,0.016129032,7.26E-07,11:53,6,180923,0,
2018-09-23 11:54,,0.016129032,7.26E-07,11:54,6,180923,0,
2018-09-23 11:55,,0.016129032,7.26E-07,11:55,6,180923,0,
2018-09-23 11:56,,0.016129032,7.26E-07,11:56,6,180923,0,
2018-09-23 11:57,,0.016129032,7.26E-07,11:57,6,180923,0,
2018-09-23 11:58,,0.016129032,7.26E-07,11:58,6,180923,0,
2018-09-23 11:59,,0.016129032,7.26E-07,11:59,6,180923,0,
2018-09-23 12:00,,0.016129032,7.26E-07,12:00,6,180923,0,
2018-09-23 12:01,,0.016129032,7.26E-07,12:01,6,180923,0,
2018-09-23 12:02,,0.016129032,7.26E-07,12:02,6,180923,0,
2018-09-23 12:03,,0.016129032,7.26E-07,12:03,6,180923,0,
2018-09-23 12:04,,0.016129032,7.26E-07,12:04,6,180923,0,
2018-09-23 12:05,,0.016129032,7.26E-07,12:05,6,180923,0,
2018-09-23 12:06,,0.016129032,7.26E-07,12:06,6,180923,0,
2018-09-23 12:07,,0.016129032,7.26E-07,12:07,6,180923,0,
2018-09-23 12:08,,0.016129032,7.26E-07,12:08,6,180923,0,
2018-09-23 12:09,,0.016129032,7.26E-07,12:09,6,180923,0,
2018-09-23 12:10,,0.016129032,7.26E-07,12:10,6,180923,0,
2018-09-23 12:11,,0.016129032,7.26E-07,12:11,6,180923,0,
2018-09-23 12:12,,0.016129032,7.26E-07,12:12,6,180923,0,
2018-09-23 12:13,,0.016129032,7.26E-07,12:13,6,180923,0,
2018-09-23 12:14,,0.016129032,7.26E-07,12:14,6,180923,0,
2018-09-23 12:15,,0.016129032,7.26E-07,12:15,6,180923,0,
2018-09-23 12:16,,0.016129032,7.26E-07,12:16,6,180923,0,
2018-09-23 12:17,,0.016129032,7.26E-07,12:17,6,180923,0,
2018-09-23 12:18,,0.016129032,7.26E-07,12:18,6,180923,0,
2018-09-23 12:19,,0.016129032,7.26E-07,12:19,6,180923,0,
2018-09-23 12:20,,0.016129032,7.26E-07,12:20,6,180923,0,
2018-09-23 12:21,,0.016129032,7.26E-07,12:21,6,180923,0,
2018-09-23 12:22,,0.016129032,7.26E-07,12:22,6,180923,0,
2018-09-23 12:23,,0.016129032,7.26E-07,12:23,6,180923,0,
2018-09-23 12:24,,0.016129032,7.26E-07,12:24,6,180923,0,
2018-09-23 12:25,,0.016129032,7.26E-07,12:25,6,180923,0,
2018-09-23 12:26,,0.016129032,7.26E-07,12:26,6,180923,0,
2018-09-23 12:27,,0.016129032,7.26E-07,12:27,6,180923,0,
2018-09-23 12:28,,0.016129032,7.26E-07,12:28,6,180923,0,
2018-09-23 12:29,,0.016129032,7.26E-07,12:29,6,180923,0,
2018-09-23 12:30,,0.016129032,7.26E-07,12:30,6,180923,0,
2018-09-23 12:31,,0.016129032,7.26E-07,12:31,6,180923,0,
2018-09-23 12:32,,0.016129032,7.26E-07,12:32,6,180923,0,
2018-09-23 12:33,,0.016129032,7.26E-07,12:33,6,180923,0,
2018-09-23 12:34,,0.016129032,7.26E-07,12:34,6,180923,0,
2018-09-23 12:35,,0.016129032,7.26E-07,12:35,6,180923,0,
2018-09-23 12:36,,0.016129032,7.26E-07,12:36,6,180923,0,
2018-09-23 12:37,,0.016129032,7.26E-07,12:37,6,180923,0,
2018-09-23 12:38,,0.016129032,7.26E-07,12:38,6,180923,0,
2018-09-23 12:39,,0.016129032,7.26E-07,12:39,6,180923,0,
2018-09-23 12:40,,0.016129032,7.26E-07,12:40,6,180923,0,
2018-09-23 12:41,,0.016129032,7.26E-07,12:41,6,180923,0,
2018-09-23 12:42,,0.016129032,7.26E-07,12:42,6,180923,0,
2018-09-23 12:43,1,0.016129032,7.26E-07,12:43,6,180923,0,
2018-09-23 12:44,,0.016112903,1.14E-05,12:44,6,180923,0,
2018-09-23 12:45,,0.016112903,7.26E-07,12:45,6,180923,0,
2018-09-23 12:46,,0.016112903,7.26E-07,12:46,6,180923,0,
2018-09-23 12:47,,0.016112903,7.26E-07,12:47,6,180923,0,
2018-09-23 12:48,,0.016112903,7.26E-07,12:48,6,180923,0,
2018-09-23 12:49,,0.016112903,7.26E-07,12:49,6,180923,0,
2018-09-23 12:50,,0.016112903,7.26E-07,12:50,6,180923,0,
2018-09-23 12:51,,0.016112903,7.26E-07,12:51,6,180923,0,
2018-09-23 12:52,,0.016112903,7.26E-07,12:52,6,180923,0,
2018-09-23 12:53,,0.016112903,7.26E-07,12:53,6,180923,0,
2018-09-23 12:54,,0.016112903,7.26E-07,12:54,6,180923,0,
2018-09-23 12:55,,0.016112903,7.26E-07,12:55,6,180923,0,
2018-09-23 12:56,,0.016112903,7.26E-07,12:56,6,180923,0,
2018-09-23 12:57,,0.016112903,7.26E-07,12:57,6,180923,0,
2018-09-23 12:58,,0.016112903,7.26E-07,12:58,6,180923,0,
2018-09-23 12:59,,0.016112903,7.26E-07,12:59,6,180923,0,
2018-09-23 13:00,,0.016112903,7.26E-07,13:00,6,180923,0,
2018-09-23 13:01,,0.016112903,7.26E-07,13:01,6,180923,0,
2018-09-23 13:02,,0.016112903,7.26E-07,13:02,6,180923,0,
2018-09-23 13:03,,0.016112903,7.26E-07,13:03,6,180923,0,
2018-09-23 13:04,,0.016112903,7.26E-07,13:04,6,180923,0,
2018-09-23 13:05,,0.016112903,7.26E-07,13:05,6,180923,0,
2018-09-23 13:06,,0.016112903,7.26E-07,13:06,6,180923,0,
2018-09-23 13:07,,0.016112903,7.26E-07,13:07,6,180923,0,
2018-09-23 13:08,,0.016112903,7.26E-07,13:08,6,180923,0,
2018-09-23 13:09,,0.016112903,7.26E-07,13:09,6,180923,0,
2018-09-23 13:10,,0.016112903,7.26E-07,13:10,6,180923,0,
2018-09-23 13:11,,0.016112903,7.26E-07,13:11,6,180923,0,
2018-09-23 13:12,,0.016112903,7.26E-07,13:12,6,180923,0,
2018-09-23 13:13,,0.016112903,7.26E-07,13:13,6,180923,0,
2018-09-23 13:14,,0.016112903,7.26E-07,13:14,6,180923,0,
2018-09-23 13:15,,0.016112903,7.26E-07,13:15,6,180923,0,
2018-09-23 13:16,,0.016112903,7.26E-07,13:16,6,180923,0,
2018-09-23 13:17,,0.016112903,7.26E-07,13:17,6,180923,0,
2018-09-23 13:18,,0.016112903,7.26E-07,13:18,6,180923,0,
2018-09-23 13:19,,0.016112903,7.26E-07,13:19,6,180923,0,
2018-09-23 13:20,,0.016112903,7.26E-07,13:20,6,180923,0,
2018-09-23 13:21,,0.016112903,7.26E-07,13:21,6,180923,0,
2018-09-23 13:22,,0.016112903,7.26E-07,13:22,6,180923,0,
2018-09-23 13:23,,0.016112903,7.26E-07,13:23,6,180923,0,
2018-09-23 13:24,,0.016112903,7.26E-07,13:24,6,180923,0,
2018-09-23 13:25,,0.016112903,7.26E-07,13:25,6,180923,0,
2018-09-23 13:26,,0.016112903,7.26E-07,13:26,6,180923,0,
2018-09-23 13:27,,0.016112903,7.26E-07,13:27,6,180923,0,
2018-09-23 13:28,,0.016112903,7.26E-07,13:28,6,180923,0,
2018-09-23 13:29,,0.016112903,7.26E-07,13:29,6,180923,0,
2018-09-23 13:30,,0.016112903,7.26E-07,13:30,6,180923,0,
2018-09-23 13:31,,0.016112903,7.26E-07,13:31,6,180923,0,
2018-09-23 13:32,,0.016112903,7.26E-07,13:32,6,180923,0,
2018-09-23 13:33,,0.016112903,7.26E-07,13:33,6,180923,0,
2018-09-23 13:34,,0.016112903,7.26E-07,13:34,6,180923,0,
2018-09-23 13:35,,0.016112903,7.26E-07,13:35,6,180923,0,
2018-09-23 13:36,,0.016112903,7.26E-07,13:36,6,180923,0,
2018-09-23 13:37,,0.016112903,7.26E-07,13:37,6,180923,0,
2018-09-23 13:38,,0.016112903,7.26E-07,13:38,6,180923,0,
2018-09-23 13:39,,0.016112903,7.26E-07,13:39,6,180923,0,
2018-09-23 13:40,,0.016112903,7.26E-07,13:40,6,180923,0,
2018-09-23 13:41,,0.016112903,7.26E-07,13:41,6,180923,0,
2018-09-23 13:42,,0.016112903,7.26E-07,13:42,6,180923,0,
2018-09-23 13:43,,0.016112903,7.26E-07,13:43,6,180923,0,
2018-09-23 13:44,,0.016112903,7.26E-07,13:44,6,180923,0,
2018-09-23 13:45,0.999,0.016112903,7.26E-07,13:45,6,180923,0,
2018-09-23 13:46,,0.015873016,0.000169628,13:46,6,180923,0,
2018-09-23 13:47,,0.015873016,7.26E-07,13:47,6,180923,0,
2018-09-23 13:48,,0.015873016,7.26E-07,13:48,6,180923,0,
2018-09-23 13:49,,0.015873016,7.26E-07,13:49,6,180923,0,
2018-09-23 13:50,,0.015873016,7.26E-07,13:50,6,180923,0,
2018-09-23 13:51,,0.015873016,7.26E-07,13:51,6,180923,0,
2018-09-23 13:52,,0.015873016,7.26E-07,13:52,6,180923,0,
2018-09-23 13:53,,0.015873016,7.26E-07,13:53,6,180923,0,
2018-09-23 13:54,,0.015873016,7.26E-07,13:54,6,180923,0,
2018-09-23 13:55,,0.015873016,7.26E-07,13:55,6,180923,0,
2018-09-23 13:56,,0.015873016,7.26E-07,13:56,6,180923,0,
2018-09-23 13:57,,0.015873016,7.26E-07,13:57,6,180923,0,
2018-09-23 13:58,,0.015873016,7.26E-07,13:58,6,180923,0,
2018-09-23 13:59,,0.015873016,7.26E-07,13:59,6,180923,0,
2018-09-23 14:00,,0.015873016,7.26E-07,14:00,6,180923,0,
2018-09-23 14:01,,0.015873016,7.26E-07,14:01,6,180923,0,
2018-09-23 14:02,,0.015873016,7.26E-07,14:02,6,180923,0,
2018-09-23 14:03,,0.015873016,7.26E-07,14:03,6,180923,0,
2018-09-23 14:04,,0.015873016,7.26E-07,14:04,6,180923,0,
2018-09-23 14:05,,0.015873016,7.26E-07,14:05,6,180923,0,
2018-09-23 14:06,,0.015873016,7.26E-07,14:06,6,180923,0,
2018-09-23 14:07,,0.015873016,7.26E-07,14:07,6,180923,0,
2018-09-23 14:08,,0.015873016,7.26E-07,14:08,6,180923,0,
2018-09-23 14:09,,0.015873016,7.26E-07,14:09,6,180923,0,
2018-09-23 14:10,,0.015873016,7.26E-07,14:10,6,180923,0,
2018-09-23 14:11,,0.015873016,7.26E-07,14:11,6,180923,0,
2018-09-23 14:12,,0.015873016,7.26E-07,14:12,6,180923,0,
2018-09-23 14:13,,0.015873016,7.26E-07,14:13,6,180923,0,
2018-09-23 14:14,,0.015873016,7.26E-07,14:14,6,180923,0,
2018-09-23 14:15,,0.015873016,7.26E-07,14:15,6,180923,0,
2018-09-23 14:16,,0.015873016,7.26E-07,14:16,6,180923,0,
2018-09-23 14:17,,0.015873016,7.26E-07,14:17,6,180923,0,
2018-09-23 14:18,,0.015873016,7.26E-07,14:18,6,180923,0,
2018-09-23 14:19,,0.015873016,7.26E-07,14:19,6,180923,0,
2018-09-23 14:20,,0.015873016,7.26E-07,14:20,6,180923,0,
2018-09-23 14:21,,0.015873016,7.26E-07,14:21,6,180923,0,
2018-09-23 14:22,,0.015873016,7.26E-07,14:22,6,180923,0,
2018-09-23 14:23,,0.015873016,7.26E-07,14:23,6,180923,0,
2018-09-23 14:24,,0.015873016,7.26E-07,14:24,6,180923,0,
2018-09-23 14:25,,0.015873016,7.26E-07,14:25,6,180923,0,
2018-09-23 14:26,,0.015873016,7.26E-07,14:26,6,180923,0,
2018-09-23 14:27,,0.015873016,7.26E-07,14:27,6,180923,0,
2018-09-23 14:28,,0.015873016,7.26E-07,14:28,6,180923,0,
2018-09-23 14:29,,0.015873016,7.26E-07,14:29,6,180923,0,
2018-09-23 14:30,,0.015873016,7.26E-07,14:30,6,180923,0,
2018-09-23 14:31,,0.015873016,7.26E-07,14:31,6,180923,0,
2018-09-23 14:32,,0.015873016,7.26E-07,14:32,6,180923,0,
2018-09-23 14:33,,0.015873016,7.26E-07,14:33,6,180923,0,
2018-09-23 14:34,,0.015873016,7.26E-07,14:34,6,180923,0,
2018-09-23 14:35,,0.015873016,7.26E-07,14:35,6,180923,0,
2018-09-23 14:36,,0.015873016,7.26E-07,14:36,6,180923,0,
2018-09-23 14:37,,0.015873016,7.26E-07,14:37,6,180923,0,
2018-09-23 14:38,,0.015873016,7.26E-07,14:38,6,180923,0,
2018-09-23 14:39,,0.015873016,7.26E-07,14:39,6,180923,0,
2018-09-23 14:40,,0.015873016,7.26E-07,14:40,6,180923,0,
2018-09-23 14:41,,0.015873016,7.26E-07,14:41,6,180923,0,
2018-09-23 14:42,,0.015873016,7.26E-07,14:42,6,180923,0,
2018-09-23 14:43,,0.015873016,7.26E-07,14:43,6,180923,0,
2018-09-23 14:44,,0.015873016,7.26E-07,14:44,6,180923,0,
2018-09-23 14:45,,0.015873016,7.26E-07,14:45,6,180923,0,
2018-09-23 14:46,,0.015873016,7.26E-07,14:46,6,180923,0,
2018-09-23 14:47,,0.015873016,7.26E-07,14:47,6,180923,0,
2018-09-23 14:48,1,0.015873016,7.26E-07,14:48,6,180923,0,
2018-09-23 14:49,,0.016377049,0.000356406,14:49,6,180923,0,
2018-09-23 14:50,,0.016377049,7.26E-07,14:50,6,180923,0,
2018-09-23 14:51,,0.016377049,7.26E-07,14:51,6,180923,0,
2018-09-23 14:52,,0.016377049,7.26E-07,14:52,6,180923,0,
2018-09-23 14:53,,0.016377049,7.26E-07,14:53,6,180923,0,
2018-09-23 14:54,,0.016377049,7.26E-07,14:54,6,180923,0,
2018-09-23 14:55,,0.016377049,7.26E-07,14:55,6,180923,0,
2018-09-23 14:56,,0.016377049,7.26E-07,14:56,6,180923,0,
2018-09-23 14:57,,0.016377049,7.26E-07,14:57,6,180923,0,
2018-09-23 14:58,,0.016377049,7.26E-07,14:58,6,180923,0,
2018-09-23 14:59,,0.016377049,7.26E-07,14:59,6,180923,0,
2018-09-23 15:00,,0.016377049,7.26E-07,15:00,6,180923,0,
2018-09-23 15:01,,0.016377049,7.26E-07,15:01,6,180923,0,
2018-09-23 15:02,,0.016377049,7.26E-07,15:02,6,180923,0,
2018-09-23 15:03,,0.016377049,7.26E-07,15:03,6,180923,0,
2018-09-23 15:04,,0.016377049,7.26E-07,15:04,6,180923,0,
2018-09-23 15:05,,0.016377049,7.26E-07,15:05,6,180923,0,
2018-09-23 15:06,,0.016377049,7.26E-07,15:06,6,180923,0,
2018-09-23 15:07,,0.016377049,7.26E-07,15:07,6,180923,0,
2018-09-23 15:08,,0.016377049,7.26E-07,15:08,6,180923,0,
2018-09-23 15:09,,0.016377049,7.26E-07,15:09,6,180923,0,
2018-09-23 15:10,,0.016377049,7.26E-07,15:10,6,180923,0,
2018-09-23 15:11,,0.016377049,7.26E-07,15:11,6,180923,0,
2018-09-23 15:12,,0.016377049,7.26E-07,15:12,6,180923,0,
2018-09-23 15:13,,0.016377049,7.26E-07,15:13,6,180923,0,
2018-09-23 15:14,,0.016377049,7.26E-07,15:14,6,180923,0,
2018-09-23 15:15,,0.016377049,7.26E-07,15:15,6,180923,0,
2018-09-23 15:16,,0.016377049,7.26E-07,15:16,6,180923,0,
2018-09-23 15:17,,0.016377049,7.26E-07,15:17,6,180923,0,
2018-09-23 15:18,,0.016377049,7.26E-07,15:18,6,180923,0,
2018-09-23 15:19,,0.016377049,7.26E-07,15:19,6,180923,0,
2018-09-23 15:20,,0.016377049,7.26E-07,15:20,6,180923,0,
2018-09-23 15:21,,0.016377049,7.26E-07,15:21,6,180923,0,
2018-09-23 15:22,,0.016377049,7.26E-07,15:22,6,180923,0,
2018-09-23 15:23,,0.016377049,7.26E-07,15:23,6,180923,0,
2018-09-23 15:24,,0.016377049,7.26E-07,15:24,6,180923,0,
2018-09-23 15:25,,0.016377049,7.26E-07,15:25,6,180923,0,
2018-09-23 15:26,,0.016377049,7.26E-07,15:26,6,180923,0,
2018-09-23 15:27,,0.016377049,7.26E-07,15:27,6,180923,0,
2018-09-23 15:28,,0.016377049,7.26E-07,15:28,6,180923,0,
2018-09-23 15:29,,0.016377049,7.26E-07,15:29,6,180923,0,
2018-09-23 15:30,,0.016377049,7.26E-07,15:30,6,180923,0,
2018-09-23 15:31,,0.016377049,7.26E-07,15:31,6,180923,0,
2018-09-23 15:32,,0.016377049,7.26E-07,15:32,6,180923,0,
2018-09-23 15:33,,0.016377049,7.26E-07,15:33,6,180923,0,
2018-09-23 15:34,,0.016377049,7.26E-07,15:34,6,180923,0,
2018-09-23 15:35,,0.016377049,7.26E-07,15:35,6,180923,0,
2018-09-23 15:36,,0.016377049,7.26E-07,15:36,6,180923,0,
2018-09-23 15:37,,0.016377049,7.26E-07,15:37,6,180923,0,
2018-09-23 15:38,,0.016377049,7.26E-07,15:38,6,180923,0,
2018-09-23 15:39,,0.016377049,7.26E-07,15:39,6,180923,0,
2018-09-23 15:40,,0.016377049,7.26E-07,15:40,6,180923,0,
2018-09-23 15:41,,0.016377049,7.26E-07,15:41,6,180923,0,
2018-09-23 15:42,,0.016377049,7.26E-07,15:42,6,180923,0,
2018-09-23 15:43,,0.016377049,7.26E-07,15:43,6,180923,0,
2018-09-23 15:44,,0.016377049,7.26E-07,15:44,6,180923,0,
2018-09-23 15:45,,0.016377049,7.26E-07,15:45,6,180923,0,
2018-09-23 15:46,,0.016377049,7.26E-07,15:46,6,180923,0,
2018-09-23 15:47,,0.016377049,7.26E-07,15:47,6,180923,0,
2018-09-23 15:48,,0.016377049,7.26E-07,15:48,6,180923,0,
2018-09-23 15:49,0.999,0.016377049,7.26E-07,15:49,6,180923,0,
2018-09-23 15:50,,0.015873016,0.000356406,15:50,6,180923,0,
2018-09-23 15:51,,0.015873016,7.26E-07,15:51,6,180923,0,
2018-09-23 15:52,,0.015873016,7.26E-07,15:52,6,180923,0,
2018-09-23 15:53,,0.015873016,7.26E-07,15:53,6,180923,0,
2018-09-23 15:54,,0.015873016,7.26E-07,15:54,6,180923,0,
2018-09-23 15:55,,0.015873016,7.26E-07,15:55,6,180923,0,
2018-09-23 15:56,,0.015873016,7.26E-07,15:56,6,180923,0,
2018-09-23 15:57,,0.015873016,7.26E-07,15:57,6,180923,0,
2018-09-23 15:58,,0.015873016,7.26E-07,15:58,6,180923,0,
2018-09-23 15:59,,0.015873016,7.26E-07,15:59,6,180923,0,
2018-09-23 16:00,,0.015873016,7.26E-07,16:00,6,180923,0,
2018-09-23 16:01,,0.015873016,7.26E-07,16:01,6,180923,0,
2018-09-23 16:02,,0.015873016,7.26E-07,16:02,6,180923,0,
2018-09-23 16:03,,0.015873016,7.26E-07,16:03,6,180923,0,
2018-09-23 16:04,,0.015873016,7.26E-07,16:04,6,180923,0,
2018-09-23 16:05,,0.015873016,7.26E-07,16:05,6,180923,0,
2018-09-23 16:06,,0.015873016,7.26E-07,16:06,6,180923,0,
2018-09-23 16:07,,0.015873016,7.26E-07,16:07,6,180923,0,
2018-09-23 16:08,,0.015873016,7.26E-07,16:08,6,180923,0,
2018-09-23 16:09,,0.015873016,7.26E-07,16:09,6,180923,0,
2018-09-23 16:10,,0.015873016,7.26E-07,16:10,6,180923,0,
2018-09-23 16:11,,0.015873016,7.26E-07,16:11,6,180923,0,
2018-09-23 16:12,,0.015873016,7.26E-07,16:12,6,180923,0,
2018-09-23 16:13,,0.015873016,7.26E-07,16:13,6,180923,0,
2018-09-23 16:14,,0.015873016,7.26E-07,16:14,6,180923,0,
2018-09-23 16:15,,0.015873016,7.26E-07,16:15,6,180923,0,
2018-09-23 16:16,,0.015873016,7.26E-07,16:16,6,180923,0,
2018-09-23 16:17,,0.015873016,7.26E-07,16:17,6,180923,0,
2018-09-23 16:18,,0.015873016,7.26E-07,16:18,6,180923,0,
2018-09-23 16:19,,0.015873016,7.26E-07,16:19,6,180923,0,
2018-09-23 16:20,,0.015873016,7.26E-07,16:20,6,180923,0,
2018-09-23 16:21,,0.015873016,7.26E-07,16:21,6,180923,0,
2018-09-23 16:22,,0.015873016,7.26E-07,16:22,6,180923,0,
2018-09-23 16:23,,0.015873016,7.26E-07,16:23,6,180923,0,
2018-09-23 16:24,,0.015873016,7.26E-07,16:24,6,180923,0,
2018-09-23 16:25,,0.015873016,7.26E-07,16:25,6,180923,0,
2018-09-23 16:26,,0.015873016,7.26E-07,16:26,6,180923,0,
2018-09-23 16:27,,0.015873016,7.26E-07,16:27,6,180923,0,
2018-09-23 16:28,,0.015873016,7.26E-07,16:28,6,180923,0,
2018-09-23 16:29,,0.015873016,7.26E-07,16:29,6,180923,0,
2018-09-23 16:30,,0.015873016,7.26E-07,16:30,6,180923,0,
2018-09-23 16:31,,0.015873016,7.26E-07,16:31,6,180923,0,
2018-09-23 16:32,,0.015873016,7.26E-07,16:32,6,180923,0,
2018-09-23 16:33,,0.015873016,7.26E-07,16:33,6,180923,0,
2018-09-23 16:34,,0.015873016,7.26E-07,16:34,6,180923,0,
2018-09-23 16:35,,0.015873016,7.26E-07,16:35,6,180923,0,
2018-09-23 16:36,,0.015873016,7.26E-07,16:36,6,180923,0,
2018-09-23 16:37,,0.015873016,7.26E-07,16:37,6,180923,0,
2018-09-23 16:38,,0.015873016,7.26E-07,16:38,6,180923,0,
2018-09-23 16:39,,0.015873016,7.26E-07,16:39,6,180923,0,
2018-09-23 16:40,,0.015873016,7.26E-07,16:40,6,180923,0,
2018-09-23 16:41,,0.015873016,7.26E-07,16:41,6,180923,0,
2018-09-23 16:42,,0.015873016,7.26E-07,16:42,6,180923,0,
2018-09-23 16:43,,0.015873016,7.26E-07,16:43,6,180923,0,
2018-09-23 16:44,,0.015873016,7.26E-07,16:44,6,180923,0,
2018-09-23 16:45,,0.015873016,7.26E-07,16:45,6,180923,0,
2018-09-23 16:46,,0.015873016,7.26E-07,16:46,6,180923,0,
2018-09-23 16:47,,0.015873016,7.26E-07,16:47,6,180923,0,
2018-09-23 16:48,,0.015873016,7.26E-07,16:48,6,180923,0,
2018-09-23 16:49,,0.015873016,7.26E-07,16:49,6,180923,0,
2018-09-23 16:50,,0.015873016,7.26E-07,16:50,6,180923,0,
2018-09-23 16:51,,0.015873016,7.26E-07,16:51,6,180923,0,
2018-09-23 16:52,1,0.015873016,7.26E-07,16:52,6,180923,0,
2018-09-23 16:53,,0.016112903,0.000169628,16:53,6,180923,0,
2018-09-23 16:54,,0.016112903,7.26E-07,16:54,6,180923,0,
2018-09-23 16:55,,0.016112903,7.26E-07,16:55,6,180923,0,
2018-09-23 16:56,,0.016112903,7.26E-07,16:56,6,180923,0,
2018-09-23 16:57,,0.016112903,7.26E-07,16:57,6,180923,0,
2018-09-23 16:58,,0.016112903,7.26E-07,16:58,6,180923,0,
2018-09-23 16:59,,0.016112903,7.26E-07,16:59,6,180923,0,
2018-09-23 17:00,,0.016112903,7.26E-07,17:00,6,180923,0,
2018-09-23 17:01,,0.016112903,7.26E-07,17:01,6,180923,0,
2018-09-23 17:02,,0.016112903,7.26E-07,17:02,6,180923,0,
2018-09-23 17:03,,0.016112903,7.26E-07,17:03,6,180923,0,
2018-09-23 17:04,,0.016112903,7.26E-07,17:04,6,180923,0,
2018-09-23 17:05,,0.016112903,7.26E-07,17:05,6,180923,0,
2018-09-23 17:06,,0.016112903,7.26E-07,17:06,6,180923,0,
2018-09-23 17:07,,0.016112903,7.26E-07,17:07,6,180923,0,
2018-09-23 17:08,,0.016112903,7.26E-07,17:08,6,180923,0,
2018-09-23 17:09,,0.016112903,7.26E-07,17:09,6,180923,0,
2018-09-23 17:10,,0.016112903,7.26E-07,17:10,6,180923,0,
2018-09-23 17:11,,0.016112903,7.26E-07,17:11,6,180923,0,
2018-09-23 17:12,,0.016112903,7.26E-07,17:12,6,180923,0,
2018-09-23 17:13,,0.016112903,7.26E-07,17:13,6,180923,0,
2018-09-23 17:14,,0.016112903,7.26E-07,17:14,6,180923,0,
2018-09-23 17:15,,0.016112903,7.26E-07,17:15,6,180923,0,
2018-09-23 17:16,,0.016112903,7.26E-07,17:16,6,180923,0,
2018-09-23 17:17,,0.016112903,7.26E-07,17:17,6,180923,0,
2018-09-23 17:18,,0.016112903,7.26E-07,17:18,6,180923,0,
2018-09-23 17:19,,0.016112903,7.26E-07,17:19,6,180923,0,
2018-09-23 17:20,,0.016112903,7.26E-07,17:20,6,180923,0,
2018-09-23 17:21,,0.016112903,7.26E-07,17:21,6,180923,0,
2018-09-23 17:22,,0.016112903,7.26E-07,17:22,6,180923,0,
2018-09-23 17:23,,0.016112903,7.26E-07,17:23,6,180923,0,
2018-09-23 17:24,,0.016112903,7.26E-07,17:24,6,180923,0,
2018-09-23 17:25,,0.016112903,7.26E-07,17:25,6,180923,0,
2018-09-23 17:26,,0.016112903,7.26E-07,17:26,6,180923,0,
2018-09-23 17:27,,0.016112903,7.26E-07,17:27,6,180923,0,
2018-09-23 17:28,,0.016112903,7.26E-07,17:28,6,180923,0,
2018-09-23 17:29,,0.016112903,7.26E-07,17:29,6,180923,0,
2018-09-23 17:30,,0.016112903,7.26E-07,17:30,6,180923,0,
2018-09-23 17:31,,0.016112903,7.26E-07,17:31,6,180923,0,
2018-09-23 17:32,,0.016112903,7.26E-07,17:32,6,180923,0,
2018-09-23 17:33,,0.016112903,7.26E-07,17:33,6,180923,0,
2018-09-23 17:34,,0.016112903,7.26E-07,17:34,6,180923,0,
2018-09-23 17:35,,0.016112903,7.26E-07,17:35,6,180923,0,
2018-09-23 17:36,,0.016112903,7.26E-07,17:36,6,180923,0,
2018-09-23 17:37,,0.016112903,7.26E-07,17:37,6,180923,0,
2018-09-23 17:38,,0.016112903,7.26E-07,17:38,6,180923,0,
2018-09-23 17:39,,0.016112903,7.26E-07,17:39,6,180923,0,
2018-09-23 17:40,,0.016112903,7.26E-07,17:40,6,180923,0,
2018-09-23 17:41,,0.016112903,7.26E-07,17:41,6,180923,0,
2018-09-23 17:42,,0.016112903,7.26E-07,17:42,6,180923,0,
2018-09-23 17:43,,0.016112903,7.26E-07,17:43,6,180923,0,
2018-09-23 17:44,,0.016112903,7.26E-07,17:44,6,180923,0,
2018-09-23 17:45,,0.016112903,7.26E-07,17:45,6,180923,0,
2018-09-23 17:46,,0.016112903,7.26E-07,17:46,6,180923,0,
2018-09-23 17:47,,0.016112903,7.26E-07,17:47,6,180923,0,
2018-09-23 17:48,,0.016112903,7.26E-07,17:48,6,180923,0,
2018-09-23 17:49,,0.016112903,7.26E-07,17:49,6,180923,0,
2018-09-23 17:50,,0.016112903,7.26E-07,17:50,6,180923,0,
2018-09-23 17:51,,0.016112903,7.26E-07,17:51,6,180923,0,
2018-09-23 17:52,,0.016112903,7.26E-07,17:52,6,180923,0,
2018-09-23 17:53,,0.016112903,7.26E-07,17:53,6,180923,0,
2018-09-23 17:54,0.999,0.016112903,7.26E-07,17:54,6,180923,0,
2018-09-23 17:55,,0.016129032,1.14E-05,17:55,6,180923,0,
2018-09-23 17:56,,0.016129032,7.26E-07,17:56,6,180923,0,
2018-09-23 17:57,,0.016129032,7.26E-07,17:57,6,180923,0,
2018-09-23 17:58,,0.016129032,7.26E-07,17:58,6,180923,0,
2018-09-23 17:59,,0.016129032,7.26E-07,17:59,6,180923,0,
2018-09-23 18:00,,0.016129032,7.26E-07,18:00,6,180923,0,
2018-09-23 18:01,,0.016129032,7.26E-07,18:01,6,180923,0,
2018-09-23 18:02,,0.016129032,7.26E-07,18:02,6,180923,0,
2018-09-23 18:03,,0.016129032,7.26E-07,18:03,6,180923,0,
2018-09-23 18:04,,0.016129032,7.26E-07,18:04,6,180923,0,
2018-09-23 18:05,,0.016129032,7.26E-07,18:05,6,180923,0,
2018-09-23 18:06,,0.016129032,7.26E-07,18:06,6,180923,0,
2018-09-23 18:07,,0.016129032,7.26E-07,18:07,6,180923,0,
2018-09-23 18:08,,0.016129032,7.26E-07,18:08,6,180923,0,
2018-09-23 18:09,,0.016129032,7.26E-07,18:09,6,180923,0,
2018-09-23 18:10,,0.016129032,7.26E-07,18:10,6,180923,0,
2018-09-23 18:11,,0.016129032,7.26E-07,18:11,6,180923,0,
2018-09-23 18:12,,0.016129032,7.26E-07,18:12,6,180923,0,
2018-09-23 18:13,,0.016129032,7.26E-07,18:13,6,180923,0,
2018-09-23 18:14,,0.016129032,7.26E-07,18:14,6,180923,0,
2018-09-23 18:15,,0.016129032,7.26E-07,18:15,6,180923,0,
2018-09-23 18:16,,0.016129032,7.26E-07,18:16,6,180923,0,
2018-09-23 18:17,,0.016129032,7.26E-07,18:17,6,180923,0,
2018-09-23 18:18,,0.016129032,7.26E-07,18:18,6,180923,0,
2018-09-23 18:19,,0.016129032,7.26E-07,18:19,6,180923,0,
2018-09-23 18:20,,0.016129032,7.26E-07,18:20,6,180923,0,
2018-09-23 18:21,,0.016129032,7.26E-07,18:21,6,180923,0,
2018-09-23 18:22,,0.016129032,7.26E-07,18:22,6,180923,0,
2018-09-23 18:23,,0.016129032,7.26E-07,18:23,6,180923,0,
2018-09-23 18:24,,0.016129032,7.26E-07,18:24,6,180923,0,
2018-09-23 18:25,,0.016129032,7.26E-07,18:25,6,180923,0,
2018-09-23 18:26,,0.016129032,7.26E-07,18:26,6,180923,0,
2018-09-23 18:27,,0.016129032,7.26E-07,18:27,6,180923,0,
2018-09-23 18:28,,0.016129032,7.26E-07,18:28,6,180923,0,
2018-09-23 18:29,,0.016129032,7.26E-07,18:29,6,180923,0,
2018-09-23 18:30,,0.016129032,7.26E-07,18:30,6,180923,0,
2018-09-23 18:31,,0.016129032,7.26E-07,18:31,6,180923,0,
2018-09-23 18:32,,0.016129032,7.26E-07,18:32,6,180923,0,
2018-09-23 18:33,,0.016129032,7.26E-07,18:33,6,180923,0,
2018-09-23 18:34,,0.016129032,7.26E-07,18:34,6,180923,0,
2018-09-23 18:35,,0.016129032,7.26E-07,18:35,6,180923,0,
2018-09-23 18:36,,0.016129032,7.26E-07,18:36,6,180923,0,
2018-09-23 18:37,,0.016129032,7.26E-07,18:37,6,180923,0,
2018-09-23 18:38,,0.016129032,7.26E-07,18:38,6,180923,0,
2018-09-23 18:39,,0.016129032,7.26E-07,18:39,6,180923,0,
2018-09-23 18:40,,0.016129032,7.26E-07,18:40,6,180923,0,
2018-09-23 18:41,,0.016129032,7.26E-07,18:41,6,180923,0,
2018-09-23 18:42,,0.016129032,7.26E-07,18:42,6,180923,0,
2018-09-23 18:43,,0.016129032,7.26E-07,18:43,6,180923,0,
2018-09-23 18:44,,0.016129032,7.26E-07,18:44,6,180923,0,
2018-09-23 18:45,,0.016129032,7.26E-07,18:45,6,180923,0,
2018-09-23 18:46,,0.016129032,7.26E-07,18:46,6,180923,0,
2018-09-23 18:47,,0.016129032,7.26E-07,18:47,6,180923,0,
2018-09-23 18:48,,0.016129032,7.26E-07,18:48,6,180923,0,
2018-09-23 18:49,,0.016129032,7.26E-07,18:49,6,180923,0,
2018-09-23 18:50,,0.016129032,7.26E-07,18:50,6,180923,0,
2018-09-23 18:51,,0.016129032,7.26E-07,18:51,6,180923,0,
2018-09-23 18:52,,0.016129032,7.26E-07,18:52,6,180923,0,
2018-09-23 18:53,,0.016129032,7.26E-07,18:53,6,180923,0,
2018-09-23 18:54,,0.016129032,7.26E-07,18:54,6,180923,0,
2018-09-23 18:55,,0.016129032,7.26E-07,18:55,6,180923,0,
2018-09-23 18:56,1,0.016129032,7.26E-07,18:56,6,180923,0,
2018-09-23 18:57,,0.016129032,7.26E-07,18:57,6,180923,0,
2018-09-23 18:58,,0.016129032,7.26E-07,18:58,6,180923,0,
2018-09-23 18:59,,0.016129032,7.26E-07,18:59,6,180923,0,
2018-09-23 19:00,,0.016129032,7.26E-07,19:00,6,180923,0,
2018-09-23 19:01,,0.016129032,7.26E-07,19:01,6,180923,0,
2018-09-23 19:02,,0.016129032,7.26E-07,19:02,6,180923,0,
2018-09-23 19:03,,0.016129032,7.26E-07,19:03,6,180923,0,
2018-09-23 19:04,,0.016129032,7.26E-07,19:04,6,180923,0,
2018-09-23 19:05,,0.016129032,7.26E-07,19:05,6,180923,0,
2018-09-23 19:06,,0.016129032,7.26E-07,19:06,6,180923,0,
2018-09-23 19:07,,0.016129032,7.26E-07,19:07,6,180923,0,
2018-09-23 19:08,,0.016129032,7.26E-07,19:08,6,180923,0,
2018-09-23 19:09,,0.016129032,7.26E-07,19:09,6,180923,0,
2018-09-23 19:10,,0.016129032,7.26E-07,19:10,6,180923,0,
2018-09-23 19:11,,0.016129032,7.26E-07,19:11,6,180923,0,
2018-09-23 19:12,,0.016129032,7.26E-07,19:12,6,180923,0,
2018-09-23 19:13,,0.016129032,7.26E-07,19:13,6,180923,0,
2018-09-23 19:14,,0.016129032,7.26E-07,19:14,6,180923,0,
2018-09-23 19:15,,0.016129032,7.26E-07,19:15,6,180923,0,
2018-09-23 19:16,,0.016129032,7.26E-07,19:16,6,180923,0,
2018-09-23 19:17,,0.016129032,7.26E-07,19:17,6,180923,0,
2018-09-23 19:18,,0.016129032,7.26E-07,19:18,6,180923,0,
2018-09-23 19:19,,0.016129032,7.26E-07,19:19,6,180923,0,
2018-09-23 19:20,,0.016129032,7.26E-07,19:20,6,180923,0,
2018-09-23 19:21,,0.016129032,7.26E-07,19:21,6,180923,0,
2018-09-23 19:22,,0.016129032,7.26E-07,19:22,6,180923,0,
2018-09-23 19:23,,0.016129032,7.26E-07,19:23,6,180923,0,
2018-09-23 19:24,,0.016129032,7.26E-07,19:24,6,180923,0,
2018-09-23 19:25,,0.016129032,7.26E-07,19:25,6,180923,0,
2018-09-23 19:26,,0.016129032,7.26E-07,19:26,6,180923,0,
2018-09-23 19:27,,0.016129032,7.26E-07,19:27,6,180923,0,
2018-09-23 19:28,,0.016129032,7.26E-07,19:28,6,180923,0,
2018-09-23 19:29,,0.016129032,7.26E-07,19:29,6,180923,0,
2018-09-23 19:30,,0.016129032,7.26E-07,19:30,6,180923,0,
2018-09-23 19:31,,0.016129032,7.26E-07,19:31,6,180923,0,
2018-09-23 19:32,,0.016129032,7.26E-07,19:32,6,180923,0,
2018-09-23 19:33,,0.016129032,7.26E-07,19:33,6,180923,0,
2018-09-23 19:34,,0.016129032,7.26E-07,19:34,6,180923,0,
2018-09-23 19:35,,0.016129032,7.26E-07,19:35,6,180923,0,
2018-09-23 19:36,,0.016129032,7.26E-07,19:36,6,180923,0,
2018-09-23 19:37,,0.016129032,7.26E-07,19:37,6,180923,0,
2018-09-23 19:38,,0.016129032,7.26E-07,19:38,6,180923,0,
2018-09-23 19:39,,0.016129032,7.26E-07,19:39,6,180923,0,
2018-09-23 19:40,,0.016129032,7.26E-07,19:40,6,180923,0,
2018-09-23 19:41,,0.016129032,7.26E-07,19:41,6,180923,0,
2018-09-23 19:42,,0.016129032,7.26E-07,19:42,6,180923,0,
2018-09-23 19:43,,0.016129032,7.26E-07,19:43,6,180923,0,
2018-09-23 19:44,,0.016129032,7.26E-07,19:44,6,180923,0,
2018-09-23 19:45,,0.016129032,7.26E-07,19:45,6,180923,0,
2018-09-23 19:46,,0.016129032,7.26E-07,19:46,6,180923,0,
2018-09-23 19:47,,0.016129032,7.26E-07,19:47,6,180923,0,
2018-09-23 19:48,,0.016129032,7.26E-07,19:48,6,180923,0,
2018-09-23 19:49,,0.016129032,7.26E-07,19:49,6,180923,0,
2018-09-23 19:50,,0.016129032,7.26E-07,19:50,6,180923,0,
2018-09-23 19:51,,0.016129032,7.26E-07,19:51,6,180923,0,
2018-09-23 19:52,,0.016129032,7.26E-07,19:52,6,180923,0,
2018-09-23 19:53,,0.016129032,7.26E-07,19:53,6,180923,0,
2018-09-23 19:54,,0.016129032,7.26E-07,19:54,6,180923,0,
2018-09-23 19:55,,0.016129032,7.26E-07,19:55,6,180923,0,
2018-09-23 19:56,,0.016129032,7.26E-07,19:56,6,180923,0,
2018-09-23 19:57,,0.016129032,7.26E-07,19:57,6,180923,0,
2018-09-23 19:58,1,0.016129032,7.26E-07,19:58,6,180923,0,
2018-09-23 19:59,,0.016112903,1.14E-05,19:59,6,180923,0,
2018-09-23 20:00,,0.016112903,7.26E-07,20:00,6,180923,0,
2018-09-23 20:01,,0.016112903,7.26E-07,20:01,6,180923,0,
2018-09-23 20:02,,0.016112903,7.26E-07,20:02,6,180923,0,
2018-09-23 20:03,,0.016112903,7.26E-07,20:03,6,180923,0,
2018-09-23 20:04,,0.016112903,7.26E-07,20:04,6,180923,0,
2018-09-23 20:05,,0.016112903,7.26E-07,20:05,6,180923,0,
2018-09-23 20:06,,0.016112903,7.26E-07,20:06,6,180923,0,
2018-09-23 20:07,,0.016112903,7.26E-07,20:07,6,180923,0,
2018-09-23 20:08,,0.016112903,7.26E-07,20:08,6,180923,0,
2018-09-23 20:09,,0.016112903,7.26E-07,20:09,6,180923,0,
2018-09-23 20:10,,0.016112903,7.26E-07,20:10,6,180923,0,
2018-09-23 20:11,,0.016112903,7.26E-07,20:11,6,180923,0,
2018-09-23 20:12,,0.016112903,7.26E-07,20:12,6,180923,0,
2018-09-23 20:13,,0.016112903,7.26E-07,20:13,6,180923,0,
2018-09-23 20:14,,0.016112903,7.26E-07,20:14,6,180923,0,
2018-09-23 20:15,,0.016112903,7.26E-07,20:15,6,180923,0,
2018-09-23 20:16,,0.016112903,7.26E-07,20:16,6,180923,0,
2018-09-23 20:17,,0.016112903,7.26E-07,20:17,6,180923,0,
2018-09-23 20:18,,0.016112903,7.26E-07,20:18,6,180923,0,
2018-09-23 20:19,,0.016112903,7.26E-07,20:19,6,180923,0,
2018-09-23 20:20,,0.016112903,7.26E-07,20:20,6,180923,0,
2018-09-23 20:21,,0.016112903,7.26E-07,20:21,6,180923,0,
2018-09-23 20:22,,0.016112903,7.26E-07,20:22,6,180923,0,
2018-09-23 20:23,,0.016112903,7.26E-07,20:23,6,180923,0,
2018-09-23 20:24,,0.016112903,7.26E-07,20:24,6,180923,0,
2018-09-23 20:25,,0.016112903,7.26E-07,20:25,6,180923,0,
2018-09-23 20:26,,0.016112903,7.26E-07,20:26,6,180923,0,
2018-09-23 20:27,,0.016112903,7.26E-07,20:27,6,180923,0,
2018-09-23 20:28,,0.016112903,7.26E-07,20:28,6,180923,0,
2018-09-23 20:29,,0.016112903,7.26E-07,20:29,6,180923,0,
2018-09-23 20:30,,0.016112903,7.26E-07,20:30,6,180923,0,
2018-09-23 20:31,,0.016112903,7.26E-07,20:31,6,180923,0,
2018-09-23 20:32,,0.016112903,7.26E-07,20:32,6,180923,0,
2018-09-23 20:33,,0.016112903,7.26E-07,20:33,6,180923,0,
2018-09-23 20:34,,0.016112903,7.26E-07,20:34,6,180923,0,
2018-09-23 20:35,,0.016112903,7.26E-07,20:35,6,180923,0,
2018-09-23 20:36,,0.016112903,7.26E-07,20:36,6,180923,0,
2018-09-23 20:37,,0.016112903,7.26E-07,20:37,6,180923,0,
2018-09-23 20:38,,0.016112903,7.26E-07,20:38,6,180923,0,
2018-09-23 20:39,,0.016112903,7.26E-07,20:39,6,180923,0,
2018-09-23 20:40,,0.016112903,7.26E-07,20:40,6,180923,0,
2018-09-23 20:41,,0.016112903,7.26E-07,20:41,6,180923,0,
2018-09-23 20:42,,0.016112903,7.26E-07,20:42,6,180923,0,
2018-09-23 20:43,,0.016112903,7.26E-07,20:43,6,180923,0,
2018-09-23 20:44,,0.016112903,7.26E-07,20:44,6,180923,0,
2018-09-23 20:45,,0.016112903,7.26E-07,20:45,6,180923,0,
2018-09-23 20:46,,0.016112903,7.26E-07,20:46,6,180923,0,
2018-09-23 20:47,,0.016112903,7.26E-07,20:47,6,180923,0,
2018-09-23 20:48,,0.016112903,7.26E-07,20:48,6,180923,0,
2018-09-23 20:49,,0.016112903,7.26E-07,20:49,6,180923,0,
2018-09-23 20:50,,0.016112903,7.26E-07,20:50,6,180923,0,
2018-09-23 20:51,,0.016112903,7.26E-07,20:51,6,180923,0,
2018-09-23 20:52,,0.016112903,7.26E-07,20:52,6,180923,0,
2018-09-23 20:53,,0.016112903,7.26E-07,20:53,6,180923,0,
2018-09-23 20:54,,0.016112903,7.26E-07,20:54,6,180923,0,
2018-09-23 20:55,,0.016112903,7.26E-07,20:55,6,180923,0,
2018-09-23 20:56,,0.016112903,7.26E-07,20:56,6,180923,0,
2018-09-23 20:57,,0.016112903,7.26E-07,20:57,6,180923,0,
2018-09-23 20:58,,0.016112903,7.26E-07,20:58,6,180923,0,
2018-09-23 20:59,,0.016112903,7.26E-07,20:59,6,180923,0,
2018-09-23 21:00,0.999,0.016112903,7.26E-07,21:00,6,180923,0,
2018-09-23 21:01,,0.016393443,0.000198373,21:01,6,180923,0,
2018-09-23 21:02,,0.016393443,7.26E-07,21:02,6,180923,0,
2018-09-23 21:03,,0.016393443,7.26E-07,21:03,6,180923,0,
2018-09-23 21:04,,0.016393443,7.26E-07,21:04,6,180923,0,
2018-09-23 21:05,,0.016393443,7.26E-07,21:05,6,180923,0,
2018-09-23 21:06,,0.016393443,7.26E-07,21:06,6,180923,0,
2018-09-23 21:07,,0.016393443,7.26E-07,21:07,6,180923,0,
2018-09-23 21:08,,0.016393443,7.26E-07,21:08,6,180923,0,
2018-09-23 21:09,,0.016393443,7.26E-07,21:09,6,180923,0,
2018-09-23 21:10,,0.016393443,7.26E-07,21:10,6,180923,0,
2018-09-23 21:11,,0.016393443,7.26E-07,21:11,6,180923,0,
2018-09-23 21:12,,0.016393443,7.26E-07,21:12,6,180923,0,
2018-09-23 21:13,,0.016393443,7.26E-07,21:13,6,180923,0,
2018-09-23 21:14,,0.016393443,7.26E-07,21:14,6,180923,0,
2018-09-23 21:15,,0.016393443,7.26E-07,21:15,6,180923,0,
2018-09-23 21:16,,0.016393443,7.26E-07,21:16,6,180923,0,
2018-09-23 21:17,,0.016393443,7.26E-07,21:17,6,180923,0,
2018-09-23 21:18,,0.016393443,7.26E-07,21:18,6,180923,0,
2018-09-23 21:19,,0.016393443,7.26E-07,21:19,6,180923,0,
2018-09-23 21:20,,0.016393443,7.26E-07,21:20,6,180923,0,
2018-09-23 21:21,,0.016393443,7.26E-07,21:21,6,180923,0,
2018-09-23 21:22,,0.016393443,7.26E-07,21:22,6,180923,0,
2018-09-23 21:23,,0.016393443,7.26E-07,21:23,6,180923,0,
2018-09-23 21:24,,0.016393443,7.26E-07,21:24,6,180923,0,
2018-09-23 21:25,,0.016393443,7.26E-07,21:25,6,180923,0,
2018-09-23 21:26,,0.016393443,7.26E-07,21:26,6,180923,0,
2018-09-23 21:27,,0.016393443,7.26E-07,21:27,6,180923,0,
2018-09-23 21:28,,0.016393443,7.26E-07,21:28,6,180923,0,
2018-09-23 21:29,,0.016393443,7.26E-07,21:29,6,180923,0,
2018-09-23 21:30,,0.016393443,7.26E-07,21:30,6,180923,0,
2018-09-23 21:31,,0.016393443,7.26E-07,21:31,6,180923,0,
2018-09-23 21:32,,0.016393443,7.26E-07,21:32,6,180923,0,
2018-09-23 21:33,,0.016393443,7.26E-07,21:33,6,180923,0,
2018-09-23 21:34,,0.016393443,7.26E-07,21:34,6,180923,0,
2018-09-23 21:35,,0.016393443,7.26E-07,21:35,6,180923,0,
2018-09-23 21:36,,0.016393443,7.26E-07,21:36,6,180923,0,
2018-09-23 21:37,,0.016393443,7.26E-07,21:37,6,180923,0,
2018-09-23 21:38,,0.016393443,7.26E-07,21:38,6,180923,0,
2018-09-23 21:39,,0.016393443,7.26E-07,21:39,6,180923,0,
2018-09-23 21:40,,0.016393443,7.26E-07,21:40,6,180923,0,
2018-09-23 21:41,,0.016393443,7.26E-07,21:41,6,180923,0,
2018-09-23 21:42,,0.016393443,7.26E-07,21:42,6,180923,0,
2018-09-23 21:43,,0.016393443,7.26E-07,21:43,6,180923,0,
2018-09-23 21:44,,0.016393443,7.26E-07,21:44,6,180923,0,
2018-09-23 21:45,,0.016393443,7.26E-07,21:45,6,180923,0,
2018-09-23 21:46,,0.016393443,7.26E-07,21:46,6,180923,0,
2018-09-23 21:47,,0.016393443,7.26E-07,21:47,6,180923,0,
2018-09-23 21:48,,0.016393443,7.26E-07,21:48,6,180923,0,
2018-09-23 21:49,,0.016393443,7.26E-07,21:49,6,180923,0,
2018-09-23 21:50,,0.016393443,7.26E-07,21:50,6,180923,0,
2018-09-23 21:51,,0.016393443,7.26E-07,21:51,6,180923,0,
2018-09-23 21:52,,0.016393443,7.26E-07,21:52,6,180923,0,
2018-09-23 21:53,,0.016393443,7.26E-07,21:53,6,180923,0,
2018-09-23 21:54,,0.016393443,7.26E-07,21:54,6,180923,0,
2018-09-23 21:55,,0.016393443,7.26E-07,21:55,6,180923,0,
2018-09-23 21:56,,0.016393443,7.26E-07,21:56,6,180923,0,
2018-09-23 21:57,,0.016393443,7.26E-07,21:57,6,180923,0,
2018-09-23 21:58,,0.016393443,7.26E-07,21:58,6,180923,0,
2018-09-23 21:59,,0.016393443,7.26E-07,21:59,6,180923,0,
2018-09-23 22:00,,0.016393443,7.26E-07,22:00,6,180923,0,
2018-09-23 22:01,1,0.016393443,7.26E-07,22:01,6,180923,0,
2018-09-23 22:02,,0.016112903,0.000198373,22:02,6,180923,0,
2018-09-23 22:03,,0.016112903,7.26E-07,22:03,6,180923,0,
2018-09-23 22:04,,0.016112903,7.26E-07,22:04,6,180923,0,
2018-09-23 22:05,,0.016112903,7.26E-07,22:05,6,180923,0,
2018-09-23 22:06,,0.016112903,7.26E-07,22:06,6,180923,0,
2018-09-23 22:07,,0.016112903,7.26E-07,22:07,6,180923,0,
2018-09-23 22:08,,0.016112903,7.26E-07,22:08,6,180923,0,
2018-09-23 22:09,,0.016112903,7.26E-07,22:09,6,180923,0,
2018-09-23 22:10,,0.016112903,7.26E-07,22:10,6,180923,0,
2018-09-23 22:11,,0.016112903,7.26E-07,22:11,6,180923,0,
2018-09-23 22:12,,0.016112903,7.26E-07,22:12,6,180923,0,
2018-09-23 22:13,,0.016112903,7.26E-07,22:13,6,180923,0,
2018-09-23 22:14,,0.016112903,7.26E-07,22:14,6,180923,0,
2018-09-23 22:15,,0.016112903,7.26E-07,22:15,6,180923,0,
2018-09-23 22:16,,0.016112903,7.26E-07,22:16,6,180923,0,
2018-09-23 22:17,,0.016112903,7.26E-07,22:17,6,180923,0,
2018-09-23 22:18,,0.016112903,7.26E-07,22:18,6,180923,0,
2018-09-23 22:19,,0.016112903,7.26E-07,22:19,6,180923,0,
2018-09-23 22:20,,0.016112903,7.26E-07,22:20,6,180923,0,
2018-09-23 22:21,,0.016112903,7.26E-07,22:21,6,180923,0,
2018-09-23 22:22,,0.016112903,7.26E-07,22:22,6,180923,0,
2018-09-23 22:23,,0.016112903,7.26E-07,22:23,6,180923,0,
2018-09-23 22:24,,0.016112903,7.26E-07,22:24,6,180923,0,
2018-09-23 22:25,,0.016112903,7.26E-07,22:25,6,180923,0,
2018-09-23 22:26,,0.016112903,7.26E-07,22:26,6,180923,0,
2018-09-23 22:27,,0.016112903,7.26E-07,22:27,6,180923,0,
2018-09-23 22:28,,0.016112903,7.26E-07,22:28,6,180923,0,
2018-09-23 22:29,,0.016112903,7.26E-07,22:29,6,180923,0,
2018-09-23 22:30,,0.016112903,7.26E-07,22:30,6,180923,0,
2018-09-23 22:31,,0.016112903,7.26E-07,22:31,6,180923,0,
2018-09-23 22:32,,0.016112903,7.26E-07,22:32,6,180923,0,
2018-09-23 22:33,,0.016112903,7.26E-07,22:33,6,180923,0,
2018-09-23 22:34,,0.016112903,7.26E-07,22:34,6,180923,0,
2018-09-23 22:35,,0.016112903,7.26E-07,22:35,6,180923,0,
2018-09-23 22:36,,0.016112903,7.26E-07,22:36,6,180923,0,
2018-09-23 22:37,,0.016112903,7.26E-07,22:37,6,180923,0,
2018-09-23 22:38,,0.016112903,7.26E-07,22:38,6,180923,0,
2018-09-23 22:39,,0.016112903,7.26E-07,22:39,6,180923,0,
2018-09-23 22:40,,0.016112903,7.26E-07,22:40,6,180923,0,
2018-09-23 22:41,,0.016112903,7.26E-07,22:41,6,180923,0,
2018-09-23 22:42,,0.016112903,7.26E-07,22:42,6,180923,0,
2018-09-23 22:43,,0.016112903,7.26E-07,22:43,6,180923,0,
2018-09-23 22:44,,0.016112903,7.26E-07,22:44,6,180923,0,
2018-09-23 22:45,,0.016112903,7.26E-07,22:45,6,180923,0,
2018-09-23 22:46,,0.016112903,7.26E-07,22:46,6,180923,0,
2018-09-23 22:47,,0.016112903,7.26E-07,22:47,6,180923,0,
2018-09-23 22:48,,0.016112903,7.26E-07,22:48,6,180923,0,
2018-09-23 22:49,,0.016112903,7.26E-07,22:49,6,180923,0,
2018-09-23 22:50,,0.016112903,7.26E-07,22:50,6,180923,0,
2018-09-23 22:51,,0.016112903,7.26E-07,22:51,6,180923,0,
2018-09-23 22:52,,0.016112903,7.26E-07,22:52,6,180923,0,
2018-09-23 22:53,,0.016112903,7.26E-07,22:53,6,180923,0,
2018-09-23 22:54,,0.016112903,7.26E-07,22:54,6,180923,0,
2018-09-23 22:55,,0.016112903,7.26E-07,22:55,6,180923,0,
2018-09-23 22:56,,0.016112903,7.26E-07,22:56,6,180923,0,
2018-09-23 22:57,,0.016112903,7.26E-07,22:57,6,180923,0,
2018-09-23 22:58,,0.016112903,7.26E-07,22:58,6,180923,0,
2018-09-23 22:59,,0.016112903,7.26E-07,22:59,6,180923,0,
2018-09-23 23:00,,0.016112903,7.26E-07,23:00,6,180923,0,
2018-09-23 23:01,,0.016112903,7.26E-07,23:01,6,180923,0,
2018-09-23 23:02,,0.016112903,7.26E-07,23:02,6,180923,0,
2018-09-23 23:03,0.999,0.016112903,7.26E-07,23:03,6,180923,0,
2018-09-23 23:04,,0.016393443,0.000198373,23:04,6,180923,0,
2018-09-23 23:05,,0.016393443,7.26E-07,23:05,6,180923,0,
2018-09-23 23:06,,0.016393443,7.26E-07,23:06,6,180923,0,
2018-09-23 23:07,,0.016393443,7.26E-07,23:07,6,180923,0,
2018-09-23 23:08,,0.016393443,7.26E-07,23:08,6,180923,0,
2018-09-23 23:09,,0.016393443,7.26E-07,23:09,6,180923,0,
2018-09-23 23:10,,0.016393443,7.26E-07,23:10,6,180923,0,
2018-09-23 23:11,,0.016393443,7.26E-07,23:11,6,180923,0,
2018-09-23 23:12,,0.016393443,7.26E-07,23:12,6,180923,0,
2018-09-23 23:13,,0.016393443,7.26E-07,23:13,6,180923,0,
2018-09-23 23:14,,0.016393443,7.26E-07,23:14,6,180923,0,
2018-09-23 23:15,,0.016393443,7.26E-07,23:15,6,180923,0,
2018-09-23 23:16,,0.016393443,7.26E-07,23:16,6,180923,0,
2018-09-23 23:17,,0.016393443,7.26E-07,23:17,6,180923,0,
2018-09-23 23:18,,0.016393443,7.26E-07,23:18,6,180923,0,
2018-09-23 23:19,,0.016393443,7.26E-07,23:19,6,180923,0,
2018-09-23 23:20,,0.016393443,7.26E-07,23:20,6,180923,0,
2018-09-23 23:21,,0.016393443,7.26E-07,23:21,6,180923,0,
2018-09-23 23:22,,0.016393443,7.26E-07,23:22,6,180923,0,
2018-09-23 23:23,,0.016393443,7.26E-07,23:23,6,180923,0,
2018-09-23 23:24,,0.016393443,7.26E-07,23:24,6,180923,0,
2018-09-23 23:25,,0.016393443,7.26E-07,23:25,6,180923,0,
2018-09-23 23:26,,0.016393443,7.26E-07,23:26,6,180923,0,
2018-09-23 23:27,,0.016393443,7.26E-07,23:27,6,180923,0,
2018-09-23 23:28,,0.016393443,7.26E-07,23:28,6,180923,0,
2018-09-23 23:29,,0.016393443,7.26E-07,23:29,6,180923,0,
2018-09-23 23:30,,0.016393443,7.26E-07,23:30,6,180923,0,
2018-09-23 23:31,,0.016393443,7.26E-07,23:31,6,180923,0,
2018-09-23 23:32,,0.016393443,7.26E-07,23:32,6,180923,0,
2018-09-23 23:33,,0.016393443,7.26E-07,23:33,6,180923,0,
2018-09-23 23:34,,0.016393443,7.26E-07,23:34,6,180923,0,
2018-09-23 23:35,,0.016393443,7.26E-07,23:35,6,180923,0,
2018-09-23 23:36,,0.016393443,7.26E-07,23:36,6,180923,0,
2018-09-23 23:37,,0.016393443,7.26E-07,23:37,6,180923,0,
2018-09-23 23:38,,0.016393443,7.26E-07,23:38,6,180923,0,
2018-09-23 23:39,,0.016393443,7.26E-07,23:39,6,180923,0,
2018-09-23 23:40,,0.016393443,7.26E-07,23:40,6,180923,0,
2018-09-23 23:41,,0.016393443,7.26E-07,23:41,6,180923,0,
2018-09-23 23:42,,0.016393443,7.26E-07,23:42,6,180923,0,
2018-09-23 23:43,,0.016393443,7.26E-07,23:43,6,180923,0,
2018-09-23 23:44,,0.016393443,7.26E-07,23:44,6,180923,0,
2018-09-23 23:45,,0.016393443,7.26E-07,23:45,6,180923,0,
2018-09-23 23:46,,0.016393443,7.26E-07,23:46,6,180923,0,
2018-09-23 23:47,,0.016393443,7.26E-07,23:47,6,180923,0,
2018-09-23 23:48,,0.016393443,7.26E-07,23:48,6,180923,0,
2018-09-23 23:49,,0.016393443,7.26E-07,23:49,6,180923,0,
2018-09-23 23:50,,0.016393443,7.26E-07,23:50,6,180923,0,
2018-09-23 23:51,,0.016393443,7.26E-07,23:51,6,180923,0,
2018-09-23 23:52,,0.016393443,7.26E-07,23:52,6,180923,0,
2018-09-23 23:53,,0.016393443,7.26E-07,23:53,6,180923,0,
2018-09-23 23:54,,0.016393443,7.26E-07,23:54,6,180923,0,
2018-09-23 23:55,,0.016393443,7.26E-07,23:55,6,180923,0,
2018-09-23 23:56,,0.016393443,7.26E-07,23:56,6,180923,0,
2018-09-23 23:57,,0.016393443,7.26E-07,23:57,6,180923,0,
2018-09-23 23:58,,0.016393443,7.26E-07,23:58,6,180923,0,
2018-09-23 23:59,,0.016393443,7.26E-07,23:59,6,180923,0,
2018-09-24 0:00,,0.016393443,7.26E-07,0:00,0,180924,0,
2018-09-24 0:01,,0.016393443,7.26E-07,0:01,0,180924,0,
2018-09-24 0:02,,0.016393443,7.26E-07,0:02,0,180924,0,
2018-09-24 0:03,,0.016393443,7.26E-07,0:03,0,180924,0,
2018-09-24 0:04,1,0.016393443,7.26E-07,0:04,0,180924,0,
2018-09-24 0:05,,0.016377049,1.16E-05,0:05,0,180924,0,
2018-09-24 0:06,,0.016377049,7.26E-07,0:06,0,180924,0,
2018-09-24 0:07,,0.016377049,7.26E-07,0:07,0,180924,0,
2018-09-24 0:08,,0.016377049,7.26E-07,0:08,0,180924,0,
2018-09-24 0:09,,0.016377049,7.26E-07,0:09,0,180924,0,
2018-09-24 0:10,,0.016377049,7.26E-07,0:10,0,180924,0,
2018-09-24 0:11,,0.016377049,7.26E-07,0:11,0,180924,0,
2018-09-24 0:12,,0.016377049,7.26E-07,0:12,0,180924,0,
2018-09-24 0:13,,0.016377049,7.26E-07,0:13,0,180924,0,
2018-09-24 0:14,,0.016377049,7.26E-07,0:14,0,180924,0,
2018-09-24 0:15,,0.016377049,7.26E-07,0:15,0,180924,0,
2018-09-24 0:16,,0.016377049,7.26E-07,0:16,0,180924,0,
2018-09-24 0:17,,0.016377049,7.26E-07,0:17,0,180924,0,
2018-09-24 0:18,,0.016377049,7.26E-07,0:18,0,180924,0,
2018-09-24 0:19,,0.016377049,7.26E-07,0:19,0,180924,0,
2018-09-24 0:20,,0.016377049,7.26E-07,0:20,0,180924,0,
2018-09-24 0:21,,0.016377049,7.26E-07,0:21,0,180924,0,
2018-09-24 0:22,,0.016377049,7.26E-07,0:22,0,180924,0,
2018-09-24 0:23,,0.016377049,7.26E-07,0:23,0,180924,0,
2018-09-24 0:24,,0.016377049,7.26E-07,0:24,0,180924,0,
2018-09-24 0:25,,0.016377049,7.26E-07,0:25,0,180924,0,
2018-09-24 0:26,,0.016377049,7.26E-07,0:26,0,180924,0,
2018-09-24 0:27,,0.016377049,7.26E-07,0:27,0,180924,0,
2018-09-24 0:28,,0.016377049,7.26E-07,0:28,0,180924,0,
2018-09-24 0:29,,0.016377049,7.26E-07,0:29,0,180924,0,
2018-09-24 0:30,,0.016377049,7.26E-07,0:30,0,180924,0,
2018-09-24 0:31,,0.016377049,7.26E-07,0:31,0,180924,0,
2018-09-24 0:32,,0.016377049,7.26E-07,0:32,0,180924,0,
2018-09-24 0:33,,0.016377049,7.26E-07,0:33,0,180924,0,
2018-09-24 0:34,,0.016377049,7.26E-07,0:34,0,180924,0,
2018-09-24 0:35,,0.016377049,7.26E-07,0:35,0,180924,0,
2018-09-24 0:36,,0.016377049,7.26E-07,0:36,0,180924,0,
2018-09-24 0:37,,0.016377049,7.26E-07,0:37,0,180924,0,
2018-09-24 0:38,,0.016377049,7.26E-07,0:38,0,180924,0,
2018-09-24 0:39,,0.016377049,7.26E-07,0:39,0,180924,0,
2018-09-24 0:40,,0.016377049,7.26E-07,0:40,0,180924,0,
2018-09-24 0:41,,0.016377049,7.26E-07,0:41,0,180924,0,
2018-09-24 0:42,,0.016377049,7.26E-07,0:42,0,180924,0,
2018-09-24 0:43,,0.016377049,7.26E-07,0:43,0,180924,0,
2018-09-24 0:44,,0.016377049,7.26E-07,0:44,0,180924,0,
2018-09-24 0:45,,0.016377049,7.26E-07,0:45,0,180924,0,
2018-09-24 0:46,,0.016377049,7.26E-07,0:46,0,180924,0,
2018-09-24 0:47,,0.016377049,7.26E-07,0:47,0,180924,0,
2018-09-24 0:48,,0.016377049,7.26E-07,0:48,0,180924,0,
2018-09-24 0:49,,0.016377049,7.26E-07,0:49,0,180924,0,
2018-09-24 0:50,,0.016377049,7.26E-07,0:50,0,180924,0,
2018-09-24 0:51,,0.016377049,7.26E-07,0:51,0,180924,0,
2018-09-24 0:52,,0.016377049,7.26E-07,0:52,0,180924,0,
2018-09-24 0:53,,0.016377049,7.26E-07,0:53,0,180924,0,
2018-09-24 0:54,,0.016377049,7.26E-07,0:54,0,180924,0,
2018-09-24 0:55,,0.016377049,7.26E-07,0:55,0,180924,0,
2018-09-24 0:56,,0.016377049,7.26E-07,0:56,0,180924,0,
2018-09-24 0:57,,0.016377049,7.26E-07,0:57,0,180924,0,
2018-09-24 0:58,,0.016377049,7.26E-07,0:58,0,180924,0,
2018-09-24 0:59,,0.016377049,7.26E-07,0:59,0,180924,0,
2018-09-24 1:00,,0.016377049,7.26E-07,1:00,0,180924,0,
2018-09-24 1:01,,0.016377049,7.26E-07,1:01,0,180924,0,
2018-09-24 1:02,,0.016377049,7.26E-07,1:02,0,180924,0,
2018-09-24 1:03,,0.016377049,7.26E-07,1:03,0,180924,0,
2018-09-24 1:04,,0.016377049,7.26E-07,1:04,0,180924,0,
2018-09-24 1:05,0.999,0.016377049,7.26E-07,1:05,0,180924,0,
2018-09-24 1:06,,0.015873016,0.000356406,1:06,0,180924,0,
2018-09-24 1:07,,0.015873016,7.26E-07,1:07,0,180924,0,
2018-09-24 1:08,,0.015873016,7.26E-07,1:08,0,180924,0,
2018-09-24 1:09,,0.015873016,7.26E-07,1:09,0,180924,0,
2018-09-24 1:10,,0.015873016,7.26E-07,1:10,0,180924,0,
2018-09-24 1:11,,0.015873016,7.26E-07,1:11,0,180924,0,
2018-09-24 1:12,,0.015873016,7.26E-07,1:12,0,180924,0,
2018-09-24 1:13,,0.015873016,7.26E-07,1:13,0,180924,0,
2018-09-24 1:14,,0.015873016,7.26E-07,1:14,0,180924,0,
2018-09-24 1:15,,0.015873016,7.26E-07,1:15,0,180924,0,
2018-09-24 1:16,,0.015873016,7.26E-07,1:16,0,180924,0,
2018-09-24 1:17,,0.015873016,7.26E-07,1:17,0,180924,0,
2018-09-24 1:18,,0.015873016,7.26E-07,1:18,0,180924,0,
2018-09-24 1:19,,0.015873016,7.26E-07,1:19,0,180924,0,
2018-09-24 1:20,,0.015873016,7.26E-07,1:20,0,180924,0,
2018-09-24 1:21,,0.015873016,7.26E-07,1:21,0,180924,0,
2018-09-24 1:22,,0.015873016,7.26E-07,1:22,0,180924,0,
2018-09-24 1:23,,0.015873016,7.26E-07,1:23,0,180924,0,
2018-09-24 1:24,,0.015873016,7.26E-07,1:24,0,180924,0,
2018-09-24 1:25,,0.015873016,7.26E-07,1:25,0,180924,0,
2018-09-24 1:26,,0.015873016,7.26E-07,1:26,0,180924,0,
2018-09-24 1:27,,0.015873016,7.26E-07,1:27,0,180924,0,
2018-09-24 1:28,,0.015873016,7.26E-07,1:28,0,180924,0,
2018-09-24 1:29,,0.015873016,7.26E-07,1:29,0,180924,0,
2018-09-24 1:30,,0.015873016,7.26E-07,1:30,0,180924,0,
2018-09-24 1:31,,0.015873016,7.26E-07,1:31,0,180924,0,
2018-09-24 1:32,,0.015873016,7.26E-07,1:32,0,180924,0,
2018-09-24 1:33,,0.015873016,7.26E-07,1:33,0,180924,0,
2018-09-24 1:34,,0.015873016,7.26E-07,1:34,0,180924,0,
2018-09-24 1:35,,0.015873016,7.26E-07,1:35,0,180924,0,
2018-09-24 1:36,,0.015873016,7.26E-07,1:36,0,180924,0,
2018-09-24 1:37,,0.015873016,7.26E-07,1:37,0,180924,0,
2018-09-24 1:38,,0.015873016,7.26E-07,1:38,0,180924,0,
2018-09-24 1:39,,0.015873016,7.26E-07,1:39,0,180924,0,
2018-09-24 1:40,,0.015873016,7.26E-07,1:40,0,180924,0,
2018-09-24 1:41,,0.015873016,7.26E-07,1:41,0,180924,0,
2018-09-24 1:42,,0.015873016,7.26E-07,1:42,0,180924,0,
2018-09-24 1:43,,0.015873016,7.26E-07,1:43,0,180924,0,
2018-09-24 1:44,,0.015873016,7.26E-07,1:44,0,180924,0,
2018-09-24 1:45,,0.015873016,7.26E-07,1:45,0,180924,0,
2018-09-24 1:46,,0.015873016,7.26E-07,1:46,0,180924,0,
2018-09-24 1:47,,0.015873016,7.26E-07,1:47,0,180924,0,
2018-09-24 1:48,,0.015873016,7.26E-07,1:48,0,180924,0,
2018-09-24 1:49,,0.015873016,7.26E-07,1:49,0,180924,0,
2018-09-24 1:50,,0.015873016,7.26E-07,1:50,0,180924,0,
2018-09-24 1:51,,0.015873016,7.26E-07,1:51,0,180924,0,
2018-09-24 1:52,,0.015873016,7.26E-07,1:52,0,180924,0,
2018-09-24 1:53,,0.015873016,7.26E-07,1:53,0,180924,0,
2018-09-24 1:54,,0.015873016,7.26E-07,1:54,0,180924,0,
2018-09-24 1:55,,0.015873016,7.26E-07,1:55,0,180924,0,
2018-09-24 1:56,,0.015873016,7.26E-07,1:56,0,180924,0,
2018-09-24 1:57,,0.015873016,7.26E-07,1:57,0,180924,0,
2018-09-24 1:58,,0.015873016,7.26E-07,1:58,0,180924,0,
2018-09-24 1:59,,0.015873016,7.26E-07,1:59,0,180924,0,
2018-09-24 2:00,,0.015873016,7.26E-07,2:00,0,180924,0,
2018-09-24 2:01,,0.015873016,7.26E-07,2:01,0,180924,0,
2018-09-24 2:02,,0.015873016,7.26E-07,2:02,0,180924,0,
2018-09-24 2:03,,0.015873016,7.26E-07,2:03,0,180924,0,
2018-09-24 2:04,,0.015873016,7.26E-07,2:04,0,180924,0,
2018-09-24 2:05,,0.015873016,7.26E-07,2:05,0,180924,0,
2018-09-24 2:06,,0.015873016,7.26E-07,2:06,0,180924,0,
2018-09-24 2:07,,0.015873016,7.26E-07,2:07,0,180924,0,
2018-09-24 2:08,1,0.015873016,7.26E-07,2:08,0,180924,0,
2018-09-24 2:09,,0.016129032,0.000181032,2:09,0,180924,0,
2018-09-24 2:10,,0.016129032,7.26E-07,2:10,0,180924,0,
2018-09-24 2:11,,0.016129032,7.26E-07,2:11,0,180924,0,
2018-09-24 2:12,,0.016129032,7.26E-07,2:12,0,180924,0,
2018-09-24 2:13,,0.016129032,7.26E-07,2:13,0,180924,0,
2018-09-24 2:14,,0.016129032,7.26E-07,2:14,0,180924,0,
2018-09-24 2:15,,0.016129032,7.26E-07,2:15,0,180924,0,
2018-09-24 2:16,,0.016129032,7.26E-07,2:16,0,180924,0,
2018-09-24 2:17,,0.016129032,7.26E-07,2:17,0,180924,0,
2018-09-24 2:18,,0.016129032,7.26E-07,2:18,0,180924,0,
2018-09-24 2:19,,0.016129032,7.26E-07,2:19,0,180924,0,
2018-09-24 2:20,,0.016129032,7.26E-07,2:20,0,180924,0,
2018-09-24 2:21,,0.016129032,7.26E-07,2:21,0,180924,0,
2018-09-24 2:22,,0.016129032,7.26E-07,2:22,0,180924,0,
2018-09-24 2:23,,0.016129032,7.26E-07,2:23,0,180924,0,
2018-09-24 2:24,,0.016129032,7.26E-07,2:24,0,180924,0,
2018-09-24 2:25,,0.016129032,7.26E-07,2:25,0,180924,0,
2018-09-24 2:26,,0.016129032,7.26E-07,2:26,0,180924,0,
2018-09-24 2:27,,0.016129032,7.26E-07,2:27,0,180924,0,
2018-09-24 2:28,,0.016129032,7.26E-07,2:28,0,180924,0,
2018-09-24 2:29,,0.016129032,7.26E-07,2:29,0,180924,0,
2018-09-24 2:30,,0.016129032,7.26E-07,2:30,0,180924,0,
2018-09-24 2:31,,0.016129032,7.26E-07,2:31,0,180924,0,
2018-09-24 2:32,,0.016129032,7.26E-07,2:32,0,180924,0,
2018-09-24 2:33,,0.016129032,7.26E-07,2:33,0,180924,0,
2018-09-24 2:34,,0.016129032,7.26E-07,2:34,0,180924,0,
2018-09-24 2:35,,0.016129032,7.26E-07,2:35,0,180924,0,
2018-09-24 2:36,,0.016129032,7.26E-07,2:36,0,180924,0,
2018-09-24 2:37,,0.016129032,7.26E-07,2:37,0,180924,0,
2018-09-24 2:38,,0.016129032,7.26E-07,2:38,0,180924,0,
2018-09-24 2:39,,0.016129032,7.26E-07,2:39,0,180924,0,
2018-09-24 2:40,,0.016129032,7.26E-07,2:40,0,180924,0,
2018-09-24 2:41,,0.016129032,7.26E-07,2:41,0,180924,0,
2018-09-24 2:42,,0.016129032,7.26E-07,2:42,0,180924,0,
2018-09-24 2:43,,0.016129032,7.26E-07,2:43,0,180924,0,
2018-09-24 2:44,,0.016129032,7.26E-07,2:44,0,180924,0,
2018-09-24 2:45,,0.016129032,7.26E-07,2:45,0,180924,0,
2018-09-24 2:46,,0.016129032,7.26E-07,2:46,0,180924,0,
2018-09-24 2:47,,0.016129032,7.26E-07,2:47,0,180924,0,
2018-09-24 2:48,,0.016129032,7.26E-07,2:48,0,180924,0,
2018-09-24 2:49,,0.016129032,7.26E-07,2:49,0,180924,0,
2018-09-24 2:50,,0.016129032,7.26E-07,2:50,0,180924,0,
2018-09-24 2:51,,0.016129032,7.26E-07,2:51,0,180924,0,
2018-09-24 2:52,,0.016129032,7.26E-07,2:52,0,180924,0,
2018-09-24 2:53,,0.016129032,7.26E-07,2:53,0,180924,0,
2018-09-24 2:54,,0.016129032,7.26E-07,2:54,0,180924,0,
2018-09-24 2:55,,0.016129032,7.26E-07,2:55,0,180924,0,
2018-09-24 2:56,,0.016129032,7.26E-07,2:56,0,180924,0,
2018-09-24 2:57,,0.016129032,7.26E-07,2:57,0,180924,0,
2018-09-24 2:58,,0.016129032,7.26E-07,2:58,0,180924,0,
2018-09-24 2:59,,0.016129032,7.26E-07,2:59,0,180924,0,
2018-09-24 3:00,,0.016129032,7.26E-07,3:00,0,180924,0,
2018-09-24 3:01,,0.016129032,7.26E-07,3:01,0,180924,0,
2018-09-24 3:02,,0.016129032,7.26E-07,3:02,0,180924,0,
2018-09-24 3:03,,0.016129032,7.26E-07,3:03,0,180924,0,
2018-09-24 3:04,,0.016129032,7.26E-07,3:04,0,180924,0,
2018-09-24 3:05,,0.016129032,7.26E-07,3:05,0,180924,0,
2018-09-24 3:06,,0.016129032,7.26E-07,3:06,0,180924,0,
2018-09-24 3:07,,0.016129032,7.26E-07,3:07,0,180924,0,
2018-09-24 3:08,,0.016129032,7.26E-07,3:08,0,180924,0,
2018-09-24 3:09,,0.016129032,7.26E-07,3:09,0,180924,0,
2018-09-24 3:10,1,0.016129032,7.26E-07,3:10,0,180924,0,
2018-09-24 3:11,,0.016377049,0.000175376,3:11,0,180924,0,
2018-09-24 3:12,,0.016377049,7.26E-07,3:12,0,180924,0,
2018-09-24 3:13,,0.016377049,7.26E-07,3:13,0,180924,0,
2018-09-24 3:14,,0.016377049,7.26E-07,3:14,0,180924,0,
2018-09-24 3:15,,0.016377049,7.26E-07,3:15,0,180924,0,
2018-09-24 3:16,,0.016377049,7.26E-07,3:16,0,180924,0,
2018-09-24 3:17,,0.016377049,7.26E-07,3:17,0,180924,0,
2018-09-24 3:18,,0.016377049,7.26E-07,3:18,0,180924,0,
2018-09-24 3:19,,0.016377049,7.26E-07,3:19,0,180924,0,
2018-09-24 3:20,,0.016377049,7.26E-07,3:20,0,180924,0,
2018-09-24 3:21,,0.016377049,7.26E-07,3:21,0,180924,0,
2018-09-24 3:22,,0.016377049,7.26E-07,3:22,0,180924,0,
2018-09-24 3:23,,0.016377049,7.26E-07,3:23,0,180924,0,
2018-09-24 3:24,,0.016377049,7.26E-07,3:24,0,180924,0,
2018-09-24 3:25,,0.016377049,7.26E-07,3:25,0,180924,0,
2018-09-24 3:26,,0.016377049,7.26E-07,3:26,0,180924,0,
2018-09-24 3:27,,0.016377049,7.26E-07,3:27,0,180924,0,
2018-09-24 3:28,,0.016377049,7.26E-07,3:28,0,180924,0,
2018-09-24 3:29,,0.016377049,7.26E-07,3:29,0,180924,0,
2018-09-24 3:30,,0.016377049,7.26E-07,3:30,0,180924,0,
2018-09-24 3:31,,0.016377049,7.26E-07,3:31,0,180924,0,
2018-09-24 3:32,,0.016377049,7.26E-07,3:32,0,180924,0,
2018-09-24 3:33,,0.016377049,7.26E-07,3:33,0,180924,0,
2018-09-24 3:34,,0.016377049,7.26E-07,3:34,0,180924,0,
2018-09-24 3:35,,0.016377049,7.26E-07,3:35,0,180924,0,
2018-09-24 3:36,,0.016377049,7.26E-07,3:36,0,180924,0,
2018-09-24 3:37,,0.016377049,7.26E-07,3:37,0,180924,0,
2018-09-24 3:38,,0.016377049,7.26E-07,3:38,0,180924,0,
2018-09-24 3:39,,0.016377049,7.26E-07,3:39,0,180924,0,
2018-09-24 3:40,,0.016377049,7.26E-07,3:40,0,180924,0,
2018-09-24 3:41,,0.016377049,7.26E-07,3:41,0,180924,0,
2018-09-24 3:42,,0.016377049,7.26E-07,3:42,0,180924,0,
2018-09-24 3:43,,0.016377049,7.26E-07,3:43,0,180924,0,
2018-09-24 3:44,,0.016377049,7.26E-07,3:44,0,180924,0,
2018-09-24 3:45,,0.016377049,7.26E-07,3:45,0,180924,0,
2018-09-24 3:46,,0.016377049,7.26E-07,3:46,0,180924,0,
2018-09-24 3:47,,0.016377049,7.26E-07,3:47,0,180924,0,
2018-09-24 3:48,,0.016377049,7.26E-07,3:48,0,180924,0,
2018-09-24 3:49,,0.016377049,7.26E-07,3:49,0,180924,0,
2018-09-24 3:50,,0.016377049,7.26E-07,3:50,0,180924,0,
2018-09-24 3:51,,0.016377049,7.26E-07,3:51,0,180924,0,
2018-09-24 3:52,,0.016377049,7.26E-07,3:52,0,180924,0,
2018-09-24 3:53,,0.016377049,7.26E-07,3:53,0,180924,0,
2018-09-24 3:54,,0.016377049,7.26E-07,3:54,0,180924,0,
2018-09-24 3:55,,0.016377049,7.26E-07,3:55,0,180924,0,
2018-09-24 3:56,,0.016377049,7.26E-07,3:56,0,180924,0,
2018-09-24 3:57,,0.016377049,7.26E-07,3:57,0,180924,0,
2018-09-24 3:58,,0.016377049,7.26E-07,3:58,0,180924,0,
2018-09-24 3:59,,0.016377049,7.26E-07,3:59,0,180924,0,
2018-09-24 4:00,,0.016377049,7.26E-07,4:00,0,180924,0,
2018-09-24 4:01,,0.016377049,7.26E-07,4:01,0,180924,0,
2018-09-24 4:02,,0.016377049,7.26E-07,4:02,0,180924,0,
2018-09-24 4:03,,0.016377049,7.26E-07,4:03,0,180924,0,
2018-09-24 4:04,,0.016377049,7.26E-07,4:04,0,180924,0,
2018-09-24 4:05,,0.016377049,7.26E-07,4:05,0,180924,0,
2018-09-24 4:06,,0.016377049,7.26E-07,4:06,0,180924,0,
2018-09-24 4:07,,0.016377049,7.26E-07,4:07,0,180924,0,
2018-09-24 4:08,,0.016377049,7.26E-07,4:08,0,180924,0,
2018-09-24 4:09,,0.016377049,7.26E-07,4:09,0,180924,0,
2018-09-24 4:10,,0.016377049,7.26E-07,4:10,0,180924,0,
2018-09-24 4:11,0.999,0.016377049,7.26E-07,4:11,0,180924,0,
2018-09-24 4:12,,0.016129032,0.000175376,4:12,0,180924,0,
2018-09-24 4:13,,0.016129032,7.26E-07,4:13,0,180924,0,
2018-09-24 4:14,,0.016129032,7.26E-07,4:14,0,180924,0,
2018-09-24 4:15,,0.016129032,7.26E-07,4:15,0,180924,0,
2018-09-24 4:16,,0.016129032,7.26E-07,4:16,0,180924,0,
2018-09-24 4:17,,0.016129032,7.26E-07,4:17,0,180924,0,
2018-09-24 4:18,,0.016129032,7.26E-07,4:18,0,180924,0,
2018-09-24 4:19,,0.016129032,7.26E-07,4:19,0,180924,0,
2018-09-24 4:20,,0.016129032,7.26E-07,4:20,0,180924,0,
2018-09-24 4:21,,0.016129032,7.26E-07,4:21,0,180924,0,
2018-09-24 4:22,,0.016129032,7.26E-07,4:22,0,180924,0,
2018-09-24 4:23,,0.016129032,7.26E-07,4:23,0,180924,0,
2018-09-24 4:24,,0.016129032,7.26E-07,4:24,0,180924,0,
2018-09-24 4:25,,0.016129032,7.26E-07,4:25,0,180924,0,
2018-09-24 4:26,,0.016129032,7.26E-07,4:26,0,180924,0,
2018-09-24 4:27,,0.016129032,7.26E-07,4:27,0,180924,0,
2018-09-24 4:28,,0.016129032,7.26E-07,4:28,0,180924,0,
2018-09-24 4:29,,0.016129032,7.26E-07,4:29,0,180924,0,
2018-09-24 4:30,,0.016129032,7.26E-07,4:30,0,180924,0,
2018-09-24 4:31,,0.016129032,7.26E-07,4:31,0,180924,0,
2018-09-24 4:32,,0.016129032,7.26E-07,4:32,0,180924,0,
2018-09-24 4:33,,0.016129032,7.26E-07,4:33,0,180924,0,
2018-09-24 4:34,,0.016129032,7.26E-07,4:34,0,180924,0,
2018-09-24 4:35,,0.016129032,7.26E-07,4:35,0,180924,0,
2018-09-24 4:36,,0.016129032,7.26E-07,4:36,0,180924,0,
2018-09-24 4:37,,0.016129032,7.26E-07,4:37,0,180924,0,
2018-09-24 4:38,,0.016129032,7.26E-07,4:38,0,180924,0,
2018-09-24 4:39,,0.016129032,7.26E-07,4:39,0,180924,0,
2018-09-24 4:40,,0.016129032,7.26E-07,4:40,0,180924,0,
2018-09-24 4:41,,0.016129032,7.26E-07,4:41,0,180924,0,
2018-09-24 4:42,,0.016129032,7.26E-07,4:42,0,180924,0,
2018-09-24 4:43,,0.016129032,7.26E-07,4:43,0,180924,0,
2018-09-24 4:44,,0.016129032,7.26E-07,4:44,0,180924,0,
2018-09-24 4:45,,0.016129032,7.26E-07,4:45,0,180924,0,
2018-09-24 4:46,,0.016129032,7.26E-07,4:46,0,180924,0,
2018-09-24 4:47,,0.016129032,7.26E-07,4:47,0,180924,0,
2018-09-24 4:48,,0.016129032,7.26E-07,4:48,0,180924,0,
2018-09-24 4:49,,0.016129032,7.26E-07,4:49,0,180924,0,
2018-09-24 4:50,,0.016129032,7.26E-07,4:50,0,180924,0,
2018-09-24 4:51,,0.016129032,7.26E-07,4:51,0,180924,0,
2018-09-24 4:52,,0.016129032,7.26E-07,4:52,0,180924,0,
2018-09-24 4:53,,0.016129032,7.26E-07,4:53,0,180924,0,
2018-09-24 4:54,,0.016129032,7.26E-07,4:54,0,180924,0,
2018-09-24 4:55,,0.016129032,7.26E-07,4:55,0,180924,0,
2018-09-24 4:56,,0.016129032,7.26E-07,4:56,0,180924,0,
2018-09-24 4:57,,0.016129032,7.26E-07,4:57,0,180924,0,
2018-09-24 4:58,,0.016129032,7.26E-07,4:58,0,180924,0,
2018-09-24 4:59,,0.016129032,7.26E-07,4:59,0,180924,0,
2018-09-24 5:00,,0.016129032,7.26E-07,5:00,0,180924,0,
2018-09-24 5:01,,0.016129032,7.26E-07,5:01,0,180924,0,
2018-09-24 5:02,,0.016129032,7.26E-07,5:02,0,180924,0,
2018-09-24 5:03,,0.016129032,7.26E-07,5:03,0,180924,0,
2018-09-24 5:04,,0.016129032,7.26E-07,5:04,0,180924,0,
2018-09-24 5:05,,0.016129032,7.26E-07,5:05,0,180924,0,
2018-09-24 5:06,,0.016129032,7.26E-07,5:06,0,180924,0,
2018-09-24 5:07,,0.016129032,7.26E-07,5:07,0,180924,0,
2018-09-24 5:08,,0.016129032,7.26E-07,5:08,0,180924,0,
2018-09-24 5:09,,0.016129032,7.26E-07,5:09,0,180924,0,
2018-09-24 5:10,,0.016129032,7.26E-07,5:10,0,180924,0,
2018-09-24 5:11,,0.016129032,7.26E-07,5:11,0,180924,0,
2018-09-24 5:12,,0.016129032,7.26E-07,5:12,0,180924,0,
2018-09-24 5:13,1,0.016129032,7.26E-07,5:13,0,180924,0,
2018-09-24 5:14,,0.016112903,1.14E-05,5:14,0,180924,0,
2018-09-24 5:15,,0.016112903,7.26E-07,5:15,0,180924,0,
2018-09-24 5:16,,0.016112903,7.26E-07,5:16,0,180924,0,
2018-09-24 5:17,,0.016112903,7.26E-07,5:17,0,180924,0,
2018-09-24 5:18,,0.016112903,7.26E-07,5:18,0,180924,0,
2018-09-24 5:19,,0.016112903,7.26E-07,5:19,0,180924,0,
2018-09-24 5:20,,0.016112903,7.26E-07,5:20,0,180924,0,
2018-09-24 5:21,,0.016112903,7.26E-07,5:21,0,180924,0,
2018-09-24 5:22,,0.016112903,7.26E-07,5:22,0,180924,0,
2018-09-24 5:23,,0.016112903,7.26E-07,5:23,0,180924,0,
2018-09-24 5:24,,0.016112903,7.26E-07,5:24,0,180924,0,
2018-09-24 5:25,,0.016112903,7.26E-07,5:25,0,180924,0,
2018-09-24 5:26,,0.016112903,7.26E-07,5:26,0,180924,0,
2018-09-24 5:27,,0.016112903,7.26E-07,5:27,0,180924,0,
2018-09-24 5:28,,0.016112903,7.26E-07,5:28,0,180924,0,
2018-09-24 5:29,,0.016112903,7.26E-07,5:29,0,180924,0,
2018-09-24 5:30,,0.016112903,7.26E-07,5:30,0,180924,0,
2018-09-24 5:31,,0.016112903,7.26E-07,5:31,0,180924,0,
2018-09-24 5:32,,0.016112903,7.26E-07,5:32,0,180924,0,
2018-09-24 5:33,,0.016112903,7.26E-07,5:33,0,180924,0,
2018-09-24 5:34,,0.016112903,7.26E-07,5:34,0,180924,0,
2018-09-24 5:35,,0.016112903,7.26E-07,5:35,0,180924,0,
2018-09-24 5:36,,0.016112903,7.26E-07,5:36,0,180924,0,
2018-09-24 5:37,,0.016112903,7.26E-07,5:37,0,180924,0,
2018-09-24 5:38,,0.016112903,7.26E-07,5:38,0,180924,0,
2018-09-24 5:39,,0.016112903,7.26E-07,5:39,0,180924,0,
2018-09-24 5:40,,0.016112903,7.26E-07,5:40,0,180924,0,
2018-09-24 5:41,,0.016112903,7.26E-07,5:41,0,180924,0,
2018-09-24 5:42,,0.016112903,7.26E-07,5:42,0,180924,0,
2018-09-24 5:43,,0.016112903,7.26E-07,5:43,0,180924,0,
2018-09-24 5:44,,0.016112903,7.26E-07,5:44,0,180924,0,
2018-09-24 5:45,,0.016112903,7.26E-07,5:45,0,180924,0,
2018-09-24 5:46,,0.016112903,7.26E-07,5:46,0,180924,0,
2018-09-24 5:47,,0.016112903,7.26E-07,5:47,0,180924,0,
2018-09-24 5:48,,0.016112903,7.26E-07,5:48,0,180924,0,
2018-09-24 5:49,,0.016112903,7.26E-07,5:49,0,180924,0,
2018-09-24 5:50,,0.016112903,7.26E-07,5:50,0,180924,0,
2018-09-24 5:51,,0.016112903,7.26E-07,5:51,0,180924,0,
2018-09-24 5:52,,0.016112903,7.26E-07,5:52,0,180924,0,
2018-09-24 5:53,,0.016112903,7.26E-07,5:53,0,180924,0,
2018-09-24 5:54,,0.016112903,7.26E-07,5:54,0,180924,0,
2018-09-24 5:55,,0.016112903,7.26E-07,5:55,0,180924,0,
2018-09-24 5:56,,0.016112903,7.26E-07,5:56,0,180924,0,
2018-09-24 5:57,,0.016112903,7.26E-07,5:57,0,180924,0,
2018-09-24 5:58,,0.016112903,7.26E-07,5:58,0,180924,0,
2018-09-24 5:59,,0.016112903,7.26E-07,5:59,0,180924,0,
2018-09-24 6:00,,0.016112903,7.26E-07,6:00,0,180924,0,
2018-09-24 6:01,,0.016112903,7.26E-07,6:01,0,180924,0,
2018-09-24 6:02,,0.016112903,7.26E-07,6:02,0,180924,0,
2018-09-24 6:03,,0.016112903,7.26E-07,6:03,0,180924,0,
2018-09-24 6:04,,0.016112903,7.26E-07,6:04,0,180924,0,
2018-09-24 6:05,,0.016112903,7.26E-07,6:05,0,180924,0,
2018-09-24 6:06,,0.016112903,7.26E-07,6:06,0,180924,0,
2018-09-24 6:07,,0.016112903,7.26E-07,6:07,0,180924,0,
2018-09-24 6:08,,0.016112903,7.26E-07,6:08,0,180924,0,
2018-09-24 6:09,,0.016112903,7.26E-07,6:09,0,180924,0,
2018-09-24 6:10,,0.016112903,7.26E-07,6:10,0,180924,0,
2018-09-24 6:11,,0.016112903,7.26E-07,6:11,0,180924,0,
2018-09-24 6:12,,0.016112903,7.26E-07,6:12,0,180924,0,
2018-09-24 6:13,,0.016112903,7.26E-07,6:13,0,180924,0,
2018-09-24 6:14,,0.016112903,7.26E-07,6:14,0,180924,0,
2018-09-24 6:15,0.999,0.016112903,7.26E-07,6:15,0,180924,0,
2018-09-24 6:16,,0.016393443,0.000198373,6:16,0,180924,0,
2018-09-24 6:17,,0.016393443,7.26E-07,6:17,0,180924,0,
2018-09-24 6:18,,0.016393443,7.26E-07,6:18,0,180924,0,
2018-09-24 6:19,,0.016393443,7.26E-07,6:19,0,180924,0,
2018-09-24 6:20,,0.016393443,7.26E-07,6:20,0,180924,0,
2018-09-24 6:21,,0.016393443,7.26E-07,6:21,0,180924,0,
2018-09-24 6:22,,0.016393443,7.26E-07,6:22,0,180924,0,
2018-09-24 6:23,,0.016393443,7.26E-07,6:23,0,180924,0,
2018-09-24 6:24,,0.016393443,7.26E-07,6:24,0,180924,0,
2018-09-24 6:25,,0.016393443,7.26E-07,6:25,0,180924,0,
2018-09-24 6:26,,0.016393443,7.26E-07,6:26,0,180924,0,
2018-09-24 6:27,,0.016393443,7.26E-07,6:27,0,180924,0,
2018-09-24 6:28,,0.016393443,7.26E-07,6:28,0,180924,0,
2018-09-24 6:29,,0.016393443,7.26E-07,6:29,0,180924,0,
2018-09-24 6:30,,0.016393443,7.26E-07,6:30,0,180924,0,
2018-09-24 6:31,,0.016393443,7.26E-07,6:31,0,180924,0,
2018-09-24 6:32,,0.016393443,7.26E-07,6:32,0,180924,0,
2018-09-24 6:33,,0.016393443,7.26E-07,6:33,0,180924,0,
2018-09-24 6:34,,0.016393443,7.26E-07,6:34,0,180924,0,
2018-09-24 6:35,,0.016393443,7.26E-07,6:35,0,180924,0,
2018-09-24 6:36,,0.016393443,7.26E-07,6:36,0,180924,0,
2018-09-24 6:37,,0.016393443,7.26E-07,6:37,0,180924,0,
2018-09-24 6:38,,0.016393443,7.26E-07,6:38,0,180924,0,
2018-09-24 6:39,,0.016393443,7.26E-07,6:39,0,180924,0,
2018-09-24 6:40,,0.016393443,7.26E-07,6:40,0,180924,0,
2018-09-24 6:41,,0.016393443,7.26E-07,6:41,0,180924,0,
2018-09-24 6:42,,0.016393443,7.26E-07,6:42,0,180924,0,
2018-09-24 6:43,,0.016393443,7.26E-07,6:43,0,180924,0,
2018-09-24 6:44,,0.016393443,7.26E-07,6:44,0,180924,0,
2018-09-24 6:45,,0.016393443,7.26E-07,6:45,0,180924,0,
2018-09-24 6:46,,0.016393443,7.26E-07,6:46,0,180924,0,
2018-09-24 6:47,,0.016393443,7.26E-07,6:47,0,180924,0,
2018-09-24 6:48,,0.016393443,7.26E-07,6:48,0,180924,0,
2018-09-24 6:49,,0.016393443,7.26E-07,6:49,0,180924,0,
2018-09-24 6:50,,0.016393443,7.26E-07,6:50,0,180924,0,
2018-09-24 6:51,,0.016393443,7.26E-07,6:51,0,180924,0,
2018-09-24 6:52,,0.016393443,7.26E-07,6:52,0,180924,0,
2018-09-24 6:53,,0.016393443,7.26E-07,6:53,0,180924,0,
2018-09-24 6:54,,0.016393443,7.26E-07,6:54,0,180924,0,
2018-09-24 6:55,,0.016393443,7.26E-07,6:55,0,180924,0,
2018-09-24 6:56,,0.016393443,7.26E-07,6:56,0,180924,0,
2018-09-24 6:57,,0.016393443,7.26E-07,6:57,0,180924,0,
2018-09-24 6:58,,0.016393443,7.26E-07,6:58,0,180924,0,
2018-09-24 6:59,,0.016393443,7.26E-07,6:59,0,180924,0,
2018-09-24 7:00,,0.016393443,7.26E-07,7:00,0,180924,0,
2018-09-24 7:01,,0.016393443,7.26E-07,7:01,0,180924,0,
2018-09-24 7:02,,0.016393443,7.26E-07,7:02,0,180924,0,
2018-09-24 7:03,,0.016393443,7.26E-07,7:03,0,180924,0,
2018-09-24 7:04,,0.016393443,7.26E-07,7:04,0,180924,0,
2018-09-24 7:05,,0.016393443,7.26E-07,7:05,0,180924,0,
2018-09-24 7:06,,0.016393443,7.26E-07,7:06,0,180924,0,
2018-09-24 7:07,,0.016393443,7.26E-07,7:07,0,180924,0,
2018-09-24 7:08,,0.016393443,7.26E-07,7:08,0,180924,0,
2018-09-24 7:09,,0.016393443,7.26E-07,7:09,0,180924,0,
2018-09-24 7:10,,0.016393443,7.26E-07,7:10,0,180924,0,
2018-09-24 7:11,,0.016393443,7.26E-07,7:11,0,180924,0,
2018-09-24 7:12,,0.016393443,7.26E-07,7:12,0,180924,0,
2018-09-24 7:13,,0.016393443,7.26E-07,7:13,0,180924,0,
2018-09-24 7:14,,0.016393443,7.26E-07,7:14,0,180924,0,
2018-09-24 7:15,,0.016393443,7.26E-07,7:15,0,180924,0,
2018-09-24 7:16,1,0.016393443,7.26E-07,7:16,0,180924,0,
2018-09-24 7:17,,0.016129032,0.000186968,7:17,0,180924,0,
2018-09-24 7:18,,0.016129032,7.26E-07,7:18,0,180924,0,
2018-09-24 7:19,,0.016129032,7.26E-07,7:19,0,180924,0,
2018-09-24 7:20,,0.016129032,7.26E-07,7:20,0,180924,0,
2018-09-24 7:21,,0.016129032,7.26E-07,7:21,0,180924,0,
2018-09-24 7:22,,0.016129032,7.26E-07,7:22,0,180924,0,
2018-09-24 7:23,,0.016129032,7.26E-07,7:23,0,180924,0,
2018-09-24 7:24,,0.016129032,7.26E-07,7:24,0,180924,0,
2018-09-24 7:25,,0.016129032,7.26E-07,7:25,0,180924,0,
2018-09-24 7:26,,0.016129032,7.26E-07,7:26,0,180924,0,
2018-09-24 7:27,,0.016129032,7.26E-07,7:27,0,180924,0,
2018-09-24 7:28,,0.016129032,7.26E-07,7:28,0,180924,0,
2018-09-24 7:29,,0.016129032,7.26E-07,7:29,0,180924,0,
2018-09-24 7:30,,0.016129032,7.26E-07,7:30,0,180924,0,
2018-09-24 7:31,,0.016129032,7.26E-07,7:31,0,180924,0,
2018-09-24 7:32,,0.016129032,7.26E-07,7:32,0,180924,0,
2018-09-24 7:33,,0.016129032,7.26E-07,7:33,0,180924,0,
2018-09-24 7:34,,0.016129032,7.26E-07,7:34,0,180924,0,
2018-09-24 7:35,,0.016129032,7.26E-07,7:35,0,180924,0,
2018-09-24 7:36,,0.016129032,7.26E-07,7:36,0,180924,0,
2018-09-24 7:37,,0.016129032,7.26E-07,7:37,0,180924,0,
2018-09-24 7:38,,0.016129032,7.26E-07,7:38,0,180924,0,
2018-09-24 7:39,,0.016129032,7.26E-07,7:39,0,180924,0,
2018-09-24 7:40,,0.016129032,7.26E-07,7:40,0,180924,0,
2018-09-24 7:41,,0.016129032,7.26E-07,7:41,0,180924,0,
2018-09-24 7:42,,0.016129032,7.26E-07,7:42,0,180924,0,
2018-09-24 7:43,,0.016129032,7.26E-07,7:43,0,180924,0,
2018-09-24 7:44,,0.016129032,7.26E-07,7:44,0,180924,0,
2018-09-24 7:45,,0.016129032,7.26E-07,7:45,0,180924,0,
2018-09-24 7:46,,0.016129032,7.26E-07,7:46,0,180924,0,
2018-09-24 7:47,,0.016129032,7.26E-07,7:47,0,180924,0,
2018-09-24 7:48,,0.016129032,7.26E-07,7:48,0,180924,0,
2018-09-24 7:49,,0.016129032,7.26E-07,7:49,0,180924,0,
2018-09-24 7:50,,0.016129032,7.26E-07,7:50,0,180924,0,
2018-09-24 7:51,,0.016129032,7.26E-07,7:51,0,180924,0,
2018-09-24 7:52,,0.016129032,7.26E-07,7:52,0,180924,0,
2018-09-24 7:53,,0.016129032,7.26E-07,7:53,0,180924,0,
2018-09-24 7:54,,0.016129032,7.26E-07,7:54,0,180924,0,
2018-09-24 7:55,,0.016129032,7.26E-07,7:55,0,180924,0,
2018-09-24 7:56,,0.016129032,7.26E-07,7:56,0,180924,0,
2018-09-24 7:57,,0.016129032,7.26E-07,7:57,0,180924,0,
2018-09-24 7:58,,0.016129032,7.26E-07,7:58,0,180924,0,
2018-09-24 7:59,,0.016129032,7.26E-07,7:59,0,180924,0,
2018-09-24 8:00,,0.016129032,7.26E-07,8:00,0,180924,0,
2018-09-24 8:01,,0.016129032,7.26E-07,8:01,0,180924,0,
2018-09-24 8:02,,0.016129032,7.26E-07,8:02,0,180924,0,
2018-09-24 8:03,,0.016129032,7.26E-07,8:03,0,180924,0,
2018-09-24 8:04,,0.016129032,7.26E-07,8:04,0,180924,0,
2018-09-24 8:05,,0.016129032,7.26E-07,8:05,0,180924,0,
2018-09-24 8:06,,0.016129032,7.26E-07,8:06,0,180924,0,
2018-09-24 8:07,,0.016129032,7.26E-07,8:07,0,180924,0,
2018-09-24 8:08,,0.016129032,7.26E-07,8:08,0,180924,0,
2018-09-24 8:09,,0.016129032,7.26E-07,8:09,0,180924,0,
2018-09-24 8:10,,0.016129032,7.26E-07,8:10,0,180924,0,
2018-09-24 8:11,,0.016129032,7.26E-07,8:11,0,180924,0,
2018-09-24 8:12,,0.016129032,7.26E-07,8:12,0,180924,0,
2018-09-24 8:13,,0.016129032,7.26E-07,8:13,0,180924,0,
2018-09-24 8:14,,0.016129032,7.26E-07,8:14,0,180924,0,
2018-09-24 8:15,,0.016129032,7.26E-07,8:15,0,180924,0,
2018-09-24 8:16,,0.016129032,7.26E-07,8:16,0,180924,0,
2018-09-24 8:17,,0.016129032,7.26E-07,8:17,0,180924,0,
2018-09-24 8:18,1,0.016129032,7.26E-07,8:18,0,180924,0,
2018-09-24 8:19,,0.016112903,1.14E-05,8:19,0,180924,0,
2018-09-24 8:20,,0.016112903,7.26E-07,8:20,0,180924,0,
2018-09-24 8:21,,0.016112903,7.26E-07,8:21,0,180924,0,
2018-09-24 8:22,,0.016112903,7.26E-07,8:22,0,180924,0,
2018-09-24 8:23,,0.016112903,7.26E-07,8:23,0,180924,0,
2018-09-24 8:24,,0.016112903,7.26E-07,8:24,0,180924,0,
2018-09-24 8:25,,0.016112903,7.26E-07,8:25,0,180924,0,
2018-09-24 8:26,,0.016112903,7.26E-07,8:26,0,180924,0,
2018-09-24 8:27,,0.016112903,7.26E-07,8:27,0,180924,0,
2018-09-24 8:28,,0.016112903,7.26E-07,8:28,0,180924,0,
2018-09-24 8:29,,0.016112903,7.26E-07,8:29,0,180924,0,
2018-09-24 8:30,,0.016112903,7.26E-07,8:30,0,180924,0,
2018-09-24 8:31,,0.016112903,7.26E-07,8:31,0,180924,0,
2018-09-24 8:32,,0.016112903,7.26E-07,8:32,0,180924,0,
2018-09-24 8:33,,0.016112903,7.26E-07,8:33,0,180924,0,
2018-09-24 8:34,,0.016112903,7.26E-07,8:34,0,180924,0,
2018-09-24 8:35,,0.016112903,7.26E-07,8:35,0,180924,0,
2018-09-24 8:36,,0.016112903,7.26E-07,8:36,0,180924,0,
2018-09-24 8:37,,0.016112903,7.26E-07,8:37,0,180924,0,
2018-09-24 8:38,,0.016112903,7.26E-07,8:38,0,180924,0,
2018-09-24 8:39,,0.016112903,7.26E-07,8:39,0,180924,0,
2018-09-24 8:40,,0.016112903,7.26E-07,8:40,0,180924,0,
2018-09-24 8:41,,0.016112903,7.26E-07,8:41,0,180924,0,
2018-09-24 8:42,,0.016112903,7.26E-07,8:42,0,180924,0,
2018-09-24 8:43,,0.016112903,7.26E-07,8:43,0,180924,0,
2018-09-24 8:44,,0.016112903,7.26E-07,8:44,0,180924,0,
2018-09-24 8:45,,0.016112903,7.26E-07,8:45,0,180924,0,
2018-09-24 8:46,,0.016112903,7.26E-07,8:46,0,180924,0,
2018-09-24 8:47,,0.016112903,7.26E-07,8:47,0,180924,0,
2018-09-24 8:48,,0.016112903,7.26E-07,8:48,0,180924,0,
2018-09-24 8:49,,0.016112903,7.26E-07,8:49,0,180924,0,
2018-09-24 8:50,,0.016112903,7.26E-07,8:50,0,180924,0,
2018-09-24 8:51,,0.016112903,7.26E-07,8:51,0,180924,0,
2018-09-24 8:52,,0.016112903,7.26E-07,8:52,0,180924,0,
2018-09-24 8:53,,0.016112903,7.26E-07,8:53,0,180924,0,
2018-09-24 8:54,,0.016112903,7.26E-07,8:54,0,180924,0,
2018-09-24 8:55,,0.016112903,7.26E-07,8:55,0,180924,0,
2018-09-24 8:56,,0.016112903,7.26E-07,8:56,0,180924,0,
2018-09-24 8:57,,0.016112903,7.26E-07,8:57,0,180924,0,
2018-09-24 8:58,,0.016112903,7.26E-07,8:58,0,180924,0,
2018-09-24 8:59,,0.016112903,7.26E-07,8:59,0,180924,0,
2018-09-24 9:00,,0.016112903,7.26E-07,9:00,0,180924,0,
2018-09-24 9:01,,0.016112903,7.26E-07,9:01,0,180924,0,
2018-09-24 9:02,,0.016112903,7.26E-07,9:02,0,180924,0,
2018-09-24 9:03,,0.016112903,7.26E-07,9:03,0,180924,0,
2018-09-24 9:04,,0.016112903,7.26E-07,9:04,0,180924,0,
2018-09-24 9:05,,0.016112903,7.26E-07,9:05,0,180924,0,
2018-09-24 9:06,,0.016112903,7.26E-07,9:06,0,180924,0,
2018-09-24 9:07,,0.016112903,7.26E-07,9:07,0,180924,0,
2018-09-24 9:08,,0.016112903,7.26E-07,9:08,0,180924,0,
2018-09-24 9:09,,0.016112903,7.26E-07,9:09,0,180924,0,
2018-09-24 9:10,,0.016112903,7.26E-07,9:10,0,180924,0,
2018-09-24 9:11,,0.016112903,7.26E-07,9:11,0,180924,0,
2018-09-24 9:12,,0.016112903,7.26E-07,9:12,0,180924,0,
2018-09-24 9:13,,0.016112903,7.26E-07,9:13,0,180924,0,
2018-09-24 9:14,,0.016112903,7.26E-07,9:14,0,180924,0,
2018-09-24 9:15,,0.016112903,7.26E-07,9:15,0,180924,0,
2018-09-24 9:16,,0.016112903,7.26E-07,9:16,0,180924,0,
2018-09-24 9:17,,0.016112903,7.26E-07,9:17,0,180924,0,
2018-09-24 9:18,,0.016112903,7.26E-07,9:18,0,180924,0,
2018-09-24 9:19,,0.016112903,7.26E-07,9:19,0,180924,0,
2018-09-24 9:20,0.999,0.016112903,7.26E-07,9:20,0,180924,0,
2018-09-24 9:21,,0.016129032,1.14E-05,9:21,0,180924,0,
2018-09-24 9:22,,0.016129032,7.26E-07,9:22,0,180924,0,
2018-09-24 9:23,,0.016129032,7.26E-07,9:23,0,180924,0,
2018-09-24 9:24,,0.016129032,7.26E-07,9:24,0,180924,0,
2018-09-24 9:25,,0.016129032,7.26E-07,9:25,0,180924,0,
2018-09-24 9:26,,0.016129032,7.26E-07,9:26,0,180924,0,
2018-09-24 9:27,,0.016129032,7.26E-07,9:27,0,180924,0,
2018-09-24 9:28,,0.016129032,7.26E-07,9:28,0,180924,0,
2018-09-24 9:29,,0.016129032,7.26E-07,9:29,0,180924,0,
2018-09-24 9:30,,0.016129032,7.26E-07,9:30,0,180924,0,
2018-09-24 9:31,,0.016129032,7.26E-07,9:31,0,180924,0,
2018-09-24 9:32,,0.016129032,7.26E-07,9:32,0,180924,0,
2018-09-24 9:33,,0.016129032,7.26E-07,9:33,0,180924,0,
2018-09-24 9:34,,0.016129032,7.26E-07,9:34,0,180924,0,
2018-09-24 9:35,,0.016129032,7.26E-07,9:35,0,180924,0,
2018-09-24 9:36,,0.016129032,7.26E-07,9:36,0,180924,0,
2018-09-24 9:37,,0.016129032,7.26E-07,9:37,0,180924,0,
2018-09-24 9:38,,0.016129032,7.26E-07,9:38,0,180924,0,
2018-09-24 9:39,,0.016129032,7.26E-07,9:39,0,180924,0,
2018-09-24 9:40,,0.016129032,7.26E-07,9:40,0,180924,0,
2018-09-24 9:41,,0.016129032,7.26E-07,9:41,0,180924,0,
2018-09-24 9:42,,0.016129032,7.26E-07,9:42,0,180924,0,
2018-09-24 9:43,,0.016129032,7.26E-07,9:43,0,180924,0,
2018-09-24 9:44,,0.016129032,7.26E-07,9:44,0,180924,0,
2018-09-24 9:45,,0.016129032,7.26E-07,9:45,0,180924,0,
2018-09-24 9:46,,0.016129032,7.26E-07,9:46,0,180924,0,
2018-09-24 9:47,,0.016129032,7.26E-07,9:47,0,180924,0,
2018-09-24 9:48,,0.016129032,7.26E-07,9:48,0,180924,0,
2018-09-24 9:49,,0.016129032,7.26E-07,9:49,0,180924,0,
2018-09-24 9:50,,0.016129032,7.26E-07,9:50,0,180924,0,
2018-09-24 9:51,,0.016129032,7.26E-07,9:51,0,180924,0,
2018-09-24 9:52,,0.016129032,7.26E-07,9:52,0,180924,0,
2018-09-24 9:53,,0.016129032,7.26E-07,9:53,0,180924,0,
2018-09-24 9:54,,0.016129032,7.26E-07,9:54,0,180924,0,
2018-09-24 9:55,,0.016129032,7.26E-07,9:55,0,180924,0,
2018-09-24 9:56,,0.016129032,7.26E-07,9:56,0,180924,0,
2018-09-24 9:57,,0.016129032,7.26E-07,9:57,0,180924,0,
2018-09-24 9:58,,0.016129032,7.26E-07,9:58,0,180924,0,
2018-09-24 9:59,,0.016129032,7.26E-07,9:59,0,180924,0,
2018-09-24 10:00,,0.016129032,7.26E-07,10:00,0,180924,0,
2018-09-24 10:01,,0.016129032,7.26E-07,10:01,0,180924,0,
2018-09-24 10:02,,0.016129032,7.26E-07,10:02,0,180924,0,
2018-09-24 10:03,,0.016129032,7.26E-07,10:03,0,180924,0,
2018-09-24 10:04,,0.016129032,7.26E-07,10:04,0,180924,0,
2018-09-24 10:05,,0.016129032,7.26E-07,10:05,0,180924,0,
2018-09-24 10:06,,0.016129032,7.26E-07,10:06,0,180924,0,
2018-09-24 10:07,,0.016129032,7.26E-07,10:07,0,180924,0,
2018-09-24 10:08,,0.016129032,7.26E-07,10:08,0,180924,0,
2018-09-24 10:09,,0.016129032,7.26E-07,10:09,0,180924,0,
2018-09-24 10:10,,0.016129032,7.26E-07,10:10,0,180924,0,
2018-09-24 10:11,,0.016129032,7.26E-07,10:11,0,180924,0,
2018-09-24 10:12,,0.016129032,7.26E-07,10:12,0,180924,0,
2018-09-24 10:13,,0.016129032,7.26E-07,10:13,0,180924,0,
2018-09-24 10:14,,0.016129032,7.26E-07,10:14,0,180924,0,
2018-09-24 10:15,,0.016129032,7.26E-07,10:15,0,180924,0,
2018-09-24 10:16,,0.016129032,7.26E-07,10:16,0,180924,0,
2018-09-24 10:17,,0.016129032,7.26E-07,10:17,0,180924,0,
2018-09-24 10:18,,0.016129032,7.26E-07,10:18,0,180924,0,
2018-09-24 10:19,,0.016129032,7.26E-07,10:19,0,180924,0,
2018-09-24 10:20,,0.016129032,7.26E-07,10:20,0,180924,0,
2018-09-24 10:21,,0.016129032,7.26E-07,10:21,0,180924,0,
2018-09-24 10:22,1,0.016129032,7.26E-07,10:22,0,180924,0,
2018-09-24 10:23,,0.016377049,0.000175376,10:23,0,180924,0,
2018-09-24 10:24,,0.016377049,7.26E-07,10:24,0,180924,0,
2018-09-24 10:25,,0.016377049,7.26E-07,10:25,0,180924,0,
2018-09-24 10:26,,0.016377049,7.26E-07,10:26,0,180924,0,
2018-09-24 10:27,,0.016377049,7.26E-07,10:27,0,180924,0,
2018-09-24 10:28,,0.016377049,7.26E-07,10:28,0,180924,0,
2018-09-24 10:29,,0.016377049,7.26E-07,10:29,0,180924,0,
2018-09-24 10:30,,0.016377049,7.26E-07,10:30,0,180924,0,
2018-09-24 10:31,,0.016377049,7.26E-07,10:31,0,180924,0,
2018-09-24 10:32,,0.016377049,7.26E-07,10:32,0,180924,0,
2018-09-24 10:33,,0.016377049,7.26E-07,10:33,0,180924,0,
2018-09-24 10:34,,0.016377049,7.26E-07,10:34,0,180924,0,
2018-09-24 10:35,,0.016377049,7.26E-07,10:35,0,180924,0,
2018-09-24 10:36,,0.016377049,7.26E-07,10:36,0,180924,0,
2018-09-24 10:37,,0.016377049,7.26E-07,10:37,0,180924,0,
2018-09-24 10:38,,0.016377049,7.26E-07,10:38,0,180924,0,
2018-09-24 10:39,,0.016377049,7.26E-07,10:39,0,180924,0,
2018-09-24 10:40,,0.016377049,7.26E-07,10:40,0,180924,0,
2018-09-24 10:41,,0.016377049,7.26E-07,10:41,0,180924,0,
2018-09-24 10:42,,0.016377049,7.26E-07,10:42,0,180924,0,
2018-09-24 10:43,,0.016377049,7.26E-07,10:43,0,180924,0,
2018-09-24 10:44,,0.016377049,7.26E-07,10:44,0,180924,0,
2018-09-24 10:45,,0.016377049,7.26E-07,10:45,0,180924,0,
2018-09-24 10:46,,0.016377049,7.26E-07,10:46,0,180924,0,
2018-09-24 10:47,,0.016377049,7.26E-07,10:47,0,180924,0,
2018-09-24 10:48,,0.016377049,7.26E-07,10:48,0,180924,0,
2018-09-24 10:49,,0.016377049,7.26E-07,10:49,0,180924,0,
2018-09-24 10:50,,0.016377049,7.26E-07,10:50,0,180924,0,
2018-09-24 10:51,,0.016377049,7.26E-07,10:51,0,180924,0,
2018-09-24 10:52,,0.016377049,7.26E-07,10:52,0,180924,0,
2018-09-24 10:53,,0.016377049,7.26E-07,10:53,0,180924,0,
2018-09-24 10:54,,0.016377049,7.26E-07,10:54,0,180924,0,
2018-09-24 10:55,,0.016377049,7.26E-07,10:55,0,180924,0,
2018-09-24 10:56,,0.016377049,7.26E-07,10:56,0,180924,0,
2018-09-24 10:57,,0.016377049,7.26E-07,10:57,0,180924,0,
2018-09-24 10:58,,0.016377049,7.26E-07,10:58,0,180924,0,
2018-09-24 10:59,,0.016377049,7.26E-07,10:59,0,180924,0,
2018-09-24 11:00,,0.016377049,7.26E-07,11:00,0,180924,0,
2018-09-24 11:01,,0.016377049,7.26E-07,11:01,0,180924,0,
2018-09-24 11:02,,0.016377049,7.26E-07,11:02,0,180924,0,
2018-09-24 11:03,,0.016377049,7.26E-07,11:03,0,180924,0,
2018-09-24 11:04,,0.016377049,7.26E-07,11:04,0,180924,0,
2018-09-24 11:05,,0.016377049,7.26E-07,11:05,0,180924,0,
2018-09-24 11:06,,0.016377049,7.26E-07,11:06,0,180924,0,
2018-09-24 11:07,,0.016377049,7.26E-07,11:07,0,180924,0,
2018-09-24 11:08,,0.016377049,7.26E-07,11:08,0,180924,0,
2018-09-24 11:09,,0.016377049,7.26E-07,11:09,0,180924,0,
2018-09-24 11:10,,0.016377049,7.26E-07,11:10,0,180924,0,
2018-09-24 11:11,,0.016377049,7.26E-07,11:11,0,180924,0,
2018-09-24 11:12,,0.016377049,7.26E-07,11:12,0,180924,0,
2018-09-24 11:13,,0.016377049,7.26E-07,11:13,0,180924,0,
2018-09-24 11:14,,0.016377049,7.26E-07,11:14,0,180924,0,
2018-09-24 11:15,,0.016377049,7.26E-07,11:15,0,180924,0,
2018-09-24 11:16,,0.016377049,7.26E-07,11:16,0,180924,0,
2018-09-24 11:17,,0.016377049,7.26E-07,11:17,0,180924,0,
2018-09-24 11:18,,0.016377049,7.26E-07,11:18,0,180924,0,
2018-09-24 11:19,,0.016377049,7.26E-07,11:19,0,180924,0,
2018-09-24 11:20,,0.016377049,7.26E-07,11:20,0,180924,0,
2018-09-24 11:21,,0.016377049,7.26E-07,11:21,0,180924,0,
2018-09-24 11:22,,0.016377049,7.26E-07,11:22,0,180924,0,
2018-09-24 11:23,0.999,0.016377049,7.26E-07,11:23,0,180924,0,
2018-09-24 11:24,,0.016129032,0.000175376,11:24,0,180924,0,
2018-09-24 11:25,,0.016129032,7.26E-07,11:25,0,180924,0,
2018-09-24 11:26,,0.016129032,7.26E-07,11:26,0,180924,0,
2018-09-24 11:27,,0.016129032,7.26E-07,11:27,0,180924,0,
2018-09-24 11:28,,0.016129032,7.26E-07,11:28,0,180924,0,
2018-09-24 11:29,,0.016129032,7.26E-07,11:29,0,180924,0,
2018-09-24 11:30,,0.016129032,7.26E-07,11:30,0,180924,0,
2018-09-24 11:31,,0.016129032,7.26E-07,11:31,0,180924,0,
2018-09-24 11:32,,0.016129032,7.26E-07,11:32,0,180924,0,
2018-09-24 11:33,,0.016129032,7.26E-07,11:33,0,180924,0,
2018-09-24 11:34,,0.016129032,7.26E-07,11:34,0,180924,0,
2018-09-24 11:35,,0.016129032,7.26E-07,11:35,0,180924,0,
2018-09-24 11:36,,0.016129032,7.26E-07,11:36,0,180924,0,
2018-09-24 11:37,,0.016129032,7.26E-07,11:37,0,180924,0,
2018-09-24 11:38,,0.016129032,7.26E-07,11:38,0,180924,0,
2018-09-24 11:39,,0.016129032,7.26E-07,11:39,0,180924,0,
2018-09-24 11:40,,0.016129032,7.26E-07,11:40,0,180924,0,
2018-09-24 11:41,,0.016129032,7.26E-07,11:41,0,180924,0,
2018-09-24 11:42,,0.016129032,7.26E-07,11:42,0,180924,0,
2018-09-24 11:43,,0.016129032,7.26E-07,11:43,0,180924,0,
2018-09-24 11:44,,0.016129032,7.26E-07,11:44,0,180924,0,
2018-09-24 11:45,,0.016129032,7.26E-07,11:45,0,180924,0,
2018-09-24 11:46,,0.016129032,7.26E-07,11:46,0,180924,0,
2018-09-24 11:47,,0.016129032,7.26E-07,11:47,0,180924,0,
2018-09-24 11:48,,0.016129032,7.26E-07,11:48,0,180924,0,
2018-09-24 11:49,,0.016129032,7.26E-07,11:49,0,180924,0,
2018-09-24 11:50,,0.016129032,7.26E-07,11:50,0,180924,0,
2018-09-24 11:51,,0.016129032,7.26E-07,11:51,0,180924,0,
2018-09-24 11:52,,0.016129032,7.26E-07,11:52,0,180924,0,
2018-09-24 11:53,,0.016129032,7.26E-07,11:53,0,180924,0,
2018-09-24 11:54,,0.016129032,7.26E-07,11:54,0,180924,0,
2018-09-24 11:55,,0.016129032,7.26E-07,11:55,0,180924,0,
2018-09-24 11:56,,0.016129032,7.26E-07,11:56,0,180924,0,
2018-09-24 11:57,,0.016129032,7.26E-07,11:57,0,180924,0,
2018-09-24 11:58,,0.016129032,7.26E-07,11:58,0,180924,0,
2018-09-24 11:59,,0.016129032,7.26E-07,11:59,0,180924,0,
2018-09-24 12:00,,0.016129032,7.26E-07,12:00,0,180924,0,
2018-09-24 12:01,,0.016129032,7.26E-07,12:01,0,180924,0,
2018-09-24 12:02,,0.016129032,7.26E-07,12:02,0,180924,0,
2018-09-24 12:03,,0.016129032,7.26E-07,12:03,0,180924,0,
2018-09-24 12:04,,0.016129032,7.26E-07,12:04,0,180924,0,
2018-09-24 12:05,,0.016129032,7.26E-07,12:05,0,180924,0,
2018-09-24 12:06,,0.016129032,7.26E-07,12:06,0,180924,0,
2018-09-24 12:07,,0.016129032,7.26E-07,12:07,0,180924,0,
2018-09-24 12:08,,0.016129032,7.26E-07,12:08,0,180924,0,
2018-09-24 12:09,,0.016129032,7.26E-07,12:09,0,180924,0,
2018-09-24 12:10,,0.016129032,7.26E-07,12:10,0,180924,0,
2018-09-24 12:11,,0.016129032,7.26E-07,12:11,0,180924,0,
2018-09-24 12:12,,0.016129032,7.26E-07,12:12,0,180924,0,
2018-09-24 12:13,,0.016129032,7.26E-07,12:13,0,180924,0,
2018-09-24 12:14,,0.016129032,7.26E-07,12:14,0,180924,0,
2018-09-24 12:15,,0.016129032,7.26E-07,12:15,0,180924,0,
2018-09-24 12:16,,0.016129032,7.26E-07,12:16,0,180924,0,
2018-09-24 12:17,,0.016129032,7.26E-07,12:17,0,180924,0,
2018-09-24 12:18,,0.016129032,7.26E-07,12:18,0,180924,0,
2018-09-24 12:19,,0.016129032,7.26E-07,12:19,0,180924,0,
2018-09-24 12:20,,0.016129032,7.26E-07,12:20,0,180924,0,
2018-09-24 12:21,,0.016129032,7.26E-07,12:21,0,180924,0,
2018-09-24 12:22,,0.016129032,7.26E-07,12:22,0,180924,0,
2018-09-24 12:23,,0.016129032,7.26E-07,12:23,0,180924,0,
2018-09-24 12:24,,0.016129032,7.26E-07,12:24,0,180924,0,
2018-09-24 12:25,1,0.016129032,7.26E-07,12:25,0,180924,0,
2018-09-24 12:26,,0.016112903,1.14E-05,12:26,0,180924,0,
2018-09-24 12:27,,0.016112903,7.26E-07,12:27,0,180924,0,
2018-09-24 12:28,,0.016112903,7.26E-07,12:28,0,180924,0,
2018-09-24 12:29,,0.016112903,7.26E-07,12:29,0,180924,0,
2018-09-24 12:30,,0.016112903,7.26E-07,12:30,0,180924,0,
2018-09-24 12:31,,0.016112903,7.26E-07,12:31,0,180924,0,
2018-09-24 12:32,,0.016112903,7.26E-07,12:32,0,180924,0,
2018-09-24 12:33,,0.016112903,7.26E-07,12:33,0,180924,0,
2018-09-24 12:34,,0.016112903,7.26E-07,12:34,0,180924,0,
2018-09-24 12:35,,0.016112903,7.26E-07,12:35,0,180924,0,
2018-09-24 12:36,,0.016112903,7.26E-07,12:36,0,180924,0,
2018-09-24 12:37,,0.016112903,7.26E-07,12:37,0,180924,0,
2018-09-24 12:38,,0.016112903,7.26E-07,12:38,0,180924,0,
2018-09-24 12:39,,0.016112903,7.26E-07,12:39,0,180924,0,
2018-09-24 12:40,,0.016112903,7.26E-07,12:40,0,180924,0,
2018-09-24 12:41,,0.016112903,7.26E-07,12:41,0,180924,0,
2018-09-24 12:42,,0.016112903,7.26E-07,12:42,0,180924,0,
2018-09-24 12:43,,0.016112903,7.26E-07,12:43,0,180924,0,
2018-09-24 12:44,,0.016112903,7.26E-07,12:44,0,180924,0,
2018-09-24 12:45,,0.016112903,7.26E-07,12:45,0,180924,0,
2018-09-24 12:46,,0.016112903,7.26E-07,12:46,0,180924,0,
2018-09-24 12:47,,0.016112903,7.26E-07,12:47,0,180924,0,
2018-09-24 12:48,,0.016112903,7.26E-07,12:48,0,180924,0,
2018-09-24 12:49,,0.016112903,7.26E-07,12:49,0,180924,0,
2018-09-24 12:50,,0.016112903,7.26E-07,12:50,0,180924,0,
2018-09-24 12:51,,0.016112903,7.26E-07,12:51,0,180924,0,
2018-09-24 12:52,,0.016112903,7.26E-07,12:52,0,180924,0,
2018-09-24 12:53,,0.016112903,7.26E-07,12:53,0,180924,0,
2018-09-24 12:54,,0.016112903,7.26E-07,12:54,0,180924,0,
2018-09-24 12:55,,0.016112903,7.26E-07,12:55,0,180924,0,
2018-09-24 12:56,,0.016112903,7.26E-07,12:56,0,180924,0,
2018-09-24 12:57,,0.016112903,7.26E-07,12:57,0,180924,0,
2018-09-24 12:58,,0.016112903,7.26E-07,12:58,0,180924,0,
2018-09-24 12:59,,0.016112903,7.26E-07,12:59,0,180924,0,
2018-09-24 13:00,,0.016112903,7.26E-07,13:00,0,180924,0,
2018-09-24 13:01,,0.016112903,7.26E-07,13:01,0,180924,0,
2018-09-24 13:02,,0.016112903,7.26E-07,13:02,0,180924,0,
2018-09-24 13:03,,0.016112903,7.26E-07,13:03,0,180924,0,
2018-09-24 13:04,,0.016112903,7.26E-07,13:04,0,180924,0,
2018-09-24 13:05,,0.016112903,7.26E-07,13:05,0,180924,0,
2018-09-24 13:06,,0.016112903,7.26E-07,13:06,0,180924,0,
2018-09-24 13:07,,0.016112903,7.26E-07,13:07,0,180924,0,
2018-09-24 13:08,,0.016112903,7.26E-07,13:08,0,180924,0,
2018-09-24 13:09,,0.016112903,7.26E-07,13:09,0,180924,0,
2018-09-24 13:10,,0.016112903,7.26E-07,13:10,0,180924,0,
2018-09-24 13:11,,0.016112903,7.26E-07,13:11,0,180924,0,
2018-09-24 13:12,,0.016112903,7.26E-07,13:12,0,180924,0,
2018-09-24 13:13,,0.016112903,7.26E-07,13:13,0,180924,0,
2018-09-24 13:14,,0.016112903,7.26E-07,13:14,0,180924,0,
2018-09-24 13:15,,0.016112903,7.26E-07,13:15,0,180924,0,
2018-09-24 13:16,,0.016112903,7.26E-07,13:16,0,180924,0,
2018-09-24 13:17,,0.016112903,7.26E-07,13:17,0,180924,0,
2018-09-24 13:18,,0.016112903,7.26E-07,13:18,0,180924,0,
2018-09-24 13:19,,0.016112903,7.26E-07,13:19,0,180924,0,
2018-09-24 13:20,,0.016112903,7.26E-07,13:20,0,180924,0,
2018-09-24 13:21,,0.016112903,7.26E-07,13:21,0,180924,0,
2018-09-24 13:22,,0.016112903,7.26E-07,13:22,0,180924,0,
2018-09-24 13:23,,0.016112903,7.26E-07,13:23,0,180924,0,
2018-09-24 13:24,,0.016112903,7.26E-07,13:24,0,180924,0,
2018-09-24 13:25,,0.016112903,7.26E-07,13:25,0,180924,0,
2018-09-24 13:26,,0.016112903,7.26E-07,13:26,0,180924,0,
2018-09-24 13:27,0.999,0.016112903,7.26E-07,13:27,0,180924,0,
2018-09-24 13:28,,0.016129032,1.14E-05,13:28,0,180924,0,
2018-09-24 13:29,,0.016129032,7.26E-07,13:29,0,180924,0,
2018-09-24 13:30,,0.016129032,7.26E-07,13:30,0,180924,0,
2018-09-24 13:31,,0.016129032,7.26E-07,13:31,0,180924,0,
2018-09-24 13:32,,0.016129032,7.26E-07,13:32,0,180924,0,
2018-09-24 13:33,,0.016129032,7.26E-07,13:33,0,180924,0,
2018-09-24 13:34,,0.016129032,7.26E-07,13:34,0,180924,0,
2018-09-24 13:35,,0.016129032,7.26E-07,13:35,0,180924,0,
2018-09-24 13:36,,0.016129032,7.26E-07,13:36,0,180924,0,
2018-09-24 13:37,,0.016129032,7.26E-07,13:37,0,180924,0,
2018-09-24 13:38,,0.016129032,7.26E-07,13:38,0,180924,0,
2018-09-24 13:39,,0.016129032,7.26E-07,13:39,0,180924,0,
2018-09-24 13:40,,0.016129032,7.26E-07,13:40,0,180924,0,
2018-09-24 13:41,,0.016129032,7.26E-07,13:41,0,180924,0,
2018-09-24 13:42,,0.016129032,7.26E-07,13:42,0,180924,0,
2018-09-24 13:43,,0.016129032,7.26E-07,13:43,0,180924,0,
2018-09-24 13:44,,0.016129032,7.26E-07,13:44,0,180924,0,
2018-09-24 13:45,,0.016129032,7.26E-07,13:45,0,180924,0,
2018-09-24 13:46,,0.016129032,7.26E-07,13:46,0,180924,0,
2018-09-24 13:47,,0.016129032,7.26E-07,13:47,0,180924,0,
2018-09-24 13:48,,0.016129032,7.26E-07,13:48,0,180924,0,
2018-09-24 13:49,,0.016129032,7.26E-07,13:49,0,180924,0,
2018-09-24 13:50,,0.016129032,7.26E-07,13:50,0,180924,0,
2018-09-24 13:51,,0.016129032,7.26E-07,13:51,0,180924,0,
2018-09-24 13:52,,0.016129032,7.26E-07,13:52,0,180924,0,
2018-09-24 13:53,,0.016129032,7.26E-07,13:53,0,180924,0,
2018-09-24 13:54,,0.016129032,7.26E-07,13:54,0,180924,0,
2018-09-24 13:55,,0.016129032,7.26E-07,13:55,0,180924,0,
2018-09-24 13:56,,0.016129032,7.26E-07,13:56,0,180924,0,
2018-09-24 13:57,,0.016129032,7.26E-07,13:57,0,180924,0,
2018-09-24 13:58,,0.016129032,7.26E-07,13:58,0,180924,0,
2018-09-24 13:59,,0.016129032,7.26E-07,13:59,0,180924,0,
2018-09-24 14:00,,0.016129032,7.26E-07,14:00,0,180924,0,
2018-09-24 14:01,,0.016129032,7.26E-07,14:01,0,180924,0,
2018-09-24 14:02,,0.016129032,7.26E-07,14:02,0,180924,0,
2018-09-24 14:03,,0.016129032,7.26E-07,14:03,0,180924,0,
2018-09-24 14:04,,0.016129032,7.26E-07,14:04,0,180924,0,
2018-09-24 14:05,,0.016129032,7.26E-07,14:05,0,180924,0,
2018-09-24 14:06,,0.016129032,7.26E-07,14:06,0,180924,0,
2018-09-24 14:07,,0.016129032,7.26E-07,14:07,0,180924,0,
2018-09-24 14:08,,0.016129032,7.26E-07,14:08,0,180924,0,
2018-09-24 14:09,,0.016129032,7.26E-07,14:09,0,180924,0,
2018-09-24 14:10,,0.016129032,7.26E-07,14:10,0,180924,0,
2018-09-24 14:11,,0.016129032,7.26E-07,14:11,0,180924,0,
2018-09-24 14:12,,0.016129032,7.26E-07,14:12,0,180924,0,
2018-09-24 14:13,,0.016129032,7.26E-07,14:13,0,180924,0,
2018-09-24 14:14,,0.016129032,7.26E-07,14:14,0,180924,0,
2018-09-24 14:15,,0.016129032,7.26E-07,14:15,0,180924,0,
2018-09-24 14:16,,0.016129032,7.26E-07,14:16,0,180924,0,
2018-09-24 14:17,,0.016129032,7.26E-07,14:17,0,180924,0,
2018-09-24 14:18,,0.016129032,7.26E-07,14:18,0,180924,0,
2018-09-24 14:19,,0.016129032,7.26E-07,14:19,0,180924,0,
2018-09-24 14:20,,0.016129032,7.26E-07,14:20,0,180924,0,
2018-09-24 14:21,,0.016129032,7.26E-07,14:21,0,180924,0,
2018-09-24 14:22,,0.016129032,7.26E-07,14:22,0,180924,0,
2018-09-24 14:23,,0.016129032,7.26E-07,14:23,0,180924,0,
2018-09-24 14:24,,0.016129032,7.26E-07,14:24,0,180924,0,
2018-09-24 14:25,,0.016129032,7.26E-07,14:25,0,180924,0,
2018-09-24 14:26,,0.016129032,7.26E-07,14:26,0,180924,0,
2018-09-24 14:27,,0.016129032,7.26E-07,14:27,0,180924,0,
2018-09-24 14:28,,0.016129032,7.26E-07,14:28,0,180924,0,
2018-09-24 14:29,1,0.016129032,7.26E-07,14:29,0,180924,0,
2018-09-24 14:30,,0.016393443,0.000186968,14:30,0,180924,0,
2018-09-24 14:31,,0.016393443,7.26E-07,14:31,0,180924,0,
2018-09-24 14:32,,0.016393443,7.26E-07,14:32,0,180924,0,
2018-09-24 14:33,,0.016393443,7.26E-07,14:33,0,180924,0,
2018-09-24 14:34,,0.016393443,7.26E-07,14:34,0,180924,0,
2018-09-24 14:35,,0.016393443,7.26E-07,14:35,0,180924,0,
2018-09-24 14:36,,0.016393443,7.26E-07,14:36,0,180924,0,
2018-09-24 14:37,,0.016393443,7.26E-07,14:37,0,180924,0,
2018-09-24 14:38,,0.016393443,7.26E-07,14:38,0,180924,0,
2018-09-24 14:39,,0.016393443,7.26E-07,14:39,0,180924,0,
2018-09-24 14:40,,0.016393443,7.26E-07,14:40,0,180924,0,
2018-09-24 14:41,,0.016393443,7.26E-07,14:41,0,180924,0,
2018-09-24 14:42,,0.016393443,7.26E-07,14:42,0,180924,0,
2018-09-24 14:43,,0.016393443,7.26E-07,14:43,0,180924,0,
2018-09-24 14:44,,0.016393443,7.26E-07,14:44,0,180924,0,
2018-09-24 14:45,,0.016393443,7.26E-07,14:45,0,180924,0,
2018-09-24 14:46,,0.016393443,7.26E-07,14:46,0,180924,0,
2018-09-24 14:47,,0.016393443,7.26E-07,14:47,0,180924,0,
2018-09-24 14:48,,0.016393443,7.26E-07,14:48,0,180924,0,
2018-09-24 14:49,,0.016393443,7.26E-07,14:49,0,180924,0,
2018-09-24 14:50,,0.016393443,7.26E-07,14:50,0,180924,0,
2018-09-24 14:51,,0.016393443,7.26E-07,14:51,0,180924,0,
2018-09-24 14:52,,0.016393443,7.26E-07,14:52,0,180924,0,
2018-09-24 14:53,,0.016393443,7.26E-07,14:53,0,180924,0,
2018-09-24 14:54,,0.016393443,7.26E-07,14:54,0,180924,0,
2018-09-24 14:55,,0.016393443,7.26E-07,14:55,0,180924,0,
2018-09-24 14:56,,0.016393443,7.26E-07,14:56,0,180924,0,
2018-09-24 14:57,,0.016393443,7.26E-07,14:57,0,180924,0,
2018-09-24 14:58,,0.016393443,7.26E-07,14:58,0,180924,0,
2018-09-24 14:59,,0.016393443,7.26E-07,14:59,0,180924,0,
2018-09-24 15:00,,0.016393443,7.26E-07,15:00,0,180924,0,
2018-09-24 15:01,,0.016393443,7.26E-07,15:01,0,180924,0,
2018-09-24 15:02,,0.016393443,7.26E-07,15:02,0,180924,0,
2018-09-24 15:03,,0.016393443,7.26E-07,15:03,0,180924,0,
2018-09-24 15:04,,0.016393443,7.26E-07,15:04,0,180924,0,
2018-09-24 15:05,,0.016393443,7.26E-07,15:05,0,180924,0,
2018-09-24 15:06,,0.016393443,7.26E-07,15:06,0,180924,0,
2018-09-24 15:07,,0.016393443,7.26E-07,15:07,0,180924,0,
2018-09-24 15:08,,0.016393443,7.26E-07,15:08,0,180924,0,
2018-09-24 15:09,,0.016393443,7.26E-07,15:09,0,180924,0,
2018-09-24 15:10,,0.016393443,7.26E-07,15:10,0,180924,0,
2018-09-24 15:11,,0.016393443,7.26E-07,15:11,0,180924,0,
2018-09-24 15:12,,0.016393443,7.26E-07,15:12,0,180924,0,
2018-09-24 15:13,,0.016393443,7.26E-07,15:13,0,180924,0,
2018-09-24 15:14,,0.016393443,7.26E-07,15:14,0,180924,0,
2018-09-24 15:15,,0.016393443,7.26E-07,15:15,0,180924,0,
2018-09-24 15:16,,0.016393443,7.26E-07,15:16,0,180924,0,
2018-09-24 15:17,,0.016393443,7.26E-07,15:17,0,180924,0,
2018-09-24 15:18,,0.016393443,7.26E-07,15:18,0,180924,0,
2018-09-24 15:19,,0.016393443,7.26E-07,15:19,0,180924,0,
2018-09-24 15:20,,0.016393443,7.26E-07,15:20,0,180924,0,
2018-09-24 15:21,,0.016393443,7.26E-07,15:21,0,180924,0,
2018-09-24 15:22,,0.016393443,7.26E-07,15:22,0,180924,0,
2018-09-24 15:23,,0.016393443,7.26E-07,15:23,0,180924,0,
2018-09-24 15:24,,0.016393443,7.26E-07,15:24,0,180924,0,
2018-09-24 15:25,,0.016393443,7.26E-07,15:25,0,180924,0,
2018-09-24 15:26,,0.016393443,7.26E-07,15:26,0,180924,0,
2018-09-24 15:27,,0.016393443,7.26E-07,15:27,0,180924,0,
2018-09-24 15:28,,0.016393443,7.26E-07,15:28,0,180924,0,
2018-09-24 15:29,,0.016393443,7.26E-07,15:29,0,180924,0,
2018-09-24 15:30,1,0.016393443,7.26E-07,15:30,0,180924,0,
2018-09-24 15:31,,0.016112903,0.000198373,15:31,0,180924,0,
2018-09-24 15:32,,0.016112903,7.26E-07,15:32,0,180924,0,
2018-09-24 15:33,,0.016112903,7.26E-07,15:33,0,180924,0,
2018-09-24 15:34,,0.016112903,7.26E-07,15:34,0,180924,0,
2018-09-24 15:35,,0.016112903,7.26E-07,15:35,0,180924,0,
2018-09-24 15:36,,0.016112903,7.26E-07,15:36,0,180924,0,
2018-09-24 15:37,,0.016112903,7.26E-07,15:37,0,180924,0,
2018-09-24 15:38,,0.016112903,7.26E-07,15:38,0,180924,0,
2018-09-24 15:39,,0.016112903,7.26E-07,15:39,0,180924,0,
2018-09-24 15:40,,0.016112903,7.26E-07,15:40,0,180924,0,
2018-09-24 15:41,,0.016112903,7.26E-07,15:41,0,180924,0,
2018-09-24 15:42,,0.016112903,7.26E-07,15:42,0,180924,0,
2018-09-24 15:43,,0.016112903,7.26E-07,15:43,0,180924,0,
2018-09-24 15:44,,0.016112903,7.26E-07,15:44,0,180924,0,
2018-09-24 15:45,,0.016112903,7.26E-07,15:45,0,180924,0,
2018-09-24 15:46,,0.016112903,7.26E-07,15:46,0,180924,0,
2018-09-24 15:47,,0.016112903,7.26E-07,15:47,0,180924,0,
2018-09-24 15:48,,0.016112903,7.26E-07,15:48,0,180924,0,
2018-09-24 15:49,,0.016112903,7.26E-07,15:49,0,180924,0,
2018-09-24 15:50,,0.016112903,7.26E-07,15:50,0,180924,0,
2018-09-24 15:51,,0.016112903,7.26E-07,15:51,0,180924,0,
2018-09-24 15:52,,0.016112903,7.26E-07,15:52,0,180924,0,
2018-09-24 15:53,,0.016112903,7.26E-07,15:53,0,180924,0,
2018-09-24 15:54,,0.016112903,7.26E-07,15:54,0,180924,0,
2018-09-24 15:55,,0.016112903,7.26E-07,15:55,0,180924,0,
2018-09-24 15:56,,0.016112903,7.26E-07,15:56,0,180924,0,
2018-09-24 15:57,,0.016112903,7.26E-07,15:57,0,180924,0,
2018-09-24 15:58,,0.016112903,7.26E-07,15:58,0,180924,0,
2018-09-24 15:59,,0.016112903,7.26E-07,15:59,0,180924,0,
2018-09-24 16:00,,0.016112903,7.26E-07,16:00,0,180924,0,
2018-09-24 16:01,,0.016112903,7.26E-07,16:01,0,180924,0,
2018-09-24 16:02,,0.016112903,7.26E-07,16:02,0,180924,0,
2018-09-24 16:03,,0.016112903,7.26E-07,16:03,0,180924,0,
2018-09-24 16:04,,0.016112903,7.26E-07,16:04,0,180924,0,
2018-09-24 16:05,,0.016112903,7.26E-07,16:05,0,180924,0,
2018-09-24 16:06,,0.016112903,7.26E-07,16:06,0,180924,0,
2018-09-24 16:07,,0.016112903,7.26E-07,16:07,0,180924,0,
2018-09-24 16:08,,0.016112903,7.26E-07,16:08,0,180924,0,
2018-09-24 16:09,,0.016112903,7.26E-07,16:09,0,180924,0,
2018-09-24 16:10,,0.016112903,7.26E-07,16:10,0,180924,0,
2018-09-24 16:11,,0.016112903,7.26E-07,16:11,0,180924,0,
2018-09-24 16:12,,0.016112903,7.26E-07,16:12,0,180924,0,
2018-09-24 16:13,,0.016112903,7.26E-07,16:13,0,180924,0,
2018-09-24 16:14,,0.016112903,7.26E-07,16:14,0,180924,0,
2018-09-24 16:15,,0.016112903,7.26E-07,16:15,0,180924,0,
2018-09-24 16:16,,0.016112903,7.26E-07,16:16,0,180924,0,
2018-09-24 16:17,,0.016112903,7.26E-07,16:17,0,180924,0,
2018-09-24 16:18,,0.016112903,7.26E-07,16:18,0,180924,0,
2018-09-24 16:19,,0.016112903,7.26E-07,16:19,0,180924,0,
2018-09-24 16:20,,0.016112903,7.26E-07,16:20,0,180924,0,
2018-09-24 16:21,,0.016112903,7.26E-07,16:21,0,180924,0,
2018-09-24 16:22,,0.016112903,7.26E-07,16:22,0,180924,0,
2018-09-24 16:23,,0.016112903,7.26E-07,16:23,0,180924,0,
2018-09-24 16:24,,0.016112903,7.26E-07,16:24,0,180924,0,
2018-09-24 16:25,,0.016112903,7.26E-07,16:25,0,180924,0,
2018-09-24 16:26,,0.016112903,7.26E-07,16:26,0,180924,0,
2018-09-24 16:27,,0.016112903,7.26E-07,16:27,0,180924,0,
2018-09-24 16:28,,0.016112903,7.26E-07,16:28,0,180924,0,
2018-09-24 16:29,,0.016112903,7.26E-07,16:29,0,180924,0,
2018-09-24 16:30,,0.016112903,7.26E-07,16:30,0,180924,0,
2018-09-24 16:31,,0.016112903,7.26E-07,16:31,0,180924,0,
2018-09-24 16:32,0.999,0.016112903,7.26E-07,16:32,0,180924,0,
2018-09-24 16:33,,0.016129032,1.14E-05,16:33,0,180924,0,
2018-09-24 16:34,,0.016129032,7.26E-07,16:34,0,180924,0,
2018-09-24 16:35,,0.016129032,7.26E-07,16:35,0,180924,0,
2018-09-24 16:36,,0.016129032,7.26E-07,16:36,0,180924,0,
2018-09-24 16:37,,0.016129032,7.26E-07,16:37,0,180924,0,
2018-09-24 16:38,,0.016129032,7.26E-07,16:38,0,180924,0,
2018-09-24 16:39,,0.016129032,7.26E-07,16:39,0,180924,0,
2018-09-24 16:40,,0.016129032,7.26E-07,16:40,0,180924,0,
2018-09-24 16:41,,0.016129032,7.26E-07,16:41,0,180924,0,
2018-09-24 16:42,,0.016129032,7.26E-07,16:42,0,180924,0,
2018-09-24 16:43,,0.016129032,7.26E-07,16:43,0,180924,0,
2018-09-24 16:44,,0.016129032,7.26E-07,16:44,0,180924,0,
2018-09-24 16:45,,0.016129032,7.26E-07,16:45,0,180924,0,
2018-09-24 16:46,,0.016129032,7.26E-07,16:46,0,180924,0,
2018-09-24 16:47,,0.016129032,7.26E-07,16:47,0,180924,0,
2018-09-24 16:48,,0.016129032,7.26E-07,16:48,0,180924,0,
2018-09-24 16:49,,0.016129032,7.26E-07,16:49,0,180924,0,
2018-09-24 16:50,,0.016129032,7.26E-07,16:50,0,180924,0,
2018-09-24 16:51,,0.016129032,7.26E-07,16:51,0,180924,0,
2018-09-24 16:52,,0.016129032,7.26E-07,16:52,0,180924,0,
2018-09-24 16:53,,0.016129032,7.26E-07,16:53,0,180924,0,
2018-09-24 16:54,,0.016129032,7.26E-07,16:54,0,180924,0,
2018-09-24 16:55,,0.016129032,7.26E-07,16:55,0,180924,0,
2018-09-24 16:56,,0.016129032,7.26E-07,16:56,0,180924,0,
2018-09-24 16:57,,0.016129032,7.26E-07,16:57,0,180924,0,
2018-09-24 16:58,,0.016129032,7.26E-07,16:58,0,180924,0,
2018-09-24 16:59,,0.016129032,7.26E-07,16:59,0,180924,0,
2018-09-24 17:00,,0.016129032,7.26E-07,17:00,0,180924,0,
2018-09-24 17:01,,0.016129032,7.26E-07,17:01,0,180924,0,
2018-09-24 17:02,,0.016129032,7.26E-07,17:02,0,180924,0,
2018-09-24 17:03,,0.016129032,7.26E-07,17:03,0,180924,0,
2018-09-24 17:04,,0.016129032,7.26E-07,17:04,0,180924,0,
2018-09-24 17:05,,0.016129032,7.26E-07,17:05,0,180924,0,
2018-09-24 17:06,,0.016129032,7.26E-07,17:06,0,180924,0,
2018-09-24 17:07,,0.016129032,7.26E-07,17:07,0,180924,0,
2018-09-24 17:08,,0.016129032,7.26E-07,17:08,0,180924,0,
2018-09-24 17:09,,0.016129032,7.26E-07,17:09,0,180924,0,
2018-09-24 17:10,,0.016129032,7.26E-07,17:10,0,180924,0,
2018-09-24 17:11,,0.016129032,7.26E-07,17:11,0,180924,0,
2018-09-24 17:12,,0.016129032,7.26E-07,17:12,0,180924,0,
2018-09-24 17:13,,0.016129032,7.26E-07,17:13,0,180924,0,
2018-09-24 17:14,,0.016129032,7.26E-07,17:14,0,180924,0,
2018-09-24 17:15,,0.016129032,7.26E-07,17:15,0,180924,0,
2018-09-24 17:16,,0.016129032,7.26E-07,17:16,0,180924,0,
2018-09-24 17:17,,0.016129032,7.26E-07,17:17,0,180924,0,
2018-09-24 17:18,,0.016129032,7.26E-07,17:18,0,180924,0,
2018-09-24 17:19,,0.016129032,7.26E-07,17:19,0,180924,0,
2018-09-24 17:20,,0.016129032,7.26E-07,17:20,0,180924,0,
2018-09-24 17:21,,0.016129032,7.26E-07,17:21,0,180924,0,
2018-09-24 17:22,,0.016129032,7.26E-07,17:22,0,180924,0,
2018-09-24 17:23,,0.016129032,7.26E-07,17:23,0,180924,0,
2018-09-24 17:24,,0.016129032,7.26E-07,17:24,0,180924,0,
2018-09-24 17:25,,0.016129032,7.26E-07,17:25,0,180924,0,
2018-09-24 17:26,,0.016129032,7.26E-07,17:26,0,180924,0,
2018-09-24 17:27,,0.016129032,7.26E-07,17:27,0,180924,0,
2018-09-24 17:28,,0.016129032,7.26E-07,17:28,0,180924,0,
2018-09-24 17:29,,0.016129032,7.26E-07,17:29,0,180924,0,
2018-09-24 17:30,,0.016129032,7.26E-07,17:30,0,180924,0,
2018-09-24 17:31,,0.016129032,7.26E-07,17:31,0,180924,0,
2018-09-24 17:32,,0.016129032,7.26E-07,17:32,0,180924,0,
2018-09-24 17:33,,0.016129032,7.26E-07,17:33,0,180924,0,
2018-09-24 17:34,1,0.016129032,7.26E-07,17:34,0,180924,0,
2018-09-24 17:35,,0.016112903,1.14E-05,17:35,0,180924,0,
2018-09-24 17:36,,0.016112903,7.26E-07,17:36,0,180924,0,
2018-09-24 17:37,,0.016112903,7.26E-07,17:37,0,180924,0,
2018-09-24 17:38,,0.016112903,7.26E-07,17:38,0,180924,0,
2018-09-24 17:39,,0.016112903,7.26E-07,17:39,0,180924,0,
2018-09-24 17:40,,0.016112903,7.26E-07,17:40,0,180924,0,
2018-09-24 17:41,,0.016112903,7.26E-07,17:41,0,180924,0,
2018-09-24 17:42,,0.016112903,7.26E-07,17:42,0,180924,0,
2018-09-24 17:43,,0.016112903,7.26E-07,17:43,0,180924,0,
2018-09-24 17:44,,0.016112903,7.26E-07,17:44,0,180924,0,
2018-09-24 17:45,,0.016112903,7.26E-07,17:45,0,180924,0,
2018-09-24 17:46,,0.016112903,7.26E-07,17:46,0,180924,0,
2018-09-24 17:47,,0.016112903,7.26E-07,17:47,0,180924,0,
2018-09-24 17:48,,0.016112903,7.26E-07,17:48,0,180924,0,
2018-09-24 17:49,,0.016112903,7.26E-07,17:49,0,180924,0,
2018-09-24 17:50,,0.016112903,7.26E-07,17:50,0,180924,0,
2018-09-24 17:51,,0.016112903,7.26E-07,17:51,0,180924,0,
2018-09-24 17:52,,0.016112903,7.26E-07,17:52,0,180924,0,
2018-09-24 17:53,,0.016112903,7.26E-07,17:53,0,180924,0,
2018-09-24 17:54,,0.016112903,7.26E-07,17:54,0,180924,0,
2018-09-24 17:55,,0.016112903,7.26E-07,17:55,0,180924,0,
2018-09-24 17:56,,0.016112903,7.26E-07,17:56,0,180924,0,
2018-09-24 17:57,,0.016112903,7.26E-07,17:57,0,180924,0,
2018-09-24 17:58,,0.016112903,7.26E-07,17:58,0,180924,0,
2018-09-24 17:59,,0.016112903,7.26E-07,17:59,0,180924,0,
2018-09-24 18:00,,0.016112903,7.26E-07,18:00,0,180924,0,
2018-09-24 18:01,,0.016112903,7.26E-07,18:01,0,180924,0,
2018-09-24 18:02,,0.016112903,7.26E-07,18:02,0,180924,0,
2018-09-24 18:03,,0.016112903,7.26E-07,18:03,0,180924,0,
2018-09-24 18:04,,0.016112903,7.26E-07,18:04,0,180924,0,
2018-09-24 18:05,,0.016112903,7.26E-07,18:05,0,180924,0,
2018-09-24 18:06,,0.016112903,7.26E-07,18:06,0,180924,0,
2018-09-24 18:07,,0.016112903,7.26E-07,18:07,0,180924,0,
2018-09-24 18:08,,0.016112903,7.26E-07,18:08,0,180924,0,
2018-09-24 18:09,,0.016112903,7.26E-07,18:09,0,180924,0,
2018-09-24 18:10,,0.016112903,7.26E-07,18:10,0,180924,0,
2018-09-24 18:11,,0.016112903,7.26E-07,18:11,0,180924,0,
2018-09-24 18:12,,0.016112903,7.26E-07,18:12,0,180924,0,
2018-09-24 18:13,,0.016112903,7.26E-07,18:13,0,180924,0,
2018-09-24 18:14,,0.016112903,7.26E-07,18:14,0,180924,0,
2018-09-24 18:15,,0.016112903,7.26E-07,18:15,0,180924,0,
2018-09-24 18:16,,0.016112903,7.26E-07,18:16,0,180924,0,
2018-09-24 18:17,,0.016112903,7.26E-07,18:17,0,180924,0,
2018-09-24 18:18,,0.016112903,7.26E-07,18:18,0,180924,0,
2018-09-24 18:19,,0.016112903,7.26E-07,18:19,0,180924,0,
2018-09-24 18:20,,0.016112903,7.26E-07,18:20,0,180924,0,
2018-09-24 18:21,,0.016112903,7.26E-07,18:21,0,180924,0,
2018-09-24 18:22,,0.016112903,7.26E-07,18:22,0,180924,0,
2018-09-24 18:23,,0.016112903,7.26E-07,18:23,0,180924,0,
2018-09-24 18:24,,0.016112903,7.26E-07,18:24,0,180924,0,
2018-09-24 18:25,,0.016112903,7.26E-07,18:25,0,180924,0,
2018-09-24 18:26,,0.016112903,7.26E-07,18:26,0,180924,0,
2018-09-24 18:27,,0.016112903,7.26E-07,18:27,0,180924,0,
2018-09-24 18:28,,0.016112903,7.26E-07,18:28,0,180924,0,
2018-09-24 18:29,,0.016112903,7.26E-07,18:29,0,180924,0,
2018-09-24 18:30,,0.016112903,7.26E-07,18:30,0,180924,0,
2018-09-24 18:31,,0.016112903,7.26E-07,18:31,0,180924,0,
2018-09-24 18:32,,0.016112903,7.26E-07,18:32,0,180924,0,
2018-09-24 18:33,,0.016112903,7.26E-07,18:33,0,180924,0,
2018-09-24 18:34,,0.016112903,7.26E-07,18:34,0,180924,0,
2018-09-24 18:35,,0.016112903,7.26E-07,18:35,0,180924,0,
2018-09-24 18:36,0.999,0.016112903,7.26E-07,18:36,0,180924,0,
2018-09-24 18:37,,0.016393443,0.000198373,18:37,0,180924,0,
2018-09-24 18:38,,0.016393443,7.26E-07,18:38,0,180924,0,
2018-09-24 18:39,,0.016393443,7.26E-07,18:39,0,180924,0,
2018-09-24 18:40,,0.016393443,7.26E-07,18:40,0,180924,0,
2018-09-24 18:41,,0.016393443,7.26E-07,18:41,0,180924,0,
2018-09-24 18:42,,0.016393443,7.26E-07,18:42,0,180924,0,
2018-09-24 18:43,,0.016393443,7.26E-07,18:43,0,180924,0,
2018-09-24 18:44,,0.016393443,7.26E-07,18:44,0,180924,0,
2018-09-24 18:45,,0.016393443,7.26E-07,18:45,0,180924,0,
2018-09-24 18:46,,0.016393443,7.26E-07,18:46,0,180924,0,
2018-09-24 18:47,,0.016393443,7.26E-07,18:47,0,180924,0,
2018-09-24 18:48,,0.016393443,7.26E-07,18:48,0,180924,0,
2018-09-24 18:49,,0.016393443,7.26E-07,18:49,0,180924,0,
2018-09-24 18:50,,0.016393443,7.26E-07,18:50,0,180924,0,
2018-09-24 18:51,,0.016393443,7.26E-07,18:51,0,180924,0,
2018-09-24 18:52,,0.016393443,7.26E-07,18:52,0,180924,0,
2018-09-24 18:53,,0.016393443,7.26E-07,18:53,0,180924,0,
2018-09-24 18:54,,0.016393443,7.26E-07,18:54,0,180924,0,
2018-09-24 18:55,,0.016393443,7.26E-07,18:55,0,180924,0,
2018-09-24 18:56,,0.016393443,7.26E-07,18:56,0,180924,0,
2018-09-24 18:57,,0.016393443,7.26E-07,18:57,0,180924,0,
2018-09-24 18:58,,0.016393443,7.26E-07,18:58,0,180924,0,
2018-09-24 18:59,,0.016393443,7.26E-07,18:59,0,180924,0,
2018-09-24 19:00,,0.016393443,7.26E-07,19:00,0,180924,0,
2018-09-24 19:01,,0.016393443,7.26E-07,19:01,0,180924,0,
2018-09-24 19:02,,0.016393443,7.26E-07,19:02,0,180924,0,
2018-09-24 19:03,,0.016393443,7.26E-07,19:03,0,180924,0,
2018-09-24 19:04,,0.016393443,7.26E-07,19:04,0,180924,0,
2018-09-24 19:05,,0.016393443,7.26E-07,19:05,0,180924,0,
2018-09-24 19:06,,0.016393443,7.26E-07,19:06,0,180924,0,
2018-09-24 19:07,,0.016393443,7.26E-07,19:07,0,180924,0,
2018-09-24 19:08,,0.016393443,7.26E-07,19:08,0,180924,0,
2018-09-24 19:09,,0.016393443,7.26E-07,19:09,0,180924,0,
2018-09-24 19:10,,0.016393443,7.26E-07,19:10,0,180924,0,
2018-09-24 19:11,,0.016393443,7.26E-07,19:11,0,180924,0,
2018-09-24 19:12,,0.016393443,7.26E-07,19:12,0,180924,0,
2018-09-24 19:13,,0.016393443,7.26E-07,19:13,0,180924,0,
2018-09-24 19:14,,0.016393443,7.26E-07,19:14,0,180924,0,
2018-09-24 19:15,,0.016393443,7.26E-07,19:15,0,180924,0,
2018-09-24 19:16,,0.016393443,7.26E-07,19:16,0,180924,0,
2018-09-24 19:17,,0.016393443,7.26E-07,19:17,0,180924,0,
2018-09-24 19:18,,0.016393443,7.26E-07,19:18,0,180924,0,
2018-09-24 19:19,,0.016393443,7.26E-07,19:19,0,180924,0,
2018-09-24 19:20,,0.016393443,7.26E-07,19:20,0,180924,0,
2018-09-24 19:21,,0.016393443,7.26E-07,19:21,0,180924,0,
2018-09-24 19:22,,0.016393443,7.26E-07,19:22,0,180924,0,
2018-09-24 19:23,,0.016393443,7.26E-07,19:23,0,180924,0,
2018-09-24 19:24,,0.016393443,7.26E-07,19:24,0,180924,0,
2018-09-24 19:25,,0.016393443,7.26E-07,19:25,0,180924,0,
2018-09-24 19:26,,0.016393443,7.26E-07,19:26,0,180924,0,
2018-09-24 19:27,,0.016393443,7.26E-07,19:27,0,180924,0,
2018-09-24 19:28,,0.016393443,7.26E-07,19:28,0,180924,0,
2018-09-24 19:29,,0.016393443,7.26E-07,19:29,0,180924,0,
2018-09-24 19:30,,0.016393443,7.26E-07,19:30,0,180924,0,
2018-09-24 19:31,,0.016393443,7.26E-07,19:31,0,180924,0,
2018-09-24 19:32,,0.016393443,7.26E-07,19:32,0,180924,0,
2018-09-24 19:33,,0.016393443,7.26E-07,19:33,0,180924,0,
2018-09-24 19:34,,0.016393443,7.26E-07,19:34,0,180924,0,
2018-09-24 19:35,,0.016393443,7.26E-07,19:35,0,180924,0,
2018-09-24 19:36,,0.016393443,7.26E-07,19:36,0,180924,0,
2018-09-24 19:37,1,0.016393443,7.26E-07,19:37,0,180924,0,
2018-09-24 19:38,,0.016377049,1.16E-05,19:38,0,180924,0,
2018-09-24 19:39,,0.016377049,7.26E-07,19:39,0,180924,0,
2018-09-24 19:40,,0.016377049,7.26E-07,19:40,0,180924,0,
2018-09-24 19:41,,0.016377049,7.26E-07,19:41,0,180924,0,
2018-09-24 19:42,,0.016377049,7.26E-07,19:42,0,180924,0,
2018-09-24 19:43,,0.016377049,7.26E-07,19:43,0,180924,0,
2018-09-24 19:44,,0.016377049,7.26E-07,19:44,0,180924,0,
2018-09-24 19:45,,0.016377049,7.26E-07,19:45,0,180924,0,
2018-09-24 19:46,,0.016377049,7.26E-07,19:46,0,180924,0,
2018-09-24 19:47,,0.016377049,7.26E-07,19:47,0,180924,0,
2018-09-24 19:48,,0.016377049,7.26E-07,19:48,0,180924,0,
2018-09-24 19:49,,0.016377049,7.26E-07,19:49,0,180924,0,
2018-09-24 19:50,,0.016377049,7.26E-07,19:50,0,180924,0,
2018-09-24 19:51,,0.016377049,7.26E-07,19:51,0,180924,0,
2018-09-24 19:52,,0.016377049,7.26E-07,19:52,0,180924,0,
2018-09-24 19:53,,0.016377049,7.26E-07,19:53,0,180924,0,
2018-09-24 19:54,,0.016377049,7.26E-07,19:54,0,180924,0,
2018-09-24 19:55,,0.016377049,7.26E-07,19:55,0,180924,0,
2018-09-24 19:56,,0.016377049,7.26E-07,19:56,0,180924,0,
2018-09-24 19:57,,0.016377049,7.26E-07,19:57,0,180924,0,
2018-09-24 19:58,,0.016377049,7.26E-07,19:58,0,180924,0,
2018-09-24 19:59,,0.016377049,7.26E-07,19:59,0,180924,0,
2018-09-24 20:00,,0.016377049,7.26E-07,20:00,0,180924,0,
2018-09-24 20:01,,0.016377049,7.26E-07,20:01,0,180924,0,
2018-09-24 20:02,,0.016377049,7.26E-07,20:02,0,180924,0,
2018-09-24 20:03,,0.016377049,7.26E-07,20:03,0,180924,0,
2018-09-24 20:04,,0.016377049,7.26E-07,20:04,0,180924,0,
2018-09-24 20:05,,0.016377049,7.26E-07,20:05,0,180924,0,
2018-09-24 20:06,,0.016377049,7.26E-07,20:06,0,180924,0,
2018-09-24 20:07,,0.016377049,7.26E-07,20:07,0,180924,0,
2018-09-24 20:08,,0.016377049,7.26E-07,20:08,0,180924,0,
2018-09-24 20:09,,0.016377049,7.26E-07,20:09,0,180924,0,
2018-09-24 20:10,,0.016377049,7.26E-07,20:10,0,180924,0,
2018-09-24 20:11,,0.016377049,7.26E-07,20:11,0,180924,0,
2018-09-24 20:12,,0.016377049,7.26E-07,20:12,0,180924,0,
2018-09-24 20:13,,0.016377049,7.26E-07,20:13,0,180924,0,
2018-09-24 20:14,,0.016377049,7.26E-07,20:14,0,180924,0,
2018-09-24 20:15,,0.016377049,7.26E-07,20:15,0,180924,0,
2018-09-24 20:16,,0.016377049,7.26E-07,20:16,0,180924,0,
2018-09-24 20:17,,0.016377049,7.26E-07,20:17,0,180924,0,
2018-09-24 20:18,,0.016377049,7.26E-07,20:18,0,180924,0,
2018-09-24 20:19,,0.016377049,7.26E-07,20:19,0,180924,0,
2018-09-24 20:20,,0.016377049,7.26E-07,20:20,0,180924,0,
2018-09-24 20:21,,0.016377049,7.26E-07,20:21,0,180924,0,
2018-09-24 20:22,,0.016377049,7.26E-07,20:22,0,180924,0,
2018-09-24 20:23,,0.016377049,7.26E-07,20:23,0,180924,0,
2018-09-24 20:24,,0.016377049,7.26E-07,20:24,0,180924,0,
2018-09-24 20:25,,0.016377049,7.26E-07,20:25,0,180924,0,
2018-09-24 20:26,,0.016377049,7.26E-07,20:26,0,180924,0,
2018-09-24 20:27,,0.016377049,7.26E-07,20:27,0,180924,0,
2018-09-24 20:28,,0.016377049,7.26E-07,20:28,0,180924,0,
2018-09-24 20:29,,0.016377049,7.26E-07,20:29,0,180924,0,
2018-09-24 20:30,,0.016377049,7.26E-07,20:30,0,180924,0,
2018-09-24 20:31,,0.016377049,7.26E-07,20:31,0,180924,0,
2018-09-24 20:32,,0.016377049,7.26E-07,20:32,0,180924,0,
2018-09-24 20:33,,0.016377049,7.26E-07,20:33,0,180924,0,
2018-09-24 20:34,,0.016377049,7.26E-07,20:34,0,180924,0,
2018-09-24 20:35,,0.016377049,7.26E-07,20:35,0,180924,0,
2018-09-24 20:36,,0.016377049,7.26E-07,20:36,0,180924,0,
2018-09-24 20:37,,0.016377049,7.26E-07,20:37,0,180924,0,
2018-09-24 20:38,0.999,0.016377049,7.26E-07,20:38,0,180924,0,
2018-09-24 20:39,,0.016393443,1.16E-05,20:39,0,180924,0,
2018-09-24 20:40,,0.016393443,7.26E-07,20:40,0,180924,0,
2018-09-24 20:41,,0.016393443,7.26E-07,20:41,0,180924,0,
2018-09-24 20:42,,0.016393443,7.26E-07,20:42,0,180924,0,
2018-09-24 20:43,,0.016393443,7.26E-07,20:43,0,180924,0,
2018-09-24 20:44,,0.016393443,7.26E-07,20:44,0,180924,0,
2018-09-24 20:45,,0.016393443,7.26E-07,20:45,0,180924,0,
2018-09-24 20:46,,0.016393443,7.26E-07,20:46,0,180924,0,
2018-09-24 20:47,,0.016393443,7.26E-07,20:47,0,180924,0,
2018-09-24 20:48,,0.016393443,7.26E-07,20:48,0,180924,0,
2018-09-24 20:49,,0.016393443,7.26E-07,20:49,0,180924,0,
2018-09-24 20:50,,0.016393443,7.26E-07,20:50,0,180924,0,
2018-09-24 20:51,,0.016393443,7.26E-07,20:51,0,180924,0,
2018-09-24 20:52,,0.016393443,7.26E-07,20:52,0,180924,0,
2018-09-24 20:53,,0.016393443,7.26E-07,20:53,0,180924,0,
2018-09-24 20:54,,0.016393443,7.26E-07,20:54,0,180924,0,
2018-09-24 20:55,,0.016393443,7.26E-07,20:55,0,180924,0,
2018-09-24 20:56,,0.016393443,7.26E-07,20:56,0,180924,0,
2018-09-24 20:57,,0.016393443,7.26E-07,20:57,0,180924,0,
2018-09-24 20:58,,0.016393443,7.26E-07,20:58,0,180924,0,
2018-09-24 20:59,,0.016393443,7.26E-07,20:59,0,180924,0,
2018-09-24 21:00,,0.016393443,7.26E-07,21:00,0,180924,0,
2018-09-24 21:01,,0.016393443,7.26E-07,21:01,0,180924,0,
2018-09-24 21:02,,0.016393443,7.26E-07,21:02,0,180924,0,
2018-09-24 21:03,,0.016393443,7.26E-07,21:03,0,180924,0,
2018-09-24 21:04,,0.016393443,7.26E-07,21:04,0,180924,0,
2018-09-24 21:05,,0.016393443,7.26E-07,21:05,0,180924,0,
2018-09-24 21:06,,0.016393443,7.26E-07,21:06,0,180924,0,
2018-09-24 21:07,,0.016393443,7.26E-07,21:07,0,180924,0,
2018-09-24 21:08,,0.016393443,7.26E-07,21:08,0,180924,0,
2018-09-24 21:09,,0.016393443,7.26E-07,21:09,0,180924,0,
2018-09-24 21:10,,0.016393443,7.26E-07,21:10,0,180924,0,
2018-09-24 21:11,,0.016393443,7.26E-07,21:11,0,180924,0,
2018-09-24 21:12,,0.016393443,7.26E-07,21:12,0,180924,0,
2018-09-24 21:13,,0.016393443,7.26E-07,21:13,0,180924,0,
2018-09-24 21:14,,0.016393443,7.26E-07,21:14,0,180924,0,
2018-09-24 21:15,,0.016393443,7.26E-07,21:15,0,180924,0,
2018-09-24 21:16,,0.016393443,7.26E-07,21:16,0,180924,0,
2018-09-24 21:17,,0.016393443,7.26E-07,21:17,0,180924,0,
2018-09-24 21:18,,0.016393443,7.26E-07,21:18,0,180924,0,
2018-09-24 21:19,,0.016393443,7.26E-07,21:19,0,180924,0,
2018-09-24 21:20,,0.016393443,7.26E-07,21:20,0,180924,0,
2018-09-24 21:21,,0.016393443,7.26E-07,21:21,0,180924,0,
2018-09-24 21:22,,0.016393443,7.26E-07,21:22,0,180924,0,
2018-09-24 21:23,,0.016393443,7.26E-07,21:23,0,180924,0,
2018-09-24 21:24,,0.016393443,7.26E-07,21:24,0,180924,0,
2018-09-24 21:25,,0.016393443,7.26E-07,21:25,0,180924,0,
2018-09-24 21:26,,0.016393443,7.26E-07,21:26,0,180924,0,
2018-09-24 21:27,,0.016393443,7.26E-07,21:27,0,180924,0,
2018-09-24 21:28,,0.016393443,7.26E-07,21:28,0,180924,0,
2018-09-24 21:29,,0.016393443,7.26E-07,21:29,0,180924,0,
2018-09-24 21:30,,0.016393443,7.26E-07,21:30,0,180924,0,
2018-09-24 21:31,,0.016393443,7.26E-07,21:31,0,180924,0,
2018-09-24 21:32,,0.016393443,7.26E-07,21:32,0,180924,0,
2018-09-24 21:33,,0.016393443,7.26E-07,21:33,0,180924,0,
2018-09-24 21:34,,0.016393443,7.26E-07,21:34,0,180924,0,
2018-09-24 21:35,,0.016393443,7.26E-07,21:35,0,180924,0,
2018-09-24 21:36,,0.016393443,7.26E-07,21:36,0,180924,0,
2018-09-24 21:37,,0.016393443,7.26E-07,21:37,0,180924,0,
2018-09-24 21:38,,0.016393443,7.26E-07,21:38,0,180924,0,
2018-09-24 21:39,1,0.016393443,7.26E-07,21:39,0,180924,0,
2018-09-24 21:40,,0.016129032,0.000186968,21:40,0,180924,0,
2018-09-24 21:41,,0.016129032,7.26E-07,21:41,0,180924,0,
2018-09-24 21:42,,0.016129032,7.26E-07,21:42,0,180924,0,
2018-09-24 21:43,,0.016129032,7.26E-07,21:43,0,180924,0,
2018-09-24 21:44,,0.016129032,7.26E-07,21:44,0,180924,0,
2018-09-24 21:45,,0.016129032,7.26E-07,21:45,0,180924,0,
2018-09-24 21:46,,0.016129032,7.26E-07,21:46,0,180924,0,
2018-09-24 21:47,,0.016129032,7.26E-07,21:47,0,180924,0,
2018-09-24 21:48,,0.016129032,7.26E-07,21:48,0,180924,0,
2018-09-24 21:49,,0.016129032,7.26E-07,21:49,0,180924,0,
2018-09-24 21:50,,0.016129032,7.26E-07,21:50,0,180924,0,
2018-09-24 21:51,,0.016129032,7.26E-07,21:51,0,180924,0,
2018-09-24 21:52,,0.016129032,7.26E-07,21:52,0,180924,0,
2018-09-24 21:53,,0.016129032,7.26E-07,21:53,0,180924,0,
2018-09-24 21:54,,0.016129032,7.26E-07,21:54,0,180924,0,
2018-09-24 21:55,,0.016129032,7.26E-07,21:55,0,180924,0,
2018-09-24 21:56,,0.016129032,7.26E-07,21:56,0,180924,0,
2018-09-24 21:57,,0.016129032,7.26E-07,21:57,0,180924,0,
2018-09-24 21:58,,0.016129032,7.26E-07,21:58,0,180924,0,
2018-09-24 21:59,,0.016129032,7.26E-07,21:59,0,180924,0,
2018-09-24 22:00,,0.016129032,7.26E-07,22:00,0,180924,0,
2018-09-24 22:01,,0.016129032,7.26E-07,22:01,0,180924,0,
2018-09-24 22:02,,0.016129032,7.26E-07,22:02,0,180924,0,
2018-09-24 22:03,,0.016129032,7.26E-07,22:03,0,180924,0,
2018-09-24 22:04,,0.016129032,7.26E-07,22:04,0,180924,0,
2018-09-24 22:05,,0.016129032,7.26E-07,22:05,0,180924,0,
2018-09-24 22:06,,0.016129032,7.26E-07,22:06,0,180924,0,
2018-09-24 22:07,,0.016129032,7.26E-07,22:07,0,180924,0,
2018-09-24 22:08,,0.016129032,7.26E-07,22:08,0,180924,0,
2018-09-24 22:09,,0.016129032,7.26E-07,22:09,0,180924,0,
2018-09-24 22:10,,0.016129032,7.26E-07,22:10,0,180924,0,
2018-09-24 22:11,,0.016129032,7.26E-07,22:11,0,180924,0,
2018-09-24 22:12,,0.016129032,7.26E-07,22:12,0,180924,0,
2018-09-24 22:13,,0.016129032,7.26E-07,22:13,0,180924,0,
2018-09-24 22:14,,0.016129032,7.26E-07,22:14,0,180924,0,
2018-09-24 22:15,,0.016129032,7.26E-07,22:15,0,180924,0,
2018-09-24 22:16,,0.016129032,7.26E-07,22:16,0,180924,0,
2018-09-24 22:17,,0.016129032,7.26E-07,22:17,0,180924,0,
2018-09-24 22:18,,0.016129032,7.26E-07,22:18,0,180924,0,
2018-09-24 22:19,,0.016129032,7.26E-07,22:19,0,180924,0,
2018-09-24 22:20,,0.016129032,7.26E-07,22:20,0,180924,0,
2018-09-24 22:21,,0.016129032,7.26E-07,22:21,0,180924,0,
2018-09-24 22:22,,0.016129032,7.26E-07,22:22,0,180924,0,
2018-09-24 22:23,,0.016129032,7.26E-07,22:23,0,180924,0,
2018-09-24 22:24,,0.016129032,7.26E-07,22:24,0,180924,0,
2018-09-24 22:25,,0.016129032,7.26E-07,22:25,0,180924,0,
2018-09-24 22:26,,0.016129032,7.26E-07,22:26,0,180924,0,
2018-09-24 22:27,,0.016129032,7.26E-07,22:27,0,180924,0,
2018-09-24 22:28,,0.016129032,7.26E-07,22:28,0,180924,0,
2018-09-24 22:29,,0.016129032,7.26E-07,22:29,0,180924,0,
2018-09-24 22:30,,0.016129032,7.26E-07,22:30,0,180924,0,
2018-09-24 22:31,,0.016129032,7.26E-07,22:31,0,180924,0,
2018-09-24 22:32,,0.016129032,7.26E-07,22:32,0,180924,0,
2018-09-24 22:33,,0.016129032,7.26E-07,22:33,0,180924,0,
2018-09-24 22:34,,0.016129032,7.26E-07,22:34,0,180924,0,
2018-09-24 22:35,,0.016129032,7.26E-07,22:35,0,180924,0,
2018-09-24 22:36,,0.016129032,7.26E-07,22:36,0,180924,0,
2018-09-24 22:37,,0.016129032,7.26E-07,22:37,0,180924,0,
2018-09-24 22:38,,0.016129032,7.26E-07,22:38,0,180924,0,
2018-09-24 22:39,,0.016129032,7.26E-07,22:39,0,180924,0,
2018-09-24 22:40,,0.016129032,7.26E-07,22:40,0,180924,0,
2018-09-24 22:41,1,0.016129032,7.26E-07,22:41,0,180924,0,
2018-09-24 22:42,,0.016377049,0.000175376,22:42,0,180924,0,
2018-09-24 22:43,,0.016377049,7.26E-07,22:43,0,180924,0,
2018-09-24 22:44,,0.016377049,7.26E-07,22:44,0,180924,0,
2018-09-24 22:45,,0.016377049,7.26E-07,22:45,0,180924,0,
2018-09-24 22:46,,0.016377049,7.26E-07,22:46,0,180924,0,
2018-09-24 22:47,,0.016377049,7.26E-07,22:47,0,180924,0,
2018-09-24 22:48,,0.016377049,7.26E-07,22:48,0,180924,0,
2018-09-24 22:49,,0.016377049,7.26E-07,22:49,0,180924,0,
2018-09-24 22:50,,0.016377049,7.26E-07,22:50,0,180924,0,
2018-09-24 22:51,,0.016377049,7.26E-07,22:51,0,180924,0,
2018-09-24 22:52,,0.016377049,7.26E-07,22:52,0,180924,0,
2018-09-24 22:53,,0.016377049,7.26E-07,22:53,0,180924,0,
2018-09-24 22:54,,0.016377049,7.26E-07,22:54,0,180924,0,
2018-09-24 22:55,,0.016377049,7.26E-07,22:55,0,180924,0,
2018-09-24 22:56,,0.016377049,7.26E-07,22:56,0,180924,0,
2018-09-24 22:57,,0.016377049,7.26E-07,22:57,0,180924,0,
2018-09-24 22:58,,0.016377049,7.26E-07,22:58,0,180924,0,
2018-09-24 22:59,,0.016377049,7.26E-07,22:59,0,180924,0,
2018-09-24 23:00,,0.016377049,7.26E-07,23:00,0,180924,0,
2018-09-24 23:01,,0.016377049,7.26E-07,23:01,0,180924,0,
2018-09-24 23:02,,0.016377049,7.26E-07,23:02,0,180924,0,
2018-09-24 23:03,,0.016377049,7.26E-07,23:03,0,180924,0,
2018-09-24 23:04,,0.016377049,7.26E-07,23:04,0,180924,0,
2018-09-24 23:05,,0.016377049,7.26E-07,23:05,0,180924,0,
2018-09-24 23:06,,0.016377049,7.26E-07,23:06,0,180924,0,
2018-09-24 23:07,,0.016377049,7.26E-07,23:07,0,180924,0,
2018-09-24 23:08,,0.016377049,7.26E-07,23:08,0,180924,0,
2018-09-24 23:09,,0.016377049,7.26E-07,23:09,0,180924,0,
2018-09-24 23:10,,0.016377049,7.26E-07,23:10,0,180924,0,
2018-09-24 23:11,,0.016377049,7.26E-07,23:11,0,180924,0,
2018-09-24 23:12,,0.016377049,7.26E-07,23:12,0,180924,0,
2018-09-24 23:13,,0.016377049,7.26E-07,23:13,0,180924,0,
2018-09-24 23:14,,0.016377049,7.26E-07,23:14,0,180924,0,
2018-09-24 23:15,,0.016377049,7.26E-07,23:15,0,180924,0,
2018-09-24 23:16,,0.016377049,7.26E-07,23:16,0,180924,0,
2018-09-24 23:17,,0.016377049,7.26E-07,23:17,0,180924,0,
2018-09-24 23:18,,0.016377049,7.26E-07,23:18,0,180924,0,
2018-09-24 23:19,,0.016377049,7.26E-07,23:19,0,180924,0,
2018-09-24 23:20,,0.016377049,7.26E-07,23:20,0,180924,0,
2018-09-24 23:21,,0.016377049,7.26E-07,23:21,0,180924,0,
2018-09-24 23:22,,0.016377049,7.26E-07,23:22,0,180924,0,
2018-09-24 23:23,,0.016377049,7.26E-07,23:23,0,180924,0,
2018-09-24 23:24,,0.016377049,7.26E-07,23:24,0,180924,0,
2018-09-24 23:25,,0.016377049,7.26E-07,23:25,0,180924,0,
2018-09-24 23:26,,0.016377049,7.26E-07,23:26,0,180924,0,
2018-09-24 23:27,,0.016377049,7.26E-07,23:27,0,180924,0,
2018-09-24 23:28,,0.016377049,7.26E-07,23:28,0,180924,0,
2018-09-24 23:29,,0.016377049,7.26E-07,23:29,0,180924,0,
2018-09-24 23:30,,0.016377049,7.26E-07,23:30,0,180924,0,
2018-09-24 23:31,,0.016377049,7.26E-07,23:31,0,180924,0,
2018-09-24 23:32,,0.016377049,7.26E-07,23:32,0,180924,0,
2018-09-24 23:33,,0.016377049,7.26E-07,23:33,0,180924,0,
2018-09-24 23:34,,0.016377049,7.26E-07,23:34,0,180924,0,
2018-09-24 23:35,,0.016377049,7.26E-07,23:35,0,180924,0,
2018-09-24 23:36,,0.016377049,7.26E-07,23:36,0,180924,0,
2018-09-24 23:37,,0.016377049,7.26E-07,23:37,0,180924,0,
2018-09-24 23:38,,0.016377049,7.26E-07,23:38,0,180924,0,
2018-09-24 23:39,,0.016377049,7.26E-07,23:39,0,180924,0,
2018-09-24 23:40,,0.016377049,7.26E-07,23:40,0,180924,0,
2018-09-24 23:41,,0.016377049,7.26E-07,23:41,0,180924,0,
2018-09-24 23:42,0.999,0.016377049,7.26E-07,23:42,0,180924,0,
2018-09-24 23:43,,0.016129032,0.000175376,23:43,0,180924,0,
2018-09-24 23:44,,0.016129032,7.26E-07,23:44,0,180924,0,
2018-09-24 23:45,,0.016129032,7.26E-07,23:45,0,180924,0,
2018-09-24 23:46,,0.016129032,7.26E-07,23:46,0,180924,0,
2018-09-24 23:47,,0.016129032,7.26E-07,23:47,0,180924,0,
2018-09-24 23:48,,0.016129032,7.26E-07,23:48,0,180924,0,
2018-09-24 23:49,,0.016129032,7.26E-07,23:49,0,180924,0,
2018-09-24 23:50,,0.016129032,7.26E-07,23:50,0,180924,0,
2018-09-24 23:51,,0.016129032,7.26E-07,23:51,0,180924,0,
2018-09-24 23:52,,0.016129032,7.26E-07,23:52,0,180924,0,
2018-09-24 23:53,,0.016129032,7.26E-07,23:53,0,180924,0,
2018-09-24 23:54,,0.016129032,7.26E-07,23:54,0,180924,0,
2018-09-24 23:55,,0.016129032,7.26E-07,23:55,0,180924,0,
2018-09-24 23:56,,0.016129032,7.26E-07,23:56,0,180924,0,
2018-09-24 23:57,,0.016129032,7.26E-07,23:57,0,180924,0,
2018-09-24 23:58,,0.016129032,7.26E-07,23:58,0,180924,0,
2018-09-24 23:59,,0.016129032,7.26E-07,23:59,0,180924,0,
2018-09-25 0:00,,0.016129032,7.26E-07,0:00,1,180925,0,
2018-09-25 0:01,,0.016129032,7.26E-07,0:01,1,180925,0,
2018-09-25 0:02,,0.016129032,7.26E-07,0:02,1,180925,0,
2018-09-25 0:03,,0.016129032,7.26E-07,0:03,1,180925,0,
2018-09-25 0:04,,0.016129032,7.26E-07,0:04,1,180925,0,
2018-09-25 0:05,,0.016129032,7.26E-07,0:05,1,180925,0,
2018-09-25 0:06,,0.016129032,7.26E-07,0:06,1,180925,0,
2018-09-25 0:07,,0.016129032,7.26E-07,0:07,1,180925,0,
2018-09-25 0:08,,0.016129032,7.26E-07,0:08,1,180925,0,
2018-09-25 0:09,,0.016129032,7.26E-07,0:09,1,180925,0,
2018-09-25 0:10,,0.016129032,7.26E-07,0:10,1,180925,0,
2018-09-25 0:11,,0.016129032,7.26E-07,0:11,1,180925,0,
2018-09-25 0:12,,0.016129032,7.26E-07,0:12,1,180925,0,
2018-09-25 0:13,,0.016129032,7.26E-07,0:13,1,180925,0,
2018-09-25 0:14,,0.016129032,7.26E-07,0:14,1,180925,0,
2018-09-25 0:15,,0.016129032,7.26E-07,0:15,1,180925,0,
2018-09-25 0:16,,0.016129032,7.26E-07,0:16,1,180925,0,
2018-09-25 0:17,,0.016129032,7.26E-07,0:17,1,180925,0,
2018-09-25 0:18,,0.016129032,7.26E-07,0:18,1,180925,0,
2018-09-25 0:19,,0.016129032,7.26E-07,0:19,1,180925,0,
2018-09-25 0:20,,0.016129032,7.26E-07,0:20,1,180925,0,
2018-09-25 0:21,,0.016129032,7.26E-07,0:21,1,180925,0,
2018-09-25 0:22,,0.016129032,7.26E-07,0:22,1,180925,0,
2018-09-25 0:23,,0.016129032,7.26E-07,0:23,1,180925,0,
2018-09-25 0:24,,0.016129032,7.26E-07,0:24,1,180925,0,
2018-09-25 0:25,,0.016129032,7.26E-07,0:25,1,180925,0,
2018-09-25 0:26,,0.016129032,7.26E-07,0:26,1,180925,0,
2018-09-25 0:27,,0.016129032,7.26E-07,0:27,1,180925,0,
2018-09-25 0:28,,0.016129032,7.26E-07,0:28,1,180925,0,
2018-09-25 0:29,,0.016129032,7.26E-07,0:29,1,180925,0,
2018-09-25 0:30,,0.016129032,7.26E-07,0:30,1,180925,0,
2018-09-25 0:31,,0.016129032,7.26E-07,0:31,1,180925,0,
2018-09-25 0:32,,0.016129032,7.26E-07,0:32,1,180925,0,
2018-09-25 0:33,,0.016129032,7.26E-07,0:33,1,180925,0,
2018-09-25 0:34,,0.016129032,7.26E-07,0:34,1,180925,0,
2018-09-25 0:35,,0.016129032,7.26E-07,0:35,1,180925,0,
2018-09-25 0:36,,0.016129032,7.26E-07,0:36,1,180925,0,
2018-09-25 0:37,,0.016129032,7.26E-07,0:37,1,180925,0,
2018-09-25 0:38,,0.016129032,7.26E-07,0:38,1,180925,0,
2018-09-25 0:39,,0.016129032,7.26E-07,0:39,1,180925,0,
2018-09-25 0:40,,0.016129032,7.26E-07,0:40,1,180925,0,
2018-09-25 0:41,,0.016129032,7.26E-07,0:41,1,180925,0,
2018-09-25 0:42,,0.016129032,7.26E-07,0:42,1,180925,0,
2018-09-25 0:43,,0.016129032,7.26E-07,0:43,1,180925,0,
2018-09-25 0:44,1,0.016129032,7.26E-07,0:44,1,180925,0,
2018-09-25 0:45,,0.016377049,0.000175376,0:45,1,180925,0,
2018-09-25 0:46,,0.016377049,7.26E-07,0:46,1,180925,0,
2018-09-25 0:47,,0.016377049,7.26E-07,0:47,1,180925,0,
2018-09-25 0:48,,0.016377049,7.26E-07,0:48,1,180925,0,
2018-09-25 0:49,,0.016377049,7.26E-07,0:49,1,180925,0,
2018-09-25 0:50,,0.016377049,7.26E-07,0:50,1,180925,0,
2018-09-25 0:51,,0.016377049,7.26E-07,0:51,1,180925,0,
2018-09-25 0:52,,0.016377049,7.26E-07,0:52,1,180925,0,
2018-09-25 0:53,,0.016377049,7.26E-07,0:53,1,180925,0,
2018-09-25 0:54,,0.016377049,7.26E-07,0:54,1,180925,0,
2018-09-25 0:55,,0.016377049,7.26E-07,0:55,1,180925,0,
2018-09-25 0:56,,0.016377049,7.26E-07,0:56,1,180925,0,
2018-09-25 0:57,,0.016377049,7.26E-07,0:57,1,180925,0,
2018-09-25 0:58,,0.016377049,7.26E-07,0:58,1,180925,0,
2018-09-25 0:59,,0.016377049,7.26E-07,0:59,1,180925,0,
2018-09-25 1:00,,0.016377049,7.26E-07,1:00,1,180925,0,
2018-09-25 1:01,,0.016377049,7.26E-07,1:01,1,180925,0,
2018-09-25 1:02,,0.016377049,7.26E-07,1:02,1,180925,0,
2018-09-25 1:03,,0.016377049,7.26E-07,1:03,1,180925,0,
2018-09-25 1:04,,0.016377049,7.26E-07,1:04,1,180925,0,
2018-09-25 1:05,,0.016377049,7.26E-07,1:05,1,180925,0,
2018-09-25 1:06,,0.016377049,7.26E-07,1:06,1,180925,0,
2018-09-25 1:07,,0.016377049,7.26E-07,1:07,1,180925,0,
2018-09-25 1:08,,0.016377049,7.26E-07,1:08,1,180925,0,
2018-09-25 1:09,,0.016377049,7.26E-07,1:09,1,180925,0,
2018-09-25 1:10,,0.016377049,7.26E-07,1:10,1,180925,0,
2018-09-25 1:11,,0.016377049,7.26E-07,1:11,1,180925,0,
2018-09-25 1:12,,0.016377049,7.26E-07,1:12,1,180925,0,
2018-09-25 1:13,,0.016377049,7.26E-07,1:13,1,180925,0,
2018-09-25 1:14,,0.016377049,7.26E-07,1:14,1,180925,0,
2018-09-25 1:15,,0.016377049,7.26E-07,1:15,1,180925,0,
2018-09-25 1:16,,0.016377049,7.26E-07,1:16,1,180925,0,
2018-09-25 1:17,,0.016377049,7.26E-07,1:17,1,180925,0,
2018-09-25 1:18,,0.016377049,7.26E-07,1:18,1,180925,0,
2018-09-25 1:19,,0.016377049,7.26E-07,1:19,1,180925,0,
2018-09-25 1:20,,0.016377049,7.26E-07,1:20,1,180925,0,
2018-09-25 1:21,,0.016377049,7.26E-07,1:21,1,180925,0,
2018-09-25 1:22,,0.016377049,7.26E-07,1:22,1,180925,0,
2018-09-25 1:23,,0.016377049,7.26E-07,1:23,1,180925,0,
2018-09-25 1:24,,0.016377049,7.26E-07,1:24,1,180925,0,
2018-09-25 1:25,,0.016377049,7.26E-07,1:25,1,180925,0,
2018-09-25 1:26,,0.016377049,7.26E-07,1:26,1,180925,0,
2018-09-25 1:27,,0.016377049,7.26E-07,1:27,1,180925,0,
2018-09-25 1:28,,0.016377049,7.26E-07,1:28,1,180925,0,
2018-09-25 1:29,,0.016377049,7.26E-07,1:29,1,180925,0,
2018-09-25 1:30,,0.016377049,7.26E-07,1:30,1,180925,0,
2018-09-25 1:31,,0.016377049,7.26E-07,1:31,1,180925,0,
2018-09-25 1:32,,0.016377049,7.26E-07,1:32,1,180925,0,
2018-09-25 1:33,,0.016377049,7.26E-07,1:33,1,180925,0,
2018-09-25 1:34,,0.016377049,7.26E-07,1:34,1,180925,0,
2018-09-25 1:35,,0.016377049,7.26E-07,1:35,1,180925,0,
2018-09-25 1:36,,0.016377049,7.26E-07,1:36,1,180925,0,
2018-09-25 1:37,,0.016377049,7.26E-07,1:37,1,180925,0,
2018-09-25 1:38,,0.016377049,7.26E-07,1:38,1,180925,0,
2018-09-25 1:39,,0.016377049,7.26E-07,1:39,1,180925,0,
2018-09-25 1:40,,0.016377049,7.26E-07,1:40,1,180925,0,
2018-09-25 1:41,,0.016377049,7.26E-07,1:41,1,180925,0,
2018-09-25 1:42,,0.016377049,7.26E-07,1:42,1,180925,0,
2018-09-25 1:43,,0.016377049,7.26E-07,1:43,1,180925,0,
2018-09-25 1:44,,0.016377049,7.26E-07,1:44,1,180925,0,
2018-09-25 1:45,0.999,0.016377049,7.26E-07,1:45,1,180925,0,
2018-09-25 1:46,,0.016129032,0.000175376,1:46,1,180925,0,
2018-09-25 1:47,,0.016129032,7.26E-07,1:47,1,180925,0,
2018-09-25 1:48,,0.016129032,7.26E-07,1:48,1,180925,0,
2018-09-25 1:49,,0.016129032,7.26E-07,1:49,1,180925,0,
2018-09-25 1:50,,0.016129032,7.26E-07,1:50,1,180925,0,
2018-09-25 1:51,,0.016129032,7.26E-07,1:51,1,180925,0,
2018-09-25 1:52,,0.016129032,7.26E-07,1:52,1,180925,0,
2018-09-25 1:53,,0.016129032,7.26E-07,1:53,1,180925,0,
2018-09-25 1:54,,0.016129032,7.26E-07,1:54,1,180925,0,
2018-09-25 1:55,,0.016129032,7.26E-07,1:55,1,180925,0,
2018-09-25 1:56,,0.016129032,7.26E-07,1:56,1,180925,0,
2018-09-25 1:57,,0.016129032,7.26E-07,1:57,1,180925,0,
2018-09-25 1:58,,0.016129032,7.26E-07,1:58,1,180925,0,
2018-09-25 1:59,,0.016129032,7.26E-07,1:59,1,180925,0,
2018-09-25 2:00,,0.016129032,7.26E-07,2:00,1,180925,0,
2018-09-25 2:01,,0.016129032,7.26E-07,2:01,1,180925,0,
2018-09-25 2:02,,0.016129032,7.26E-07,2:02,1,180925,0,
2018-09-25 2:03,,0.016129032,7.26E-07,2:03,1,180925,0,
2018-09-25 2:04,,0.016129032,7.26E-07,2:04,1,180925,0,
2018-09-25 2:05,,0.016129032,7.26E-07,2:05,1,180925,0,
2018-09-25 2:06,,0.016129032,7.26E-07,2:06,1,180925,0,
2018-09-25 2:07,,0.016129032,7.26E-07,2:07,1,180925,0,
2018-09-25 2:08,,0.016129032,7.26E-07,2:08,1,180925,0,
2018-09-25 2:09,,0.016129032,7.26E-07,2:09,1,180925,0,
2018-09-25 2:10,,0.016129032,7.26E-07,2:10,1,180925,0,
2018-09-25 2:11,,0.016129032,7.26E-07,2:11,1,180925,0,
2018-09-25 2:12,,0.016129032,7.26E-07,2:12,1,180925,0,
2018-09-25 2:13,,0.016129032,7.26E-07,2:13,1,180925,0,
2018-09-25 2:14,,0.016129032,7.26E-07,2:14,1,180925,0,
2018-09-25 2:15,,0.016129032,7.26E-07,2:15,1,180925,0,
2018-09-25 2:16,,0.016129032,7.26E-07,2:16,1,180925,0,
2018-09-25 2:17,,0.016129032,7.26E-07,2:17,1,180925,0,
2018-09-25 2:18,,0.016129032,7.26E-07,2:18,1,180925,0,
2018-09-25 2:19,,0.016129032,7.26E-07,2:19,1,180925,0,
2018-09-25 2:20,,0.016129032,7.26E-07,2:20,1,180925,0,
2018-09-25 2:21,,0.016129032,7.26E-07,2:21,1,180925,0,
2018-09-25 2:22,,0.016129032,7.26E-07,2:22,1,180925,0,
2018-09-25 2:23,,0.016129032,7.26E-07,2:23,1,180925,0,
2018-09-25 2:24,,0.016129032,7.26E-07,2:24,1,180925,0,
2018-09-25 2:25,,0.016129032,7.26E-07,2:25,1,180925,0,
2018-09-25 2:26,,0.016129032,7.26E-07,2:26,1,180925,0,
2018-09-25 2:27,,0.016129032,7.26E-07,2:27,1,180925,0,
2018-09-25 2:28,,0.016129032,7.26E-07,2:28,1,180925,0,
2018-09-25 2:29,,0.016129032,7.26E-07,2:29,1,180925,0,
2018-09-25 2:30,,0.016129032,7.26E-07,2:30,1,180925,0,
2018-09-25 2:31,,0.016129032,7.26E-07,2:31,1,180925,0,
2018-09-25 2:32,,0.016129032,7.26E-07,2:32,1,180925,0,
2018-09-25 2:33,,0.016129032,7.26E-07,2:33,1,180925,0,
2018-09-25 2:34,,0.016129032,7.26E-07,2:34,1,180925,0,
2018-09-25 2:35,,0.016129032,7.26E-07,2:35,1,180925,0,
2018-09-25 2:36,,0.016129032,7.26E-07,2:36,1,180925,0,
2018-09-25 2:37,,0.016129032,7.26E-07,2:37,1,180925,0,
2018-09-25 2:38,,0.016129032,7.26E-07,2:38,1,180925,0,
2018-09-25 2:39,,0.016129032,7.26E-07,2:39,1,180925,0,
2018-09-25 2:40,,0.016129032,7.26E-07,2:40,1,180925,0,
2018-09-25 2:41,,0.016129032,7.26E-07,2:41,1,180925,0,
2018-09-25 2:42,,0.016129032,7.26E-07,2:42,1,180925,0,
2018-09-25 2:43,,0.016129032,7.26E-07,2:43,1,180925,0,
2018-09-25 2:44,,0.016129032,7.26E-07,2:44,1,180925,0,
2018-09-25 2:45,,0.016129032,7.26E-07,2:45,1,180925,0,
2018-09-25 2:46,,0.016129032,7.26E-07,2:46,1,180925,0,
2018-09-25 2:47,1,0.016129032,7.26E-07,2:47,1,180925,0,
2018-09-25 2:48,,0.016377049,0.000175376,2:48,1,180925,0,
2018-09-25 2:49,,0.016377049,7.26E-07,2:49,1,180925,0,
2018-09-25 2:50,,0.016377049,7.26E-07,2:50,1,180925,0,
2018-09-25 2:51,,0.016377049,7.26E-07,2:51,1,180925,0,
2018-09-25 2:52,,0.016377049,7.26E-07,2:52,1,180925,0,
2018-09-25 2:53,,0.016377049,7.26E-07,2:53,1,180925,0,
2018-09-25 2:54,,0.016377049,7.26E-07,2:54,1,180925,0,
2018-09-25 2:55,,0.016377049,7.26E-07,2:55,1,180925,0,
2018-09-25 2:56,,0.016377049,7.26E-07,2:56,1,180925,0,
2018-09-25 2:57,,0.016377049,7.26E-07,2:57,1,180925,0,
2018-09-25 2:58,,0.016377049,7.26E-07,2:58,1,180925,0,
2018-09-25 2:59,,0.016377049,7.26E-07,2:59,1,180925,0,
2018-09-25 3:00,,0.016377049,7.26E-07,3:00,1,180925,0,
2018-09-25 3:01,,0.016377049,7.26E-07,3:01,1,180925,0,
2018-09-25 3:02,,0.016377049,7.26E-07,3:02,1,180925,0,
2018-09-25 3:03,,0.016377049,7.26E-07,3:03,1,180925,0,
2018-09-25 3:04,,0.016377049,7.26E-07,3:04,1,180925,0,
2018-09-25 3:05,,0.016377049,7.26E-07,3:05,1,180925,0,
2018-09-25 3:06,,0.016377049,7.26E-07,3:06,1,180925,0,
2018-09-25 3:07,,0.016377049,7.26E-07,3:07,1,180925,0,
2018-09-25 3:08,,0.016377049,7.26E-07,3:08,1,180925,0,
2018-09-25 3:09,,0.016377049,7.26E-07,3:09,1,180925,0,
2018-09-25 3:10,,0.016377049,7.26E-07,3:10,1,180925,0,
2018-09-25 3:11,,0.016377049,7.26E-07,3:11,1,180925,0,
2018-09-25 3:12,,0.016377049,7.26E-07,3:12,1,180925,0,
2018-09-25 3:13,,0.016377049,7.26E-07,3:13,1,180925,0,
2018-09-25 3:14,,0.016377049,7.26E-07,3:14,1,180925,0,
2018-09-25 3:15,,0.016377049,7.26E-07,3:15,1,180925,0,
2018-09-25 3:16,,0.016377049,7.26E-07,3:16,1,180925,0,
2018-09-25 3:17,,0.016377049,7.26E-07,3:17,1,180925,0,
2018-09-25 3:18,,0.016377049,7.26E-07,3:18,1,180925,0,
2018-09-25 3:19,,0.016377049,7.26E-07,3:19,1,180925,0,
2018-09-25 3:20,,0.016377049,7.26E-07,3:20,1,180925,0,
2018-09-25 3:21,,0.016377049,7.26E-07,3:21,1,180925,0,
2018-09-25 3:22,,0.016377049,7.26E-07,3:22,1,180925,0,
2018-09-25 3:23,,0.016377049,7.26E-07,3:23,1,180925,0,
2018-09-25 3:24,,0.016377049,7.26E-07,3:24,1,180925,0,
2018-09-25 3:25,,0.016377049,7.26E-07,3:25,1,180925,0,
2018-09-25 3:26,,0.016377049,7.26E-07,3:26,1,180925,0,
2018-09-25 3:27,,0.016377049,7.26E-07,3:27,1,180925,0,
2018-09-25 3:28,,0.016377049,7.26E-07,3:28,1,180925,0,
2018-09-25 3:29,,0.016377049,7.26E-07,3:29,1,180925,0,
2018-09-25 3:30,,0.016377049,7.26E-07,3:30,1,180925,0,
2018-09-25 3:31,,0.016377049,7.26E-07,3:31,1,180925,0,
2018-09-25 3:32,,0.016377049,7.26E-07,3:32,1,180925,0,
2018-09-25 3:33,,0.016377049,7.26E-07,3:33,1,180925,0,
2018-09-25 3:34,,0.016377049,7.26E-07,3:34,1,180925,0,
2018-09-25 3:35,,0.016377049,7.26E-07,3:35,1,180925,0,
2018-09-25 3:36,,0.016377049,7.26E-07,3:36,1,180925,0,
2018-09-25 3:37,,0.016377049,7.26E-07,3:37,1,180925,0,
2018-09-25 3:38,,0.016377049,7.26E-07,3:38,1,180925,0,
2018-09-25 3:39,,0.016377049,7.26E-07,3:39,1,180925,0,
2018-09-25 3:40,,0.016377049,7.26E-07,3:40,1,180925,0,
2018-09-25 3:41,,0.016377049,7.26E-07,3:41,1,180925,0,
2018-09-25 3:42,,0.016377049,7.26E-07,3:42,1,180925,0,
2018-09-25 3:43,,0.016377049,7.26E-07,3:43,1,180925,0,
2018-09-25 3:44,,0.016377049,7.26E-07,3:44,1,180925,0,
2018-09-25 3:45,,0.016377049,7.26E-07,3:45,1,180925,0,
2018-09-25 3:46,,0.016377049,7.26E-07,3:46,1,180925,0,
2018-09-25 3:47,,0.016377049,7.26E-07,3:47,1,180925,0,
2018-09-25 3:48,0.999,0.016377049,7.26E-07,3:48,1,180925,0,
2018-09-25 3:49,,0.016129032,0.000175376,3:49,1,180925,0,
2018-09-25 3:50,,0.016129032,7.26E-07,3:50,1,180925,0,
2018-09-25 3:51,,0.016129032,7.26E-07,3:51,1,180925,0,
2018-09-25 3:52,,0.016129032,7.26E-07,3:52,1,180925,0,
2018-09-25 3:53,,0.016129032,7.26E-07,3:53,1,180925,0,
2018-09-25 3:54,,0.016129032,7.26E-07,3:54,1,180925,0,
2018-09-25 3:55,,0.016129032,7.26E-07,3:55,1,180925,0,
2018-09-25 3:56,,0.016129032,7.26E-07,3:56,1,180925,0,
2018-09-25 3:57,,0.016129032,7.26E-07,3:57,1,180925,0,
2018-09-25 3:58,,0.016129032,7.26E-07,3:58,1,180925,0,
2018-09-25 3:59,,0.016129032,7.26E-07,3:59,1,180925,0,
2018-09-25 4:00,,0.016129032,7.26E-07,4:00,1,180925,0,
2018-09-25 4:01,,0.016129032,7.26E-07,4:01,1,180925,0,
2018-09-25 4:02,,0.016129032,7.26E-07,4:02,1,180925,0,
2018-09-25 4:03,,0.016129032,7.26E-07,4:03,1,180925,0,
2018-09-25 4:04,,0.016129032,7.26E-07,4:04,1,180925,0,
2018-09-25 4:05,,0.016129032,7.26E-07,4:05,1,180925,0,
2018-09-25 4:06,,0.016129032,7.26E-07,4:06,1,180925,0,
2018-09-25 4:07,,0.016129032,7.26E-07,4:07,1,180925,0,
2018-09-25 4:08,,0.016129032,7.26E-07,4:08,1,180925,0,
2018-09-25 4:09,,0.016129032,7.26E-07,4:09,1,180925,0,
2018-09-25 4:10,,0.016129032,7.26E-07,4:10,1,180925,0,
2018-09-25 4:11,,0.016129032,7.26E-07,4:11,1,180925,0,
2018-09-25 4:12,,0.016129032,7.26E-07,4:12,1,180925,0,
2018-09-25 4:13,,0.016129032,7.26E-07,4:13,1,180925,0,
2018-09-25 4:14,,0.016129032,7.26E-07,4:14,1,180925,0,
2018-09-25 4:15,,0.016129032,7.26E-07,4:15,1,180925,0,
2018-09-25 4:16,,0.016129032,7.26E-07,4:16,1,180925,0,
2018-09-25 4:17,,0.016129032,7.26E-07,4:17,1,180925,0,
2018-09-25 4:18,,0.016129032,7.26E-07,4:18,1,180925,0,
2018-09-25 4:19,,0.016129032,7.26E-07,4:19,1,180925,0,
2018-09-25 4:20,,0.016129032,7.26E-07,4:20,1,180925,0,
2018-09-25 4:21,,0.016129032,7.26E-07,4:21,1,180925,0,
2018-09-25 4:22,,0.016129032,7.26E-07,4:22,1,180925,0,
2018-09-25 4:23,,0.016129032,7.26E-07,4:23,1,180925,0,
2018-09-25 4:24,,0.016129032,7.26E-07,4:24,1,180925,0,
2018-09-25 4:25,,0.016129032,7.26E-07,4:25,1,180925,0,
2018-09-25 4:26,,0.016129032,7.26E-07,4:26,1,180925,0,
2018-09-25 4:27,,0.016129032,7.26E-07,4:27,1,180925,0,
2018-09-25 4:28,,0.016129032,7.26E-07,4:28,1,180925,0,
2018-09-25 4:29,,0.016129032,7.26E-07,4:29,1,180925,0,
2018-09-25 4:30,,0.016129032,7.26E-07,4:30,1,180925,0,
2018-09-25 4:31,,0.016129032,7.26E-07,4:31,1,180925,0,
2018-09-25 4:32,,0.016129032,7.26E-07,4:32,1,180925,0,
2018-09-25 4:33,,0.016129032,7.26E-07,4:33,1,180925,0,
2018-09-25 4:34,,0.016129032,7.26E-07,4:34,1,180925,0,
2018-09-25 4:35,,0.016129032,7.26E-07,4:35,1,180925,0,
2018-09-25 4:36,,0.016129032,7.26E-07,4:36,1,180925,0,
2018-09-25 4:37,,0.016129032,7.26E-07,4:37,1,180925,0,
2018-09-25 4:38,,0.016129032,7.26E-07,4:38,1,180925,0,
2018-09-25 4:39,,0.016129032,7.26E-07,4:39,1,180925,0,
2018-09-25 4:40,,0.016129032,7.26E-07,4:40,1,180925,0,
2018-09-25 4:41,,0.016129032,7.26E-07,4:41,1,180925,0,
2018-09-25 4:42,,0.016129032,7.26E-07,4:42,1,180925,0,
2018-09-25 4:43,,0.016129032,7.26E-07,4:43,1,180925,0,
2018-09-25 4:44,,0.016129032,7.26E-07,4:44,1,180925,0,
2018-09-25 4:45,,0.016129032,7.26E-07,4:45,1,180925,0,
2018-09-25 4:46,,0.016129032,7.26E-07,4:46,1,180925,0,
2018-09-25 4:47,,0.016129032,7.26E-07,4:47,1,180925,0,
2018-09-25 4:48,,0.016129032,7.26E-07,4:48,1,180925,0,
2018-09-25 4:49,,0.016129032,7.26E-07,4:49,1,180925,0,
2018-09-25 4:50,1,0.016129032,7.26E-07,4:50,1,180925,0,
2018-09-25 4:51,,0.016129032,7.26E-07,4:51,1,180925,0,
2018-09-25 4:52,,0.016129032,7.26E-07,4:52,1,180925,0,
2018-09-25 4:53,,0.016129032,7.26E-07,4:53,1,180925,0,
2018-09-25 4:54,,0.016129032,7.26E-07,4:54,1,180925,0,
2018-09-25 4:55,,0.016129032,7.26E-07,4:55,1,180925,0,
2018-09-25 4:56,,0.016129032,7.26E-07,4:56,1,180925,0,
2018-09-25 4:57,,0.016129032,7.26E-07,4:57,1,180925,0,
2018-09-25 4:58,,0.016129032,7.26E-07,4:58,1,180925,0,
2018-09-25 4:59,,0.016129032,7.26E-07,4:59,1,180925,0,
2018-09-25 5:00,,0.016129032,7.26E-07,5:00,1,180925,0,
2018-09-25 5:01,,0.016129032,7.26E-07,5:01,1,180925,0,
2018-09-25 5:02,,0.016129032,7.26E-07,5:02,1,180925,0,
2018-09-25 5:03,,0.016129032,7.26E-07,5:03,1,180925,0,
2018-09-25 5:04,,0.016129032,7.26E-07,5:04,1,180925,0,
2018-09-25 5:05,,0.016129032,7.26E-07,5:05,1,180925,0,
2018-09-25 5:06,,0.016129032,7.26E-07,5:06,1,180925,0,
2018-09-25 5:07,,0.016129032,7.26E-07,5:07,1,180925,0,
2018-09-25 5:08,,0.016129032,7.26E-07,5:08,1,180925,0,
2018-09-25 5:09,,0.016129032,7.26E-07,5:09,1,180925,0,
2018-09-25 5:10,,0.016129032,7.26E-07,5:10,1,180925,0,
2018-09-25 5:11,,0.016129032,7.26E-07,5:11,1,180925,0,
2018-09-25 5:12,,0.016129032,7.26E-07,5:12,1,180925,0,
2018-09-25 5:13,,0.016129032,7.26E-07,5:13,1,180925,0,
2018-09-25 5:14,,0.016129032,7.26E-07,5:14,1,180925,0,
2018-09-25 5:15,,0.016129032,7.26E-07,5:15,1,180925,0,
2018-09-25 5:16,,0.016129032,7.26E-07,5:16,1,180925,0,
2018-09-25 5:17,,0.016129032,7.26E-07,5:17,1,180925,0,
2018-09-25 5:18,,0.016129032,7.26E-07,5:18,1,180925,0,
2018-09-25 5:19,,0.016129032,7.26E-07,5:19,1,180925,0,
2018-09-25 5:20,,0.016129032,7.26E-07,5:20,1,180925,0,
2018-09-25 5:21,,0.016129032,7.26E-07,5:21,1,180925,0,
2018-09-25 5:22,,0.016129032,7.26E-07,5:22,1,180925,0,
2018-09-25 5:23,,0.016129032,7.26E-07,5:23,1,180925,0,
2018-09-25 5:24,,0.016129032,7.26E-07,5:24,1,180925,0,
2018-09-25 5:25,,0.016129032,7.26E-07,5:25,1,180925,0,
2018-09-25 5:26,,0.016129032,7.26E-07,5:26,1,180925,0,
2018-09-25 5:27,,0.016129032,7.26E-07,5:27,1,180925,0,
2018-09-25 5:28,,0.016129032,7.26E-07,5:28,1,180925,0,
2018-09-25 5:29,,0.016129032,7.26E-07,5:29,1,180925,0,
2018-09-25 5:30,,0.016129032,7.26E-07,5:30,1,180925,0,
2018-09-25 5:31,,0.016129032,7.26E-07,5:31,1,180925,0,
2018-09-25 5:32,,0.016129032,7.26E-07,5:32,1,180925,0,
2018-09-25 5:33,,0.016129032,7.26E-07,5:33,1,180925,0,
2018-09-25 5:34,,0.016129032,7.26E-07,5:34,1,180925,0,
2018-09-25 5:35,,0.016129032,7.26E-07,5:35,1,180925,0,
2018-09-25 5:36,,0.016129032,7.26E-07,5:36,1,180925,0,
2018-09-25 5:37,,0.016129032,7.26E-07,5:37,1,180925,0,
2018-09-25 5:38,,0.016129032,7.26E-07,5:38,1,180925,0,
2018-09-25 5:39,,0.016129032,7.26E-07,5:39,1,180925,0,
2018-09-25 5:40,,0.016129032,7.26E-07,5:40,1,180925,0,
2018-09-25 5:41,,0.016129032,7.26E-07,5:41,1,180925,0,
2018-09-25 5:42,,0.016129032,7.26E-07,5:42,1,180925,0,
2018-09-25 5:43,,0.016129032,7.26E-07,5:43,1,180925,0,
2018-09-25 5:44,,0.016129032,7.26E-07,5:44,1,180925,0,
2018-09-25 5:45,,0.016129032,7.26E-07,5:45,1,180925,0,
2018-09-25 5:46,,0.016129032,7.26E-07,5:46,1,180925,0,
2018-09-25 5:47,,0.016129032,7.26E-07,5:47,1,180925,0,
2018-09-25 5:48,,0.016129032,7.26E-07,5:48,1,180925,0,
2018-09-25 5:49,,0.016129032,7.26E-07,5:49,1,180925,0,
2018-09-25 5:50,,0.016129032,7.26E-07,5:50,1,180925,0,
2018-09-25 5:51,,0.016129032,7.26E-07,5:51,1,180925,0,
2018-09-25 5:52,1,0.016129032,7.26E-07,5:52,1,180925,0,
2018-09-25 5:53,,0.016112903,1.14E-05,5:53,1,180925,0,
2018-09-25 5:54,,0.016112903,7.26E-07,5:54,1,180925,0,
2018-09-25 5:55,,0.016112903,7.26E-07,5:55,1,180925,0,
2018-09-25 5:56,,0.016112903,7.26E-07,5:56,1,180925,0,
2018-09-25 5:57,,0.016112903,7.26E-07,5:57,1,180925,0,
2018-09-25 5:58,,0.016112903,7.26E-07,5:58,1,180925,0,
2018-09-25 5:59,,0.016112903,7.26E-07,5:59,1,180925,0,
2018-09-25 6:00,,0.016112903,7.26E-07,6:00,1,180925,0,
2018-09-25 6:01,,0.016112903,7.26E-07,6:01,1,180925,0,
2018-09-25 6:02,,0.016112903,7.26E-07,6:02,1,180925,0,
2018-09-25 6:03,,0.016112903,7.26E-07,6:03,1,180925,0,
2018-09-25 6:04,,0.016112903,7.26E-07,6:04,1,180925,0,
2018-09-25 6:05,,0.016112903,7.26E-07,6:05,1,180925,0,
2018-09-25 6:06,,0.016112903,7.26E-07,6:06,1,180925,0,
2018-09-25 6:07,,0.016112903,7.26E-07,6:07,1,180925,0,
2018-09-25 6:08,,0.016112903,7.26E-07,6:08,1,180925,0,
2018-09-25 6:09,,0.016112903,7.26E-07,6:09,1,180925,0,
2018-09-25 6:10,,0.016112903,7.26E-07,6:10,1,180925,0,
2018-09-25 6:11,,0.016112903,7.26E-07,6:11,1,180925,0,
2018-09-25 6:12,,0.016112903,7.26E-07,6:12,1,180925,0,
2018-09-25 6:13,,0.016112903,7.26E-07,6:13,1,180925,0,
2018-09-25 6:14,,0.016112903,7.26E-07,6:14,1,180925,0,
2018-09-25 6:15,,0.016112903,7.26E-07,6:15,1,180925,0,
2018-09-25 6:16,,0.016112903,7.26E-07,6:16,1,180925,0,
2018-09-25 6:17,,0.016112903,7.26E-07,6:17,1,180925,0,
2018-09-25 6:18,,0.016112903,7.26E-07,6:18,1,180925,0,
2018-09-25 6:19,,0.016112903,7.26E-07,6:19,1,180925,0,
2018-09-25 6:20,,0.016112903,7.26E-07,6:20,1,180925,0,
2018-09-25 6:21,,0.016112903,7.26E-07,6:21,1,180925,0,
2018-09-25 6:22,,0.016112903,7.26E-07,6:22,1,180925,0,
2018-09-25 6:23,,0.016112903,7.26E-07,6:23,1,180925,0,
2018-09-25 6:24,,0.016112903,7.26E-07,6:24,1,180925,0,
2018-09-25 6:25,,0.016112903,7.26E-07,6:25,1,180925,0,
2018-09-25 6:26,,0.016112903,7.26E-07,6:26,1,180925,0,
2018-09-25 6:27,,0.016112903,7.26E-07,6:27,1,180925,0,
2018-09-25 6:28,,0.016112903,7.26E-07,6:28,1,180925,0,
2018-09-25 6:29,,0.016112903,7.26E-07,6:29,1,180925,0,
2018-09-25 6:30,,0.016112903,7.26E-07,6:30,1,180925,0,
2018-09-25 6:31,,0.016112903,7.26E-07,6:31,1,180925,0,
2018-09-25 6:32,,0.016112903,7.26E-07,6:32,1,180925,0,
2018-09-25 6:33,,0.016112903,7.26E-07,6:33,1,180925,0,
2018-09-25 6:34,,0.016112903,7.26E-07,6:34,1,180925,0,
2018-09-25 6:35,,0.016112903,7.26E-07,6:35,1,180925,0,
2018-09-25 6:36,,0.016112903,7.26E-07,6:36,1,180925,0,
2018-09-25 6:37,,0.016112903,7.26E-07,6:37,1,180925,0,
2018-09-25 6:38,,0.016112903,7.26E-07,6:38,1,180925,0,
2018-09-25 6:39,,0.016112903,7.26E-07,6:39,1,180925,0,
2018-09-25 6:40,,0.016112903,7.26E-07,6:40,1,180925,0,
2018-09-25 6:41,,0.016112903,7.26E-07,6:41,1,180925,0,
2018-09-25 6:42,,0.016112903,7.26E-07,6:42,1,180925,0,
2018-09-25 6:43,,0.016112903,7.26E-07,6:43,1,180925,0,
2018-09-25 6:44,,0.016112903,7.26E-07,6:44,1,180925,0,
2018-09-25 6:45,,0.016112903,7.26E-07,6:45,1,180925,0,
2018-09-25 6:46,,0.016112903,7.26E-07,6:46,1,180925,0,
2018-09-25 6:47,,0.016112903,7.26E-07,6:47,1,180925,0,
2018-09-25 6:48,,0.016112903,7.26E-07,6:48,1,180925,0,
2018-09-25 6:49,,0.016112903,7.26E-07,6:49,1,180925,0,
2018-09-25 6:50,,0.016112903,7.26E-07,6:50,1,180925,0,
2018-09-25 6:51,,0.016112903,7.26E-07,6:51,1,180925,0,
2018-09-25 6:52,,0.016112903,7.26E-07,6:52,1,180925,0,
2018-09-25 6:53,,0.016112903,7.26E-07,6:53,1,180925,0,
2018-09-25 6:54,0.999,0.016112903,7.26E-07,6:54,1,180925,0,
2018-09-25 6:55,,0.016393443,0.000198373,6:55,1,180925,0,
2018-09-25 6:56,,0.016393443,7.26E-07,6:56,1,180925,0,
2018-09-25 6:57,,0.016393443,7.26E-07,6:57,1,180925,0,
2018-09-25 6:58,,0.016393443,7.26E-07,6:58,1,180925,0,
2018-09-25 6:59,,0.016393443,7.26E-07,6:59,1,180925,0,
2018-09-25 7:00,,0.016393443,7.26E-07,7:00,1,180925,0,
2018-09-25 7:01,,0.016393443,7.26E-07,7:01,1,180925,0,
2018-09-25 7:02,,0.016393443,7.26E-07,7:02,1,180925,0,
2018-09-25 7:03,,0.016393443,7.26E-07,7:03,1,180925,0,
2018-09-25 7:04,,0.016393443,7.26E-07,7:04,1,180925,0,
2018-09-25 7:05,,0.016393443,7.26E-07,7:05,1,180925,0,
2018-09-25 7:06,,0.016393443,7.26E-07,7:06,1,180925,0,
2018-09-25 7:07,,0.016393443,7.26E-07,7:07,1,180925,0,
2018-09-25 7:08,,0.016393443,7.26E-07,7:08,1,180925,0,
2018-09-25 7:09,,0.016393443,7.26E-07,7:09,1,180925,0,
2018-09-25 7:10,,0.016393443,7.26E-07,7:10,1,180925,0,
2018-09-25 7:11,,0.016393443,7.26E-07,7:11,1,180925,0,
2018-09-25 7:12,,0.016393443,7.26E-07,7:12,1,180925,0,
2018-09-25 7:13,,0.016393443,7.26E-07,7:13,1,180925,0,
2018-09-25 7:14,,0.016393443,7.26E-07,7:14,1,180925,0,
2018-09-25 7:15,,0.016393443,7.26E-07,7:15,1,180925,0,
2018-09-25 7:16,,0.016393443,7.26E-07,7:16,1,180925,0,
2018-09-25 7:17,,0.016393443,7.26E-07,7:17,1,180925,0,
2018-09-25 7:18,,0.016393443,7.26E-07,7:18,1,180925,0,
2018-09-25 7:19,,0.016393443,7.26E-07,7:19,1,180925,0,
2018-09-25 7:20,,0.016393443,7.26E-07,7:20,1,180925,0,
2018-09-25 7:21,,0.016393443,7.26E-07,7:21,1,180925,0,
2018-09-25 7:22,,0.016393443,7.26E-07,7:22,1,180925,0,
2018-09-25 7:23,,0.016393443,7.26E-07,7:23,1,180925,0,
2018-09-25 7:24,,0.016393443,7.26E-07,7:24,1,180925,0,
2018-09-25 7:25,,0.016393443,7.26E-07,7:25,1,180925,0,
2018-09-25 7:26,,0.016393443,7.26E-07,7:26,1,180925,0,
2018-09-25 7:27,,0.016393443,7.26E-07,7:27,1,180925,0,
2018-09-25 7:28,,0.016393443,7.26E-07,7:28,1,180925,0,
2018-09-25 7:29,,0.016393443,7.26E-07,7:29,1,180925,0,
2018-09-25 7:30,,0.016393443,7.26E-07,7:30,1,180925,0,
2018-09-25 7:31,,0.016393443,7.26E-07,7:31,1,180925,0,
2018-09-25 7:32,,0.016393443,7.26E-07,7:32,1,180925,0,
2018-09-25 7:33,,0.016393443,7.26E-07,7:33,1,180925,0,
2018-09-25 7:34,,0.016393443,7.26E-07,7:34,1,180925,0,
2018-09-25 7:35,,0.016393443,7.26E-07,7:35,1,180925,0,
2018-09-25 7:36,,0.016393443,7.26E-07,7:36,1,180925,0,
2018-09-25 7:37,,0.016393443,7.26E-07,7:37,1,180925,0,
2018-09-25 7:38,,0.016393443,7.26E-07,7:38,1,180925,0,
2018-09-25 7:39,,0.016393443,7.26E-07,7:39,1,180925,0,
2018-09-25 7:40,,0.016393443,7.26E-07,7:40,1,180925,0,
2018-09-25 7:41,,0.016393443,7.26E-07,7:41,1,180925,0,
2018-09-25 7:42,,0.016393443,7.26E-07,7:42,1,180925,0,
2018-09-25 7:43,,0.016393443,7.26E-07,7:43,1,180925,0,
2018-09-25 7:44,,0.016393443,7.26E-07,7:44,1,180925,0,
2018-09-25 7:45,,0.016393443,7.26E-07,7:45,1,180925,0,
2018-09-25 7:46,,0.016393443,7.26E-07,7:46,1,180925,0,
2018-09-25 7:47,,0.016393443,7.26E-07,7:47,1,180925,0,
2018-09-25 7:48,,0.016393443,7.26E-07,7:48,1,180925,0,
2018-09-25 7:49,,0.016393443,7.26E-07,7:49,1,180925,0,
2018-09-25 7:50,,0.016393443,7.26E-07,7:50,1,180925,0,
2018-09-25 7:51,,0.016393443,7.26E-07,7:51,1,180925,0,
2018-09-25 7:52,,0.016393443,7.26E-07,7:52,1,180925,0,
2018-09-25 7:53,,0.016393443,7.26E-07,7:53,1,180925,0,
2018-09-25 7:54,,0.016393443,7.26E-07,7:54,1,180925,0,
2018-09-25 7:55,1,0.016393443,7.26E-07,7:55,1,180925,0,
2018-09-25 7:56,,0.016112903,0.000198373,7:56,1,180925,0,
2018-09-25 7:57,,0.016112903,7.26E-07,7:57,1,180925,0,
2018-09-25 7:58,,0.016112903,7.26E-07,7:58,1,180925,0,
2018-09-25 7:59,,0.016112903,7.26E-07,7:59,1,180925,0,
2018-09-25 8:00,,0.016112903,7.26E-07,8:00,1,180925,0,
2018-09-25 8:01,,0.016112903,7.26E-07,8:01,1,180925,0,
2018-09-25 8:02,,0.016112903,7.26E-07,8:02,1,180925,0,
2018-09-25 8:03,,0.016112903,7.26E-07,8:03,1,180925,0,
2018-09-25 8:04,,0.016112903,7.26E-07,8:04,1,180925,0,
2018-09-25 8:05,,0.016112903,7.26E-07,8:05,1,180925,0,
2018-09-25 8:06,,0.016112903,7.26E-07,8:06,1,180925,0,
2018-09-25 8:07,,0.016112903,7.26E-07,8:07,1,180925,0,
2018-09-25 8:08,,0.016112903,7.26E-07,8:08,1,180925,0,
2018-09-25 8:09,,0.016112903,7.26E-07,8:09,1,180925,0,
2018-09-25 8:10,,0.016112903,7.26E-07,8:10,1,180925,0,
2018-09-25 8:11,,0.016112903,7.26E-07,8:11,1,180925,0,
2018-09-25 8:12,,0.016112903,7.26E-07,8:12,1,180925,0,
2018-09-25 8:13,,0.016112903,7.26E-07,8:13,1,180925,0,
2018-09-25 8:14,,0.016112903,7.26E-07,8:14,1,180925,0,
2018-09-25 8:15,,0.016112903,7.26E-07,8:15,1,180925,0,
2018-09-25 8:16,,0.016112903,7.26E-07,8:16,1,180925,0,
2018-09-25 8:17,,0.016112903,7.26E-07,8:17,1,180925,0,
2018-09-25 8:18,,0.016112903,7.26E-07,8:18,1,180925,0,
2018-09-25 8:19,,0.016112903,7.26E-07,8:19,1,180925,0,
2018-09-25 8:20,,0.016112903,7.26E-07,8:20,1,180925,0,
2018-09-25 8:21,,0.016112903,7.26E-07,8:21,1,180925,0,
2018-09-25 8:22,,0.016112903,7.26E-07,8:22,1,180925,0,
2018-09-25 8:23,,0.016112903,7.26E-07,8:23,1,180925,0,
2018-09-25 8:24,,0.016112903,7.26E-07,8:24,1,180925,0,
2018-09-25 8:25,,0.016112903,7.26E-07,8:25,1,180925,0,
2018-09-25 8:26,,0.016112903,7.26E-07,8:26,1,180925,0,
2018-09-25 8:27,,0.016112903,7.26E-07,8:27,1,180925,0,
2018-09-25 8:28,,0.016112903,7.26E-07,8:28,1,180925,0,
2018-09-25 8:29,,0.016112903,7.26E-07,8:29,1,180925,0,
2018-09-25 8:30,,0.016112903,7.26E-07,8:30,1,180925,0,
2018-09-25 8:31,,0.016112903,7.26E-07,8:31,1,180925,0,
2018-09-25 8:32,,0.016112903,7.26E-07,8:32,1,180925,0,
2018-09-25 8:33,,0.016112903,7.26E-07,8:33,1,180925,0,
2018-09-25 8:34,,0.016112903,7.26E-07,8:34,1,180925,0,
2018-09-25 8:35,,0.016112903,7.26E-07,8:35,1,180925,0,
2018-09-25 8:36,,0.016112903,7.26E-07,8:36,1,180925,0,
2018-09-25 8:37,,0.016112903,7.26E-07,8:37,1,180925,0,
2018-09-25 8:38,,0.016112903,7.26E-07,8:38,1,180925,0,
2018-09-25 8:39,,0.016112903,7.26E-07,8:39,1,180925,0,
2018-09-25 8:40,,0.016112903,7.26E-07,8:40,1,180925,0,
2018-09-25 8:41,,0.016112903,7.26E-07,8:41,1,180925,0,
2018-09-25 8:42,,0.016112903,7.26E-07,8:42,1,180925,0,
2018-09-25 8:43,,0.016112903,7.26E-07,8:43,1,180925,0,
2018-09-25 8:44,,0.016112903,7.26E-07,8:44,1,180925,0,
2018-09-25 8:45,,0.016112903,7.26E-07,8:45,1,180925,0,
2018-09-25 8:46,,0.016112903,7.26E-07,8:46,1,180925,0,
2018-09-25 8:47,,0.016112903,7.26E-07,8:47,1,180925,0,
2018-09-25 8:48,,0.016112903,7.26E-07,8:48,1,180925,0,
2018-09-25 8:49,,0.016112903,7.26E-07,8:49,1,180925,0,
2018-09-25 8:50,,0.016112903,7.26E-07,8:50,1,180925,0,
2018-09-25 8:51,,0.016112903,7.26E-07,8:51,1,180925,0,
2018-09-25 8:52,,0.016112903,7.26E-07,8:52,1,180925,0,
2018-09-25 8:53,,0.016112903,7.26E-07,8:53,1,180925,0,
2018-09-25 8:54,,0.016112903,7.26E-07,8:54,1,180925,0,
2018-09-25 8:55,,0.016112903,7.26E-07,8:55,1,180925,0,
2018-09-25 8:56,,0.016112903,7.26E-07,8:56,1,180925,0,
2018-09-25 8:57,0.999,0.016112903,7.26E-07,8:57,1,180925,0,
2018-09-25 8:58,,0.016129032,1.14E-05,8:58,1,180925,0,
2018-09-25 8:59,,0.016129032,7.26E-07,8:59,1,180925,0,
2018-09-25 9:00,,0.016129032,7.26E-07,9:00,1,180925,0,
2018-09-25 9:01,,0.016129032,7.26E-07,9:01,1,180925,0,
2018-09-25 9:02,,0.016129032,7.26E-07,9:02,1,180925,0,
2018-09-25 9:03,,0.016129032,7.26E-07,9:03,1,180925,0,
2018-09-25 9:04,,0.016129032,7.26E-07,9:04,1,180925,0,
2018-09-25 9:05,,0.016129032,7.26E-07,9:05,1,180925,0,
2018-09-25 9:06,,0.016129032,7.26E-07,9:06,1,180925,0,
2018-09-25 9:07,,0.016129032,7.26E-07,9:07,1,180925,0,
2018-09-25 9:08,,0.016129032,7.26E-07,9:08,1,180925,0,
2018-09-25 9:09,,0.016129032,7.26E-07,9:09,1,180925,0,
2018-09-25 9:10,,0.016129032,7.26E-07,9:10,1,180925,0,
2018-09-25 9:11,,0.016129032,7.26E-07,9:11,1,180925,0,
2018-09-25 9:12,,0.016129032,7.26E-07,9:12,1,180925,0,
2018-09-25 9:13,,0.016129032,7.26E-07,9:13,1,180925,0,
2018-09-25 9:14,,0.016129032,7.26E-07,9:14,1,180925,0,
2018-09-25 9:15,,0.016129032,7.26E-07,9:15,1,180925,0,
2018-09-25 9:16,,0.016129032,7.26E-07,9:16,1,180925,0,
2018-09-25 9:17,,0.016129032,7.26E-07,9:17,1,180925,0,
2018-09-25 9:18,,0.016129032,7.26E-07,9:18,1,180925,0,
2018-09-25 9:19,,0.016129032,7.26E-07,9:19,1,180925,0,
2018-09-25 9:20,,0.016129032,7.26E-07,9:20,1,180925,0,
2018-09-25 9:21,,0.016129032,7.26E-07,9:21,1,180925,0,
2018-09-25 9:22,,0.016129032,7.26E-07,9:22,1,180925,0,
2018-09-25 9:23,,0.016129032,7.26E-07,9:23,1,180925,0,
2018-09-25 9:24,,0.016129032,7.26E-07,9:24,1,180925,0,
2018-09-25 9:25,,0.016129032,7.26E-07,9:25,1,180925,0,
2018-09-25 9:26,,0.016129032,7.26E-07,9:26,1,180925,0,
2018-09-25 9:27,,0.016129032,7.26E-07,9:27,1,180925,0,
2018-09-25 9:28,,0.016129032,7.26E-07,9:28,1,180925,0,
2018-09-25 9:29,,0.016129032,7.26E-07,9:29,1,180925,0,
2018-09-25 9:30,,0.016129032,7.26E-07,9:30,1,180925,0,
2018-09-25 9:31,,0.016129032,7.26E-07,9:31,1,180925,0,
2018-09-25 9:32,,0.016129032,7.26E-07,9:32,1,180925,0,
2018-09-25 9:33,,0.016129032,7.26E-07,9:33,1,180925,0,
2018-09-25 9:34,,0.016129032,7.26E-07,9:34,1,180925,0,
2018-09-25 9:35,,0.016129032,7.26E-07,9:35,1,180925,0,
2018-09-25 9:36,,0.016129032,7.26E-07,9:36,1,180925,0,
2018-09-25 9:37,,0.016129032,7.26E-07,9:37,1,180925,0,
2018-09-25 9:38,,0.016129032,7.26E-07,9:38,1,180925,0,
2018-09-25 9:39,,0.016129032,7.26E-07,9:39,1,180925,0,
2018-09-25 9:40,,0.016129032,7.26E-07,9:40,1,180925,0,
2018-09-25 9:41,,0.016129032,7.26E-07,9:41,1,180925,0,
2018-09-25 9:42,,0.016129032,7.26E-07,9:42,1,180925,0,
2018-09-25 9:43,,0.016129032,7.26E-07,9:43,1,180925,0,
2018-09-25 9:44,,0.016129032,7.26E-07,9:44,1,180925,0,
2018-09-25 9:45,,0.016129032,7.26E-07,9:45,1,180925,0,
2018-09-25 9:46,,0.016129032,7.26E-07,9:46,1,180925,0,
2018-09-25 9:47,,0.016129032,7.26E-07,9:47,1,180925,0,
2018-09-25 9:48,,0.016129032,7.26E-07,9:48,1,180925,0,
2018-09-25 9:49,,0.016129032,7.26E-07,9:49,1,180925,0,
2018-09-25 9:50,,0.016129032,7.26E-07,9:50,1,180925,0,
2018-09-25 9:51,,0.016129032,7.26E-07,9:51,1,180925,0,
2018-09-25 9:52,,0.016129032,7.26E-07,9:52,1,180925,0,
2018-09-25 9:53,,0.016129032,7.26E-07,9:53,1,180925,0,
2018-09-25 9:54,,0.016129032,7.26E-07,9:54,1,180925,0,
2018-09-25 9:55,,0.016129032,7.26E-07,9:55,1,180925,0,
2018-09-25 9:56,,0.016129032,7.26E-07,9:56,1,180925,0,
2018-09-25 9:57,,0.016129032,7.26E-07,9:57,1,180925,0,
2018-09-25 9:58,,0.016129032,7.26E-07,9:58,1,180925,0,
2018-09-25 9:59,1,0.016129032,7.26E-07,9:59,1,180925,0,
2018-09-25 10:00,,0.016112903,1.14E-05,10:00,1,180925,0,
2018-09-25 10:01,,0.016112903,7.26E-07,10:01,1,180925,0,
2018-09-25 10:02,,0.016112903,7.26E-07,10:02,1,180925,0,
2018-09-25 10:03,,0.016112903,7.26E-07,10:03,1,180925,0,
2018-09-25 10:04,,0.016112903,7.26E-07,10:04,1,180925,0,
2018-09-25 10:05,,0.016112903,7.26E-07,10:05,1,180925,0,
2018-09-25 10:06,,0.016112903,7.26E-07,10:06,1,180925,0,
2018-09-25 10:07,,0.016112903,7.26E-07,10:07,1,180925,0,
2018-09-25 10:08,,0.016112903,7.26E-07,10:08,1,180925,0,
2018-09-25 10:09,,0.016112903,7.26E-07,10:09,1,180925,0,
2018-09-25 10:10,,0.016112903,7.26E-07,10:10,1,180925,0,
2018-09-25 10:11,,0.016112903,7.26E-07,10:11,1,180925,0,
2018-09-25 10:12,,0.016112903,7.26E-07,10:12,1,180925,0,
2018-09-25 10:13,,0.016112903,7.26E-07,10:13,1,180925,0,
2018-09-25 10:14,,0.016112903,7.26E-07,10:14,1,180925,0,
2018-09-25 10:15,,0.016112903,7.26E-07,10:15,1,180925,0,
2018-09-25 10:16,,0.016112903,7.26E-07,10:16,1,180925,0,
2018-09-25 10:17,,0.016112903,7.26E-07,10:17,1,180925,0,
2018-09-25 10:18,,0.016112903,7.26E-07,10:18,1,180925,0,
2018-09-25 10:19,,0.016112903,7.26E-07,10:19,1,180925,0,
2018-09-25 10:20,,0.016112903,7.26E-07,10:20,1,180925,0,
2018-09-25 10:21,,0.016112903,7.26E-07,10:21,1,180925,0,
2018-09-25 10:22,,0.016112903,7.26E-07,10:22,1,180925,0,
2018-09-25 10:23,,0.016112903,7.26E-07,10:23,1,180925,0,
2018-09-25 10:24,,0.016112903,7.26E-07,10:24,1,180925,0,
2018-09-25 10:25,,0.016112903,7.26E-07,10:25,1,180925,0,
2018-09-25 10:26,,0.016112903,7.26E-07,10:26,1,180925,0,
2018-09-25 10:27,,0.016112903,7.26E-07,10:27,1,180925,0,
2018-09-25 10:28,,0.016112903,7.26E-07,10:28,1,180925,0,
2018-09-25 10:29,,0.016112903,7.26E-07,10:29,1,180925,0,
2018-09-25 10:30,,0.016112903,7.26E-07,10:30,1,180925,0,
2018-09-25 10:31,,0.016112903,7.26E-07,10:31,1,180925,0,
2018-09-25 10:32,,0.016112903,7.26E-07,10:32,1,180925,0,
2018-09-25 10:33,,0.016112903,7.26E-07,10:33,1,180925,0,
2018-09-25 10:34,,0.016112903,7.26E-07,10:34,1,180925,0,
2018-09-25 10:35,,0.016112903,7.26E-07,10:35,1,180925,0,
2018-09-25 10:36,,0.016112903,7.26E-07,10:36,1,180925,0,
2018-09-25 10:37,,0.016112903,7.26E-07,10:37,1,180925,0,
2018-09-25 10:38,,0.016112903,7.26E-07,10:38,1,180925,0,
2018-09-25 10:39,,0.016112903,7.26E-07,10:39,1,180925,0,
2018-09-25 10:40,,0.016112903,7.26E-07,10:40,1,180925,0,
2018-09-25 10:41,,0.016112903,7.26E-07,10:41,1,180925,0,
2018-09-25 10:42,,0.016112903,7.26E-07,10:42,1,180925,0,
2018-09-25 10:43,,0.016112903,7.26E-07,10:43,1,180925,0,
2018-09-25 10:44,,0.016112903,7.26E-07,10:44,1,180925,0,
2018-09-25 10:45,,0.016112903,7.26E-07,10:45,1,180925,0,
2018-09-25 10:46,,0.016112903,7.26E-07,10:46,1,180925,0,
2018-09-25 10:47,,0.016112903,7.26E-07,10:47,1,180925,0,
2018-09-25 10:48,,0.016112903,7.26E-07,10:48,1,180925,0,
2018-09-25 10:49,,0.016112903,7.26E-07,10:49,1,180925,0,
2018-09-25 10:50,,0.016112903,7.26E-07,10:50,1,180925,0,
2018-09-25 10:51,,0.016112903,7.26E-07,10:51,1,180925,0,
2018-09-25 10:52,,0.016112903,7.26E-07,10:52,1,180925,0,
2018-09-25 10:53,,0.016112903,7.26E-07,10:53,1,180925,0,
2018-09-25 10:54,,0.016112903,7.26E-07,10:54,1,180925,0,
2018-09-25 10:55,,0.016112903,7.26E-07,10:55,1,180925,0,
2018-09-25 10:56,,0.016112903,7.26E-07,10:56,1,180925,0,
2018-09-25 10:57,,0.016112903,7.26E-07,10:57,1,180925,0,
2018-09-25 10:58,,0.016112903,7.26E-07,10:58,1,180925,0,
2018-09-25 10:59,,0.016112903,7.26E-07,10:59,1,180925,0,
2018-09-25 11:00,,0.016112903,7.26E-07,11:00,1,180925,0,
2018-09-25 11:01,0.999,0.016112903,7.26E-07,11:01,1,180925,0,
2018-09-25 11:02,,0.016393443,0.000198373,11:02,1,180925,0,
2018-09-25 11:03,,0.016393443,7.26E-07,11:03,1,180925,0,
2018-09-25 11:04,,0.016393443,7.26E-07,11:04,1,180925,0,
2018-09-25 11:05,,0.016393443,7.26E-07,11:05,1,180925,0,
2018-09-25 11:06,,0.016393443,7.26E-07,11:06,1,180925,0,
2018-09-25 11:07,,0.016393443,7.26E-07,11:07,1,180925,0,
2018-09-25 11:08,,0.016393443,7.26E-07,11:08,1,180925,0,
2018-09-25 11:09,,0.016393443,7.26E-07,11:09,1,180925,0,
2018-09-25 11:10,,0.016393443,7.26E-07,11:10,1,180925,0,
2018-09-25 11:11,,0.016393443,7.26E-07,11:11,1,180925,0,
2018-09-25 11:12,,0.016393443,7.26E-07,11:12,1,180925,0,
2018-09-25 11:13,,0.016393443,7.26E-07,11:13,1,180925,0,
2018-09-25 11:14,,0.016393443,7.26E-07,11:14,1,180925,0,
2018-09-25 11:15,,0.016393443,7.26E-07,11:15,1,180925,0,
2018-09-25 11:16,,0.016393443,7.26E-07,11:16,1,180925,0,
2018-09-25 11:17,,0.016393443,7.26E-07,11:17,1,180925,0,
2018-09-25 11:18,,0.016393443,7.26E-07,11:18,1,180925,0,
2018-09-25 11:19,,0.016393443,7.26E-07,11:19,1,180925,0,
2018-09-25 11:20,,0.016393443,7.26E-07,11:20,1,180925,0,
2018-09-25 11:21,,0.016393443,7.26E-07,11:21,1,180925,0,
2018-09-25 11:22,,0.016393443,7.26E-07,11:22,1,180925,0,
2018-09-25 11:23,,0.016393443,7.26E-07,11:23,1,180925,0,
2018-09-25 11:24,,0.016393443,7.26E-07,11:24,1,180925,0,
2018-09-25 11:25,,0.016393443,7.26E-07,11:25,1,180925,0,
2018-09-25 11:26,,0.016393443,7.26E-07,11:26,1,180925,0,
2018-09-25 11:27,,0.016393443,7.26E-07,11:27,1,180925,0,
2018-09-25 11:28,,0.016393443,7.26E-07,11:28,1,180925,0,
2018-09-25 11:29,,0.016393443,7.26E-07,11:29,1,180925,0,
2018-09-25 11:30,,0.016393443,7.26E-07,11:30,1,180925,0,
2018-09-25 11:31,,0.016393443,7.26E-07,11:31,1,180925,0,
2018-09-25 11:32,,0.016393443,7.26E-07,11:32,1,180925,0,
2018-09-25 11:33,,0.016393443,7.26E-07,11:33,1,180925,0,
2018-09-25 11:34,,0.016393443,7.26E-07,11:34,1,180925,0,
2018-09-25 11:35,,0.016393443,7.26E-07,11:35,1,180925,0,
2018-09-25 11:36,,0.016393443,7.26E-07,11:36,1,180925,0,
2018-09-25 11:37,,0.016393443,7.26E-07,11:37,1,180925,0,
2018-09-25 11:38,,0.016393443,7.26E-07,11:38,1,180925,0,
2018-09-25 11:39,,0.016393443,7.26E-07,11:39,1,180925,0,
2018-09-25 11:40,,0.016393443,7.26E-07,11:40,1,180925,0,
2018-09-25 11:41,,0.016393443,7.26E-07,11:41,1,180925,0,
2018-09-25 11:42,,0.016393443,7.26E-07,11:42,1,180925,0,
2018-09-25 11:43,,0.016393443,7.26E-07,11:43,1,180925,0,
2018-09-25 11:44,,0.016393443,7.26E-07,11:44,1,180925,0,
2018-09-25 11:45,,0.016393443,7.26E-07,11:45,1,180925,0,
2018-09-25 11:46,,0.016393443,7.26E-07,11:46,1,180925,0,
2018-09-25 11:47,,0.016393443,7.26E-07,11:47,1,180925,0,
2018-09-25 11:48,,0.016393443,7.26E-07,11:48,1,180925,0,
2018-09-25 11:49,,0.016393443,7.26E-07,11:49,1,180925,0,
2018-09-25 11:50,,0.016393443,7.26E-07,11:50,1,180925,0,
2018-09-25 11:51,,0.016393443,7.26E-07,11:51,1,180925,0,
2018-09-25 11:52,,0.016393443,7.26E-07,11:52,1,180925,0,
2018-09-25 11:53,,0.016393443,7.26E-07,11:53,1,180925,0,
2018-09-25 11:54,,0.016393443,7.26E-07,11:54,1,180925,0,
2018-09-25 11:55,,0.016393443,7.26E-07,11:55,1,180925,0,
2018-09-25 11:56,,0.016393443,7.26E-07,11:56,1,180925,0,
2018-09-25 11:57,,0.016393443,7.26E-07,11:57,1,180925,0,
2018-09-25 11:58,,0.016393443,7.26E-07,11:58,1,180925,0,
2018-09-25 11:59,,0.016393443,7.26E-07,11:59,1,180925,0,
2018-09-25 12:00,,0.016393443,7.26E-07,12:00,1,180925,0,
2018-09-25 12:01,,0.016393443,7.26E-07,12:01,1,180925,0,
2018-09-25 12:02,1,0.016393443,7.26E-07,12:02,1,180925,0,
2018-09-25 12:03,,0.015873016,0.000367998,12:03,1,180925,0,
2018-09-25 12:04,,0.015873016,7.26E-07,12:04,1,180925,0,
2018-09-25 12:05,,0.015873016,7.26E-07,12:05,1,180925,0,
2018-09-25 12:06,,0.015873016,7.26E-07,12:06,1,180925,0,
2018-09-25 12:07,,0.015873016,7.26E-07,12:07,1,180925,0,
2018-09-25 12:08,,0.015873016,7.26E-07,12:08,1,180925,0,
2018-09-25 12:09,,0.015873016,7.26E-07,12:09,1,180925,0,
2018-09-25 12:10,,0.015873016,7.26E-07,12:10,1,180925,0,
2018-09-25 12:11,,0.015873016,7.26E-07,12:11,1,180925,0,
2018-09-25 12:12,,0.015873016,7.26E-07,12:12,1,180925,0,
2018-09-25 12:13,,0.015873016,7.26E-07,12:13,1,180925,0,
2018-09-25 12:14,,0.015873016,7.26E-07,12:14,1,180925,0,
2018-09-25 12:15,,0.015873016,7.26E-07,12:15,1,180925,0,
2018-09-25 12:16,,0.015873016,7.26E-07,12:16,1,180925,0,
2018-09-25 12:17,,0.015873016,7.26E-07,12:17,1,180925,0,
2018-09-25 12:18,,0.015873016,7.26E-07,12:18,1,180925,0,
2018-09-25 12:19,,0.015873016,7.26E-07,12:19,1,180925,0,
2018-09-25 12:20,,0.015873016,7.26E-07,12:20,1,180925,0,
2018-09-25 12:21,,0.015873016,7.26E-07,12:21,1,180925,0,
2018-09-25 12:22,,0.015873016,7.26E-07,12:22,1,180925,0,
2018-09-25 12:23,,0.015873016,7.26E-07,12:23,1,180925,0,
2018-09-25 12:24,,0.015873016,7.26E-07,12:24,1,180925,0,
2018-09-25 12:25,,0.015873016,7.26E-07,12:25,1,180925,0,
2018-09-25 12:26,,0.015873016,7.26E-07,12:26,1,180925,0,
2018-09-25 12:27,,0.015873016,7.26E-07,12:27,1,180925,0,
2018-09-25 12:28,,0.015873016,7.26E-07,12:28,1,180925,0,
2018-09-25 12:29,,0.015873016,7.26E-07,12:29,1,180925,0,
2018-09-25 12:30,,0.015873016,7.26E-07,12:30,1,180925,0,
2018-09-25 12:31,,0.015873016,7.26E-07,12:31,1,180925,0,
2018-09-25 12:32,,0.015873016,7.26E-07,12:32,1,180925,0,
2018-09-25 12:33,,0.015873016,7.26E-07,12:33,1,180925,0,
2018-09-25 12:34,,0.015873016,7.26E-07,12:34,1,180925,0,
2018-09-25 12:35,,0.015873016,7.26E-07,12:35,1,180925,0,
2018-09-25 12:36,,0.015873016,7.26E-07,12:36,1,180925,0,
2018-09-25 12:37,,0.015873016,7.26E-07,12:37,1,180925,0,
2018-09-25 12:38,,0.015873016,7.26E-07,12:38,1,180925,0,
2018-09-25 12:39,,0.015873016,7.26E-07,12:39,1,180925,0,
2018-09-25 12:40,,0.015873016,7.26E-07,12:40,1,180925,0,
2018-09-25 12:41,,0.015873016,7.26E-07,12:41,1,180925,0,
2018-09-25 12:42,,0.015873016,7.26E-07,12:42,1,180925,0,
2018-09-25 12:43,,0.015873016,7.26E-07,12:43,1,180925,0,
2018-09-25 12:44,,0.015873016,7.26E-07,12:44,1,180925,0,
2018-09-25 12:45,,0.015873016,7.26E-07,12:45,1,180925,0,
2018-09-25 12:46,,0.015873016,7.26E-07,12:46,1,180925,0,
2018-09-25 12:47,,0.015873016,7.26E-07,12:47,1,180925,0,
2018-09-25 12:48,,0.015873016,7.26E-07,12:48,1,180925,0,
2018-09-25 12:49,,0.015873016,7.26E-07,12:49,1,180925,0,
2018-09-25 12:50,,0.015873016,7.26E-07,12:50,1,180925,0,
2018-09-25 12:51,,0.015873016,7.26E-07,12:51,1,180925,0,
2018-09-25 12:52,,0.015873016,7.26E-07,12:52,1,180925,0,
2018-09-25 12:53,,0.015873016,7.26E-07,12:53,1,180925,0,
2018-09-25 12:54,,0.015873016,7.26E-07,12:54,1,180925,0,
2018-09-25 12:55,,0.015873016,7.26E-07,12:55,1,180925,0,
2018-09-25 12:56,,0.015873016,7.26E-07,12:56,1,180925,0,
2018-09-25 12:57,,0.015873016,7.26E-07,12:57,1,180925,0,
2018-09-25 12:58,,0.015873016,7.26E-07,12:58,1,180925,0,
2018-09-25 12:59,,0.015873016,7.26E-07,12:59,1,180925,0,
2018-09-25 13:00,,0.015873016,7.26E-07,13:00,1,180925,0,
2018-09-25 13:01,,0.015873016,7.26E-07,13:01,1,180925,0,
2018-09-25 13:02,,0.015873016,7.26E-07,13:02,1,180925,0,
2018-09-25 13:03,,0.015873016,7.26E-07,13:03,1,180925,0,
2018-09-25 13:04,,0.015873016,7.26E-07,13:04,1,180925,0,
2018-09-25 13:05,1,0.015873016,7.26E-07,13:05,1,180925,0,
2018-09-25 13:06,,0.01665,0.000549411,13:06,1,180925,0,
2018-09-25 13:07,,0.01665,7.26E-07,13:07,1,180925,0,
2018-09-25 13:08,,0.01665,7.26E-07,13:08,1,180925,0,
2018-09-25 13:09,,0.01665,7.26E-07,13:09,1,180925,0,
2018-09-25 13:10,,0.01665,7.26E-07,13:10,1,180925,0,
2018-09-25 13:11,,0.01665,7.26E-07,13:11,1,180925,0,
2018-09-25 13:12,,0.01665,7.26E-07,13:12,1,180925,0,
2018-09-25 13:13,,0.01665,7.26E-07,13:13,1,180925,0,
2018-09-25 13:14,,0.01665,7.26E-07,13:14,1,180925,0,
2018-09-25 13:15,,0.01665,7.26E-07,13:15,1,180925,0,
2018-09-25 13:16,,0.01665,7.26E-07,13:16,1,180925,0,
2018-09-25 13:17,,0.01665,7.26E-07,13:17,1,180925,0,
2018-09-25 13:18,,0.01665,7.26E-07,13:18,1,180925,0,
2018-09-25 13:19,,0.01665,7.26E-07,13:19,1,180925,0,
2018-09-25 13:20,,0.01665,7.26E-07,13:20,1,180925,0,
2018-09-25 13:21,,0.01665,7.26E-07,13:21,1,180925,0,
2018-09-25 13:22,,0.01665,7.26E-07,13:22,1,180925,0,
2018-09-25 13:23,,0.01665,7.26E-07,13:23,1,180925,0,
2018-09-25 13:24,,0.01665,7.26E-07,13:24,1,180925,0,
2018-09-25 13:25,,0.01665,7.26E-07,13:25,1,180925,0,
2018-09-25 13:26,,0.01665,7.26E-07,13:26,1,180925,0,
2018-09-25 13:27,,0.01665,7.26E-07,13:27,1,180925,0,
2018-09-25 13:28,,0.01665,7.26E-07,13:28,1,180925,0,
2018-09-25 13:29,,0.01665,7.26E-07,13:29,1,180925,0,
2018-09-25 13:30,,0.01665,7.26E-07,13:30,1,180925,0,
2018-09-25 13:31,,0.01665,7.26E-07,13:31,1,180925,0,
2018-09-25 13:32,,0.01665,7.26E-07,13:32,1,180925,0,
2018-09-25 13:33,,0.01665,7.26E-07,13:33,1,180925,0,
2018-09-25 13:34,,0.01665,7.26E-07,13:34,1,180925,0,
2018-09-25 13:35,,0.01665,7.26E-07,13:35,1,180925,0,
2018-09-25 13:36,,0.01665,7.26E-07,13:36,1,180925,0,
2018-09-25 13:37,,0.01665,7.26E-07,13:37,1,180925,0,
2018-09-25 13:38,,0.01665,7.26E-07,13:38,1,180925,0,
2018-09-25 13:39,,0.01665,7.26E-07,13:39,1,180925,0,
2018-09-25 13:40,,0.01665,7.26E-07,13:40,1,180925,0,
2018-09-25 13:41,,0.01665,7.26E-07,13:41,1,180925,0,
2018-09-25 13:42,,0.01665,7.26E-07,13:42,1,180925,0,
2018-09-25 13:43,,0.01665,7.26E-07,13:43,1,180925,0,
2018-09-25 13:44,,0.01665,7.26E-07,13:44,1,180925,0,
2018-09-25 13:45,,0.01665,7.26E-07,13:45,1,180925,0,
2018-09-25 13:46,,0.01665,7.26E-07,13:46,1,180925,0,
2018-09-25 13:47,,0.01665,7.26E-07,13:47,1,180925,0,
2018-09-25 13:48,,0.01665,7.26E-07,13:48,1,180925,0,
2018-09-25 13:49,,0.01665,7.26E-07,13:49,1,180925,0,
2018-09-25 13:50,,0.01665,7.26E-07,13:50,1,180925,0,
2018-09-25 13:51,,0.01665,7.26E-07,13:51,1,180925,0,
2018-09-25 13:52,,0.01665,7.26E-07,13:52,1,180925,0,
2018-09-25 13:53,,0.01665,7.26E-07,13:53,1,180925,0,
2018-09-25 13:54,,0.01665,7.26E-07,13:54,1,180925,0,
2018-09-25 13:55,,0.01665,7.26E-07,13:55,1,180925,0,
2018-09-25 13:56,,0.01665,7.26E-07,13:56,1,180925,0,
2018-09-25 13:57,,0.01665,7.26E-07,13:57,1,180925,0,
2018-09-25 13:58,,0.01665,7.26E-07,13:58,1,180925,0,
2018-09-25 13:59,,0.01665,7.26E-07,13:59,1,180925,0,
2018-09-25 14:00,,0.01665,7.26E-07,14:00,1,180925,0,
2018-09-25 14:01,,0.01665,7.26E-07,14:01,1,180925,0,
2018-09-25 14:02,,0.01665,7.26E-07,14:02,1,180925,0,
2018-09-25 14:03,,0.01665,7.26E-07,14:03,1,180925,0,
2018-09-25 14:04,,0.01665,7.26E-07,14:04,1,180925,0,
2018-09-25 14:05,0.999,0.01665,7.26E-07,14:05,1,180925,0,
2018-09-25 14:06,,0.016129032,0.000368381,14:06,1,180925,0,
2018-09-25 14:07,,0.016129032,7.26E-07,14:07,1,180925,0,
2018-09-25 14:08,,0.016129032,7.26E-07,14:08,1,180925,0,
2018-09-25 14:09,,0.016129032,7.26E-07,14:09,1,180925,0,
2018-09-25 14:10,,0.016129032,7.26E-07,14:10,1,180925,0,
2018-09-25 14:11,,0.016129032,7.26E-07,14:11,1,180925,0,
2018-09-25 14:12,,0.016129032,7.26E-07,14:12,1,180925,0,
2018-09-25 14:13,,0.016129032,7.26E-07,14:13,1,180925,0,
2018-09-25 14:14,,0.016129032,7.26E-07,14:14,1,180925,0,
2018-09-25 14:15,,0.016129032,7.26E-07,14:15,1,180925,0,
2018-09-25 14:16,,0.016129032,7.26E-07,14:16,1,180925,0,
2018-09-25 14:17,,0.016129032,7.26E-07,14:17,1,180925,0,
2018-09-25 14:18,,0.016129032,7.26E-07,14:18,1,180925,0,
2018-09-25 14:19,,0.016129032,7.26E-07,14:19,1,180925,0,
2018-09-25 14:20,,0.016129032,7.26E-07,14:20,1,180925,0,
2018-09-25 14:21,,0.016129032,7.26E-07,14:21,1,180925,0,
2018-09-25 14:22,,0.016129032,7.26E-07,14:22,1,180925,0,
2018-09-25 14:23,,0.016129032,7.26E-07,14:23,1,180925,0,
2018-09-25 14:24,,0.016129032,7.26E-07,14:24,1,180925,0,
2018-09-25 14:25,,0.016129032,7.26E-07,14:25,1,180925,0,
2018-09-25 14:26,,0.016129032,7.26E-07,14:26,1,180925,0,
2018-09-25 14:27,,0.016129032,7.26E-07,14:27,1,180925,0,
2018-09-25 14:28,,0.016129032,7.26E-07,14:28,1,180925,0,
2018-09-25 14:29,,0.016129032,7.26E-07,14:29,1,180925,0,
2018-09-25 14:30,,0.016129032,7.26E-07,14:30,1,180925,0,
2018-09-25 14:31,,0.016129032,7.26E-07,14:31,1,180925,0,
2018-09-25 14:32,,0.016129032,7.26E-07,14:32,1,180925,0,
2018-09-25 14:33,,0.016129032,7.26E-07,14:33,1,180925,0,
2018-09-25 14:34,,0.016129032,7.26E-07,14:34,1,180925,0,
2018-09-25 14:35,,0.016129032,7.26E-07,14:35,1,180925,0,
2018-09-25 14:36,,0.016129032,7.26E-07,14:36,1,180925,0,
2018-09-25 14:37,,0.016129032,7.26E-07,14:37,1,180925,0,
2018-09-25 14:38,,0.016129032,7.26E-07,14:38,1,180925,0,
2018-09-25 14:39,,0.016129032,7.26E-07,14:39,1,180925,0,
2018-09-25 14:40,,0.016129032,7.26E-07,14:40,1,180925,0,
2018-09-25 14:41,,0.016129032,7.26E-07,14:41,1,180925,0,
2018-09-25 14:42,,0.016129032,7.26E-07,14:42,1,180925,0,
2018-09-25 14:43,,0.016129032,7.26E-07,14:43,1,180925,0,
2018-09-25 14:44,,0.016129032,7.26E-07,14:44,1,180925,0,
2018-09-25 14:45,,0.016129032,7.26E-07,14:45,1,180925,0,
2018-09-25 14:46,,0.016129032,7.26E-07,14:46,1,180925,0,
2018-09-25 14:47,,0.016129032,7.26E-07,14:47,1,180925,0,
2018-09-25 14:48,,0.016129032,7.26E-07,14:48,1,180925,0,
2018-09-25 14:49,,0.016129032,7.26E-07,14:49,1,180925,0,
2018-09-25 14:50,,0.016129032,7.26E-07,14:50,1,180925,0,
2018-09-25 14:51,,0.016129032,7.26E-07,14:51,1,180925,0,
2018-09-25 14:52,,0.016129032,7.26E-07,14:52,1,180925,0,
2018-09-25 14:53,,0.016129032,7.26E-07,14:53,1,180925,0,
2018-09-25 14:54,,0.016129032,7.26E-07,14:54,1,180925,0,
2018-09-25 14:55,,0.016129032,7.26E-07,14:55,1,180925,0,
2018-09-25 14:56,,0.016129032,7.26E-07,14:56,1,180925,0,
2018-09-25 14:57,,0.016129032,7.26E-07,14:57,1,180925,0,
2018-09-25 14:58,,0.016129032,7.26E-07,14:58,1,180925,0,
2018-09-25 14:59,,0.016129032,7.26E-07,14:59,1,180925,0,
2018-09-25 15:00,,0.016129032,7.26E-07,15:00,1,180925,0,
2018-09-25 15:01,,0.016129032,7.26E-07,15:01,1,180925,0,
2018-09-25 15:02,,0.016129032,7.26E-07,15:02,1,180925,0,
2018-09-25 15:03,,0.016129032,7.26E-07,15:03,1,180925,0,
2018-09-25 15:04,,0.016129032,7.26E-07,15:04,1,180925,0,
2018-09-25 15:05,,0.016129032,7.26E-07,15:05,1,180925,0,
2018-09-25 15:06,,0.016129032,7.26E-07,15:06,1,180925,0,
2018-09-25 15:07,1,0.016129032,7.26E-07,15:07,1,180925,0,
2018-09-25 15:08,,0.016377049,0.000175376,15:08,1,180925,0,
2018-09-25 15:09,,0.016377049,7.26E-07,15:09,1,180925,0,
2018-09-25 15:10,,0.016377049,7.26E-07,15:10,1,180925,0,
2018-09-25 15:11,,0.016377049,7.26E-07,15:11,1,180925,0,
2018-09-25 15:12,,0.016377049,7.26E-07,15:12,1,180925,0,
2018-09-25 15:13,,0.016377049,7.26E-07,15:13,1,180925,0,
2018-09-25 15:14,,0.016377049,7.26E-07,15:14,1,180925,0,
2018-09-25 15:15,,0.016377049,7.26E-07,15:15,1,180925,0,
2018-09-25 15:16,,0.016377049,7.26E-07,15:16,1,180925,0,
2018-09-25 15:17,,0.016377049,7.26E-07,15:17,1,180925,0,
2018-09-25 15:18,,0.016377049,7.26E-07,15:18,1,180925,0,
2018-09-25 15:19,,0.016377049,7.26E-07,15:19,1,180925,0,
2018-09-25 15:20,,0.016377049,7.26E-07,15:20,1,180925,0,
2018-09-25 15:21,,0.016377049,7.26E-07,15:21,1,180925,0,
2018-09-25 15:22,,0.016377049,7.26E-07,15:22,1,180925,0,
2018-09-25 15:23,,0.016377049,7.26E-07,15:23,1,180925,0,
2018-09-25 15:24,,0.016377049,7.26E-07,15:24,1,180925,0,
2018-09-25 15:25,,0.016377049,7.26E-07,15:25,1,180925,0,
2018-09-25 15:26,,0.016377049,7.26E-07,15:26,1,180925,0,
2018-09-25 15:27,,0.016377049,7.26E-07,15:27,1,180925,0,
2018-09-25 15:28,,0.016377049,7.26E-07,15:28,1,180925,0,
2018-09-25 15:29,,0.016377049,7.26E-07,15:29,1,180925,0,
2018-09-25 15:30,,0.016377049,7.26E-07,15:30,1,180925,0,
2018-09-25 15:31,,0.016377049,7.26E-07,15:31,1,180925,0,
2018-09-25 15:32,,0.016377049,7.26E-07,15:32,1,180925,0,
2018-09-25 15:33,,0.016377049,7.26E-07,15:33,1,180925,0,
2018-09-25 15:34,,0.016377049,7.26E-07,15:34,1,180925,0,
2018-09-25 15:35,,0.016377049,7.26E-07,15:35,1,180925,0,
2018-09-25 15:36,,0.016377049,7.26E-07,15:36,1,180925,0,
2018-09-25 15:37,,0.016377049,7.26E-07,15:37,1,180925,0,
2018-09-25 15:38,,0.016377049,7.26E-07,15:38,1,180925,0,
2018-09-25 15:39,,0.016377049,7.26E-07,15:39,1,180925,0,
2018-09-25 15:40,,0.016377049,7.26E-07,15:40,1,180925,0,
2018-09-25 15:41,,0.016377049,7.26E-07,15:41,1,180925,0,
2018-09-25 15:42,,0.016377049,7.26E-07,15:42,1,180925,0,
2018-09-25 15:43,,0.016377049,7.26E-07,15:43,1,180925,0,
2018-09-25 15:44,,0.016377049,7.26E-07,15:44,1,180925,0,
2018-09-25 15:45,,0.016377049,7.26E-07,15:45,1,180925,0,
2018-09-25 15:46,,0.016377049,7.26E-07,15:46,1,180925,0,
2018-09-25 15:47,,0.016377049,7.26E-07,15:47,1,180925,0,
2018-09-25 15:48,,0.016377049,7.26E-07,15:48,1,180925,0,
2018-09-25 15:49,,0.016377049,7.26E-07,15:49,1,180925,0,
2018-09-25 15:50,,0.016377049,7.26E-07,15:50,1,180925,0,
2018-09-25 15:51,,0.016377049,7.26E-07,15:51,1,180925,0,
2018-09-25 15:52,,0.016377049,7.26E-07,15:52,1,180925,0,
2018-09-25 15:53,,0.016377049,7.26E-07,15:53,1,180925,0,
2018-09-25 15:54,,0.016377049,7.26E-07,15:54,1,180925,0,
2018-09-25 15:55,,0.016377049,7.26E-07,15:55,1,180925,0,
2018-09-25 15:56,,0.016377049,7.26E-07,15:56,1,180925,0,
2018-09-25 15:57,,0.016377049,7.26E-07,15:57,1,180925,0,
2018-09-25 15:58,,0.016377049,7.26E-07,15:58,1,180925,0,
2018-09-25 15:59,,0.016377049,7.26E-07,15:59,1,180925,0,
2018-09-25 16:00,,0.016377049,7.26E-07,16:00,1,180925,0,
2018-09-25 16:01,,0.016377049,7.26E-07,16:01,1,180925,0,
2018-09-25 16:02,,0.016377049,7.26E-07,16:02,1,180925,0,
2018-09-25 16:03,,0.016377049,7.26E-07,16:03,1,180925,0,
2018-09-25 16:04,,0.016377049,7.26E-07,16:04,1,180925,0,
2018-09-25 16:05,,0.016377049,7.26E-07,16:05,1,180925,0,
2018-09-25 16:06,,0.016377049,7.26E-07,16:06,1,180925,0,
2018-09-25 16:07,,0.016377049,7.26E-07,16:07,1,180925,0,
2018-09-25 16:08,0.999,0.016377049,7.26E-07,16:08,1,180925,0,
2018-09-25 16:09,,0.016393443,1.16E-05,16:09,1,180925,0,
2018-09-25 16:10,,0.016393443,7.26E-07,16:10,1,180925,0,
2018-09-25 16:11,,0.016393443,7.26E-07,16:11,1,180925,0,
2018-09-25 16:12,,0.016393443,7.26E-07,16:12,1,180925,0,
2018-09-25 16:13,,0.016393443,7.26E-07,16:13,1,180925,0,
2018-09-25 16:14,,0.016393443,7.26E-07,16:14,1,180925,0,
2018-09-25 16:15,,0.016393443,7.26E-07,16:15,1,180925,0,
2018-09-25 16:16,,0.016393443,7.26E-07,16:16,1,180925,0,
2018-09-25 16:17,,0.016393443,7.26E-07,16:17,1,180925,0,
2018-09-25 16:18,,0.016393443,7.26E-07,16:18,1,180925,0,
2018-09-25 16:19,,0.016393443,7.26E-07,16:19,1,180925,0,
2018-09-25 16:20,,0.016393443,7.26E-07,16:20,1,180925,0,
2018-09-25 16:21,,0.016393443,7.26E-07,16:21,1,180925,0,
2018-09-25 16:22,,0.016393443,7.26E-07,16:22,1,180925,0,
2018-09-25 16:23,,0.016393443,7.26E-07,16:23,1,180925,0,
2018-09-25 16:24,,0.016393443,7.26E-07,16:24,1,180925,0,
2018-09-25 16:25,,0.016393443,7.26E-07,16:25,1,180925,0,
2018-09-25 16:26,,0.016393443,7.26E-07,16:26,1,180925,0,
2018-09-25 16:27,,0.016393443,7.26E-07,16:27,1,180925,0,
2018-09-25 16:28,,0.016393443,7.26E-07,16:28,1,180925,0,
2018-09-25 16:29,,0.016393443,7.26E-07,16:29,1,180925,0,
2018-09-25 16:30,,0.016393443,7.26E-07,16:30,1,180925,0,
2018-09-25 16:31,,0.016393443,7.26E-07,16:31,1,180925,0,
2018-09-25 16:32,,0.016393443,7.26E-07,16:32,1,180925,0,
2018-09-25 16:33,,0.016393443,7.26E-07,16:33,1,180925,0,
2018-09-25 16:34,,0.016393443,7.26E-07,16:34,1,180925,0,
2018-09-25 16:35,,0.016393443,7.26E-07,16:35,1,180925,0,
2018-09-25 16:36,,0.016393443,7.26E-07,16:36,1,180925,0,
2018-09-25 16:37,,0.016393443,7.26E-07,16:37,1,180925,0,
2018-09-25 16:38,,0.016393443,7.26E-07,16:38,1,180925,0,
2018-09-25 16:39,,0.016393443,7.26E-07,16:39,1,180925,0,
2018-09-25 16:40,,0.016393443,7.26E-07,16:40,1,180925,0,
2018-09-25 16:41,,0.016393443,7.26E-07,16:41,1,180925,0,
2018-09-25 16:42,,0.016393443,7.26E-07,16:42,1,180925,0,
2018-09-25 16:43,,0.016393443,7.26E-07,16:43,1,180925,0,
2018-09-25 16:44,,0.016393443,7.26E-07,16:44,1,180925,0,
2018-09-25 16:45,,0.016393443,7.26E-07,16:45,1,180925,0,
2018-09-25 16:46,,0.016393443,7.26E-07,16:46,1,180925,0,
2018-09-25 16:47,,0.016393443,7.26E-07,16:47,1,180925,0,
2018-09-25 16:48,,0.016393443,7.26E-07,16:48,1,180925,0,
2018-09-25 16:49,,0.016393443,7.26E-07,16:49,1,180925,0,
2018-09-25 16:50,,0.016393443,7.26E-07,16:50,1,180925,0,
2018-09-25 16:51,,0.016393443,7.26E-07,16:51,1,180925,0,
2018-09-25 16:52,,0.016393443,7.26E-07,16:52,1,180925,0,
2018-09-25 16:53,,0.016393443,7.26E-07,16:53,1,180925,0,
2018-09-25 16:54,,0.016393443,7.26E-07,16:54,1,180925,0,
2018-09-25 16:55,,0.016393443,7.26E-07,16:55,1,180925,0,
2018-09-25 16:56,,0.016393443,7.26E-07,16:56,1,180925,0,
2018-09-25 16:57,,0.016393443,7.26E-07,16:57,1,180925,0,
2018-09-25 16:58,,0.016393443,7.26E-07,16:58,1,180925,0,
2018-09-25 16:59,,0.016393443,7.26E-07,16:59,1,180925,0,
2018-09-25 17:00,,0.016393443,7.26E-07,17:00,1,180925,0,
2018-09-25 17:01,,0.016393443,7.26E-07,17:01,1,180925,0,
2018-09-25 17:02,,0.016393443,7.26E-07,17:02,1,180925,0,
2018-09-25 17:03,,0.016393443,7.26E-07,17:03,1,180925,0,
2018-09-25 17:04,,0.016393443,7.26E-07,17:04,1,180925,0,
2018-09-25 17:05,,0.016393443,7.26E-07,17:05,1,180925,0,
2018-09-25 17:06,,0.016393443,7.26E-07,17:06,1,180925,0,
2018-09-25 17:07,,0.016393443,7.26E-07,17:07,1,180925,0,
2018-09-25 17:08,,0.016393443,7.26E-07,17:08,1,180925,0,
2018-09-25 17:09,1,0.016393443,7.26E-07,17:09,1,180925,0,
2018-09-25 17:10,,0.016666667,0.0001932,17:10,1,180925,0,
2018-09-25 17:11,,0.016666667,7.26E-07,17:11,1,180925,0,
2018-09-25 17:12,,0.016666667,7.26E-07,17:12,1,180925,0,
2018-09-25 17:13,,0.016666667,7.26E-07,17:13,1,180925,0,
2018-09-25 17:14,,0.016666667,7.26E-07,17:14,1,180925,0,
2018-09-25 17:15,,0.016666667,7.26E-07,17:15,1,180925,0,
2018-09-25 17:16,,0.016666667,7.26E-07,17:16,1,180925,0,
2018-09-25 17:17,,0.016666667,7.26E-07,17:17,1,180925,0,
2018-09-25 17:18,,0.016666667,7.26E-07,17:18,1,180925,0,
2018-09-25 17:19,,0.016666667,7.26E-07,17:19,1,180925,0,
2018-09-25 17:20,,0.016666667,7.26E-07,17:20,1,180925,0,
2018-09-25 17:21,,0.016666667,7.26E-07,17:21,1,180925,0,
2018-09-25 17:22,,0.016666667,7.26E-07,17:22,1,180925,0,
2018-09-25 17:23,,0.016666667,7.26E-07,17:23,1,180925,0,
2018-09-25 17:24,,0.016666667,7.26E-07,17:24,1,180925,0,
2018-09-25 17:25,,0.016666667,7.26E-07,17:25,1,180925,0,
2018-09-25 17:26,,0.016666667,7.26E-07,17:26,1,180925,0,
2018-09-25 17:27,,0.016666667,7.26E-07,17:27,1,180925,0,
2018-09-25 17:28,,0.016666667,7.26E-07,17:28,1,180925,0,
2018-09-25 17:29,,0.016666667,7.26E-07,17:29,1,180925,0,
2018-09-25 17:30,,0.016666667,7.26E-07,17:30,1,180925,0,
2018-09-25 17:31,,0.016666667,7.26E-07,17:31,1,180925,0,
2018-09-25 17:32,,0.016666667,7.26E-07,17:32,1,180925,0,
2018-09-25 17:33,,0.016666667,7.26E-07,17:33,1,180925,0,
2018-09-25 17:34,,0.016666667,7.26E-07,17:34,1,180925,0,
2018-09-25 17:35,,0.016666667,7.26E-07,17:35,1,180925,0,
2018-09-25 17:36,,0.016666667,7.26E-07,17:36,1,180925,0,
2018-09-25 17:37,,0.016666667,7.26E-07,17:37,1,180925,0,
2018-09-25 17:38,,0.016666667,7.26E-07,17:38,1,180925,0,
2018-09-25 17:39,,0.016666667,7.26E-07,17:39,1,180925,0,
2018-09-25 17:40,,0.016666667,7.26E-07,17:40,1,180925,0,
2018-09-25 17:41,,0.016666667,7.26E-07,17:41,1,180925,0,
2018-09-25 17:42,,0.016666667,7.26E-07,17:42,1,180925,0,
2018-09-25 17:43,,0.016666667,7.26E-07,17:43,1,180925,0,
2018-09-25 17:44,,0.016666667,7.26E-07,17:44,1,180925,0,
2018-09-25 17:45,,0.016666667,7.26E-07,17:45,1,180925,0,
2018-09-25 17:46,,0.016666667,7.26E-07,17:46,1,180925,0,
2018-09-25 17:47,,0.016666667,7.26E-07,17:47,1,180925,0,
2018-09-25 17:48,,0.016666667,7.26E-07,17:48,1,180925,0,
2018-09-25 17:49,,0.016666667,7.26E-07,17:49,1,180925,0,
2018-09-25 17:50,,0.016666667,7.26E-07,17:50,1,180925,0,
2018-09-25 17:51,,0.016666667,7.26E-07,17:51,1,180925,0,
2018-09-25 17:52,,0.016666667,7.26E-07,17:52,1,180925,0,
2018-09-25 17:53,,0.016666667,7.26E-07,17:53,1,180925,0,
2018-09-25 17:54,,0.016666667,7.26E-07,17:54,1,180925,0,
2018-09-25 17:55,,0.016666667,7.26E-07,17:55,1,180925,0,
2018-09-25 17:56,,0.016666667,7.26E-07,17:56,1,180925,0,
2018-09-25 17:57,,0.016666667,7.26E-07,17:57,1,180925,0,
2018-09-25 17:58,,0.016666667,7.26E-07,17:58,1,180925,0,
2018-09-25 17:59,,0.016666667,7.26E-07,17:59,1,180925,0,
2018-09-25 18:00,,0.016666667,7.26E-07,18:00,1,180925,0,
2018-09-25 18:01,,0.016666667,7.26E-07,18:01,1,180925,0,
2018-09-25 18:02,,0.016666667,7.26E-07,18:02,1,180925,0,
2018-09-25 18:03,,0.016666667,7.26E-07,18:03,1,180925,0,
2018-09-25 18:04,,0.016666667,7.26E-07,18:04,1,180925,0,
2018-09-25 18:05,,0.016666667,7.26E-07,18:05,1,180925,0,
2018-09-25 18:06,,0.016666667,7.26E-07,18:06,1,180925,0,
2018-09-25 18:07,,0.016666667,7.26E-07,18:07,1,180925,0,
2018-09-25 18:08,,0.016666667,7.26E-07,18:08,1,180925,0,
2018-09-25 18:09,1,0.016666667,7.26E-07,18:09,1,180925,0,
2018-09-25 18:10,,0.01665,1.18E-05,18:10,1,180925,0,
2018-09-25 18:11,,0.01665,7.26E-07,18:11,1,180925,0,
2018-09-25 18:12,,0.01665,7.26E-07,18:12,1,180925,0,
2018-09-25 18:13,,0.01665,7.26E-07,18:13,1,180925,0,
2018-09-25 18:14,,0.01665,7.26E-07,18:14,1,180925,0,
2018-09-25 18:15,,0.01665,7.26E-07,18:15,1,180925,0,
2018-09-25 18:16,,0.01665,7.26E-07,18:16,1,180925,0,
2018-09-25 18:17,,0.01665,7.26E-07,18:17,1,180925,0,
2018-09-25 18:18,,0.01665,7.26E-07,18:18,1,180925,0,
2018-09-25 18:19,,0.01665,7.26E-07,18:19,1,180925,0,
2018-09-25 18:20,,0.01665,7.26E-07,18:20,1,180925,0,
2018-09-25 18:21,,0.01665,7.26E-07,18:21,1,180925,0,
2018-09-25 18:22,,0.01665,7.26E-07,18:22,1,180925,0,
2018-09-25 18:23,,0.01665,7.26E-07,18:23,1,180925,0,
2018-09-25 18:24,,0.01665,7.26E-07,18:24,1,180925,0,
2018-09-25 18:25,,0.01665,7.26E-07,18:25,1,180925,0,
2018-09-25 18:26,,0.01665,7.26E-07,18:26,1,180925,0,
2018-09-25 18:27,,0.01665,7.26E-07,18:27,1,180925,0,
2018-09-25 18:28,,0.01665,7.26E-07,18:28,1,180925,0,
2018-09-25 18:29,,0.01665,7.26E-07,18:29,1,180925,0,
2018-09-25 18:30,,0.01665,7.26E-07,18:30,1,180925,0,
2018-09-25 18:31,,0.01665,7.26E-07,18:31,1,180925,0,
2018-09-25 18:32,,0.01665,7.26E-07,18:32,1,180925,0,
2018-09-25 18:33,,0.01665,7.26E-07,18:33,1,180925,0,
2018-09-25 18:34,,0.01665,7.26E-07,18:34,1,180925,0,
2018-09-25 18:35,,0.01665,7.26E-07,18:35,1,180925,0,
2018-09-25 18:36,,0.01665,7.26E-07,18:36,1,180925,0,
2018-09-25 18:37,,0.01665,7.26E-07,18:37,1,180925,0,
2018-09-25 18:38,,0.01665,7.26E-07,18:38,1,180925,0,
2018-09-25 18:39,,0.01665,7.26E-07,18:39,1,180925,0,
2018-09-25 18:40,,0.01665,7.26E-07,18:40,1,180925,0,
2018-09-25 18:41,,0.01665,7.26E-07,18:41,1,180925,0,
2018-09-25 18:42,,0.01665,7.26E-07,18:42,1,180925,0,
2018-09-25 18:43,,0.01665,7.26E-07,18:43,1,180925,0,
2018-09-25 18:44,,0.01665,7.26E-07,18:44,1,180925,0,
2018-09-25 18:45,,0.01665,7.26E-07,18:45,1,180925,0,
2018-09-25 18:46,,0.01665,7.26E-07,18:46,1,180925,0,
2018-09-25 18:47,,0.01665,7.26E-07,18:47,1,180925,0,
2018-09-25 18:48,,0.01665,7.26E-07,18:48,1,180925,0,
2018-09-25 18:49,,0.01665,7.26E-07,18:49,1,180925,0,
2018-09-25 18:50,,0.01665,7.26E-07,18:50,1,180925,0,
2018-09-25 18:51,,0.01665,7.26E-07,18:51,1,180925,0,
2018-09-25 18:52,,0.01665,7.26E-07,18:52,1,180925,0,
2018-09-25 18:53,,0.01665,7.26E-07,18:53,1,180925,0,
2018-09-25 18:54,,0.01665,7.26E-07,18:54,1,180925,0,
2018-09-25 18:55,,0.01665,7.26E-07,18:55,1,180925,0,
2018-09-25 18:56,,0.01665,7.26E-07,18:56,1,180925,0,
2018-09-25 18:57,,0.01665,7.26E-07,18:57,1,180925,0,
2018-09-25 18:58,,0.01665,7.26E-07,18:58,1,180925,0,
2018-09-25 18:59,,0.01665,7.26E-07,18:59,1,180925,0,
2018-09-25 19:00,,0.01665,7.26E-07,19:00,1,180925,0,
2018-09-25 19:01,,0.01665,7.26E-07,19:01,1,180925,0,
2018-09-25 19:02,,0.01665,7.26E-07,19:02,1,180925,0,
2018-09-25 19:03,,0.01665,7.26E-07,19:03,1,180925,0,
2018-09-25 19:04,,0.01665,7.26E-07,19:04,1,180925,0,
2018-09-25 19:05,,0.01665,7.26E-07,19:05,1,180925,0,
2018-09-25 19:06,,0.01665,7.26E-07,19:06,1,180925,0,
2018-09-25 19:07,,0.01665,7.26E-07,19:07,1,180925,0,
2018-09-25 19:08,,0.01665,7.26E-07,19:08,1,180925,0,
2018-09-25 19:09,0.999,0.01665,7.26E-07,19:09,1,180925,0,
2018-09-25 19:10,,0.016666667,1.18E-05,19:10,1,180925,0,
2018-09-25 19:11,,0.016666667,7.26E-07,19:11,1,180925,0,
2018-09-25 19:12,,0.016666667,7.26E-07,19:12,1,180925,0,
2018-09-25 19:13,,0.016666667,7.26E-07,19:13,1,180925,0,
2018-09-25 19:14,,0.016666667,7.26E-07,19:14,1,180925,0,
2018-09-25 19:15,,0.016666667,7.26E-07,19:15,1,180925,0,
2018-09-25 19:16,,0.016666667,7.26E-07,19:16,1,180925,0,
2018-09-25 19:17,,0.016666667,7.26E-07,19:17,1,180925,0,
2018-09-25 19:18,,0.016666667,7.26E-07,19:18,1,180925,0,
2018-09-25 19:19,,0.016666667,7.26E-07,19:19,1,180925,0,
2018-09-25 19:20,,0.016666667,7.26E-07,19:20,1,180925,0,
2018-09-25 19:21,,0.016666667,7.26E-07,19:21,1,180925,0,
2018-09-25 19:22,,0.016666667,7.26E-07,19:22,1,180925,0,
2018-09-25 19:23,,0.016666667,7.26E-07,19:23,1,180925,0,
2018-09-25 19:24,,0.016666667,7.26E-07,19:24,1,180925,0,
2018-09-25 19:25,,0.016666667,7.26E-07,19:25,1,180925,0,
2018-09-25 19:26,,0.016666667,7.26E-07,19:26,1,180925,0,
2018-09-25 19:27,,0.016666667,7.26E-07,19:27,1,180925,0,
2018-09-25 19:28,,0.016666667,7.26E-07,19:28,1,180925,0,
2018-09-25 19:29,,0.016666667,7.26E-07,19:29,1,180925,0,
2018-09-25 19:30,,0.016666667,7.26E-07,19:30,1,180925,0,
2018-09-25 19:31,,0.016666667,7.26E-07,19:31,1,180925,0,
2018-09-25 19:32,,0.016666667,7.26E-07,19:32,1,180925,0,
2018-09-25 19:33,,0.016666667,7.26E-07,19:33,1,180925,0,
2018-09-25 19:34,,0.016666667,7.26E-07,19:34,1,180925,0,
2018-09-25 19:35,,0.016666667,7.26E-07,19:35,1,180925,0,
2018-09-25 19:36,,0.016666667,7.26E-07,19:36,1,180925,0,
2018-09-25 19:37,,0.016666667,7.26E-07,19:37,1,180925,0,
2018-09-25 19:38,,0.016666667,7.26E-07,19:38,1,180925,0,
2018-09-25 19:39,,0.016666667,7.26E-07,19:39,1,180925,0,
2018-09-25 19:40,,0.016666667,7.26E-07,19:40,1,180925,0,
2018-09-25 19:41,,0.016666667,7.26E-07,19:41,1,180925,0,
2018-09-25 19:42,,0.016666667,7.26E-07,19:42,1,180925,0,
2018-09-25 19:43,,0.016666667,7.26E-07,19:43,1,180925,0,
2018-09-25 19:44,,0.016666667,7.26E-07,19:44,1,180925,0,
2018-09-25 19:45,,0.016666667,7.26E-07,19:45,1,180925,0,
2018-09-25 19:46,,0.016666667,7.26E-07,19:46,1,180925,0,
2018-09-25 19:47,,0.016666667,7.26E-07,19:47,1,180925,0,
2018-09-25 19:48,,0.016666667,7.26E-07,19:48,1,180925,0,
2018-09-25 19:49,,0.016666667,7.26E-07,19:49,1,180925,0,
2018-09-25 19:50,,0.016666667,7.26E-07,19:50,1,180925,0,
2018-09-25 19:51,,0.016666667,7.26E-07,19:51,1,180925,0,
2018-09-25 19:52,,0.016666667,7.26E-07,19:52,1,180925,0,
2018-09-25 19:53,,0.016666667,7.26E-07,19:53,1,180925,0,
2018-09-25 19:54,,0.016666667,7.26E-07,19:54,1,180925,0,
2018-09-25 19:55,,0.016666667,7.26E-07,19:55,1,180925,0,
2018-09-25 19:56,,0.016666667,7.26E-07,19:56,1,180925,0,
2018-09-25 19:57,,0.016666667,7.26E-07,19:57,1,180925,0,
2018-09-25 19:58,,0.016666667,7.26E-07,19:58,1,180925,0,
2018-09-25 19:59,,0.016666667,7.26E-07,19:59,1,180925,0,
2018-09-25 20:00,,0.016666667,7.26E-07,20:00,1,180925,0,
2018-09-25 20:01,,0.016666667,7.26E-07,20:01,1,180925,0,
2018-09-25 20:02,,0.016666667,7.26E-07,20:02,1,180925,0,
2018-09-25 20:03,,0.016666667,7.26E-07,20:03,1,180925,0,
2018-09-25 20:04,,0.016666667,7.26E-07,20:04,1,180925,0,
2018-09-25 20:05,,0.016666667,7.26E-07,20:05,1,180925,0,
2018-09-25 20:06,,0.016666667,7.26E-07,20:06,1,180925,0,
2018-09-25 20:07,,0.016666667,7.26E-07,20:07,1,180925,0,
2018-09-25 20:08,,0.016666667,7.26E-07,20:08,1,180925,0,
2018-09-25 20:09,1,0.016666667,7.26E-07,20:09,1,180925,0,
2018-09-25 20:10,,0.01665,1.18E-05,20:10,1,180925,0,
2018-09-25 20:11,,0.01665,7.26E-07,20:11,1,180925,0,
2018-09-25 20:12,,0.01665,7.26E-07,20:12,1,180925,0,
2018-09-25 20:13,,0.01665,7.26E-07,20:13,1,180925,0,
2018-09-25 20:14,,0.01665,7.26E-07,20:14,1,180925,0,
2018-09-25 20:15,,0.01665,7.26E-07,20:15,1,180925,0,
2018-09-25 20:16,,0.01665,7.26E-07,20:16,1,180925,0,
2018-09-25 20:17,,0.01665,7.26E-07,20:17,1,180925,0,
2018-09-25 20:18,,0.01665,7.26E-07,20:18,1,180925,0,
2018-09-25 20:19,,0.01665,7.26E-07,20:19,1,180925,0,
2018-09-25 20:20,,0.01665,7.26E-07,20:20,1,180925,0,
2018-09-25 20:21,,0.01665,7.26E-07,20:21,1,180925,0,
2018-09-25 20:22,,0.01665,7.26E-07,20:22,1,180925,0,
2018-09-25 20:23,,0.01665,7.26E-07,20:23,1,180925,0,
2018-09-25 20:24,,0.01665,7.26E-07,20:24,1,180925,0,
2018-09-25 20:25,,0.01665,7.26E-07,20:25,1,180925,0,
2018-09-25 20:26,,0.01665,7.26E-07,20:26,1,180925,0,
2018-09-25 20:27,,0.01665,7.26E-07,20:27,1,180925,0,
2018-09-25 20:28,,0.01665,7.26E-07,20:28,1,180925,0,
2018-09-25 20:29,,0.01665,7.26E-07,20:29,1,180925,0,
2018-09-25 20:30,,0.01665,7.26E-07,20:30,1,180925,0,
2018-09-25 20:31,,0.01665,7.26E-07,20:31,1,180925,0,
2018-09-25 20:32,,0.01665,7.26E-07,20:32,1,180925,0,
2018-09-25 20:33,,0.01665,7.26E-07,20:33,1,180925,0,
2018-09-25 20:34,,0.01665,7.26E-07,20:34,1,180925,0,
2018-09-25 20:35,,0.01665,7.26E-07,20:35,1,180925,0,
2018-09-25 20:36,,0.01665,7.26E-07,20:36,1,180925,0,
2018-09-25 20:37,,0.01665,7.26E-07,20:37,1,180925,0,
2018-09-25 20:38,,0.01665,7.26E-07,20:38,1,180925,0,
2018-09-25 20:39,,0.01665,7.26E-07,20:39,1,180925,0,
2018-09-25 20:40,,0.01665,7.26E-07,20:40,1,180925,0,
2018-09-25 20:41,,0.01665,7.26E-07,20:41,1,180925,0,
2018-09-25 20:42,,0.01665,7.26E-07,20:42,1,180925,0,
2018-09-25 20:43,,0.01665,7.26E-07,20:43,1,180925,0,
2018-09-25 20:44,,0.01665,7.26E-07,20:44,1,180925,0,
2018-09-25 20:45,,0.01665,7.26E-07,20:45,1,180925,0,
2018-09-25 20:46,,0.01665,7.26E-07,20:46,1,180925,0,
2018-09-25 20:47,,0.01665,7.26E-07,20:47,1,180925,0,
2018-09-25 20:48,,0.01665,7.26E-07,20:48,1,180925,0,
2018-09-25 20:49,,0.01665,7.26E-07,20:49,1,180925,0,
2018-09-25 20:50,,0.01665,7.26E-07,20:50,1,180925,0,
2018-09-25 20:51,,0.01665,7.26E-07,20:51,1,180925,0,
2018-09-25 20:52,,0.01665,7.26E-07,20:52,1,180925,0,
2018-09-25 20:53,,0.01665,7.26E-07,20:53,1,180925,0,
2018-09-25 20:54,,0.01665,7.26E-07,20:54,1,180925,0,
2018-09-25 20:55,,0.01665,7.26E-07,20:55,1,180925,0,
2018-09-25 20:56,,0.01665,7.26E-07,20:56,1,180925,0,
2018-09-25 20:57,,0.01665,7.26E-07,20:57,1,180925,0,
2018-09-25 20:58,,0.01665,7.26E-07,20:58,1,180925,0,
2018-09-25 20:59,,0.01665,7.26E-07,20:59,1,180925,0,
2018-09-25 21:00,,0.01665,7.26E-07,21:00,1,180925,0,
2018-09-25 21:01,,0.01665,7.26E-07,21:01,1,180925,0,
2018-09-25 21:02,,0.01665,7.26E-07,21:02,1,180925,0,
2018-09-25 21:03,,0.01665,7.26E-07,21:03,1,180925,0,
2018-09-25 21:04,,0.01665,7.26E-07,21:04,1,180925,0,
2018-09-25 21:05,,0.01665,7.26E-07,21:05,1,180925,0,
2018-09-25 21:06,,0.01665,7.26E-07,21:06,1,180925,0,
2018-09-25 21:07,,0.01665,7.26E-07,21:07,1,180925,0,
2018-09-25 21:08,,0.01665,7.26E-07,21:08,1,180925,0,
2018-09-25 21:09,0.999,0.01665,7.26E-07,21:09,1,180925,0,
2018-09-25 21:10,,0.016666667,1.18E-05,21:10,1,180925,0,
2018-09-25 21:11,,0.016666667,7.26E-07,21:11,1,180925,0,
2018-09-25 21:12,,0.016666667,7.26E-07,21:12,1,180925,0,
2018-09-25 21:13,,0.016666667,7.26E-07,21:13,1,180925,0,
2018-09-25 21:14,,0.016666667,7.26E-07,21:14,1,180925,0,
2018-09-25 21:15,,0.016666667,7.26E-07,21:15,1,180925,0,
2018-09-25 21:16,,0.016666667,7.26E-07,21:16,1,180925,0,
2018-09-25 21:17,,0.016666667,7.26E-07,21:17,1,180925,0,
2018-09-25 21:18,,0.016666667,7.26E-07,21:18,1,180925,0,
2018-09-25 21:19,,0.016666667,7.26E-07,21:19,1,180925,0,
2018-09-25 21:20,,0.016666667,7.26E-07,21:20,1,180925,0,
2018-09-25 21:21,,0.016666667,7.26E-07,21:21,1,180925,0,
2018-09-25 21:22,,0.016666667,7.26E-07,21:22,1,180925,0,
2018-09-25 21:23,,0.016666667,7.26E-07,21:23,1,180925,0,
2018-09-25 21:24,,0.016666667,7.26E-07,21:24,1,180925,0,
2018-09-25 21:25,,0.016666667,7.26E-07,21:25,1,180925,0,
2018-09-25 21:26,,0.016666667,7.26E-07,21:26,1,180925,0,
2018-09-25 21:27,,0.016666667,7.26E-07,21:27,1,180925,0,
2018-09-25 21:28,,0.016666667,7.26E-07,21:28,1,180925,0,
2018-09-25 21:29,,0.016666667,7.26E-07,21:29,1,180925,0,
2018-09-25 21:30,,0.016666667,7.26E-07,21:30,1,180925,0,
2018-09-25 21:31,,0.016666667,7.26E-07,21:31,1,180925,0,
2018-09-25 21:32,,0.016666667,7.26E-07,21:32,1,180925,0,
2018-09-25 21:33,,0.016666667,7.26E-07,21:33,1,180925,0,
2018-09-25 21:34,,0.016666667,7.26E-07,21:34,1,180925,0,
2018-09-25 21:35,,0.016666667,7.26E-07,21:35,1,180925,0,
2018-09-25 21:36,,0.016666667,7.26E-07,21:36,1,180925,0,
2018-09-25 21:37,,0.016666667,7.26E-07,21:37,1,180925,0,
2018-09-25 21:38,,0.016666667,7.26E-07,21:38,1,180925,0,
2018-09-25 21:39,,0.016666667,7.26E-07,21:39,1,180925,0,
2018-09-25 21:40,,0.016666667,7.26E-07,21:40,1,180925,0,
2018-09-25 21:41,,0.016666667,7.26E-07,21:41,1,180925,0,
2018-09-25 21:42,,0.016666667,7.26E-07,21:42,1,180925,0,
2018-09-25 21:43,,0.016666667,7.26E-07,21:43,1,180925,0,
2018-09-25 21:44,,0.016666667,7.26E-07,21:44,1,180925,0,
2018-09-25 21:45,,0.016666667,7.26E-07,21:45,1,180925,0,
2018-09-25 21:46,,0.016666667,7.26E-07,21:46,1,180925,0,
2018-09-25 21:47,,0.016666667,7.26E-07,21:47,1,180925,0,
2018-09-25 21:48,,0.016666667,7.26E-07,21:48,1,180925,0,
2018-09-25 21:49,,0.016666667,7.26E-07,21:49,1,180925,0,
2018-09-25 21:50,,0.016666667,7.26E-07,21:50,1,180925,0,
2018-09-25 21:51,,0.016666667,7.26E-07,21:51,1,180925,0,
2018-09-25 21:52,,0.016666667,7.26E-07,21:52,1,180925,0,
2018-09-25 21:53,,0.016666667,7.26E-07,21:53,1,180925,0,
2018-09-25 21:54,,0.016666667,7.26E-07,21:54,1,180925,0,
2018-09-25 21:55,,0.016666667,7.26E-07,21:55,1,180925,0,
2018-09-25 21:56,,0.016666667,7.26E-07,21:56,1,180925,0,
2018-09-25 21:57,,0.016666667,7.26E-07,21:57,1,180925,0,
2018-09-25 21:58,,0.016666667,7.26E-07,21:58,1,180925,0,
2018-09-25 21:59,,0.016666667,7.26E-07,21:59,1,180925,0,
2018-09-25 22:00,,0.016666667,7.26E-07,22:00,1,180925,0,
2018-09-25 22:01,,0.016666667,7.26E-07,22:01,1,180925,0,
2018-09-25 22:02,,0.016666667,7.26E-07,22:02,1,180925,0,
2018-09-25 22:03,,0.016666667,7.26E-07,22:03,1,180925,0,
2018-09-25 22:04,,0.016666667,7.26E-07,22:04,1,180925,0,
2018-09-25 22:05,,0.016666667,7.26E-07,22:05,1,180925,0,
2018-09-25 22:06,,0.016666667,7.26E-07,22:06,1,180925,0,
2018-09-25 22:07,,0.016666667,7.26E-07,22:07,1,180925,0,
2018-09-25 22:08,,0.016666667,7.26E-07,22:08,1,180925,0,
2018-09-25 22:09,1,0.016666667,7.26E-07,22:09,1,180925,0,
2018-09-25 22:10,,0.016932203,0.000187764,22:10,1,180925,0,
2018-09-25 22:11,,0.016932203,7.26E-07,22:11,1,180925,0,
2018-09-25 22:12,,0.016932203,7.26E-07,22:12,1,180925,0,
2018-09-25 22:13,,0.016932203,7.26E-07,22:13,1,180925,0,
2018-09-25 22:14,,0.016932203,7.26E-07,22:14,1,180925,0,
2018-09-25 22:15,,0.016932203,7.26E-07,22:15,1,180925,0,
2018-09-25 22:16,,0.016932203,7.26E-07,22:16,1,180925,0,
2018-09-25 22:17,,0.016932203,7.26E-07,22:17,1,180925,0,
2018-09-25 22:18,,0.016932203,7.26E-07,22:18,1,180925,0,
2018-09-25 22:19,,0.016932203,7.26E-07,22:19,1,180925,0,
2018-09-25 22:20,,0.016932203,7.26E-07,22:20,1,180925,0,
2018-09-25 22:21,,0.016932203,7.26E-07,22:21,1,180925,0,
2018-09-25 22:22,,0.016932203,7.26E-07,22:22,1,180925,0,
2018-09-25 22:23,,0.016932203,7.26E-07,22:23,1,180925,0,
2018-09-25 22:24,,0.016932203,7.26E-07,22:24,1,180925,0,
2018-09-25 22:25,,0.016932203,7.26E-07,22:25,1,180925,0,
2018-09-25 22:26,,0.016932203,7.26E-07,22:26,1,180925,0,
2018-09-25 22:27,,0.016932203,7.26E-07,22:27,1,180925,0,
2018-09-25 22:28,,0.016932203,7.26E-07,22:28,1,180925,0,
2018-09-25 22:29,,0.016932203,7.26E-07,22:29,1,180925,0,
2018-09-25 22:30,,0.016932203,7.26E-07,22:30,1,180925,0,
2018-09-25 22:31,,0.016932203,7.26E-07,22:31,1,180925,0,
2018-09-25 22:32,,0.016932203,7.26E-07,22:32,1,180925,0,
2018-09-25 22:33,,0.016932203,7.26E-07,22:33,1,180925,0,
2018-09-25 22:34,,0.016932203,7.26E-07,22:34,1,180925,0,
2018-09-25 22:35,,0.016932203,7.26E-07,22:35,1,180925,0,
2018-09-25 22:36,,0.016932203,7.26E-07,22:36,1,180925,0,
2018-09-25 22:37,,0.016932203,7.26E-07,22:37,1,180925,0,
2018-09-25 22:38,,0.016932203,7.26E-07,22:38,1,180925,0,
2018-09-25 22:39,,0.016932203,7.26E-07,22:39,1,180925,0,
2018-09-25 22:40,,0.016932203,7.26E-07,22:40,1,180925,0,
2018-09-25 22:41,,0.016932203,7.26E-07,22:41,1,180925,0,
2018-09-25 22:42,,0.016932203,7.26E-07,22:42,1,180925,0,
2018-09-25 22:43,,0.016932203,7.26E-07,22:43,1,180925,0,
2018-09-25 22:44,,0.016932203,7.26E-07,22:44,1,180925,0,
2018-09-25 22:45,,0.016932203,7.26E-07,22:45,1,180925,0,
2018-09-25 22:46,,0.016932203,7.26E-07,22:46,1,180925,0,
2018-09-25 22:47,,0.016932203,7.26E-07,22:47,1,180925,0,
2018-09-25 22:48,,0.016932203,7.26E-07,22:48,1,180925,0,
2018-09-25 22:49,,0.016932203,7.26E-07,22:49,1,180925,0,
2018-09-25 22:50,,0.016932203,7.26E-07,22:50,1,180925,0,
2018-09-25 22:51,,0.016932203,7.26E-07,22:51,1,180925,0,
2018-09-25 22:52,,0.016932203,7.26E-07,22:52,1,180925,0,
2018-09-25 22:53,,0.016932203,7.26E-07,22:53,1,180925,0,
2018-09-25 22:54,,0.016932203,7.26E-07,22:54,1,180925,0,
2018-09-25 22:55,,0.016932203,7.26E-07,22:55,1,180925,0,
2018-09-25 22:56,,0.016932203,7.26E-07,22:56,1,180925,0,
2018-09-25 22:57,,0.016932203,7.26E-07,22:57,1,180925,0,
2018-09-25 22:58,,0.016932203,7.26E-07,22:58,1,180925,0,
2018-09-25 22:59,,0.016932203,7.26E-07,22:59,1,180925,0,
2018-09-25 23:00,,0.016932203,7.26E-07,23:00,1,180925,0,
2018-09-25 23:01,,0.016932203,7.26E-07,23:01,1,180925,0,
2018-09-25 23:02,,0.016932203,7.26E-07,23:02,1,180925,0,
2018-09-25 23:03,,0.016932203,7.26E-07,23:03,1,180925,0,
2018-09-25 23:04,,0.016932203,7.26E-07,23:04,1,180925,0,
2018-09-25 23:05,,0.016932203,7.26E-07,23:05,1,180925,0,
2018-09-25 23:06,,0.016932203,7.26E-07,23:06,1,180925,0,
2018-09-25 23:07,,0.016932203,7.26E-07,23:07,1,180925,0,
2018-09-25 23:08,0.999,0.016932203,7.26E-07,23:08,1,180925,0,
2018-09-25 23:09,,0.016666667,0.000187764,23:09,1,180925,0,
2018-09-25 23:10,,0.016666667,7.26E-07,23:10,1,180925,0,
2018-09-25 23:11,,0.016666667,7.26E-07,23:11,1,180925,0,
2018-09-25 23:12,,0.016666667,7.26E-07,23:12,1,180925,0,
2018-09-25 23:13,,0.016666667,7.26E-07,23:13,1,180925,0,
2018-09-25 23:14,,0.016666667,7.26E-07,23:14,1,180925,0,
2018-09-25 23:15,,0.016666667,7.26E-07,23:15,1,180925,0,
2018-09-25 23:16,,0.016666667,7.26E-07,23:16,1,180925,0,
2018-09-25 23:17,,0.016666667,7.26E-07,23:17,1,180925,0,
2018-09-25 23:18,,0.016666667,7.26E-07,23:18,1,180925,0,
2018-09-25 23:19,,0.016666667,7.26E-07,23:19,1,180925,0,
2018-09-25 23:20,,0.016666667,7.26E-07,23:20,1,180925,0,
2018-09-25 23:21,,0.016666667,7.26E-07,23:21,1,180925,0,
2018-09-25 23:22,,0.016666667,7.26E-07,23:22,1,180925,0,
2018-09-25 23:23,,0.016666667,7.26E-07,23:23,1,180925,0,
2018-09-25 23:24,,0.016666667,7.26E-07,23:24,1,180925,0,
2018-09-25 23:25,,0.016666667,7.26E-07,23:25,1,180925,0,
2018-09-25 23:26,,0.016666667,7.26E-07,23:26,1,180925,0,
2018-09-25 23:27,,0.016666667,7.26E-07,23:27,1,180925,0,
2018-09-25 23:28,,0.016666667,7.26E-07,23:28,1,180925,0,
2018-09-25 23:29,,0.016666667,7.26E-07,23:29,1,180925,0,
2018-09-25 23:30,,0.016666667,7.26E-07,23:30,1,180925,0,
2018-09-25 23:31,,0.016666667,7.26E-07,23:31,1,180925,0,
2018-09-25 23:32,,0.016666667,7.26E-07,23:32,1,180925,0,
2018-09-25 23:33,,0.016666667,7.26E-07,23:33,1,180925,0,
2018-09-25 23:34,,0.016666667,7.26E-07,23:34,1,180925,0,
2018-09-25 23:35,,0.016666667,7.26E-07,23:35,1,180925,0,
2018-09-25 23:36,,0.016666667,7.26E-07,23:36,1,180925,0,
2018-09-25 23:37,,0.016666667,7.26E-07,23:37,1,180925,0,
2018-09-25 23:38,,0.016666667,7.26E-07,23:38,1,180925,0,
2018-09-25 23:39,,0.016666667,7.26E-07,23:39,1,180925,0,
2018-09-25 23:40,,0.016666667,7.26E-07,23:40,1,180925,0,
2018-09-25 23:41,,0.016666667,7.26E-07,23:41,1,180925,0,
2018-09-25 23:42,,0.016666667,7.26E-07,23:42,1,180925,0,
2018-09-25 23:43,,0.016666667,7.26E-07,23:43,1,180925,0,
2018-09-25 23:44,,0.016666667,7.26E-07,23:44,1,180925,0,
2018-09-25 23:45,,0.016666667,7.26E-07,23:45,1,180925,0,
2018-09-25 23:46,,0.016666667,7.26E-07,23:46,1,180925,0,
2018-09-25 23:47,,0.016666667,7.26E-07,23:47,1,180925,0,
2018-09-25 23:48,,0.016666667,7.26E-07,23:48,1,180925,0,
2018-09-25 23:49,,0.016666667,7.26E-07,23:49,1,180925,0,
2018-09-25 23:50,,0.016666667,7.26E-07,23:50,1,180925,0,
2018-09-25 23:51,,0.016666667,7.26E-07,23:51,1,180925,0,
2018-09-25 23:52,,0.016666667,7.26E-07,23:52,1,180925,0,
2018-09-25 23:53,,0.016666667,7.26E-07,23:53,1,180925,0,
2018-09-25 23:54,,0.016666667,7.26E-07,23:54,1,180925,0,
2018-09-25 23:55,,0.016666667,7.26E-07,23:55,1,180925,0,
2018-09-25 23:56,,0.016666667,7.26E-07,23:56,1,180925,0,
2018-09-25 23:57,,0.016666667,7.26E-07,23:57,1,180925,0,
2018-09-25 23:58,,0.016666667,7.26E-07,23:58,1,180925,0,
2018-09-25 23:59,,0.016666667,7.26E-07,23:59,1,180925,0,
2018-09-26 0:00,,0.016666667,7.26E-07,0:00,2,180926,0,
2018-09-26 0:01,,0.016666667,7.26E-07,0:01,2,180926,0,
2018-09-26 0:02,,0.016666667,7.26E-07,0:02,2,180926,0,
2018-09-26 0:03,,0.016666667,7.26E-07,0:03,2,180926,0,
2018-09-26 0:04,,0.016666667,7.26E-07,0:04,2,180926,0,
2018-09-26 0:05,,0.016666667,7.26E-07,0:05,2,180926,0,
2018-09-26 0:06,,0.016666667,7.26E-07,0:06,2,180926,0,
2018-09-26 0:07,,0.016666667,7.26E-07,0:07,2,180926,0,
2018-09-26 0:08,1,0.016666667,7.26E-07,0:08,2,180926,0,
2018-09-26 0:09,,0.016666667,7.26E-07,0:09,2,180926,0,
2018-09-26 0:10,,0.016666667,7.26E-07,0:10,2,180926,0,
2018-09-26 0:11,,0.016666667,7.26E-07,0:11,2,180926,0,
2018-09-26 0:12,,0.016666667,7.26E-07,0:12,2,180926,0,
2018-09-26 0:13,,0.016666667,7.26E-07,0:13,2,180926,0,
2018-09-26 0:14,,0.016666667,7.26E-07,0:14,2,180926,0,
2018-09-26 0:15,,0.016666667,7.26E-07,0:15,2,180926,0,
2018-09-26 0:16,,0.016666667,7.26E-07,0:16,2,180926,0,
2018-09-26 0:17,,0.016666667,7.26E-07,0:17,2,180926,0,
2018-09-26 0:18,,0.016666667,7.26E-07,0:18,2,180926,0,
2018-09-26 0:19,,0.016666667,7.26E-07,0:19,2,180926,0,
2018-09-26 0:20,,0.016666667,7.26E-07,0:20,2,180926,0,
2018-09-26 0:21,,0.016666667,7.26E-07,0:21,2,180926,0,
2018-09-26 0:22,,0.016666667,7.26E-07,0:22,2,180926,0,
2018-09-26 0:23,,0.016666667,7.26E-07,0:23,2,180926,0,
2018-09-26 0:24,,0.016666667,7.26E-07,0:24,2,180926,0,
2018-09-26 0:25,,0.016666667,7.26E-07,0:25,2,180926,0,
2018-09-26 0:26,,0.016666667,7.26E-07,0:26,2,180926,0,
2018-09-26 0:27,,0.016666667,7.26E-07,0:27,2,180926,0,
2018-09-26 0:28,,0.016666667,7.26E-07,0:28,2,180926,0,
2018-09-26 0:29,,0.016666667,7.26E-07,0:29,2,180926,0,
2018-09-26 0:30,,0.016666667,7.26E-07,0:30,2,180926,0,
2018-09-26 0:31,,0.016666667,7.26E-07,0:31,2,180926,0,
2018-09-26 0:32,,0.016666667,7.26E-07,0:32,2,180926,0,
2018-09-26 0:33,,0.016666667,7.26E-07,0:33,2,180926,0,
2018-09-26 0:34,,0.016666667,7.26E-07,0:34,2,180926,0,
2018-09-26 0:35,,0.016666667,7.26E-07,0:35,2,180926,0,
2018-09-26 0:36,,0.016666667,7.26E-07,0:36,2,180926,0,
2018-09-26 0:37,,0.016666667,7.26E-07,0:37,2,180926,0,
2018-09-26 0:38,,0.016666667,7.26E-07,0:38,2,180926,0,
2018-09-26 0:39,,0.016666667,7.26E-07,0:39,2,180926,0,
2018-09-26 0:40,,0.016666667,7.26E-07,0:40,2,180926,0,
2018-09-26 0:41,,0.016666667,7.26E-07,0:41,2,180926,0,
2018-09-26 0:42,,0.016666667,7.26E-07,0:42,2,180926,0,
2018-09-26 0:43,,0.016666667,7.26E-07,0:43,2,180926,0,
2018-09-26 0:44,,0.016666667,7.26E-07,0:44,2,180926,0,
2018-09-26 0:45,,0.016666667,7.26E-07,0:45,2,180926,0,
2018-09-26 0:46,,0.016666667,7.26E-07,0:46,2,180926,0,
2018-09-26 0:47,,0.016666667,7.26E-07,0:47,2,180926,0,
2018-09-26 0:48,,0.016666667,7.26E-07,0:48,2,180926,0,
2018-09-26 0:49,,0.016666667,7.26E-07,0:49,2,180926,0,
2018-09-26 0:50,,0.016666667,7.26E-07,0:50,2,180926,0,
2018-09-26 0:51,,0.016666667,7.26E-07,0:51,2,180926,0,
2018-09-26 0:52,,0.016666667,7.26E-07,0:52,2,180926,0,
2018-09-26 0:53,,0.016666667,7.26E-07,0:53,2,180926,0,
2018-09-26 0:54,,0.016666667,7.26E-07,0:54,2,180926,0,
2018-09-26 0:55,,0.016666667,7.26E-07,0:55,2,180926,0,
2018-09-26 0:56,,0.016666667,7.26E-07,0:56,2,180926,0,
2018-09-26 0:57,,0.016666667,7.26E-07,0:57,2,180926,0,
2018-09-26 0:58,,0.016666667,7.26E-07,0:58,2,180926,0,
2018-09-26 0:59,,0.016666667,7.26E-07,0:59,2,180926,0,
2018-09-26 1:00,,0.016666667,7.26E-07,1:00,2,180926,0,
2018-09-26 1:01,,0.016666667,7.26E-07,1:01,2,180926,0,
2018-09-26 1:02,,0.016666667,7.26E-07,1:02,2,180926,0,
2018-09-26 1:03,,0.016666667,7.26E-07,1:03,2,180926,0,
2018-09-26 1:04,,0.016666667,7.26E-07,1:04,2,180926,0,
2018-09-26 1:05,,0.016666667,7.26E-07,1:05,2,180926,0,
2018-09-26 1:06,,0.016666667,7.26E-07,1:06,2,180926,0,
2018-09-26 1:07,,0.016666667,7.26E-07,1:07,2,180926,0,
2018-09-26 1:08,1,0.016666667,7.26E-07,1:08,2,180926,0,
2018-09-26 1:09,,0.016377049,0.000204792,1:09,2,180926,0,
2018-09-26 1:10,,0.016377049,7.26E-07,1:10,2,180926,0,
2018-09-26 1:11,,0.016377049,7.26E-07,1:11,2,180926,0,
2018-09-26 1:12,,0.016377049,7.26E-07,1:12,2,180926,0,
2018-09-26 1:13,,0.016377049,7.26E-07,1:13,2,180926,0,
2018-09-26 1:14,,0.016377049,7.26E-07,1:14,2,180926,0,
2018-09-26 1:15,,0.016377049,7.26E-07,1:15,2,180926,0,
2018-09-26 1:16,,0.016377049,7.26E-07,1:16,2,180926,0,
2018-09-26 1:17,,0.016377049,7.26E-07,1:17,2,180926,0,
2018-09-26 1:18,,0.016377049,7.26E-07,1:18,2,180926,0,
2018-09-26 1:19,,0.016377049,7.26E-07,1:19,2,180926,0,
2018-09-26 1:20,,0.016377049,7.26E-07,1:20,2,180926,0,
2018-09-26 1:21,,0.016377049,7.26E-07,1:21,2,180926,0,
2018-09-26 1:22,,0.016377049,7.26E-07,1:22,2,180926,0,
2018-09-26 1:23,,0.016377049,7.26E-07,1:23,2,180926,0,
2018-09-26 1:24,,0.016377049,7.26E-07,1:24,2,180926,0,
2018-09-26 1:25,,0.016377049,7.26E-07,1:25,2,180926,0,
2018-09-26 1:26,,0.016377049,7.26E-07,1:26,2,180926,0,
2018-09-26 1:27,,0.016377049,7.26E-07,1:27,2,180926,0,
2018-09-26 1:28,,0.016377049,7.26E-07,1:28,2,180926,0,
2018-09-26 1:29,,0.016377049,7.26E-07,1:29,2,180926,0,
2018-09-26 1:30,,0.016377049,7.26E-07,1:30,2,180926,0,
2018-09-26 1:31,,0.016377049,7.26E-07,1:31,2,180926,0,
2018-09-26 1:32,,0.016377049,7.26E-07,1:32,2,180926,0,
2018-09-26 1:33,,0.016377049,7.26E-07,1:33,2,180926,0,
2018-09-26 1:34,,0.016377049,7.26E-07,1:34,2,180926,0,
2018-09-26 1:35,,0.016377049,7.26E-07,1:35,2,180926,0,
2018-09-26 1:36,,0.016377049,7.26E-07,1:36,2,180926,0,
2018-09-26 1:37,,0.016377049,7.26E-07,1:37,2,180926,0,
2018-09-26 1:38,,0.016377049,7.26E-07,1:38,2,180926,0,
2018-09-26 1:39,,0.016377049,7.26E-07,1:39,2,180926,0,
2018-09-26 1:40,,0.016377049,7.26E-07,1:40,2,180926,0,
2018-09-26 1:41,,0.016377049,7.26E-07,1:41,2,180926,0,
2018-09-26 1:42,,0.016377049,7.26E-07,1:42,2,180926,0,
2018-09-26 1:43,,0.016377049,7.26E-07,1:43,2,180926,0,
2018-09-26 1:44,,0.016377049,7.26E-07,1:44,2,180926,0,
2018-09-26 1:45,,0.016377049,7.26E-07,1:45,2,180926,0,
2018-09-26 1:46,,0.016377049,7.26E-07,1:46,2,180926,0,
2018-09-26 1:47,,0.016377049,7.26E-07,1:47,2,180926,0,
2018-09-26 1:48,,0.016377049,7.26E-07,1:48,2,180926,0,
2018-09-26 1:49,,0.016377049,7.26E-07,1:49,2,180926,0,
2018-09-26 1:50,,0.016377049,7.26E-07,1:50,2,180926,0,
2018-09-26 1:51,,0.016377049,7.26E-07,1:51,2,180926,0,
2018-09-26 1:52,,0.016377049,7.26E-07,1:52,2,180926,0,
2018-09-26 1:53,,0.016377049,7.26E-07,1:53,2,180926,0,
2018-09-26 1:54,,0.016377049,7.26E-07,1:54,2,180926,0,
2018-09-26 1:55,,0.016377049,7.26E-07,1:55,2,180926,0,
2018-09-26 1:56,,0.016377049,7.26E-07,1:56,2,180926,0,
2018-09-26 1:57,,0.016377049,7.26E-07,1:57,2,180926,0,
2018-09-26 1:58,,0.016377049,7.26E-07,1:58,2,180926,0,
2018-09-26 1:59,,0.016377049,7.26E-07,1:59,2,180926,0,
2018-09-26 2:00,,0.016377049,7.26E-07,2:00,2,180926,0,
2018-09-26 2:01,,0.016377049,7.26E-07,2:01,2,180926,0,
2018-09-26 2:02,,0.016377049,7.26E-07,2:02,2,180926,0,
2018-09-26 2:03,,0.016377049,7.26E-07,2:03,2,180926,0,
2018-09-26 2:04,,0.016377049,7.26E-07,2:04,2,180926,0,
2018-09-26 2:05,,0.016377049,7.26E-07,2:05,2,180926,0,
2018-09-26 2:06,,0.016377049,7.26E-07,2:06,2,180926,0,
2018-09-26 2:07,,0.016377049,7.26E-07,2:07,2,180926,0,
2018-09-26 2:08,,0.016377049,7.26E-07,2:08,2,180926,0,
2018-09-26 2:09,0.999,0.016377049,7.26E-07,2:09,2,180926,0,
2018-09-26 2:10,,0.016393443,1.16E-05,2:10,2,180926,0,
2018-09-26 2:11,,0.016393443,7.26E-07,2:11,2,180926,0,
2018-09-26 2:12,,0.016393443,7.26E-07,2:12,2,180926,0,
2018-09-26 2:13,,0.016393443,7.26E-07,2:13,2,180926,0,
2018-09-26 2:14,,0.016393443,7.26E-07,2:14,2,180926,0,
2018-09-26 2:15,,0.016393443,7.26E-07,2:15,2,180926,0,
2018-09-26 2:16,,0.016393443,7.26E-07,2:16,2,180926,0,
2018-09-26 2:17,,0.016393443,7.26E-07,2:17,2,180926,0,
2018-09-26 2:18,,0.016393443,7.26E-07,2:18,2,180926,0,
2018-09-26 2:19,,0.016393443,7.26E-07,2:19,2,180926,0,
2018-09-26 2:20,,0.016393443,7.26E-07,2:20,2,180926,0,
2018-09-26 2:21,,0.016393443,7.26E-07,2:21,2,180926,0,
2018-09-26 2:22,,0.016393443,7.26E-07,2:22,2,180926,0,
2018-09-26 2:23,,0.016393443,7.26E-07,2:23,2,180926,0,
2018-09-26 2:24,,0.016393443,7.26E-07,2:24,2,180926,0,
2018-09-26 2:25,,0.016393443,7.26E-07,2:25,2,180926,0,
2018-09-26 2:26,,0.016393443,7.26E-07,2:26,2,180926,0,
2018-09-26 2:27,,0.016393443,7.26E-07,2:27,2,180926,0,
2018-09-26 2:28,,0.016393443,7.26E-07,2:28,2,180926,0,
2018-09-26 2:29,,0.016393443,7.26E-07,2:29,2,180926,0,
2018-09-26 2:30,,0.016393443,7.26E-07,2:30,2,180926,0,
2018-09-26 2:31,,0.016393443,7.26E-07,2:31,2,180926,0,
2018-09-26 2:32,,0.016393443,7.26E-07,2:32,2,180926,0,
2018-09-26 2:33,,0.016393443,7.26E-07,2:33,2,180926,0,
2018-09-26 2:34,,0.016393443,7.26E-07,2:34,2,180926,0,
2018-09-26 2:35,,0.016393443,7.26E-07,2:35,2,180926,0,
2018-09-26 2:36,,0.016393443,7.26E-07,2:36,2,180926,0,
2018-09-26 2:37,,0.016393443,7.26E-07,2:37,2,180926,0,
2018-09-26 2:38,,0.016393443,7.26E-07,2:38,2,180926,0,
2018-09-26 2:39,,0.016393443,7.26E-07,2:39,2,180926,0,
2018-09-26 2:40,,0.016393443,7.26E-07,2:40,2,180926,0,
2018-09-26 2:41,,0.016393443,7.26E-07,2:41,2,180926,0,
2018-09-26 2:42,,0.016393443,7.26E-07,2:42,2,180926,0,
2018-09-26 2:43,,0.016393443,7.26E-07,2:43,2,180926,0,
2018-09-26 2:44,,0.016393443,7.26E-07,2:44,2,180926,0,
2018-09-26 2:45,,0.016393443,7.26E-07,2:45,2,180926,0,
2018-09-26 2:46,,0.016393443,7.26E-07,2:46,2,180926,0,
2018-09-26 2:47,,0.016393443,7.26E-07,2:47,2,180926,0,
2018-09-26 2:48,,0.016393443,7.26E-07,2:48,2,180926,0,
2018-09-26 2:49,,0.016393443,7.26E-07,2:49,2,180926,0,
2018-09-26 2:50,,0.016393443,7.26E-07,2:50,2,180926,0,
2018-09-26 2:51,,0.016393443,7.26E-07,2:51,2,180926,0,
2018-09-26 2:52,,0.016393443,7.26E-07,2:52,2,180926,0,
2018-09-26 2:53,,0.016393443,7.26E-07,2:53,2,180926,0,
2018-09-26 2:54,,0.016393443,7.26E-07,2:54,2,180926,0,
2018-09-26 2:55,,0.016393443,7.26E-07,2:55,2,180926,0,
2018-09-26 2:56,,0.016393443,7.26E-07,2:56,2,180926,0,
2018-09-26 2:57,,0.016393443,7.26E-07,2:57,2,180926,0,
2018-09-26 2:58,,0.016393443,7.26E-07,2:58,2,180926,0,
2018-09-26 2:59,,0.016393443,7.26E-07,2:59,2,180926,0,
2018-09-26 3:00,,0.016393443,7.26E-07,3:00,2,180926,0,
2018-09-26 3:01,,0.016393443,7.26E-07,3:01,2,180926,0,
2018-09-26 3:02,,0.016393443,7.26E-07,3:02,2,180926,0,
2018-09-26 3:03,,0.016393443,7.26E-07,3:03,2,180926,0,
2018-09-26 3:04,,0.016393443,7.26E-07,3:04,2,180926,0,
2018-09-26 3:05,,0.016393443,7.26E-07,3:05,2,180926,0,
2018-09-26 3:06,,0.016393443,7.26E-07,3:06,2,180926,0,
2018-09-26 3:07,,0.016393443,7.26E-07,3:07,2,180926,0,
2018-09-26 3:08,,0.016393443,7.26E-07,3:08,2,180926,0,
2018-09-26 3:09,,0.016393443,7.26E-07,3:09,2,180926,0,
2018-09-26 3:10,1,0.016393443,7.26E-07,3:10,2,180926,0,
2018-09-26 3:11,,0.016112903,0.000198373,3:11,2,180926,0,
2018-09-26 3:12,,0.016112903,7.26E-07,3:12,2,180926,0,
2018-09-26 3:13,,0.016112903,7.26E-07,3:13,2,180926,0,
2018-09-26 3:14,,0.016112903,7.26E-07,3:14,2,180926,0,
2018-09-26 3:15,,0.016112903,7.26E-07,3:15,2,180926,0,
2018-09-26 3:16,,0.016112903,7.26E-07,3:16,2,180926,0,
2018-09-26 3:17,,0.016112903,7.26E-07,3:17,2,180926,0,
2018-09-26 3:18,,0.016112903,7.26E-07,3:18,2,180926,0,
2018-09-26 3:19,,0.016112903,7.26E-07,3:19,2,180926,0,
2018-09-26 3:20,,0.016112903,7.26E-07,3:20,2,180926,0,
2018-09-26 3:21,,0.016112903,7.26E-07,3:21,2,180926,0,
2018-09-26 3:22,,0.016112903,7.26E-07,3:22,2,180926,0,
2018-09-26 3:23,,0.016112903,7.26E-07,3:23,2,180926,0,
2018-09-26 3:24,,0.016112903,7.26E-07,3:24,2,180926,0,
2018-09-26 3:25,,0.016112903,7.26E-07,3:25,2,180926,0,
2018-09-26 3:26,,0.016112903,7.26E-07,3:26,2,180926,0,
2018-09-26 3:27,,0.016112903,7.26E-07,3:27,2,180926,0,
2018-09-26 3:28,,0.016112903,7.26E-07,3:28,2,180926,0,
2018-09-26 3:29,,0.016112903,7.26E-07,3:29,2,180926,0,
2018-09-26 3:30,,0.016112903,7.26E-07,3:30,2,180926,0,
2018-09-26 3:31,,0.016112903,7.26E-07,3:31,2,180926,0,
2018-09-26 3:32,,0.016112903,7.26E-07,3:32,2,180926,0,
2018-09-26 3:33,,0.016112903,7.26E-07,3:33,2,180926,0,
2018-09-26 3:34,,0.016112903,7.26E-07,3:34,2,180926,0,
2018-09-26 3:35,,0.016112903,7.26E-07,3:35,2,180926,0,
2018-09-26 3:36,,0.016112903,7.26E-07,3:36,2,180926,0,
2018-09-26 3:37,,0.016112903,7.26E-07,3:37,2,180926,0,
2018-09-26 3:38,,0.016112903,7.26E-07,3:38,2,180926,0,
2018-09-26 3:39,,0.016112903,7.26E-07,3:39,2,180926,0,
2018-09-26 3:40,,0.016112903,7.26E-07,3:40,2,180926,0,
2018-09-26 3:41,,0.016112903,7.26E-07,3:41,2,180926,0,
2018-09-26 3:42,,0.016112903,7.26E-07,3:42,2,180926,0,
2018-09-26 3:43,,0.016112903,7.26E-07,3:43,2,180926,0,
2018-09-26 3:44,,0.016112903,7.26E-07,3:44,2,180926,0,
2018-09-26 3:45,,0.016112903,7.26E-07,3:45,2,180926,0,
2018-09-26 3:46,,0.016112903,7.26E-07,3:46,2,180926,0,
2018-09-26 3:47,,0.016112903,7.26E-07,3:47,2,180926,0,
2018-09-26 3:48,,0.016112903,7.26E-07,3:48,2,180926,0,
2018-09-26 3:49,,0.016112903,7.26E-07,3:49,2,180926,0,
2018-09-26 3:50,,0.016112903,7.26E-07,3:50,2,180926,0,
2018-09-26 3:51,,0.016112903,7.26E-07,3:51,2,180926,0,
2018-09-26 3:52,,0.016112903,7.26E-07,3:52,2,180926,0,
2018-09-26 3:53,,0.016112903,7.26E-07,3:53,2,180926,0,
2018-09-26 3:54,,0.016112903,7.26E-07,3:54,2,180926,0,
2018-09-26 3:55,,0.016112903,7.26E-07,3:55,2,180926,0,
2018-09-26 3:56,,0.016112903,7.26E-07,3:56,2,180926,0,
2018-09-26 3:57,,0.016112903,7.26E-07,3:57,2,180926,0,
2018-09-26 3:58,,0.016112903,7.26E-07,3:58,2,180926,0,
2018-09-26 3:59,,0.016112903,7.26E-07,3:59,2,180926,0,
2018-09-26 4:00,,0.016112903,7.26E-07,4:00,2,180926,0,
2018-09-26 4:01,,0.016112903,7.26E-07,4:01,2,180926,0,
2018-09-26 4:02,,0.016112903,7.26E-07,4:02,2,180926,0,
2018-09-26 4:03,,0.016112903,7.26E-07,4:03,2,180926,0,
2018-09-26 4:04,,0.016112903,7.26E-07,4:04,2,180926,0,
2018-09-26 4:05,,0.016112903,7.26E-07,4:05,2,180926,0,
2018-09-26 4:06,,0.016112903,7.26E-07,4:06,2,180926,0,
2018-09-26 4:07,,0.016112903,7.26E-07,4:07,2,180926,0,
2018-09-26 4:08,,0.016112903,7.26E-07,4:08,2,180926,0,
2018-09-26 4:09,,0.016112903,7.26E-07,4:09,2,180926,0,
2018-09-26 4:10,,0.016112903,7.26E-07,4:10,2,180926,0,
2018-09-26 4:11,,0.016112903,7.26E-07,4:11,2,180926,0,
2018-09-26 4:12,0.999,0.016112903,7.26E-07,4:12,2,180926,0,
2018-09-26 4:13,,0.016393443,0.000198373,4:13,2,180926,0,
2018-09-26 4:14,,0.016393443,7.26E-07,4:14,2,180926,0,
2018-09-26 4:15,,0.016393443,7.26E-07,4:15,2,180926,0,
2018-09-26 4:16,,0.016393443,7.26E-07,4:16,2,180926,0,
2018-09-26 4:17,,0.016393443,7.26E-07,4:17,2,180926,0,
2018-09-26 4:18,,0.016393443,7.26E-07,4:18,2,180926,0,
2018-09-26 4:19,,0.016393443,7.26E-07,4:19,2,180926,0,
2018-09-26 4:20,,0.016393443,7.26E-07,4:20,2,180926,0,
2018-09-26 4:21,,0.016393443,7.26E-07,4:21,2,180926,0,
2018-09-26 4:22,,0.016393443,7.26E-07,4:22,2,180926,0,
2018-09-26 4:23,,0.016393443,7.26E-07,4:23,2,180926,0,
2018-09-26 4:24,,0.016393443,7.26E-07,4:24,2,180926,0,
2018-09-26 4:25,,0.016393443,7.26E-07,4:25,2,180926,0,
2018-09-26 4:26,,0.016393443,7.26E-07,4:26,2,180926,0,
2018-09-26 4:27,,0.016393443,7.26E-07,4:27,2,180926,0,
2018-09-26 4:28,,0.016393443,7.26E-07,4:28,2,180926,0,
2018-09-26 4:29,,0.016393443,7.26E-07,4:29,2,180926,0,
2018-09-26 4:30,,0.016393443,7.26E-07,4:30,2,180926,0,
2018-09-26 4:31,,0.016393443,7.26E-07,4:31,2,180926,0,
2018-09-26 4:32,,0.016393443,7.26E-07,4:32,2,180926,0,
2018-09-26 4:33,,0.016393443,7.26E-07,4:33,2,180926,0,
2018-09-26 4:34,,0.016393443,7.26E-07,4:34,2,180926,0,
2018-09-26 4:35,,0.016393443,7.26E-07,4:35,2,180926,0,
2018-09-26 4:36,,0.016393443,7.26E-07,4:36,2,180926,0,
2018-09-26 4:37,,0.016393443,7.26E-07,4:37,2,180926,0,
2018-09-26 4:38,,0.016393443,7.26E-07,4:38,2,180926,0,
2018-09-26 4:39,,0.016393443,7.26E-07,4:39,2,180926,0,
2018-09-26 4:40,,0.016393443,7.26E-07,4:40,2,180926,0,
2018-09-26 4:41,,0.016393443,7.26E-07,4:41,2,180926,0,
2018-09-26 4:42,,0.016393443,7.26E-07,4:42,2,180926,0,
2018-09-26 4:43,,0.016393443,7.26E-07,4:43,2,180926,0,
2018-09-26 4:44,,0.016393443,7.26E-07,4:44,2,180926,0,
2018-09-26 4:45,,0.016393443,7.26E-07,4:45,2,180926,0,
2018-09-26 4:46,,0.016393443,7.26E-07,4:46,2,180926,0,
2018-09-26 4:47,,0.016393443,7.26E-07,4:47,2,180926,0,
2018-09-26 4:48,,0.016393443,7.26E-07,4:48,2,180926,0,
2018-09-26 4:49,,0.016393443,7.26E-07,4:49,2,180926,0,
2018-09-26 4:50,,0.016393443,7.26E-07,4:50,2,180926,0,
2018-09-26 4:51,,0.016393443,7.26E-07,4:51,2,180926,0,
2018-09-26 4:52,,0.016393443,7.26E-07,4:52,2,180926,0,
2018-09-26 4:53,,0.016393443,7.26E-07,4:53,2,180926,0,
2018-09-26 4:54,,0.016393443,7.26E-07,4:54,2,180926,0,
2018-09-26 4:55,,0.016393443,7.26E-07,4:55,2,180926,0,
2018-09-26 4:56,,0.016393443,7.26E-07,4:56,2,180926,0,
2018-09-26 4:57,,0.016393443,7.26E-07,4:57,2,180926,0,
2018-09-26 4:58,,0.016393443,7.26E-07,4:58,2,180926,0,
2018-09-26 4:59,,0.016393443,7.26E-07,4:59,2,180926,0,
2018-09-26 5:00,,0.016393443,7.26E-07,5:00,2,180926,0,
2018-09-26 5:01,,0.016393443,7.26E-07,5:01,2,180926,0,
2018-09-26 5:02,,0.016393443,7.26E-07,5:02,2,180926,0,
2018-09-26 5:03,,0.016393443,7.26E-07,5:03,2,180926,0,
2018-09-26 5:04,,0.016393443,7.26E-07,5:04,2,180926,0,
2018-09-26 5:05,,0.016393443,7.26E-07,5:05,2,180926,0,
2018-09-26 5:06,,0.016393443,7.26E-07,5:06,2,180926,0,
2018-09-26 5:07,,0.016393443,7.26E-07,5:07,2,180926,0,
2018-09-26 5:08,,0.016393443,7.26E-07,5:08,2,180926,0,
2018-09-26 5:09,,0.016393443,7.26E-07,5:09,2,180926,0,
2018-09-26 5:10,,0.016393443,7.26E-07,5:10,2,180926,0,
2018-09-26 5:11,,0.016393443,7.26E-07,5:11,2,180926,0,
2018-09-26 5:12,,0.016393443,7.26E-07,5:12,2,180926,0,
2018-09-26 5:13,1,0.016393443,7.26E-07,5:13,2,180926,0,
2018-09-26 5:14,,0.016112903,0.000198373,5:14,2,180926,0,
2018-09-26 5:15,,0.016112903,7.26E-07,5:15,2,180926,0,
2018-09-26 5:16,,0.016112903,7.26E-07,5:16,2,180926,0,
2018-09-26 5:17,,0.016112903,7.26E-07,5:17,2,180926,0,
2018-09-26 5:18,,0.016112903,7.26E-07,5:18,2,180926,0,
2018-09-26 5:19,,0.016112903,7.26E-07,5:19,2,180926,0,
2018-09-26 5:20,,0.016112903,7.26E-07,5:20,2,180926,0,
2018-09-26 5:21,,0.016112903,7.26E-07,5:21,2,180926,0,
2018-09-26 5:22,,0.016112903,7.26E-07,5:22,2,180926,0,
2018-09-26 5:23,,0.016112903,7.26E-07,5:23,2,180926,0,
2018-09-26 5:24,,0.016112903,7.26E-07,5:24,2,180926,0,
2018-09-26 5:25,,0.016112903,7.26E-07,5:25,2,180926,0,
2018-09-26 5:26,,0.016112903,7.26E-07,5:26,2,180926,0,
2018-09-26 5:27,,0.016112903,7.26E-07,5:27,2,180926,0,
2018-09-26 5:28,,0.016112903,7.26E-07,5:28,2,180926,0,
2018-09-26 5:29,,0.016112903,7.26E-07,5:29,2,180926,0,
2018-09-26 5:30,,0.016112903,7.26E-07,5:30,2,180926,0,
2018-09-26 5:31,,0.016112903,7.26E-07,5:31,2,180926,0,
2018-09-26 5:32,,0.016112903,7.26E-07,5:32,2,180926,0,
2018-09-26 5:33,,0.016112903,7.26E-07,5:33,2,180926,0,
2018-09-26 5:34,,0.016112903,7.26E-07,5:34,2,180926,0,
2018-09-26 5:35,,0.016112903,7.26E-07,5:35,2,180926,0,
2018-09-26 5:36,,0.016112903,7.26E-07,5:36,2,180926,0,
2018-09-26 5:37,,0.016112903,7.26E-07,5:37,2,180926,0,
2018-09-26 5:38,,0.016112903,7.26E-07,5:38,2,180926,0,
2018-09-26 5:39,,0.016112903,7.26E-07,5:39,2,180926,0,
2018-09-26 5:40,,0.016112903,7.26E-07,5:40,2,180926,0,
2018-09-26 5:41,,0.016112903,7.26E-07,5:41,2,180926,0,
2018-09-26 5:42,,0.016112903,7.26E-07,5:42,2,180926,0,
2018-09-26 5:43,,0.016112903,7.26E-07,5:43,2,180926,0,
2018-09-26 5:44,,0.016112903,7.26E-07,5:44,2,180926,0,
2018-09-26 5:45,,0.016112903,7.26E-07,5:45,2,180926,0,
2018-09-26 5:46,,0.016112903,7.26E-07,5:46,2,180926,0,
2018-09-26 5:47,,0.016112903,7.26E-07,5:47,2,180926,0,
2018-09-26 5:48,,0.016112903,7.26E-07,5:48,2,180926,0,
2018-09-26 5:49,,0.016112903,7.26E-07,5:49,2,180926,0,
2018-09-26 5:50,,0.016112903,7.26E-07,5:50,2,180926,0,
2018-09-26 5:51,,0.016112903,7.26E-07,5:51,2,180926,0,
2018-09-26 5:52,,0.016112903,7.26E-07,5:52,2,180926,0,
2018-09-26 5:53,,0.016112903,7.26E-07,5:53,2,180926,0,
2018-09-26 5:54,,0.016112903,7.26E-07,5:54,2,180926,0,
2018-09-26 5:55,,0.016112903,7.26E-07,5:55,2,180926,0,
2018-09-26 5:56,,0.016112903,7.26E-07,5:56,2,180926,0,
2018-09-26 5:57,,0.016112903,7.26E-07,5:57,2,180926,0,
2018-09-26 5:58,,0.016112903,7.26E-07,5:58,2,180926,0,
2018-09-26 5:59,,0.016112903,7.26E-07,5:59,2,180926,0,
2018-09-26 6:00,,0.016112903,7.26E-07,6:00,2,180926,0,
2018-09-26 6:01,,0.016112903,7.26E-07,6:01,2,180926,0,
2018-09-26 6:02,,0.016112903,7.26E-07,6:02,2,180926,0,
2018-09-26 6:03,,0.016112903,7.26E-07,6:03,2,180926,0,
2018-09-26 6:04,,0.016112903,7.26E-07,6:04,2,180926,0,
2018-09-26 6:05,,0.016112903,7.26E-07,6:05,2,180926,0,
2018-09-26 6:06,,0.016112903,7.26E-07,6:06,2,180926,0,
2018-09-26 6:07,,0.016112903,7.26E-07,6:07,2,180926,0,
2018-09-26 6:08,,0.016112903,7.26E-07,6:08,2,180926,0,
2018-09-26 6:09,,0.016112903,7.26E-07,6:09,2,180926,0,
2018-09-26 6:10,,0.016112903,7.26E-07,6:10,2,180926,0,
2018-09-26 6:11,,0.016112903,7.26E-07,6:11,2,180926,0,
2018-09-26 6:12,,0.016112903,7.26E-07,6:12,2,180926,0,
2018-09-26 6:13,,0.016112903,7.26E-07,6:13,2,180926,0,
2018-09-26 6:14,,0.016112903,7.26E-07,6:14,2,180926,0,
2018-09-26 6:15,0.999,0.016112903,7.26E-07,6:15,2,180926,0,
2018-09-26 6:16,,0.016393443,0.000198373,6:16,2,180926,0,
2018-09-26 6:17,,0.016393443,7.26E-07,6:17,2,180926,0,
2018-09-26 6:18,,0.016393443,7.26E-07,6:18,2,180926,0,
2018-09-26 6:19,,0.016393443,7.26E-07,6:19,2,180926,0,
2018-09-26 6:20,,0.016393443,7.26E-07,6:20,2,180926,0,
2018-09-26 6:21,,0.016393443,7.26E-07,6:21,2,180926,0,
2018-09-26 6:22,,0.016393443,7.26E-07,6:22,2,180926,0,
2018-09-26 6:23,,0.016393443,7.26E-07,6:23,2,180926,0,
2018-09-26 6:24,,0.016393443,7.26E-07,6:24,2,180926,0,
2018-09-26 6:25,,0.016393443,7.26E-07,6:25,2,180926,0,
2018-09-26 6:26,,0.016393443,7.26E-07,6:26,2,180926,0,
2018-09-26 6:27,,0.016393443,7.26E-07,6:27,2,180926,0,
2018-09-26 6:28,,0.016393443,7.26E-07,6:28,2,180926,0,
2018-09-26 6:29,,0.016393443,7.26E-07,6:29,2,180926,0,
2018-09-26 6:30,,0.016393443,7.26E-07,6:30,2,180926,0,
2018-09-26 6:31,,0.016393443,7.26E-07,6:31,2,180926,0,
2018-09-26 6:32,,0.016393443,7.26E-07,6:32,2,180926,0,
2018-09-26 6:33,,0.016393443,7.26E-07,6:33,2,180926,0,
2018-09-26 6:34,,0.016393443,7.26E-07,6:34,2,180926,0,
2018-09-26 6:35,,0.016393443,7.26E-07,6:35,2,180926,0,
2018-09-26 6:36,,0.016393443,7.26E-07,6:36,2,180926,0,
2018-09-26 6:37,,0.016393443,7.26E-07,6:37,2,180926,0,
2018-09-26 6:38,,0.016393443,7.26E-07,6:38,2,180926,0,
2018-09-26 6:39,,0.016393443,7.26E-07,6:39,2,180926,0,
2018-09-26 6:40,,0.016393443,7.26E-07,6:40,2,180926,0,
2018-09-26 6:41,,0.016393443,7.26E-07,6:41,2,180926,0,
2018-09-26 6:42,,0.016393443,7.26E-07,6:42,2,180926,0,
2018-09-26 6:43,,0.016393443,7.26E-07,6:43,2,180926,0,
2018-09-26 6:44,,0.016393443,7.26E-07,6:44,2,180926,0,
2018-09-26 6:45,,0.016393443,7.26E-07,6:45,2,180926,0,
2018-09-26 6:46,,0.016393443,7.26E-07,6:46,2,180926,0,
2018-09-26 6:47,,0.016393443,7.26E-07,6:47,2,180926,0,
2018-09-26 6:48,,0.016393443,7.26E-07,6:48,2,180926,0,
2018-09-26 6:49,,0.016393443,7.26E-07,6:49,2,180926,0,
2018-09-26 6:50,,0.016393443,7.26E-07,6:50,2,180926,0,
2018-09-26 6:51,,0.016393443,7.26E-07,6:51,2,180926,0,
2018-09-26 6:52,,0.016393443,7.26E-07,6:52,2,180926,0,
2018-09-26 6:53,,0.016393443,7.26E-07,6:53,2,180926,0,
2018-09-26 6:54,,0.016393443,7.26E-07,6:54,2,180926,0,
2018-09-26 6:55,,0.016393443,7.26E-07,6:55,2,180926,0,
2018-09-26 6:56,,0.016393443,7.26E-07,6:56,2,180926,0,
2018-09-26 6:57,,0.016393443,7.26E-07,6:57,2,180926,0,
2018-09-26 6:58,,0.016393443,7.26E-07,6:58,2,180926,0,
2018-09-26 6:59,,0.016393443,7.26E-07,6:59,2,180926,0,
2018-09-26 7:00,,0.016393443,7.26E-07,7:00,2,180926,0,
2018-09-26 7:01,,0.016393443,7.26E-07,7:01,2,180926,0,
2018-09-26 7:02,,0.016393443,7.26E-07,7:02,2,180926,0,
2018-09-26 7:03,,0.016393443,7.26E-07,7:03,2,180926,0,
2018-09-26 7:04,,0.016393443,7.26E-07,7:04,2,180926,0,
2018-09-26 7:05,,0.016393443,7.26E-07,7:05,2,180926,0,
2018-09-26 7:06,,0.016393443,7.26E-07,7:06,2,180926,0,
2018-09-26 7:07,,0.016393443,7.26E-07,7:07,2,180926,0,
2018-09-26 7:08,,0.016393443,7.26E-07,7:08,2,180926,0,
2018-09-26 7:09,,0.016393443,7.26E-07,7:09,2,180926,0,
2018-09-26 7:10,,0.016393443,7.26E-07,7:10,2,180926,0,
2018-09-26 7:11,,0.016393443,7.26E-07,7:11,2,180926,0,
2018-09-26 7:12,,0.016393443,7.26E-07,7:12,2,180926,0,
2018-09-26 7:13,,0.016393443,7.26E-07,7:13,2,180926,0,
2018-09-26 7:14,,0.016393443,7.26E-07,7:14,2,180926,0,
2018-09-26 7:15,,0.016393443,7.26E-07,7:15,2,180926,0,
2018-09-26 7:16,1,0.016393443,7.26E-07,7:16,2,180926,0,
2018-09-26 7:17,,0.016129032,0.000186968,7:17,2,180926,0,
2018-09-26 7:18,,0.016129032,7.26E-07,7:18,2,180926,0,
2018-09-26 7:19,,0.016129032,7.26E-07,7:19,2,180926,0,
2018-09-26 7:20,,0.016129032,7.26E-07,7:20,2,180926,0,
2018-09-26 7:21,,0.016129032,7.26E-07,7:21,2,180926,0,
2018-09-26 7:22,,0.016129032,7.26E-07,7:22,2,180926,0,
2018-09-26 7:23,,0.016129032,7.26E-07,7:23,2,180926,0,
2018-09-26 7:24,,0.016129032,7.26E-07,7:24,2,180926,0,
2018-09-26 7:25,,0.016129032,7.26E-07,7:25,2,180926,0,
2018-09-26 7:26,,0.016129032,7.26E-07,7:26,2,180926,0,
2018-09-26 7:27,,0.016129032,7.26E-07,7:27,2,180926,0,
2018-09-26 7:28,,0.016129032,7.26E-07,7:28,2,180926,0,
2018-09-26 7:29,,0.016129032,7.26E-07,7:29,2,180926,0,
2018-09-26 7:30,,0.016129032,7.26E-07,7:30,2,180926,0,
2018-09-26 7:31,,0.016129032,7.26E-07,7:31,2,180926,0,
2018-09-26 7:32,,0.016129032,7.26E-07,7:32,2,180926,0,
2018-09-26 7:33,,0.016129032,7.26E-07,7:33,2,180926,0,
2018-09-26 7:34,,0.016129032,7.26E-07,7:34,2,180926,0,
2018-09-26 7:35,,0.016129032,7.26E-07,7:35,2,180926,0,
2018-09-26 7:36,,0.016129032,7.26E-07,7:36,2,180926,0,
2018-09-26 7:37,,0.016129032,7.26E-07,7:37,2,180926,0,
2018-09-26 7:38,,0.016129032,7.26E-07,7:38,2,180926,0,
2018-09-26 7:39,,0.016129032,7.26E-07,7:39,2,180926,0,
2018-09-26 7:40,,0.016129032,7.26E-07,7:40,2,180926,0,
2018-09-26 7:41,,0.016129032,7.26E-07,7:41,2,180926,0,
2018-09-26 7:42,,0.016129032,7.26E-07,7:42,2,180926,0,
2018-09-26 7:43,,0.016129032,7.26E-07,7:43,2,180926,0,
2018-09-26 7:44,,0.016129032,7.26E-07,7:44,2,180926,0,
2018-09-26 7:45,,0.016129032,7.26E-07,7:45,2,180926,0,
2018-09-26 7:46,,0.016129032,7.26E-07,7:46,2,180926,0,
2018-09-26 7:47,,0.016129032,7.26E-07,7:47,2,180926,0,
2018-09-26 7:48,,0.016129032,7.26E-07,7:48,2,180926,0,
2018-09-26 7:49,,0.016129032,7.26E-07,7:49,2,180926,0,
2018-09-26 7:50,,0.016129032,7.26E-07,7:50,2,180926,0,
2018-09-26 7:51,,0.016129032,7.26E-07,7:51,2,180926,0,
2018-09-26 7:52,,0.016129032,7.26E-07,7:52,2,180926,0,
2018-09-26 7:53,,0.016129032,7.26E-07,7:53,2,180926,0,
2018-09-26 7:54,,0.016129032,7.26E-07,7:54,2,180926,0,
2018-09-26 7:55,,0.016129032,7.26E-07,7:55,2,180926,0,
2018-09-26 7:56,,0.016129032,7.26E-07,7:56,2,180926,0,
2018-09-26 7:57,,0.016129032,7.26E-07,7:57,2,180926,0,
2018-09-26 7:58,,0.016129032,7.26E-07,7:58,2,180926,0,
2018-09-26 7:59,,0.016129032,7.26E-07,7:59,2,180926,0,
2018-09-26 8:00,,0.016129032,7.26E-07,8:00,2,180926,0,
2018-09-26 8:01,,0.016129032,7.26E-07,8:01,2,180926,0,
2018-09-26 8:02,,0.016129032,7.26E-07,8:02,2,180926,0,
2018-09-26 8:03,,0.016129032,7.26E-07,8:03,2,180926,0,
2018-09-26 8:04,,0.016129032,7.26E-07,8:04,2,180926,0,
2018-09-26 8:05,,0.016129032,7.26E-07,8:05,2,180926,0,
2018-09-26 8:06,,0.016129032,7.26E-07,8:06,2,180926,0,
2018-09-26 8:07,,0.016129032,7.26E-07,8:07,2,180926,0,
2018-09-26 8:08,,0.016129032,7.26E-07,8:08,2,180926,0,
2018-09-26 8:09,,0.016129032,7.26E-07,8:09,2,180926,0,
2018-09-26 8:10,,0.016129032,7.26E-07,8:10,2,180926,0,
2018-09-26 8:11,,0.016129032,7.26E-07,8:11,2,180926,0,
2018-09-26 8:12,,0.016129032,7.26E-07,8:12,2,180926,0,
2018-09-26 8:13,,0.016129032,7.26E-07,8:13,2,180926,0,
2018-09-26 8:14,,0.016129032,7.26E-07,8:14,2,180926,0,
2018-09-26 8:15,,0.016129032,7.26E-07,8:15,2,180926,0,
2018-09-26 8:16,,0.016129032,7.26E-07,8:16,2,180926,0,
2018-09-26 8:17,,0.016129032,7.26E-07,8:17,2,180926,0,
2018-09-26 8:18,1,0.016129032,7.26E-07,8:18,2,180926,0,
2018-09-26 8:19,,0.016112903,1.14E-05,8:19,2,180926,0,
2018-09-26 8:20,,0.016112903,7.26E-07,8:20,2,180926,0,
2018-09-26 8:21,,0.016112903,7.26E-07,8:21,2,180926,0,
2018-09-26 8:22,,0.016112903,7.26E-07,8:22,2,180926,0,
2018-09-26 8:23,,0.016112903,7.26E-07,8:23,2,180926,0,
2018-09-26 8:24,,0.016112903,7.26E-07,8:24,2,180926,0,
2018-09-26 8:25,,0.016112903,7.26E-07,8:25,2,180926,0,
2018-09-26 8:26,,0.016112903,7.26E-07,8:26,2,180926,0,
2018-09-26 8:27,,0.016112903,7.26E-07,8:27,2,180926,0,
2018-09-26 8:28,,0.016112903,7.26E-07,8:28,2,180926,0,
2018-09-26 8:29,,0.016112903,7.26E-07,8:29,2,180926,0,
2018-09-26 8:30,,0.016112903,7.26E-07,8:30,2,180926,0,
2018-09-26 8:31,,0.016112903,7.26E-07,8:31,2,180926,0,
2018-09-26 8:32,,0.016112903,7.26E-07,8:32,2,180926,0,
2018-09-26 8:33,,0.016112903,7.26E-07,8:33,2,180926,0,
2018-09-26 8:34,,0.016112903,7.26E-07,8:34,2,180926,0,
2018-09-26 8:35,,0.016112903,7.26E-07,8:35,2,180926,0,
2018-09-26 8:36,,0.016112903,7.26E-07,8:36,2,180926,0,
2018-09-26 8:37,,0.016112903,7.26E-07,8:37,2,180926,0,
2018-09-26 8:38,,0.016112903,7.26E-07,8:38,2,180926,0,
2018-09-26 8:39,,0.016112903,7.26E-07,8:39,2,180926,0,
2018-09-26 8:40,,0.016112903,7.26E-07,8:40,2,180926,0,
2018-09-26 8:41,,0.016112903,7.26E-07,8:41,2,180926,0,
2018-09-26 8:42,,0.016112903,7.26E-07,8:42,2,180926,0,
2018-09-26 8:43,,0.016112903,7.26E-07,8:43,2,180926,0,
2018-09-26 8:44,,0.016112903,7.26E-07,8:44,2,180926,0,
2018-09-26 8:45,,0.016112903,7.26E-07,8:45,2,180926,0,
2018-09-26 8:46,,0.016112903,7.26E-07,8:46,2,180926,0,
2018-09-26 8:47,,0.016112903,7.26E-07,8:47,2,180926,0,
2018-09-26 8:48,,0.016112903,7.26E-07,8:48,2,180926,0,
2018-09-26 8:49,,0.016112903,7.26E-07,8:49,2,180926,0,
2018-09-26 8:50,,0.016112903,7.26E-07,8:50,2,180926,0,
2018-09-26 8:51,,0.016112903,7.26E-07,8:51,2,180926,0,
2018-09-26 8:52,,0.016112903,7.26E-07,8:52,2,180926,0,
2018-09-26 8:53,,0.016112903,7.26E-07,8:53,2,180926,0,
2018-09-26 8:54,,0.016112903,7.26E-07,8:54,2,180926,0,
2018-09-26 8:55,,0.016112903,7.26E-07,8:55,2,180926,0,
2018-09-26 8:56,,0.016112903,7.26E-07,8:56,2,180926,0,
2018-09-26 8:57,,0.016112903,7.26E-07,8:57,2,180926,0,
2018-09-26 8:58,,0.016112903,7.26E-07,8:58,2,180926,0,
2018-09-26 8:59,,0.016112903,7.26E-07,8:59,2,180926,0,
2018-09-26 9:00,,0.016112903,7.26E-07,9:00,2,180926,0,
2018-09-26 9:01,,0.016112903,7.26E-07,9:01,2,180926,0,
2018-09-26 9:02,,0.016112903,7.26E-07,9:02,2,180926,0,
2018-09-26 9:03,,0.016112903,7.26E-07,9:03,2,180926,0,
2018-09-26 9:04,,0.016112903,7.26E-07,9:04,2,180926,0,
2018-09-26 9:05,,0.016112903,7.26E-07,9:05,2,180926,0,
2018-09-26 9:06,,0.016112903,7.26E-07,9:06,2,180926,0,
2018-09-26 9:07,,0.016112903,7.26E-07,9:07,2,180926,0,
2018-09-26 9:08,,0.016112903,7.26E-07,9:08,2,180926,0,
2018-09-26 9:09,,0.016112903,7.26E-07,9:09,2,180926,0,
2018-09-26 9:10,,0.016112903,7.26E-07,9:10,2,180926,0,
2018-09-26 9:11,,0.016112903,7.26E-07,9:11,2,180926,0,
2018-09-26 9:12,,0.016112903,7.26E-07,9:12,2,180926,0,
2018-09-26 9:13,,0.016112903,7.26E-07,9:13,2,180926,0,
2018-09-26 9:14,,0.016112903,7.26E-07,9:14,2,180926,0,
2018-09-26 9:15,,0.016112903,7.26E-07,9:15,2,180926,0,
2018-09-26 9:16,,0.016112903,7.26E-07,9:16,2,180926,0,
2018-09-26 9:17,,0.016112903,7.26E-07,9:17,2,180926,0,
2018-09-26 9:18,,0.016112903,7.26E-07,9:18,2,180926,0,
2018-09-26 9:19,,0.016112903,7.26E-07,9:19,2,180926,0,
2018-09-26 9:20,0.999,0.016112903,7.26E-07,9:20,2,180926,0,
2018-09-26 9:21,,0.016393443,0.000198373,9:21,2,180926,0,
2018-09-26 9:22,,0.016393443,7.26E-07,9:22,2,180926,0,
2018-09-26 9:23,,0.016393443,7.26E-07,9:23,2,180926,0,
2018-09-26 9:24,,0.016393443,7.26E-07,9:24,2,180926,0,
2018-09-26 9:25,,0.016393443,7.26E-07,9:25,2,180926,0,
2018-09-26 9:26,,0.016393443,7.26E-07,9:26,2,180926,0,
2018-09-26 9:27,,0.016393443,7.26E-07,9:27,2,180926,0,
2018-09-26 9:28,,0.016393443,7.26E-07,9:28,2,180926,0,
2018-09-26 9:29,,0.016393443,7.26E-07,9:29,2,180926,0,
2018-09-26 9:30,,0.016393443,7.26E-07,9:30,2,180926,0,
2018-09-26 9:31,,0.016393443,7.26E-07,9:31,2,180926,0,
2018-09-26 9:32,,0.016393443,7.26E-07,9:32,2,180926,0,
2018-09-26 9:33,,0.016393443,7.26E-07,9:33,2,180926,0,
2018-09-26 9:34,,0.016393443,7.26E-07,9:34,2,180926,0,
2018-09-26 9:35,,0.016393443,7.26E-07,9:35,2,180926,0,
2018-09-26 9:36,,0.016393443,7.26E-07,9:36,2,180926,0,
2018-09-26 9:37,,0.016393443,7.26E-07,9:37,2,180926,0,
2018-09-26 9:38,,0.016393443,7.26E-07,9:38,2,180926,0,
2018-09-26 9:39,,0.016393443,7.26E-07,9:39,2,180926,0,
2018-09-26 9:40,,0.016393443,7.26E-07,9:40,2,180926,0,
2018-09-26 9:41,,0.016393443,7.26E-07,9:41,2,180926,0,
2018-09-26 9:42,,0.016393443,7.26E-07,9:42,2,180926,0,
2018-09-26 9:43,,0.016393443,7.26E-07,9:43,2,180926,0,
2018-09-26 9:44,,0.016393443,7.26E-07,9:44,2,180926,0,
2018-09-26 9:45,,0.016393443,7.26E-07,9:45,2,180926,0,
2018-09-26 9:46,,0.016393443,7.26E-07,9:46,2,180926,0,
2018-09-26 9:47,,0.016393443,7.26E-07,9:47,2,180926,0,
2018-09-26 9:48,,0.016393443,7.26E-07,9:48,2,180926,0,
2018-09-26 9:49,,0.016393443,7.26E-07,9:49,2,180926,0,
2018-09-26 9:50,,0.016393443,7.26E-07,9:50,2,180926,0,
2018-09-26 9:51,,0.016393443,7.26E-07,9:51,2,180926,0,
2018-09-26 9:52,,0.016393443,7.26E-07,9:52,2,180926,0,
2018-09-26 9:53,,0.016393443,7.26E-07,9:53,2,180926,0,
2018-09-26 9:54,,0.016393443,7.26E-07,9:54,2,180926,0,
2018-09-26 9:55,,0.016393443,7.26E-07,9:55,2,180926,0,
2018-09-26 9:56,,0.016393443,7.26E-07,9:56,2,180926,0,
2018-09-26 9:57,,0.016393443,7.26E-07,9:57,2,180926,0,
2018-09-26 9:58,,0.016393443,7.26E-07,9:58,2,180926,0,
2018-09-26 9:59,,0.016393443,7.26E-07,9:59,2,180926,0,
2018-09-26 10:00,,0.016393443,7.26E-07,10:00,2,180926,0,
2018-09-26 10:01,,0.016393443,7.26E-07,10:01,2,180926,0,
2018-09-26 10:02,,0.016393443,7.26E-07,10:02,2,180926,0,
2018-09-26 10:03,,0.016393443,7.26E-07,10:03,2,180926,0,
2018-09-26 10:04,,0.016393443,7.26E-07,10:04,2,180926,0,
2018-09-26 10:05,,0.016393443,7.26E-07,10:05,2,180926,0,
2018-09-26 10:06,,0.016393443,7.26E-07,10:06,2,180926,0,
2018-09-26 10:07,,0.016393443,7.26E-07,10:07,2,180926,0,
2018-09-26 10:08,,0.016393443,7.26E-07,10:08,2,180926,0,
2018-09-26 10:09,,0.016393443,7.26E-07,10:09,2,180926,0,
2018-09-26 10:10,,0.016393443,7.26E-07,10:10,2,180926,0,
2018-09-26 10:11,,0.016393443,7.26E-07,10:11,2,180926,0,
2018-09-26 10:12,,0.016393443,7.26E-07,10:12,2,180926,0,
2018-09-26 10:13,,0.016393443,7.26E-07,10:13,2,180926,0,
2018-09-26 10:14,,0.016393443,7.26E-07,10:14,2,180926,0,
2018-09-26 10:15,,0.016393443,7.26E-07,10:15,2,180926,0,
2018-09-26 10:16,,0.016393443,7.26E-07,10:16,2,180926,0,
2018-09-26 10:17,,0.016393443,7.26E-07,10:17,2,180926,0,
2018-09-26 10:18,,0.016393443,7.26E-07,10:18,2,180926,0,
2018-09-26 10:19,,0.016393443,7.26E-07,10:19,2,180926,0,
2018-09-26 10:20,,0.016393443,7.26E-07,10:20,2,180926,0,
2018-09-26 10:21,1,0.016393443,7.26E-07,10:21,2,180926,0,
2018-09-26 10:22,,0.016112903,0.000198373,10:22,2,180926,0,
2018-09-26 10:23,,0.016112903,7.26E-07,10:23,2,180926,0,
2018-09-26 10:24,,0.016112903,7.26E-07,10:24,2,180926,0,
2018-09-26 10:25,,0.016112903,7.26E-07,10:25,2,180926,0,
2018-09-26 10:26,,0.016112903,7.26E-07,10:26,2,180926,0,
2018-09-26 10:27,,0.016112903,7.26E-07,10:27,2,180926,0,
2018-09-26 10:28,,0.016112903,7.26E-07,10:28,2,180926,0,
2018-09-26 10:29,,0.016112903,7.26E-07,10:29,2,180926,0,
2018-09-26 10:30,,0.016112903,7.26E-07,10:30,2,180926,0,
2018-09-26 10:31,,0.016112903,7.26E-07,10:31,2,180926,0,
2018-09-26 10:32,,0.016112903,7.26E-07,10:32,2,180926,0,
2018-09-26 10:33,,0.016112903,7.26E-07,10:33,2,180926,0,
2018-09-26 10:34,,0.016112903,7.26E-07,10:34,2,180926,0,
2018-09-26 10:35,,0.016112903,7.26E-07,10:35,2,180926,0,
2018-09-26 10:36,,0.016112903,7.26E-07,10:36,2,180926,0,
2018-09-26 10:37,,0.016112903,7.26E-07,10:37,2,180926,0,
2018-09-26 10:38,,0.016112903,7.26E-07,10:38,2,180926,0,
2018-09-26 10:39,,0.016112903,7.26E-07,10:39,2,180926,0,
2018-09-26 10:40,,0.016112903,7.26E-07,10:40,2,180926,0,
2018-09-26 10:41,,0.016112903,7.26E-07,10:41,2,180926,0,
2018-09-26 10:42,,0.016112903,7.26E-07,10:42,2,180926,0,
2018-09-26 10:43,,0.016112903,7.26E-07,10:43,2,180926,0,
2018-09-26 10:44,,0.016112903,7.26E-07,10:44,2,180926,0,
2018-09-26 10:45,,0.016112903,7.26E-07,10:45,2,180926,0,
2018-09-26 10:46,,0.016112903,7.26E-07,10:46,2,180926,0,
2018-09-26 10:47,,0.016112903,7.26E-07,10:47,2,180926,0,
2018-09-26 10:48,,0.016112903,7.26E-07,10:48,2,180926,0,
2018-09-26 10:49,,0.016112903,7.26E-07,10:49,2,180926,0,
2018-09-26 10:50,,0.016112903,7.26E-07,10:50,2,180926,0,
2018-09-26 10:51,,0.016112903,7.26E-07,10:51,2,180926,0,
2018-09-26 10:52,,0.016112903,7.26E-07,10:52,2,180926,0,
2018-09-26 10:53,,0.016112903,7.26E-07,10:53,2,180926,0,
2018-09-26 10:54,,0.016112903,7.26E-07,10:54,2,180926,0,
2018-09-26 10:55,,0.016112903,7.26E-07,10:55,2,180926,0,
2018-09-26 10:56,,0.016112903,7.26E-07,10:56,2,180926,0,
2018-09-26 10:57,,0.016112903,7.26E-07,10:57,2,180926,0,
2018-09-26 10:58,,0.016112903,7.26E-07,10:58,2,180926,0,
2018-09-26 10:59,,0.016112903,7.26E-07,10:59,2,180926,0,
2018-09-26 11:00,,0.016112903,7.26E-07,11:00,2,180926,0,
2018-09-26 11:01,,0.016112903,7.26E-07,11:01,2,180926,0,
2018-09-26 11:02,,0.016112903,7.26E-07,11:02,2,180926,0,
2018-09-26 11:03,,0.016112903,7.26E-07,11:03,2,180926,0,
2018-09-26 11:04,,0.016112903,7.26E-07,11:04,2,180926,0,
2018-09-26 11:05,,0.016112903,7.26E-07,11:05,2,180926,0,
2018-09-26 11:06,,0.016112903,7.26E-07,11:06,2,180926,0,
2018-09-26 11:07,,0.016112903,7.26E-07,11:07,2,180926,0,
2018-09-26 11:08,,0.016112903,7.26E-07,11:08,2,180926,0,
2018-09-26 11:09,,0.016112903,7.26E-07,11:09,2,180926,0,
2018-09-26 11:10,,0.016112903,7.26E-07,11:10,2,180926,0,
2018-09-26 11:11,,0.016112903,7.26E-07,11:11,2,180926,0,
2018-09-26 11:12,,0.016112903,7.26E-07,11:12,2,180926,0,
2018-09-26 11:13,,0.016112903,7.26E-07,11:13,2,180926,0,
2018-09-26 11:14,,0.016112903,7.26E-07,11:14,2,180926,0,
2018-09-26 11:15,,0.016112903,7.26E-07,11:15,2,180926,0,
2018-09-26 11:16,,0.016112903,7.26E-07,11:16,2,180926,0,
2018-09-26 11:17,,0.016112903,7.26E-07,11:17,2,180926,0,
2018-09-26 11:18,,0.016112903,7.26E-07,11:18,2,180926,0,
2018-09-26 11:19,,0.016112903,7.26E-07,11:19,2,180926,0,
2018-09-26 11:20,,0.016112903,7.26E-07,11:20,2,180926,0,
2018-09-26 11:21,,0.016112903,7.26E-07,11:21,2,180926,0,
2018-09-26 11:22,,0.016112903,7.26E-07,11:22,2,180926,0,
2018-09-26 11:23,0.999,0.016112903,7.26E-07,11:23,2,180926,0,
2018-09-26 11:24,,0.016393443,0.000198373,11:24,2,180926,0,
2018-09-26 11:25,,0.016393443,7.26E-07,11:25,2,180926,0,
2018-09-26 11:26,,0.016393443,7.26E-07,11:26,2,180926,0,
2018-09-26 11:27,,0.016393443,7.26E-07,11:27,2,180926,0,
2018-09-26 11:28,,0.016393443,7.26E-07,11:28,2,180926,0,
2018-09-26 11:29,,0.016393443,7.26E-07,11:29,2,180926,0,
2018-09-26 11:30,,0.016393443,7.26E-07,11:30,2,180926,0,
2018-09-26 11:31,,0.016393443,7.26E-07,11:31,2,180926,0,
2018-09-26 11:32,,0.016393443,7.26E-07,11:32,2,180926,0,
2018-09-26 11:33,,0.016393443,7.26E-07,11:33,2,180926,0,
2018-09-26 11:34,,0.016393443,7.26E-07,11:34,2,180926,0,
2018-09-26 11:35,,0.016393443,7.26E-07,11:35,2,180926,0,
2018-09-26 11:36,,0.016393443,7.26E-07,11:36,2,180926,0,
2018-09-26 11:37,,0.016393443,7.26E-07,11:37,2,180926,0,
2018-09-26 11:38,,0.016393443,7.26E-07,11:38,2,180926,0,
2018-09-26 11:39,,0.016393443,7.26E-07,11:39,2,180926,0,
2018-09-26 11:40,,0.016393443,7.26E-07,11:40,2,180926,0,
2018-09-26 11:41,,0.016393443,7.26E-07,11:41,2,180926,0,
2018-09-26 11:42,,0.016393443,7.26E-07,11:42,2,180926,0,
2018-09-26 11:43,,0.016393443,7.26E-07,11:43,2,180926,0,
2018-09-26 11:44,,0.016393443,7.26E-07,11:44,2,180926,0,
2018-09-26 11:45,,0.016393443,7.26E-07,11:45,2,180926,0,
2018-09-26 11:46,,0.016393443,7.26E-07,11:46,2,180926,0,
2018-09-26 11:47,,0.016393443,7.26E-07,11:47,2,180926,0,
2018-09-26 11:48,,0.016393443,7.26E-07,11:48,2,180926,0,
2018-09-26 11:49,,0.016393443,7.26E-07,11:49,2,180926,0,
2018-09-26 11:50,,0.016393443,7.26E-07,11:50,2,180926,0,
2018-09-26 11:51,,0.016393443,7.26E-07,11:51,2,180926,0,
2018-09-26 11:52,,0.016393443,7.26E-07,11:52,2,180926,0,
2018-09-26 11:53,,0.016393443,7.26E-07,11:53,2,180926,0,
2018-09-26 11:54,,0.016393443,7.26E-07,11:54,2,180926,0,
2018-09-26 11:55,,0.016393443,7.26E-07,11:55,2,180926,0,
2018-09-26 11:56,,0.016393443,7.26E-07,11:56,2,180926,0,
2018-09-26 11:57,,0.016393443,7.26E-07,11:57,2,180926,0,
2018-09-26 11:58,,0.016393443,7.26E-07,11:58,2,180926,0,
2018-09-26 11:59,,0.016393443,7.26E-07,11:59,2,180926,0,
2018-09-26 12:00,,0.016393443,7.26E-07,12:00,2,180926,0,
2018-09-26 12:01,,0.016393443,7.26E-07,12:01,2,180926,0,
2018-09-26 12:02,,0.016393443,7.26E-07,12:02,2,180926,0,
2018-09-26 12:03,,0.016393443,7.26E-07,12:03,2,180926,0,
2018-09-26 12:04,,0.016393443,7.26E-07,12:04,2,180926,0,
2018-09-26 12:05,,0.016393443,7.26E-07,12:05,2,180926,0,
2018-09-26 12:06,,0.016393443,7.26E-07,12:06,2,180926,0,
2018-09-26 12:07,,0.016393443,7.26E-07,12:07,2,180926,0,
2018-09-26 12:08,,0.016393443,7.26E-07,12:08,2,180926,0,
2018-09-26 12:09,,0.016393443,7.26E-07,12:09,2,180926,0,
2018-09-26 12:10,,0.016393443,7.26E-07,12:10,2,180926,0,
2018-09-26 12:11,,0.016393443,7.26E-07,12:11,2,180926,0,
2018-09-26 12:12,,0.016393443,7.26E-07,12:12,2,180926,0,
2018-09-26 12:13,,0.016393443,7.26E-07,12:13,2,180926,0,
2018-09-26 12:14,,0.016393443,7.26E-07,12:14,2,180926,0,
2018-09-26 12:15,,0.016393443,7.26E-07,12:15,2,180926,0,
2018-09-26 12:16,,0.016393443,7.26E-07,12:16,2,180926,0,
2018-09-26 12:17,,0.016393443,7.26E-07,12:17,2,180926,0,
2018-09-26 12:18,,0.016393443,7.26E-07,12:18,2,180926,0,
2018-09-26 12:19,,0.016393443,7.26E-07,12:19,2,180926,0,
2018-09-26 12:20,,0.016393443,7.26E-07,12:20,2,180926,0,
2018-09-26 12:21,,0.016393443,7.26E-07,12:21,2,180926,0,
2018-09-26 12:22,,0.016393443,7.26E-07,12:22,2,180926,0,
2018-09-26 12:23,,0.016393443,7.26E-07,12:23,2,180926,0,
2018-09-26 12:24,1,0.016393443,7.26E-07,12:24,2,180926,0,
2018-09-26 12:25,,0.016112903,0.000198373,12:25,2,180926,0,
2018-09-26 12:26,,0.016112903,7.26E-07,12:26,2,180926,0,
2018-09-26 12:27,,0.016112903,7.26E-07,12:27,2,180926,0,
2018-09-26 12:28,,0.016112903,7.26E-07,12:28,2,180926,0,
2018-09-26 12:29,,0.016112903,7.26E-07,12:29,2,180926,0,
2018-09-26 12:30,,0.016112903,7.26E-07,12:30,2,180926,0,
2018-09-26 12:31,,0.016112903,7.26E-07,12:31,2,180926,0,
2018-09-26 12:32,,0.016112903,7.26E-07,12:32,2,180926,0,
2018-09-26 12:33,,0.016112903,7.26E-07,12:33,2,180926,0,
2018-09-26 12:34,,0.016112903,7.26E-07,12:34,2,180926,0,
2018-09-26 12:35,,0.016112903,7.26E-07,12:35,2,180926,0,
2018-09-26 12:36,,0.016112903,7.26E-07,12:36,2,180926,0,
2018-09-26 12:37,,0.016112903,7.26E-07,12:37,2,180926,0,
2018-09-26 12:38,,0.016112903,7.26E-07,12:38,2,180926,0,
2018-09-26 12:39,,0.016112903,7.26E-07,12:39,2,180926,0,
2018-09-26 12:40,,0.016112903,7.26E-07,12:40,2,180926,0,
2018-09-26 12:41,,0.016112903,7.26E-07,12:41,2,180926,0,
2018-09-26 12:42,,0.016112903,7.26E-07,12:42,2,180926,0,
2018-09-26 12:43,,0.016112903,7.26E-07,12:43,2,180926,0,
2018-09-26 12:44,,0.016112903,7.26E-07,12:44,2,180926,0,
2018-09-26 12:45,,0.016112903,7.26E-07,12:45,2,180926,0,
2018-09-26 12:46,,0.016112903,7.26E-07,12:46,2,180926,0,
2018-09-26 12:47,,0.016112903,7.26E-07,12:47,2,180926,0,
2018-09-26 12:48,,0.016112903,7.26E-07,12:48,2,180926,0,
2018-09-26 12:49,,0.016112903,7.26E-07,12:49,2,180926,0,
2018-09-26 12:50,,0.016112903,7.26E-07,12:50,2,180926,0,
2018-09-26 12:51,,0.016112903,7.26E-07,12:51,2,180926,0,
2018-09-26 12:52,,0.016112903,7.26E-07,12:52,2,180926,0,
2018-09-26 12:53,,0.016112903,7.26E-07,12:53,2,180926,0,
2018-09-26 12:54,,0.016112903,7.26E-07,12:54,2,180926,0,
2018-09-26 12:55,,0.016112903,7.26E-07,12:55,2,180926,0,
2018-09-26 12:56,,0.016112903,7.26E-07,12:56,2,180926,0,
2018-09-26 12:57,,0.016112903,7.26E-07,12:57,2,180926,0,
2018-09-26 12:58,,0.016112903,7.26E-07,12:58,2,180926,0,
2018-09-26 12:59,,0.016112903,7.26E-07,12:59,2,180926,0,
2018-09-26 13:00,,0.016112903,7.26E-07,13:00,2,180926,0,
2018-09-26 13:01,,0.016112903,7.26E-07,13:01,2,180926,0,
2018-09-26 13:02,,0.016112903,7.26E-07,13:02,2,180926,0,
2018-09-26 13:03,,0.016112903,7.26E-07,13:03,2,180926,0,
2018-09-26 13:04,,0.016112903,7.26E-07,13:04,2,180926,0,
2018-09-26 13:05,,0.016112903,7.26E-07,13:05,2,180926,0,
2018-09-26 13:06,,0.016112903,7.26E-07,13:06,2,180926,0,
2018-09-26 13:07,,0.016112903,7.26E-07,13:07,2,180926,0,
2018-09-26 13:08,,0.016112903,7.26E-07,13:08,2,180926,0,
2018-09-26 13:09,,0.016112903,7.26E-07,13:09,2,180926,0,
2018-09-26 13:10,,0.016112903,7.26E-07,13:10,2,180926,0,
2018-09-26 13:11,,0.016112903,7.26E-07,13:11,2,180926,0,
2018-09-26 13:12,,0.016112903,7.26E-07,13:12,2,180926,0,
2018-09-26 13:13,,0.016112903,7.26E-07,13:13,2,180926,0,
2018-09-26 13:14,,0.016112903,7.26E-07,13:14,2,180926,0,
2018-09-26 13:15,,0.016112903,7.26E-07,13:15,2,180926,0,
2018-09-26 13:16,,0.016112903,7.26E-07,13:16,2,180926,0,
2018-09-26 13:17,,0.016112903,7.26E-07,13:17,2,180926,0,
2018-09-26 13:18,,0.016112903,7.26E-07,13:18,2,180926,0,
2018-09-26 13:19,,0.016112903,7.26E-07,13:19,2,180926,0,
2018-09-26 13:20,,0.016112903,7.26E-07,13:20,2,180926,0,
2018-09-26 13:21,,0.016112903,7.26E-07,13:21,2,180926,0,
2018-09-26 13:22,,0.016112903,7.26E-07,13:22,2,180926,0,
2018-09-26 13:23,,0.016112903,7.26E-07,13:23,2,180926,0,
2018-09-26 13:24,,0.016112903,7.26E-07,13:24,2,180926,0,
2018-09-26 13:25,,0.016112903,7.26E-07,13:25,2,180926,0,
2018-09-26 13:26,0.999,0.016112903,7.26E-07,13:26,2,180926,0,
2018-09-26 13:27,,0.016129032,1.14E-05,13:27,2,180926,0,
2018-09-26 13:28,,0.016129032,7.26E-07,13:28,2,180926,0,
2018-09-26 13:29,,0.016129032,7.26E-07,13:29,2,180926,0,
2018-09-26 13:30,,0.016129032,7.26E-07,13:30,2,180926,0,
2018-09-26 13:31,,0.016129032,7.26E-07,13:31,2,180926,0,
2018-09-26 13:32,,0.016129032,7.26E-07,13:32,2,180926,0,
2018-09-26 13:33,,0.016129032,7.26E-07,13:33,2,180926,0,
2018-09-26 13:34,,0.016129032,7.26E-07,13:34,2,180926,0,
2018-09-26 13:35,,0.016129032,7.26E-07,13:35,2,180926,0,
2018-09-26 13:36,,0.016129032,7.26E-07,13:36,2,180926,0,
2018-09-26 13:37,,0.016129032,7.26E-07,13:37,2,180926,0,
2018-09-26 13:38,,0.016129032,7.26E-07,13:38,2,180926,0,
2018-09-26 13:39,,0.016129032,7.26E-07,13:39,2,180926,0,
2018-09-26 13:40,,0.016129032,7.26E-07,13:40,2,180926,0,
2018-09-26 13:41,,0.016129032,7.26E-07,13:41,2,180926,0,
2018-09-26 13:42,,0.016129032,7.26E-07,13:42,2,180926,0,
2018-09-26 13:43,,0.016129032,7.26E-07,13:43,2,180926,0,
2018-09-26 13:44,,0.016129032,7.26E-07,13:44,2,180926,0,
2018-09-26 13:45,,0.016129032,7.26E-07,13:45,2,180926,0,
2018-09-26 13:46,,0.016129032,7.26E-07,13:46,2,180926,0,
2018-09-26 13:47,,0.016129032,7.26E-07,13:47,2,180926,0,
2018-09-26 13:48,,0.016129032,7.26E-07,13:48,2,180926,0,
2018-09-26 13:49,,0.016129032,7.26E-07,13:49,2,180926,0,
2018-09-26 13:50,,0.016129032,7.26E-07,13:50,2,180926,0,
2018-09-26 13:51,,0.016129032,7.26E-07,13:51,2,180926,0,
2018-09-26 13:52,,0.016129032,7.26E-07,13:52,2,180926,0,
2018-09-26 13:53,,0.016129032,7.26E-07,13:53,2,180926,0,
2018-09-26 13:54,,0.016129032,7.26E-07,13:54,2,180926,0,
2018-09-26 13:55,,0.016129032,7.26E-07,13:55,2,180926,0,
2018-09-26 13:56,,0.016129032,7.26E-07,13:56,2,180926,0,
2018-09-26 13:57,,0.016129032,7.26E-07,13:57,2,180926,0,
2018-09-26 13:58,,0.016129032,7.26E-07,13:58,2,180926,0,
2018-09-26 13:59,,0.016129032,7.26E-07,13:59,2,180926,0,
2018-09-26 14:00,,0.016129032,7.26E-07,14:00,2,180926,0,
2018-09-26 14:01,,0.016129032,7.26E-07,14:01,2,180926,0,
2018-09-26 14:02,,0.016129032,7.26E-07,14:02,2,180926,0,
2018-09-26 14:03,,0.016129032,7.26E-07,14:03,2,180926,0,
2018-09-26 14:04,,0.016129032,7.26E-07,14:04,2,180926,0,
2018-09-26 14:05,,0.016129032,7.26E-07,14:05,2,180926,0,
2018-09-26 14:06,,0.016129032,7.26E-07,14:06,2,180926,0,
2018-09-26 14:07,,0.016129032,7.26E-07,14:07,2,180926,0,
2018-09-26 14:08,,0.016129032,7.26E-07,14:08,2,180926,0,
2018-09-26 14:09,,0.016129032,7.26E-07,14:09,2,180926,0,
2018-09-26 14:10,,0.016129032,7.26E-07,14:10,2,180926,0,
2018-09-26 14:11,,0.016129032,7.26E-07,14:11,2,180926,0,
2018-09-26 14:12,,0.016129032,7.26E-07,14:12,2,180926,0,
2018-09-26 14:13,,0.016129032,7.26E-07,14:13,2,180926,0,
2018-09-26 14:14,,0.016129032,7.26E-07,14:14,2,180926,0,
2018-09-26 14:15,,0.016129032,7.26E-07,14:15,2,180926,0,
2018-09-26 14:16,,0.016129032,7.26E-07,14:16,2,180926,0,
2018-09-26 14:17,,0.016129032,7.26E-07,14:17,2,180926,0,
2018-09-26 14:18,,0.016129032,7.26E-07,14:18,2,180926,0,
2018-09-26 14:19,,0.016129032,7.26E-07,14:19,2,180926,0,
2018-09-26 14:20,,0.016129032,7.26E-07,14:20,2,180926,0,
2018-09-26 14:21,,0.016129032,7.26E-07,14:21,2,180926,0,
2018-09-26 14:22,,0.016129032,7.26E-07,14:22,2,180926,0,
2018-09-26 14:23,,0.016129032,7.26E-07,14:23,2,180926,0,
2018-09-26 14:24,,0.016129032,7.26E-07,14:24,2,180926,0,
2018-09-26 14:25,,0.016129032,7.26E-07,14:25,2,180926,0,
2018-09-26 14:26,,0.016129032,7.26E-07,14:26,2,180926,0,
2018-09-26 14:27,,0.016129032,7.26E-07,14:27,2,180926,0,
2018-09-26 14:28,1,0.016129032,7.26E-07,14:28,2,180926,0,
2018-09-26 14:29,,0.016129032,7.26E-07,14:29,2,180926,0,
2018-09-26 14:30,,0.016129032,7.26E-07,14:30,2,180926,0,
2018-09-26 14:31,,0.016129032,7.26E-07,14:31,2,180926,0,
2018-09-26 14:32,,0.016129032,7.26E-07,14:32,2,180926,0,
2018-09-26 14:33,,0.016129032,7.26E-07,14:33,2,180926,0,
2018-09-26 14:34,,0.016129032,7.26E-07,14:34,2,180926,0,
2018-09-26 14:35,,0.016129032,7.26E-07,14:35,2,180926,0,
2018-09-26 14:36,,0.016129032,7.26E-07,14:36,2,180926,0,
2018-09-26 14:37,,0.016129032,7.26E-07,14:37,2,180926,0,
2018-09-26 14:38,,0.016129032,7.26E-07,14:38,2,180926,0,
2018-09-26 14:39,,0.016129032,7.26E-07,14:39,2,180926,0,
2018-09-26 14:40,,0.016129032,7.26E-07,14:40,2,180926,0,
2018-09-26 14:41,,0.016129032,7.26E-07,14:41,2,180926,0,
2018-09-26 14:42,,0.016129032,7.26E-07,14:42,2,180926,0,
2018-09-26 14:43,,0.016129032,7.26E-07,14:43,2,180926,0,
2018-09-26 14:44,,0.016129032,7.26E-07,14:44,2,180926,0,
2018-09-26 14:45,,0.016129032,7.26E-07,14:45,2,180926,0,
2018-09-26 14:46,,0.016129032,7.26E-07,14:46,2,180926,0,
2018-09-26 14:47,,0.016129032,7.26E-07,14:47,2,180926,0,
2018-09-26 14:48,,0.016129032,7.26E-07,14:48,2,180926,0,
2018-09-26 14:49,,0.016129032,7.26E-07,14:49,2,180926,0,
2018-09-26 14:50,,0.016129032,7.26E-07,14:50,2,180926,0,
2018-09-26 14:51,,0.016129032,7.26E-07,14:51,2,180926,0,
2018-09-26 14:52,,0.016129032,7.26E-07,14:52,2,180926,0,
2018-09-26 14:53,,0.016129032,7.26E-07,14:53,2,180926,0,
2018-09-26 14:54,,0.016129032,7.26E-07,14:54,2,180926,0,
2018-09-26 14:55,,0.016129032,7.26E-07,14:55,2,180926,0,
2018-09-26 14:56,,0.016129032,7.26E-07,14:56,2,180926,0,
2018-09-26 14:57,,0.016129032,7.26E-07,14:57,2,180926,0,
2018-09-26 14:58,,0.016129032,7.26E-07,14:58,2,180926,0,
2018-09-26 14:59,,0.016129032,7.26E-07,14:59,2,180926,0,
2018-09-26 15:00,,0.016129032,7.26E-07,15:00,2,180926,0,
2018-09-26 15:01,,0.016129032,7.26E-07,15:01,2,180926,0,
2018-09-26 15:02,,0.016129032,7.26E-07,15:02,2,180926,0,
2018-09-26 15:03,,0.016129032,7.26E-07,15:03,2,180926,0,
2018-09-26 15:04,,0.016129032,7.26E-07,15:04,2,180926,0,
2018-09-26 15:05,,0.016129032,7.26E-07,15:05,2,180926,0,
2018-09-26 15:06,,0.016129032,7.26E-07,15:06,2,180926,0,
2018-09-26 15:07,,0.016129032,7.26E-07,15:07,2,180926,0,
2018-09-26 15:08,,0.016129032,7.26E-07,15:08,2,180926,0,
2018-09-26 15:09,,0.016129032,7.26E-07,15:09,2,180926,0,
2018-09-26 15:10,,0.016129032,7.26E-07,15:10,2,180926,0,
2018-09-26 15:11,,0.016129032,7.26E-07,15:11,2,180926,0,
2018-09-26 15:12,,0.016129032,7.26E-07,15:12,2,180926,0,
2018-09-26 15:13,,0.016129032,7.26E-07,15:13,2,180926,0,
2018-09-26 15:14,,0.016129032,7.26E-07,15:14,2,180926,0,
2018-09-26 15:15,,0.016129032,7.26E-07,15:15,2,180926,0,
2018-09-26 15:16,,0.016129032,7.26E-07,15:16,2,180926,0,
2018-09-26 15:17,,0.016129032,7.26E-07,15:17,2,180926,0,
2018-09-26 15:18,,0.016129032,7.26E-07,15:18,2,180926,0,
2018-09-26 15:19,,0.016129032,7.26E-07,15:19,2,180926,0,
2018-09-26 15:20,,0.016129032,7.26E-07,15:20,2,180926,0,
2018-09-26 15:21,,0.016129032,7.26E-07,15:21,2,180926,0,
2018-09-26 15:22,,0.016129032,7.26E-07,15:22,2,180926,0,
2018-09-26 15:23,,0.016129032,7.26E-07,15:23,2,180926,0,
2018-09-26 15:24,,0.016129032,7.26E-07,15:24,2,180926,0,
2018-09-26 15:25,,0.016129032,7.26E-07,15:25,2,180926,0,
2018-09-26 15:26,,0.016129032,7.26E-07,15:26,2,180926,0,
2018-09-26 15:27,,0.016129032,7.26E-07,15:27,2,180926,0,
2018-09-26 15:28,,0.016129032,7.26E-07,15:28,2,180926,0,
2018-09-26 15:29,,0.016129032,7.26E-07,15:29,2,180926,0,
2018-09-26 15:30,1,0.016129032,7.26E-07,15:30,2,180926,0,
2018-09-26 15:31,,0.016377049,0.000175376,15:31,2,180926,0,
2018-09-26 15:32,,0.016377049,7.26E-07,15:32,2,180926,0,
2018-09-26 15:33,,0.016377049,7.26E-07,15:33,2,180926,0,
2018-09-26 15:34,,0.016377049,7.26E-07,15:34,2,180926,0,
2018-09-26 15:35,,0.016377049,7.26E-07,15:35,2,180926,0,
2018-09-26 15:36,,0.016377049,7.26E-07,15:36,2,180926,0,
2018-09-26 15:37,,0.016377049,7.26E-07,15:37,2,180926,0,
2018-09-26 15:38,,0.016377049,7.26E-07,15:38,2,180926,0,
2018-09-26 15:39,,0.016377049,7.26E-07,15:39,2,180926,0,
2018-09-26 15:40,,0.016377049,7.26E-07,15:40,2,180926,0,
2018-09-26 15:41,,0.016377049,7.26E-07,15:41,2,180926,0,
2018-09-26 15:42,,0.016377049,7.26E-07,15:42,2,180926,0,
2018-09-26 15:43,,0.016377049,7.26E-07,15:43,2,180926,0,
2018-09-26 15:44,,0.016377049,7.26E-07,15:44,2,180926,0,
2018-09-26 15:45,,0.016377049,7.26E-07,15:45,2,180926,0,
2018-09-26 15:46,,0.016377049,7.26E-07,15:46,2,180926,0,
2018-09-26 15:47,,0.016377049,7.26E-07,15:47,2,180926,0,
2018-09-26 15:48,,0.016377049,7.26E-07,15:48,2,180926,0,
2018-09-26 15:49,,0.016377049,7.26E-07,15:49,2,180926,0,
2018-09-26 15:50,,0.016377049,7.26E-07,15:50,2,180926,0,
2018-09-26 15:51,,0.016377049,7.26E-07,15:51,2,180926,0,
2018-09-26 15:52,,0.016377049,7.26E-07,15:52,2,180926,0,
2018-09-26 15:53,,0.016377049,7.26E-07,15:53,2,180926,0,
2018-09-26 15:54,,0.016377049,7.26E-07,15:54,2,180926,0,
2018-09-26 15:55,,0.016377049,7.26E-07,15:55,2,180926,0,
2018-09-26 15:56,,0.016377049,7.26E-07,15:56,2,180926,0,
2018-09-26 15:57,,0.016377049,7.26E-07,15:57,2,180926,0,
2018-09-26 15:58,,0.016377049,7.26E-07,15:58,2,180926,0,
2018-09-26 15:59,,0.016377049,7.26E-07,15:59,2,180926,0,
2018-09-26 16:00,,0.016377049,7.26E-07,16:00,2,180926,0,
2018-09-26 16:01,,0.016377049,7.26E-07,16:01,2,180926,0,
2018-09-26 16:02,,0.016377049,7.26E-07,16:02,2,180926,0,
2018-09-26 16:03,,0.016377049,7.26E-07,16:03,2,180926,0,
2018-09-26 16:04,,0.016377049,7.26E-07,16:04,2,180926,0,
2018-09-26 16:05,,0.016377049,7.26E-07,16:05,2,180926,0,
2018-09-26 16:06,,0.016377049,7.26E-07,16:06,2,180926,0,
2018-09-26 16:07,,0.016377049,7.26E-07,16:07,2,180926,0,
2018-09-26 16:08,,0.016377049,7.26E-07,16:08,2,180926,0,
2018-09-26 16:09,,0.016377049,7.26E-07,16:09,2,180926,0,
2018-09-26 16:10,,0.016377049,7.26E-07,16:10,2,180926,0,
2018-09-26 16:11,,0.016377049,7.26E-07,16:11,2,180926,0,
2018-09-26 16:12,,0.016377049,7.26E-07,16:12,2,180926,0,
2018-09-26 16:13,,0.016377049,7.26E-07,16:13,2,180926,0,
2018-09-26 16:14,,0.016377049,7.26E-07,16:14,2,180926,0,
2018-09-26 16:15,,0.016377049,7.26E-07,16:15,2,180926,0,
2018-09-26 16:16,,0.016377049,7.26E-07,16:16,2,180926,0,
2018-09-26 16:17,,0.016377049,7.26E-07,16:17,2,180926,0,
2018-09-26 16:18,,0.016377049,7.26E-07,16:18,2,180926,0,
2018-09-26 16:19,,0.016377049,7.26E-07,16:19,2,180926,0,
2018-09-26 16:20,,0.016377049,7.26E-07,16:20,2,180926,0,
2018-09-26 16:21,,0.016377049,7.26E-07,16:21,2,180926,0,
2018-09-26 16:22,,0.016377049,7.26E-07,16:22,2,180926,0,
2018-09-26 16:23,,0.016377049,7.26E-07,16:23,2,180926,0,
2018-09-26 16:24,,0.016377049,7.26E-07,16:24,2,180926,0,
2018-09-26 16:25,,0.016377049,7.26E-07,16:25,2,180926,0,
2018-09-26 16:26,,0.016377049,7.26E-07,16:26,2,180926,0,
2018-09-26 16:27,,0.016377049,7.26E-07,16:27,2,180926,0,
2018-09-26 16:28,,0.016377049,7.26E-07,16:28,2,180926,0,
2018-09-26 16:29,,0.016377049,7.26E-07,16:29,2,180926,0,
2018-09-26 16:30,,0.016377049,7.26E-07,16:30,2,180926,0,
2018-09-26 16:31,0.999,0.016377049,7.26E-07,16:31,2,180926,0,
2018-09-26 16:32,,0.016129032,0.000175376,16:32,2,180926,0,
2018-09-26 16:33,,0.016129032,7.26E-07,16:33,2,180926,0,
2018-09-26 16:34,,0.016129032,7.26E-07,16:34,2,180926,0,
2018-09-26 16:35,,0.016129032,7.26E-07,16:35,2,180926,0,
2018-09-26 16:36,,0.016129032,7.26E-07,16:36,2,180926,0,
2018-09-26 16:37,,0.016129032,7.26E-07,16:37,2,180926,0,
2018-09-26 16:38,,0.016129032,7.26E-07,16:38,2,180926,0,
2018-09-26 16:39,,0.016129032,7.26E-07,16:39,2,180926,0,
2018-09-26 16:40,,0.016129032,7.26E-07,16:40,2,180926,0,
2018-09-26 16:41,,0.016129032,7.26E-07,16:41,2,180926,0,
2018-09-26 16:42,,0.016129032,7.26E-07,16:42,2,180926,0,
2018-09-26 16:43,,0.016129032,7.26E-07,16:43,2,180926,0,
2018-09-26 16:44,,0.016129032,7.26E-07,16:44,2,180926,0,
2018-09-26 16:45,,0.016129032,7.26E-07,16:45,2,180926,0,
2018-09-26 16:46,,0.016129032,7.26E-07,16:46,2,180926,0,
2018-09-26 16:47,,0.016129032,7.26E-07,16:47,2,180926,0,
2018-09-26 16:48,,0.016129032,7.26E-07,16:48,2,180926,0,
2018-09-26 16:49,,0.016129032,7.26E-07,16:49,2,180926,0,
2018-09-26 16:50,,0.016129032,7.26E-07,16:50,2,180926,0,
2018-09-26 16:51,,0.016129032,7.26E-07,16:51,2,180926,0,
2018-09-26 16:52,,0.016129032,7.26E-07,16:52,2,180926,0,
2018-09-26 16:53,,0.016129032,7.26E-07,16:53,2,180926,0,
2018-09-26 16:54,,0.016129032,7.26E-07,16:54,2,180926,0,
2018-09-26 16:55,,0.016129032,7.26E-07,16:55,2,180926,0,
2018-09-26 16:56,,0.016129032,7.26E-07,16:56,2,180926,0,
2018-09-26 16:57,,0.016129032,7.26E-07,16:57,2,180926,0,
2018-09-26 16:58,,0.016129032,7.26E-07,16:58,2,180926,0,
2018-09-26 16:59,,0.016129032,7.26E-07,16:59,2,180926,0,
2018-09-26 17:00,,0.016129032,7.26E-07,17:00,2,180926,0,
2018-09-26 17:01,,0.016129032,7.26E-07,17:01,2,180926,0,
2018-09-26 17:02,,0.016129032,7.26E-07,17:02,2,180926,0,
2018-09-26 17:03,,0.016129032,7.26E-07,17:03,2,180926,0,
2018-09-26 17:04,,0.016129032,7.26E-07,17:04,2,180926,0,
2018-09-26 17:05,,0.016129032,7.26E-07,17:05,2,180926,0,
2018-09-26 17:06,,0.016129032,7.26E-07,17:06,2,180926,0,
2018-09-26 17:07,,0.016129032,7.26E-07,17:07,2,180926,0,
2018-09-26 17:08,,0.016129032,7.26E-07,17:08,2,180926,0,
2018-09-26 17:09,,0.016129032,7.26E-07,17:09,2,180926,0,
2018-09-26 17:10,,0.016129032,7.26E-07,17:10,2,180926,0,
2018-09-26 17:11,,0.016129032,7.26E-07,17:11,2,180926,0,
2018-09-26 17:12,,0.016129032,7.26E-07,17:12,2,180926,0,
2018-09-26 17:13,,0.016129032,7.26E-07,17:13,2,180926,0,
2018-09-26 17:14,,0.016129032,7.26E-07,17:14,2,180926,0,
2018-09-26 17:15,,0.016129032,7.26E-07,17:15,2,180926,0,
2018-09-26 17:16,,0.016129032,7.26E-07,17:16,2,180926,0,
2018-09-26 17:17,,0.016129032,7.26E-07,17:17,2,180926,0,
2018-09-26 17:18,,0.016129032,7.26E-07,17:18,2,180926,0,
2018-09-26 17:19,,0.016129032,7.26E-07,17:19,2,180926,0,
2018-09-26 17:20,,0.016129032,7.26E-07,17:20,2,180926,0,
2018-09-26 17:21,,0.016129032,7.26E-07,17:21,2,180926,0,
2018-09-26 17:22,,0.016129032,7.26E-07,17:22,2,180926,0,
2018-09-26 17:23,,0.016129032,7.26E-07,17:23,2,180926,0,
2018-09-26 17:24,,0.016129032,7.26E-07,17:24,2,180926,0,
2018-09-26 17:25,,0.016129032,7.26E-07,17:25,2,180926,0,
2018-09-26 17:26,,0.016129032,7.26E-07,17:26,2,180926,0,
2018-09-26 17:27,,0.016129032,7.26E-07,17:27,2,180926,0,
2018-09-26 17:28,,0.016129032,7.26E-07,17:28,2,180926,0,
2018-09-26 17:29,,0.016129032,7.26E-07,17:29,2,180926,0,
2018-09-26 17:30,,0.016129032,7.26E-07,17:30,2,180926,0,
2018-09-26 17:31,,0.016129032,7.26E-07,17:31,2,180926,0,
2018-09-26 17:32,,0.016129032,7.26E-07,17:32,2,180926,0,
2018-09-26 17:33,1,0.016129032,7.26E-07,17:33,2,180926,0,
2018-09-26 17:34,,0.016377049,0.000175376,17:34,2,180926,0,
2018-09-26 17:35,,0.016377049,7.26E-07,17:35,2,180926,0,
2018-09-26 17:36,,0.016377049,7.26E-07,17:36,2,180926,0,
2018-09-26 17:37,,0.016377049,7.26E-07,17:37,2,180926,0,
2018-09-26 17:38,,0.016377049,7.26E-07,17:38,2,180926,0,
2018-09-26 17:39,,0.016377049,7.26E-07,17:39,2,180926,0,
2018-09-26 17:40,,0.016377049,7.26E-07,17:40,2,180926,0,
2018-09-26 17:41,,0.016377049,7.26E-07,17:41,2,180926,0,
2018-09-26 17:42,,0.016377049,7.26E-07,17:42,2,180926,0,
2018-09-26 17:43,,0.016377049,7.26E-07,17:43,2,180926,0,
2018-09-26 17:44,,0.016377049,7.26E-07,17:44,2,180926,0,
2018-09-26 17:45,,0.016377049,7.26E-07,17:45,2,180926,0,
2018-09-26 17:46,,0.016377049,7.26E-07,17:46,2,180926,0,
2018-09-26 17:47,,0.016377049,7.26E-07,17:47,2,180926,0,
2018-09-26 17:48,,0.016377049,7.26E-07,17:48,2,180926,0,
2018-09-26 17:49,,0.016377049,7.26E-07,17:49,2,180926,0,
2018-09-26 17:50,,0.016377049,7.26E-07,17:50,2,180926,0,
2018-09-26 17:51,,0.016377049,7.26E-07,17:51,2,180926,0,
2018-09-26 17:52,,0.016377049,7.26E-07,17:52,2,180926,0,
2018-09-26 17:53,,0.016377049,7.26E-07,17:53,2,180926,0,
2018-09-26 17:54,,0.016377049,7.26E-07,17:54,2,180926,0,
2018-09-26 17:55,,0.016377049,7.26E-07,17:55,2,180926,0,
2018-09-26 17:56,,0.016377049,7.26E-07,17:56,2,180926,0,
2018-09-26 17:57,,0.016377049,7.26E-07,17:57,2,180926,0,
2018-09-26 17:58,,0.016377049,7.26E-07,17:58,2,180926,0,
2018-09-26 17:59,,0.016377049,7.26E-07,17:59,2,180926,0,
2018-09-26 18:00,,0.016377049,7.26E-07,18:00,2,180926,0,
2018-09-26 18:01,,0.016377049,7.26E-07,18:01,2,180926,0,
2018-09-26 18:02,,0.016377049,7.26E-07,18:02,2,180926,0,
2018-09-26 18:03,,0.016377049,7.26E-07,18:03,2,180926,0,
2018-09-26 18:04,,0.016377049,7.26E-07,18:04,2,180926,0,
2018-09-26 18:05,,0.016377049,7.26E-07,18:05,2,180926,0,
2018-09-26 18:06,,0.016377049,7.26E-07,18:06,2,180926,0,
2018-09-26 18:07,,0.016377049,7.26E-07,18:07,2,180926,0,
2018-09-26 18:08,,0.016377049,7.26E-07,18:08,2,180926,0,
2018-09-26 18:09,,0.016377049,7.26E-07,18:09,2,180926,0,
2018-09-26 18:10,,0.016377049,7.26E-07,18:10,2,180926,0,
2018-09-26 18:11,,0.016377049,7.26E-07,18:11,2,180926,0,
2018-09-26 18:12,,0.016377049,7.26E-07,18:12,2,180926,0,
2018-09-26 18:13,,0.016377049,7.26E-07,18:13,2,180926,0,
2018-09-26 18:14,,0.016377049,7.26E-07,18:14,2,180926,0,
2018-09-26 18:15,,0.016377049,7.26E-07,18:15,2,180926,0,
2018-09-26 18:16,,0.016377049,7.26E-07,18:16,2,180926,0,
2018-09-26 18:17,,0.016377049,7.26E-07,18:17,2,180926,0,
2018-09-26 18:18,,0.016377049,7.26E-07,18:18,2,180926,0,
2018-09-26 18:19,,0.016377049,7.26E-07,18:19,2,180926,0,
2018-09-26 18:20,,0.016377049,7.26E-07,18:20,2,180926,0,
2018-09-26 18:21,,0.016377049,7.26E-07,18:21,2,180926,0,
2018-09-26 18:22,,0.016377049,7.26E-07,18:22,2,180926,0,
2018-09-26 18:23,,0.016377049,7.26E-07,18:23,2,180926,0,
2018-09-26 18:24,,0.016377049,7.26E-07,18:24,2,180926,0,
2018-09-26 18:25,,0.016377049,7.26E-07,18:25,2,180926,0,
2018-09-26 18:26,,0.016377049,7.26E-07,18:26,2,180926,0,
2018-09-26 18:27,,0.016377049,7.26E-07,18:27,2,180926,0,
2018-09-26 18:28,,0.016377049,7.26E-07,18:28,2,180926,0,
2018-09-26 18:29,,0.016377049,7.26E-07,18:29,2,180926,0,
2018-09-26 18:30,,0.016377049,7.26E-07,18:30,2,180926,0,
2018-09-26 18:31,,0.016377049,7.26E-07,18:31,2,180926,0,
2018-09-26 18:32,,0.016377049,7.26E-07,18:32,2,180926,0,
2018-09-26 18:33,,0.016377049,7.26E-07,18:33,2,180926,0,
2018-09-26 18:34,0.999,0.016377049,7.26E-07,18:34,2,180926,0,
2018-09-26 18:35,,0.016129032,0.000175376,18:35,2,180926,0,
2018-09-26 18:36,,0.016129032,7.26E-07,18:36,2,180926,0,
2018-09-26 18:37,,0.016129032,7.26E-07,18:37,2,180926,0,
2018-09-26 18:38,,0.016129032,7.26E-07,18:38,2,180926,0,
2018-09-26 18:39,,0.016129032,7.26E-07,18:39,2,180926,0,
2018-09-26 18:40,,0.016129032,7.26E-07,18:40,2,180926,0,
2018-09-26 18:41,,0.016129032,7.26E-07,18:41,2,180926,0,
2018-09-26 18:42,,0.016129032,7.26E-07,18:42,2,180926,0,
2018-09-26 18:43,,0.016129032,7.26E-07,18:43,2,180926,0,
2018-09-26 18:44,,0.016129032,7.26E-07,18:44,2,180926,0,
2018-09-26 18:45,,0.016129032,7.26E-07,18:45,2,180926,0,
2018-09-26 18:46,,0.016129032,7.26E-07,18:46,2,180926,0,
2018-09-26 18:47,,0.016129032,7.26E-07,18:47,2,180926,0,
2018-09-26 18:48,,0.016129032,7.26E-07,18:48,2,180926,0,
2018-09-26 18:49,,0.016129032,7.26E-07,18:49,2,180926,0,
2018-09-26 18:50,,0.016129032,7.26E-07,18:50,2,180926,0,
2018-09-26 18:51,,0.016129032,7.26E-07,18:51,2,180926,0,
2018-09-26 18:52,,0.016129032,7.26E-07,18:52,2,180926,0,
2018-09-26 18:53,,0.016129032,7.26E-07,18:53,2,180926,0,
2018-09-26 18:54,,0.016129032,7.26E-07,18:54,2,180926,0,
2018-09-26 18:55,,0.016129032,7.26E-07,18:55,2,180926,0,
2018-09-26 18:56,,0.016129032,7.26E-07,18:56,2,180926,0,
2018-09-26 18:57,,0.016129032,7.26E-07,18:57,2,180926,0,
2018-09-26 18:58,,0.016129032,7.26E-07,18:58,2,180926,0,
2018-09-26 18:59,,0.016129032,7.26E-07,18:59,2,180926,0,
2018-09-26 19:00,,0.016129032,7.26E-07,19:00,2,180926,0,
2018-09-26 19:01,,0.016129032,7.26E-07,19:01,2,180926,0,
2018-09-26 19:02,,0.016129032,7.26E-07,19:02,2,180926,0,
2018-09-26 19:03,,0.016129032,7.26E-07,19:03,2,180926,0,
2018-09-26 19:04,,0.016129032,7.26E-07,19:04,2,180926,0,
2018-09-26 19:05,,0.016129032,7.26E-07,19:05,2,180926,0,
2018-09-26 19:06,,0.016129032,7.26E-07,19:06,2,180926,0,
2018-09-26 19:07,,0.016129032,7.26E-07,19:07,2,180926,0,
2018-09-26 19:08,,0.016129032,7.26E-07,19:08,2,180926,0,
2018-09-26 19:09,,0.016129032,7.26E-07,19:09,2,180926,0,
2018-09-26 19:10,,0.016129032,7.26E-07,19:10,2,180926,0,
2018-09-26 19:11,,0.016129032,7.26E-07,19:11,2,180926,0,
2018-09-26 19:12,,0.016129032,7.26E-07,19:12,2,180926,0,
2018-09-26 19:13,,0.016129032,7.26E-07,19:13,2,180926,0,
2018-09-26 19:14,,0.016129032,7.26E-07,19:14,2,180926,0,
2018-09-26 19:15,,0.016129032,7.26E-07,19:15,2,180926,0,
2018-09-26 19:16,,0.016129032,7.26E-07,19:16,2,180926,0,
2018-09-26 19:17,,0.016129032,7.26E-07,19:17,2,180926,0,
2018-09-26 19:18,,0.016129032,7.26E-07,19:18,2,180926,0,
2018-09-26 19:19,,0.016129032,7.26E-07,19:19,2,180926,0,
2018-09-26 19:20,,0.016129032,7.26E-07,19:20,2,180926,0,
2018-09-26 19:21,,0.016129032,7.26E-07,19:21,2,180926,0,
2018-09-26 19:22,,0.016129032,7.26E-07,19:22,2,180926,0,
2018-09-26 19:23,,0.016129032,7.26E-07,19:23,2,180926,0,
2018-09-26 19:24,,0.016129032,7.26E-07,19:24,2,180926,0,
2018-09-26 19:25,,0.016129032,7.26E-07,19:25,2,180926,0,
2018-09-26 19:26,,0.016129032,7.26E-07,19:26,2,180926,0,
2018-09-26 19:27,,0.016129032,7.26E-07,19:27,2,180926,0,
2018-09-26 19:28,,0.016129032,7.26E-07,19:28,2,180926,0,
2018-09-26 19:29,,0.016129032,7.26E-07,19:29,2,180926,0,
2018-09-26 19:30,,0.016129032,7.26E-07,19:30,2,180926,0,
2018-09-26 19:31,,0.016129032,7.26E-07,19:31,2,180926,0,
2018-09-26 19:32,,0.016129032,7.26E-07,19:32,2,180926,0,
2018-09-26 19:33,,0.016129032,7.26E-07,19:33,2,180926,0,
2018-09-26 19:34,,0.016129032,7.26E-07,19:34,2,180926,0,
2018-09-26 19:35,,0.016129032,7.26E-07,19:35,2,180926,0,
2018-09-26 19:36,1,0.016129032,7.26E-07,19:36,2,180926,0,
2018-09-26 19:37,,0.016393443,0.000186968,19:37,2,180926,0,
2018-09-26 19:38,,0.016393443,7.26E-07,19:38,2,180926,0,
2018-09-26 19:39,,0.016393443,7.26E-07,19:39,2,180926,0,
2018-09-26 19:40,,0.016393443,7.26E-07,19:40,2,180926,0,
2018-09-26 19:41,,0.016393443,7.26E-07,19:41,2,180926,0,
2018-09-26 19:42,,0.016393443,7.26E-07,19:42,2,180926,0,
2018-09-26 19:43,,0.016393443,7.26E-07,19:43,2,180926,0,
2018-09-26 19:44,,0.016393443,7.26E-07,19:44,2,180926,0,
2018-09-26 19:45,,0.016393443,7.26E-07,19:45,2,180926,0,
2018-09-26 19:46,,0.016393443,7.26E-07,19:46,2,180926,0,
2018-09-26 19:47,,0.016393443,7.26E-07,19:47,2,180926,0,
2018-09-26 19:48,,0.016393443,7.26E-07,19:48,2,180926,0,
2018-09-26 19:49,,0.016393443,7.26E-07,19:49,2,180926,0,
2018-09-26 19:50,,0.016393443,7.26E-07,19:50,2,180926,0,
2018-09-26 19:51,,0.016393443,7.26E-07,19:51,2,180926,0,
2018-09-26 19:52,,0.016393443,7.26E-07,19:52,2,180926,0,
2018-09-26 19:53,,0.016393443,7.26E-07,19:53,2,180926,0,
2018-09-26 19:54,,0.016393443,7.26E-07,19:54,2,180926,0,
2018-09-26 19:55,,0.016393443,7.26E-07,19:55,2,180926,0,
2018-09-26 19:56,,0.016393443,7.26E-07,19:56,2,180926,0,
2018-09-26 19:57,,0.016393443,7.26E-07,19:57,2,180926,0,
2018-09-26 19:58,,0.016393443,7.26E-07,19:58,2,180926,0,
2018-09-26 19:59,,0.016393443,7.26E-07,19:59,2,180926,0,
2018-09-26 20:00,,0.016393443,7.26E-07,20:00,2,180926,0,
2018-09-26 20:01,,0.016393443,7.26E-07,20:01,2,180926,0,
2018-09-26 20:02,,0.016393443,7.26E-07,20:02,2,180926,0,
2018-09-26 20:03,,0.016393443,7.26E-07,20:03,2,180926,0,
2018-09-26 20:04,,0.016393443,7.26E-07,20:04,2,180926,0,
2018-09-26 20:05,,0.016393443,7.26E-07,20:05,2,180926,0,
2018-09-26 20:06,,0.016393443,7.26E-07,20:06,2,180926,0,
2018-09-26 20:07,,0.016393443,7.26E-07,20:07,2,180926,0,
2018-09-26 20:08,,0.016393443,7.26E-07,20:08,2,180926,0,
2018-09-26 20:09,,0.016393443,7.26E-07,20:09,2,180926,0,
2018-09-26 20:10,,0.016393443,7.26E-07,20:10,2,180926,0,
2018-09-26 20:11,,0.016393443,7.26E-07,20:11,2,180926,0,
2018-09-26 20:12,,0.016393443,7.26E-07,20:12,2,180926,0,
2018-09-26 20:13,,0.016393443,7.26E-07,20:13,2,180926,0,
2018-09-26 20:14,,0.016393443,7.26E-07,20:14,2,180926,0,
2018-09-26 20:15,,0.016393443,7.26E-07,20:15,2,180926,0,
2018-09-26 20:16,,0.016393443,7.26E-07,20:16,2,180926,0,
2018-09-26 20:17,,0.016393443,7.26E-07,20:17,2,180926,0,
2018-09-26 20:18,,0.016393443,7.26E-07,20:18,2,180926,0,
2018-09-26 20:19,,0.016393443,7.26E-07,20:19,2,180926,0,
2018-09-26 20:20,,0.016393443,7.26E-07,20:20,2,180926,0,
2018-09-26 20:21,,0.016393443,7.26E-07,20:21,2,180926,0,
2018-09-26 20:22,,0.016393443,7.26E-07,20:22,2,180926,0,
2018-09-26 20:23,,0.016393443,7.26E-07,20:23,2,180926,0,
2018-09-26 20:24,,0.016393443,7.26E-07,20:24,2,180926,0,
2018-09-26 20:25,,0.016393443,7.26E-07,20:25,2,180926,0,
2018-09-26 20:26,,0.016393443,7.26E-07,20:26,2,180926,0,
2018-09-26 20:27,,0.016393443,7.26E-07,20:27,2,180926,0,
2018-09-26 20:28,,0.016393443,7.26E-07,20:28,2,180926,0,
2018-09-26 20:29,,0.016393443,7.26E-07,20:29,2,180926,0,
2018-09-26 20:30,,0.016393443,7.26E-07,20:30,2,180926,0,
2018-09-26 20:31,,0.016393443,7.26E-07,20:31,2,180926,0,
2018-09-26 20:32,,0.016393443,7.26E-07,20:32,2,180926,0,
2018-09-26 20:33,,0.016393443,7.26E-07,20:33,2,180926,0,
2018-09-26 20:34,,0.016393443,7.26E-07,20:34,2,180926,0,
2018-09-26 20:35,,0.016393443,7.26E-07,20:35,2,180926,0,
2018-09-26 20:36,,0.016393443,7.26E-07,20:36,2,180926,0,
2018-09-26 20:37,1,0.016393443,7.26E-07,20:37,2,180926,0,
2018-09-26 20:38,,0.0666,0.035501397,20:38,2,180926,0,
2018-09-26 20:39,,0.0666,7.24E-07,20:39,2,180926,0,
2018-09-26 20:40,,0.0666,7.24E-07,20:40,2,180926,0,
2018-09-26 20:41,,0.0666,7.24E-07,20:41,2,180926,0,
2018-09-26 20:42,,0.0666,7.24E-07,20:42,2,180926,0,
2018-09-26 20:43,,0.0666,7.24E-07,20:43,2,180926,0,
2018-09-26 20:44,,0.0666,7.24E-07,20:44,2,180926,0,
2018-09-26 20:45,,0.0666,7.24E-07,20:45,2,180926,0,
2018-09-26 20:46,,0.0666,7.24E-07,20:46,2,180926,0,
2018-09-26 20:47,,0.0666,7.24E-07,20:47,2,180926,0,
2018-09-26 20:48,,0.0666,7.24E-07,20:48,2,180926,0,
2018-09-26 20:49,,0.0666,7.24E-07,20:49,2,180926,0,
2018-09-26 20:50,,0.0666,7.24E-07,20:50,2,180926,0,
2018-09-26 20:51,,0.0666,7.24E-07,20:51,2,180926,0,
2018-09-26 20:52,0.999,0.0666,7.24E-07,20:52,2,180926,0,
2018-09-26 20:53,2,1.5,1.01356686,20:53,2,180926,0,
2018-09-26 20:54,1,1.5,6.69E-07,20:54,2,180926,0,
2018-09-26 20:55,5,4.999666667,2.474638032,20:55,2,180926,1,1
2018-09-26 20:56,5,4.999666667,5.11E-07,20:56,2,180926,1,1
2018-09-26 20:57,4.999,4.999666667,5.11E-07,20:57,2,180926,1,1
2018-09-26 20:58,5,5.25025,0.177189174,20:58,2,180926,1,1
2018-09-26 20:59,5,5.25025,4.98E-07,20:59,2,180926,1,1
2018-09-26 21:00,5,5.25025,4.98E-07,21:00,2,180926,1,1
2018-09-26 21:01,6.001,5.25025,4.98E-07,21:01,2,180926,1,1
2018-09-26 21:02,4.999,5.5,0.176599919,21:02,2,180926,1,1
2018-09-26 21:03,6.001,5.5,4.85E-07,21:03,2,180926,1,1
2018-09-26 21:04,5,5.5,4.85E-07,21:04,2,180926,1,1
2018-09-26 21:05,6,5.5,4.85E-07,21:05,2,180926,1,1
2018-09-26 21:06,5,5.5005,0.000353554,21:06,2,180926,1,1
2018-09-26 21:07,6.001,5.5005,4.85E-07,21:07,2,180926,1,1
2018-09-26 21:08,6,6.000333333,0.353435539,21:08,2,180926,1,1
2018-09-26 21:09,6,6.000333333,4.57E-07,21:09,2,180926,1,1
2018-09-26 21:10,6.001,6.000333333,4.57E-07,21:10,2,180926,1,1
2018-09-26 21:11,6,6.0005,0.000117852,21:11,2,180926,1,1
2018-09-26 21:12,6.001,6.0005,4.57E-07,21:12,2,180926,1,1
2018-09-26 21:13,6,6.0005,4.57E-07,21:13,2,180926,1,1
2018-09-26 21:14,6.001,6.0005,4.57E-07,21:14,2,180926,1,1
2018-09-26 21:15,6,3,2.121673897,21:15,2,180926,0,
2018-09-26 21:16,,3,6.03E-07,21:16,2,180926,0,
2018-09-26 21:17,13,6.5,2.474873734,21:17,2,180926,1,1
2018-09-26 21:18,,6.5,4.35E-07,21:18,2,180926,1,1
2018-09-26 21:19,13,10,2.474873734,21:19,2,180926,1,1
2018-09-26 21:20,7,10,1.23E-07,21:20,2,180926,1,1
2018-09-26 21:21,7,6.5005,2.474520181,21:21,2,180926,1,1
2018-09-26 21:22,6.001,6.5005,4.20E-07,21:22,2,180926,1,1
2018-09-26 21:23,,7,0.353199837,21:23,2,180926,1,1
2018-09-26 21:24,14,7,3.91E-07,21:24,2,180926,1,1
2018-09-26 21:25,7,5.25,1.237436867,21:25,2,180926,1,1
2018-09-26 21:26,7,5.25,4.83E-07,21:26,2,180926,1,1
2018-09-26 21:27,7,5.25,4.83E-07,21:27,2,180926,1,1
2018-09-26 21:28,,5.25,4.83E-07,21:28,2,180926,1,1
2018-09-26 21:29,14.999,11,4.065863992,21:29,2,180926,1,1
2018-09-26 21:30,7.001,11,0,21:30,2,180926,1,1
2018-09-26 21:31,7.999,7.4995,2.475227288,21:31,2,180926,1,1
2018-09-26 21:32,7,7.4995,3.63E-07,21:32,2,180926,1,1
2018-09-26 21:33,8,7.5,0.000353554,21:33,2,180926,1,1
2018-09-26 21:34,7,7.5,3.63E-07,21:34,2,180926,1,1
2018-09-26 21:35,7.999,7.9995,0.353199837,21:35,2,180926,1,1
2018-09-26 21:36,8,7.9995,3.33E-07,21:36,2,180926,1,1
2018-09-26 21:37,8,7.9995,3.33E-07,21:37,2,180926,1,1
2018-09-26 21:38,7.999,7.9995,3.33E-07,21:38,2,180926,1,1
2018-09-26 21:39,7,8,0.000353554,21:39,2,180926,1,1
2018-09-26 21:40,9,8,3.33E-07,21:40,2,180926,1,1
2018-09-26 21:41,8,7.999666667,0.000235702,21:41,2,180926,1,1
2018-09-26 21:42,8,7.999666667,3.33E-07,21:42,2,180926,1,1
2018-09-26 21:43,7.999,7.999666667,3.33E-07,21:43,2,180926,1,1
2018-09-26 21:44,,8.5,0.353789093,21:44,2,180926,1,1
2018-09-26 21:45,17,8.5,2.96E-07,21:45,2,180926,1,1
2018-09-26 21:46,8,8.5,2.96E-07,21:46,2,180926,1,1
2018-09-26 21:47,9,8.5,2.96E-07,21:47,2,180926,1,1
2018-09-26 21:48,7.999,8.5,2.96E-07,21:48,2,180926,1,1
2018-09-26 21:49,9.001,8.5,2.96E-07,21:49,2,180926,1,1
2018-09-26 21:50,7.999,8.4995,0.000353554,21:50,2,180926,1,1
2018-09-26 21:51,9,8.4995,2.97E-07,21:51,2,180926,1,1
2018-09-26 21:52,9.001,9.0005,0.354260497,21:52,2,180926,1,1
2018-09-26 21:53,9,9.0005,2.65E-07,21:53,2,180926,1,1
2018-09-26 21:54,9,4.5,3.182334069,21:54,2,180926,0,
2018-09-26 21:55,,4.5,4.44E-07,21:55,2,180926,0,
2018-09-26 21:56,,11,4.596194078,21:56,2,180926,1,1
2018-09-26 21:57,,11,1.19E-07,21:57,2,180926,1,1
2018-09-26 21:58,,11,1.19E-07,21:58,2,180926,1,1
2018-09-26 21:59,,11,1.19E-07,21:59,2,180926,1,1
2018-09-26 22:00,55,11,1.19E-07,22:00,2,180926,1,1
2018-09-26 22:01,,9.5,1.060660172,22:01,2,180926,1,1
2018-09-26 22:02,19,9.5,2.38E-07,22:02,2,180926,1,1
2018-09-26 22:03,,9.5998,0.070569257,22:03,2,180926,1,1
2018-09-26 22:04,,9.5998,2.32E-07,22:04,2,180926,1,1
2018-09-26 22:05,,9.5998,2.32E-07,22:05,2,180926,1,1
2018-09-26 22:06,,9.5998,2.32E-07,22:06,2,180926,1,1
2018-09-26 22:07,47.999,9.5998,2.32E-07,22:07,2,180926,1,1
2018-09-26 22:08,10,9.75,0.106207439,22:08,2,180926,1,1
2018-09-26 22:09,10,9.75,2.21E-07,22:09,2,180926,1,1
2018-09-26 22:10,10,9.75,2.21E-07,22:10,2,180926,1,1
2018-09-26 22:11,9,9.75,2.21E-07,22:11,2,180926,1,1
2018-09-26 22:12,9,8.5,0.883883476,22:12,2,180926,1,1
2018-09-26 22:13,8,8.5,2.90E-07,22:13,2,180926,1,1
2018-09-26 22:14,,8.4995,0.000353554,22:14,2,180926,1,1
2018-09-26 22:15,16.999,8.4995,2.90E-07,22:15,2,180926,1,1
2018-09-26 22:16,9.001,8.5,0.000353554,22:16,2,180926,1,1
2018-09-26 22:17,7.999,8.5,2.90E-07,22:17,2,180926,1,1
2018-09-26 22:18,9,8.5,2.90E-07,22:18,2,180926,1,1
2018-09-26 22:19,8,8.5,2.90E-07,22:19,2,180926,1,1
2018-09-26 22:20,9,8.5,2.90E-07,22:20,2,180926,1,1
2018-09-26 22:21,8,8.5,2.90E-07,22:21,2,180926,1,1
2018-09-26 22:22,9,8.4995,0.000353554,22:22,2,180926,1,1
2018-09-26 22:23,7.999,8.4995,2.90E-07,22:23,2,180926,1,1
2018-09-26 22:24,9.001,8.5,0.000353554,22:24,2,180926,1,1
2018-09-26 22:25,7.999,8.5,2.90E-07,22:25,2,180926,1,1
2018-09-26 22:26,8,4,3.181980515,22:26,2,180926,0,
2018-09-26 22:27,,4,4.60E-07,22:27,2,180926,0,
2018-09-26 22:28,16,12,5.656854249,22:28,2,180926,1,1
2018-09-26 22:29,8,12,0,22:29,2,180926,1,1
2018-09-26 22:30,,7.6,3.111269837,22:30,2,180926,1,1
2018-09-26 22:31,,7.6,3.32E-07,22:31,2,180926,1,1
2018-09-26 22:32,,7.6,3.32E-07,22:32,2,180926,1,1
2018-09-26 22:33,,7.6,3.32E-07,22:33,2,180926,1,1
2018-09-26 22:34,38,7.6,3.32E-07,22:34,2,180926,1,1
2018-09-26 22:35,,7.666666667,0.047140452,22:35,2,180926,1,1
2018-09-26 22:36,,7.666666667,3.28E-07,22:36,2,180926,1,1
2018-09-26 22:37,23,7.666666667,3.28E-07,22:37,2,180926,1,1
2018-09-26 22:38,7.999,7.9995,0.235348707,22:38,2,180926,1,1
2018-09-26 22:39,8,7.9995,3.10E-07,22:39,2,180926,1,1
2018-09-26 22:40,8,7.5,0.353199837,22:40,2,180926,1,1
2018-09-26 22:41,7,7.5,3.36E-07,22:41,2,180926,1,1
2018-09-26 22:42,7.999,7.9995,0.353199837,22:42,2,180926,1,1
2018-09-26 22:43,8,7.9995,3.07E-07,22:43,2,180926,1,1
2018-09-26 22:44,7,3.5,3.181626962,22:44,2,180926,0,
2018-09-26 22:45,,3.5,4.95E-07,22:45,2,180926,0,
2018-09-26 22:46,16,12,6.01040764,22:46,2,180926,1,1
2018-09-26 22:47,8,12,0,22:47,2,180926,1,1
2018-09-26 22:48,,7.4995,3.182334069,22:48,2,180926,1,1
2018-09-26 22:49,14.999,7.4995,3.55E-07,22:49,2,180926,1,1
2018-09-26 22:50,8,7.5,0.000353554,22:50,2,180926,1,1
2018-09-26 22:51,7,7.5,3.55E-07,22:51,2,180926,1,1
2018-09-26 22:52,8,7.9995,0.353199837,22:52,2,180926,1,1
2018-09-26 22:53,7.999,7.9995,3.28E-07,22:53,2,180926,1,1
2018-09-26 22:54,7,3.5,3.181626962,22:54,2,180926,0,
2018-09-26 22:55,,3.5,5.09E-07,22:55,2,180926,0,
2018-09-26 22:56,16.001,12,6.01040764,22:56,2,180926,1,1
2018-09-26 22:57,7.999,12,0,22:57,2,180926,1,1
2018-09-26 22:58,7,7.5,3.181980515,22:58,2,180926,1,1
2018-09-26 22:59,8,7.5,3.53E-07,22:59,2,180926,1,1
2018-09-26 23:00,7.999,7.4995,0.000353554,23:00,2,180926,1,1
2018-09-26 23:01,7,7.4995,3.53E-07,23:01,2,180926,1,1
2018-09-26 23:02,8,7.999666667,0.353671242,23:02,2,180926,1,1
2018-09-26 23:03,8,7.999666667,3.28E-07,23:03,2,180926,1,1
2018-09-26 23:04,7.999,7.999666667,3.28E-07,23:04,2,180926,1,1
2018-09-26 23:05,7,7.5,0.353317688,23:05,2,180926,1,1
2018-09-26 23:06,8,7.5,3.54E-07,23:06,2,180926,1,1
2018-09-26 23:07,7.999,7.9995,0.353199837,23:07,2,180926,1,1
2018-09-26 23:08,8,7.9995,3.26E-07,23:08,2,180926,1,1
2018-09-26 23:09,7,7.5,0.353199837,23:09,2,180926,1,1
2018-09-26 23:10,8,7.5,3.51E-07,23:10,2,180926,1,1
2018-09-26 23:11,7.999,7.4995,0.000353554,23:11,2,180926,1,1
2018-09-26 23:12,7,7.4995,3.51E-07,23:12,2,180926,1,1
2018-09-26 23:13,8,4,2.474520181,23:13,2,180926,0,
2018-09-26 23:14,,4,4.92E-07,23:14,2,180926,0,
2018-09-26 23:15,16,11.5,5.303300859,23:15,2,180926,1,1
2018-09-26 23:16,7,11.5,0,23:16,2,180926,1,1
2018-09-26 23:17,8,4,5.303300859,23:17,2,180926,0,
2018-09-26 23:18,,4,4.92E-07,23:18,2,180926,0,
2018-09-26 23:19,16,11.5,5.303300859,23:19,2,180926,1,1
2018-09-26 23:20,7,11.5,0,23:20,2,180926,1,1
2018-09-26 23:21,8,7.9995,2.475227288,23:21,2,180926,1,1
2018-09-26 23:22,7.999,7.9995,3.29E-07,23:22,2,180926,1,1
2018-09-26 23:23,8,7.666666667,0.235348707,23:23,2,180926,1,1
2018-09-26 23:24,8,7.666666667,3.48E-07,23:24,2,180926,1,1
2018-09-26 23:25,7,7.666666667,3.48E-07,23:25,2,180926,1,1
2018-09-26 23:26,7.999,7.9995,0.235348707,23:26,2,180926,1,1
2018-09-26 23:27,8,7.9995,3.26E-07,23:27,2,180926,1,1
2018-09-26 23:28,7.999,7.4995,0.353553391,23:28,2,180926,1,1
2018-09-26 23:29,7,7.4995,3.58E-07,23:29,2,180926,1,1
2018-09-26 23:30,8,7.999666667,0.353671242,23:30,2,180926,1,1
2018-09-26 23:31,8,7.999666667,3.28E-07,23:31,2,180926,1,1
2018-09-26 23:32,7.999,7.999666667,3.28E-07,23:32,2,180926,1,1
2018-09-26 23:33,7,7.5,0.353317688,23:33,2,180926,1,1
2018-09-26 23:34,8,7.5,3.59E-07,23:34,2,180926,1,1
2018-09-26 23:35,7.999,7.9995,0.353199837,23:35,2,180926,1,1
2018-09-26 23:36,8,7.9995,3.26E-07,23:36,2,180926,1,1
2018-09-26 23:37,8,7.5,0.353199837,23:37,2,180926,1,1
2018-09-26 23:38,7,7.5,3.56E-07,23:38,2,180926,1,1
2018-09-26 23:39,7.999,7.9995,0.353199837,23:39,2,180926,1,1
2018-09-26 23:40,8,7.9995,3.24E-07,23:40,2,180926,1,1
2018-09-26 23:41,,7.5,0.353199837,23:41,2,180926,1,1
2018-09-26 23:42,15,7.5,3.54E-07,23:42,2,180926,1,1
2018-09-26 23:43,7.999,7.9995,0.353199837,23:43,2,180926,1,1
2018-09-26 23:44,8,7.9995,3.21E-07,23:44,2,180926,1,1
2018-09-26 23:45,7.999,7.9995,3.21E-07,23:45,2,180926,1,1
2018-09-26 23:46,8,7.9995,3.21E-07,23:46,2,180926,1,1
2018-09-26 23:47,7,7.5,0.353199837,23:47,2,180926,1,1
2018-09-26 23:48,8,7.5,3.51E-07,23:48,2,180926,1,1
2018-09-26 23:49,5,2.5,3.535533906,23:49,2,180926,0,
2018-09-26 23:50,,2.5,5.81E-07,23:50,2,180926,0,
2018-09-26 23:51,2,1,1.060660172,23:51,2,180926,0,
2018-09-26 23:52,,1,6.34E-07,23:52,2,180926,0,
2018-09-26 23:53,,0.1998,0.565826846,23:53,2,180926,0,
2018-09-26 23:54,,0.1998,6.60E-07,23:54,2,180926,0,
2018-09-26 23:55,,0.1998,6.60E-07,23:55,2,180926,0,
2018-09-26 23:56,,0.1998,6.60E-07,23:56,2,180926,0,
2018-09-26 23:57,0.999,0.1998,6.60E-07,23:57,2,180926,0,
2018-09-26 23:58,6.001,7.5005,5.162374477,23:58,2,180926,1,1
2018-09-26 23:59,9,7.5005,3.53E-07,23:59,2,180926,1,1
2018-09-27 0:00,,8.5,0.706753228,0:00,3,180927,1,1
2018-09-27 0:01,17,8.5,2.80E-07,0:01,3,180927,1,1
2018-09-27 0:02,9,9.333333333,0.589255651,0:02,3,180927,1,1
2018-09-27 0:03,9,9.333333333,2.07E-07,0:03,3,180927,1,1
2018-09-27 0:04,10,9.333333333,2.07E-07,0:04,3,180927,1,1
2018-09-27 0:05,9,9.25,0.058925565,0:05,3,180927,1,1
2018-09-27 0:06,9,9.25,2.16E-07,0:06,3,180927,1,1
2018-09-27 0:07,9,9.25,2.16E-07,0:07,3,180927,1,1
2018-09-27 0:08,10,9.25,2.16E-07,0:08,3,180927,1,1
2018-09-27 0:09,9,9.5,0.176776695,0:09,3,180927,1,1
2018-09-27 0:10,10,9.5,1.90E-07,0:10,3,180927,1,1
2018-09-27 0:11,,9.5,1.90E-07,0:11,3,180927,1,1
2018-09-27 0:12,19,9.5,1.90E-07,0:12,3,180927,1,1
2018-09-27 0:13,,10.0005,0.353906944,0:13,3,180927,1,1
2018-09-27 0:14,20.001,10.0005,1.22E-07,0:14,3,180927,1,1
2018-09-27 0:15,9.999,9.4995,0.354260497,0:15,3,180927,1,1
2018-09-27 0:16,9,9.4995,1.99E-07,0:16,3,180927,1,1
2018-09-27 0:17,9.001,9.0005,0.352846284,0:17,3,180927,1,1
2018-09-27 0:18,9,9.0005,2.61E-07,0:18,3,180927,1,1
2018-09-27 0:19,7.999,8.5,0.353906944,0:19,3,180927,1,1
2018-09-27 0:20,9.001,8.5,3.14E-07,0:20,3,180927,1,1
2018-09-27 0:21,9,8.4995,0.000353554,0:21,3,180927,1,1
2018-09-27 0:22,7.999,8.4995,3.14E-07,0:22,3,180927,1,1
2018-09-27 0:23,9.001,9.0005,0.354260497,0:23,3,180927,1,1
2018-09-27 0:24,9,9.0005,2.71E-07,0:24,3,180927,1,1
2018-09-27 0:25,7.999,7.9995,0.707813888,0:25,3,180927,1,1
2018-09-27 0:26,8,7.9995,3.41E-07,0:26,3,180927,1,1
2018-09-27 0:27,7,7.5,0.353199837,0:27,3,180927,1,1
2018-09-27 0:28,8,7.5,3.72E-07,0:28,3,180927,1,1
2018-09-27 0:29,7.999,7.9995,0.353199837,0:29,3,180927,1,1
2018-09-27 0:30,8,7.9995,3.38E-07,0:30,3,180927,1,1
2018-09-27 0:31,7,7.5,0.353199837,0:31,3,180927,1,1
2018-09-27 0:32,8,7.5,3.70E-07,0:32,3,180927,1,1
2018-09-27 0:33,7.999,7.9995,0.353199837,0:33,3,180927,1,1
2018-09-27 0:34,8,7.9995,3.36E-07,0:34,3,180927,1,1
2018-09-27 0:35,7,7.4995,0.353553391,0:35,3,180927,1,1
2018-09-27 0:36,7.999,7.4995,3.68E-07,0:36,3,180927,1,1
2018-09-27 0:37,8,7.5,0.000353554,0:37,3,180927,1,1
2018-09-27 0:38,7,7.5,3.68E-07,0:38,3,180927,1,1
2018-09-27 0:39,8,7.9995,0.353199837,0:39,3,180927,1,1
2018-09-27 0:40,7.999,7.9995,3.34E-07,0:40,3,180927,1,1
2018-09-27 0:41,7,7.5,0.353199837,0:41,3,180927,1,1
2018-09-27 0:42,8,7.5,3.66E-07,0:42,3,180927,1,1
2018-09-27 0:43,7.999,7.5,3.66E-07,0:43,3,180927,1,1
2018-09-27 0:44,7.001,7.5,3.66E-07,0:44,3,180927,1,1
2018-09-27 0:45,7.999,7.9995,0.353199837,0:45,3,180927,1,1
2018-09-27 0:46,8,7.9995,3.32E-07,0:46,3,180927,1,1
2018-09-27 0:47,7,7.4995,0.353553391,0:47,3,180927,1,1
2018-09-27 0:48,7.999,7.4995,3.65E-07,0:48,3,180927,1,1
2018-09-27 0:49,8,7.666666667,0.118204684,0:49,3,180927,1,1
2018-09-27 0:50,8,7.666666667,3.55E-07,0:50,3,180927,1,1
2018-09-27 0:51,7,7.666666667,3.55E-07,0:51,3,180927,1,1
2018-09-27 0:52,7.999,7.9995,0.235348707,0:52,3,180927,1,1
2018-09-27 0:53,8,7.9995,3.30E-07,0:53,3,180927,1,1
2018-09-27 0:54,7,7.4995,0.353553391,0:54,3,180927,1,1
2018-09-27 0:55,7.999,7.4995,3.66E-07,0:55,3,180927,1,1
2018-09-27 0:56,8,7.5,0.000353554,0:56,3,180927,1,1
2018-09-27 0:57,7,7.5,3.66E-07,0:57,3,180927,1,1
2018-09-27 0:58,8,7.9995,0.353199837,0:58,3,180927,1,1
2018-09-27 0:59,7.999,7.9995,3.29E-07,0:59,3,180927,1,1
2018-09-27 1:00,7,7.5,0.353199837,1:00,3,180927,1,1
2018-09-27 1:01,8,7.5,3.64E-07,1:01,3,180927,1,1
2018-09-27 1:02,8,7.9995,0.353199837,1:02,3,180927,1,1
2018-09-27 1:03,7.999,7.9995,3.26E-07,1:03,3,180927,1,1
2018-09-27 1:04,7,7.5,0.353199837,1:04,3,180927,1,1
2018-09-27 1:05,8,7.5,3.61E-07,1:05,3,180927,1,1
2018-09-27 1:06,7.999,7.4995,0.000353554,1:06,3,180927,1,1
2018-09-27 1:07,7,7.4995,3.61E-07,1:07,3,180927,1,1
2018-09-27 1:08,8,7.999666667,0.353671242,1:08,3,180927,1,1
2018-09-27 1:09,8,7.999666667,3.26E-07,1:09,3,180927,1,1
2018-09-27 1:10,7.999,7.999666667,3.26E-07,1:10,3,180927,1,1
2018-09-27 1:11,7,7.5,0.353317688,1:11,3,180927,1,1
2018-09-27 1:12,8,7.5,3.62E-07,1:12,3,180927,1,1
2018-09-27 1:13,8,7.5,3.62E-07,1:13,3,180927,1,1
2018-09-27 1:14,7,7.5,3.62E-07,1:14,3,180927,1,1
2018-09-27 1:15,7.999,7.9995,0.353199837,1:15,3,180927,1,1
2018-09-27 1:16,8,7.9995,3.25E-07,1:16,3,180927,1,1
2018-09-27 1:17,7.999,7.4995,0.353553391,1:17,3,180927,1,1
2018-09-27 1:18,7,7.4995,3.61E-07,1:18,3,180927,1,1
2018-09-27 1:19,8,7.666666667,0.118204684,1:19,3,180927,1,1
2018-09-27 1:20,8,7.666666667,3.50E-07,1:20,3,180927,1,1
2018-09-27 1:21,7,7.666666667,3.50E-07,1:21,3,180927,1,1
2018-09-27 1:22,7.999,7.9995,0.235348707,1:22,3,180927,1,1
2018-09-27 1:23,8,7.9995,3.26E-07,1:23,3,180927,1,1
2018-09-27 1:24,7.999,7,0.706753228,1:24,3,180927,1,1
2018-09-27 1:25,6.001,7,3.93E-07,1:25,3,180927,1,1
2018-09-27 1:26,2,1.5,3.889087297,1:26,3,180927,0,
2018-09-27 1:27,1,1.5,6.54E-07,1:27,3,180927,0,
2018-09-27 1:28,,0.034448276,1.036301562,1:28,3,180927,0,
2018-09-27 1:29,,0.034448276,7.08E-07,1:29,3,180927,0,
2018-09-27 1:30,,0.034448276,7.08E-07,1:30,3,180927,0,
2018-09-27 1:31,,0.034448276,7.08E-07,1:31,3,180927,0,
2018-09-27 1:32,,0.034448276,7.08E-07,1:32,3,180927,0,
2018-09-27 1:33,,0.034448276,7.08E-07,1:33,3,180927,0,
2018-09-27 1:34,,0.034448276,7.08E-07,1:34,3,180927,0,
2018-09-27 1:35,,0.034448276,7.08E-07,1:35,3,180927,0,
2018-09-27 1:36,,0.034448276,7.08E-07,1:36,3,180927,0,
2018-09-27 1:37,,0.034448276,7.08E-07,1:37,3,180927,0,
2018-09-27 1:38,,0.034448276,7.08E-07,1:38,3,180927,0,
2018-09-27 1:39,,0.034448276,7.08E-07,1:39,3,180927,0,
2018-09-27 1:40,,0.034448276,7.08E-07,1:40,3,180927,0,
2018-09-27 1:41,,0.034448276,7.08E-07,1:41,3,180927,0,
2018-09-27 1:42,,0.034448276,7.08E-07,1:42,3,180927,0,
2018-09-27 1:43,,0.034448276,7.08E-07,1:43,3,180927,0,
2018-09-27 1:44,,0.034448276,7.08E-07,1:44,3,180927,0,
2018-09-27 1:45,,0.034448276,7.08E-07,1:45,3,180927,0,
2018-09-27 1:46,,0.034448276,7.08E-07,1:46,3,180927,0,
2018-09-27 1:47,,0.034448276,7.08E-07,1:47,3,180927,0,
2018-09-27 1:48,,0.034448276,7.08E-07,1:48,3,180927,0,
2018-09-27 1:49,,0.034448276,7.08E-07,1:49,3,180927,0,
2018-09-27 1:50,,0.034448276,7.08E-07,1:50,3,180927,0,
2018-09-27 1:51,,0.034448276,7.08E-07,1:51,3,180927,0,
2018-09-27 1:52,,0.034448276,7.08E-07,1:52,3,180927,0,
2018-09-27 1:53,,0.034448276,7.08E-07,1:53,3,180927,0,
2018-09-27 1:54,,0.034448276,7.08E-07,1:54,3,180927,0,
2018-09-27 1:55,,0.034448276,7.08E-07,1:55,3,180927,0,
2018-09-27 1:56,0.999,0.034448276,7.08E-07,1:56,3,180927,0,
2018-09-27 1:57,,0.011363636,0.016323305,1:57,3,180927,0,
2018-09-27 1:58,,0.011363636,7.09E-07,1:58,3,180927,0,
2018-09-27 1:59,,0.011363636,7.09E-07,1:59,3,180927,0,
2018-09-27 2:00,,0.011363636,7.09E-07,2:00,3,180927,0,
2018-09-27 2:01,,0.011363636,7.09E-07,2:01,3,180927,0,
2018-09-27 2:02,,0.011363636,7.09E-07,2:02,3,180927,0,
2018-09-27 2:03,,0.011363636,7.09E-07,2:03,3,180927,0,
2018-09-27 2:04,,0.011363636,7.09E-07,2:04,3,180927,0,
2018-09-27 2:05,,0.011363636,7.09E-07,2:05,3,180927,0,
2018-09-27 2:06,,0.011363636,7.09E-07,2:06,3,180927,0,
2018-09-27 2:07,,0.011363636,7.09E-07,2:07,3,180927,0,
2018-09-27 2:08,,0.011363636,7.09E-07,2:08,3,180927,0,
2018-09-27 2:09,,0.011363636,7.09E-07,2:09,3,180927,0,
2018-09-27 2:10,,0.011363636,7.09E-07,2:10,3,180927,0,
2018-09-27 2:11,,0.011363636,7.09E-07,2:11,3,180927,0,
2018-09-27 2:12,,0.011363636,7.09E-07,2:12,3,180927,0,
2018-09-27 2:13,,0.011363636,7.09E-07,2:13,3,180927,0,
2018-09-27 2:14,,0.011363636,7.09E-07,2:14,3,180927,0,
2018-09-27 2:15,,0.011363636,7.09E-07,2:15,3,180927,0,
2018-09-27 2:16,,0.011363636,7.09E-07,2:16,3,180927,0,
2018-09-27 2:17,,0.011363636,7.09E-07,2:17,3,180927,0,
2018-09-27 2:18,,0.011363636,7.09E-07,2:18,3,180927,0,
2018-09-27 2:19,,0.011363636,7.09E-07,2:19,3,180927,0,
2018-09-27 2:20,,0.011363636,7.09E-07,2:20,3,180927,0,
2018-09-27 2:21,,0.011363636,7.09E-07,2:21,3,180927,0,
2018-09-27 2:22,,0.011363636,7.09E-07,2:22,3,180927,0,
2018-09-27 2:23,,0.011363636,7.09E-07,2:23,3,180927,0,
2018-09-27 2:24,,0.011363636,7.09E-07,2:24,3,180927,0,
2018-09-27 2:25,,0.011363636,7.09E-07,2:25,3,180927,0,
2018-09-27 2:26,,0.011363636,7.09E-07,2:26,3,180927,0,
2018-09-27 2:27,,0.011363636,7.09E-07,2:27,3,180927,0,
2018-09-27 2:28,,0.011363636,7.09E-07,2:28,3,180927,0,
2018-09-27 2:29,,0.011363636,7.09E-07,2:29,3,180927,0,
2018-09-27 2:30,,0.011363636,7.09E-07,2:30,3,180927,0,
2018-09-27 2:31,,0.011363636,7.09E-07,2:31,3,180927,0,
2018-09-27 2:32,,0.011363636,7.09E-07,2:32,3,180927,0,
2018-09-27 2:33,,0.011363636,7.09E-07,2:33,3,180927,0,
2018-09-27 2:34,,0.011363636,7.09E-07,2:34,3,180927,0,
2018-09-27 2:35,,0.011363636,7.09E-07,2:35,3,180927,0,
2018-09-27 2:36,,0.011363636,7.09E-07,2:36,3,180927,0,
2018-09-27 2:37,,0.011363636,7.09E-07,2:37,3,180927,0,
2018-09-27 2:38,,0.011363636,7.09E-07,2:38,3,180927,0,
2018-09-27 2:39,,0.011363636,7.09E-07,2:39,3,180927,0,
2018-09-27 2:40,,0.011363636,7.09E-07,2:40,3,180927,0,
2018-09-27 2:41,,0.011363636,7.09E-07,2:41,3,180927,0,
2018-09-27 2:42,,0.011363636,7.09E-07,2:42,3,180927,0,
2018-09-27 2:43,,0.011363636,7.09E-07,2:43,3,180927,0,
2018-09-27 2:44,,0.011363636,7.09E-07,2:44,3,180927,0,
2018-09-27 2:45,,0.011363636,7.09E-07,2:45,3,180927,0,
2018-09-27 2:46,,0.011363636,7.09E-07,2:46,3,180927,0,
2018-09-27 2:47,,0.011363636,7.09E-07,2:47,3,180927,0,
2018-09-27 2:48,,0.011363636,7.09E-07,2:48,3,180927,0,
2018-09-27 2:49,,0.011363636,7.09E-07,2:49,3,180927,0,
2018-09-27 2:50,,0.011363636,7.09E-07,2:50,3,180927,0,
2018-09-27 2:51,,0.011363636,7.09E-07,2:51,3,180927,0,
2018-09-27 2:52,,0.011363636,7.09E-07,2:52,3,180927,0,
2018-09-27 2:53,,0.011363636,7.09E-07,2:53,3,180927,0,
2018-09-27 2:54,,0.011363636,7.09E-07,2:54,3,180927,0,
2018-09-27 2:55,,0.011363636,7.09E-07,2:55,3,180927,0,
2018-09-27 2:56,,0.011363636,7.09E-07,2:56,3,180927,0,
2018-09-27 2:57,,0.011363636,7.09E-07,2:57,3,180927,0,
2018-09-27 2:58,,0.011363636,7.09E-07,2:58,3,180927,0,
2018-09-27 2:59,,0.011363636,7.09E-07,2:59,3,180927,0,
2018-09-27 3:00,,0.011363636,7.09E-07,3:00,3,180927,0,
2018-09-27 3:01,,0.011363636,7.09E-07,3:01,3,180927,0,
2018-09-27 3:02,,0.011363636,7.09E-07,3:02,3,180927,0,
2018-09-27 3:03,,0.011363636,7.09E-07,3:03,3,180927,0,
2018-09-27 3:04,,0.011363636,7.09E-07,3:04,3,180927,0,
2018-09-27 3:05,,0.011363636,7.09E-07,3:05,3,180927,0,
2018-09-27 3:06,,0.011363636,7.09E-07,3:06,3,180927,0,
2018-09-27 3:07,,0.011363636,7.09E-07,3:07,3,180927,0,
2018-09-27 3:08,,0.011363636,7.09E-07,3:08,3,180927,0,
2018-09-27 3:09,,0.011363636,7.09E-07,3:09,3,180927,0,
2018-09-27 3:10,,0.011363636,7.09E-07,3:10,3,180927,0,
2018-09-27 3:11,,0.011363636,7.09E-07,3:11,3,180927,0,
2018-09-27 3:12,,0.011363636,7.09E-07,3:12,3,180927,0,
2018-09-27 3:13,,0.011363636,7.09E-07,3:13,3,180927,0,
2018-09-27 3:14,,0.011363636,7.09E-07,3:14,3,180927,0,
2018-09-27 3:15,,0.011363636,7.09E-07,3:15,3,180927,0,
2018-09-27 3:16,,0.011363636,7.09E-07,3:16,3,180927,0,
2018-09-27 3:17,,0.011363636,7.09E-07,3:17,3,180927,0,
2018-09-27 3:18,,0.011363636,7.09E-07,3:18,3,180927,0,
2018-09-27 3:19,,0.011363636,7.09E-07,3:19,3,180927,0,
2018-09-27 3:20,,0.011363636,7.09E-07,3:20,3,180927,0,
2018-09-27 3:21,,0.011363636,7.09E-07,3:21,3,180927,0,
2018-09-27 3:22,,0.011363636,7.09E-07,3:22,3,180927,0,
2018-09-27 3:23,,0.011363636,7.09E-07,3:23,3,180927,0,
2018-09-27 3:24,1,0.011363636,7.09E-07,3:24,3,180927,0,
2018-09-27 3:25,,0.011892857,0.000374216,3:25,3,180927,0,
2018-09-27 3:26,,0.011892857,7.09E-07,3:26,3,180927,0,
2018-09-27 3:27,,0.011892857,7.09E-07,3:27,3,180927,0,
2018-09-27 3:28,,0.011892857,7.09E-07,3:28,3,180927,0,
2018-09-27 3:29,,0.011892857,7.09E-07,3:29,3,180927,0,
2018-09-27 3:30,,0.011892857,7.09E-07,3:30,3,180927,0,
2018-09-27 3:31,,0.011892857,7.09E-07,3:31,3,180927,0,
2018-09-27 3:32,,0.011892857,7.09E-07,3:32,3,180927,0,
2018-09-27 3:33,,0.011892857,7.09E-07,3:33,3,180927,0,
2018-09-27 3:34,,0.011892857,7.09E-07,3:34,3,180927,0,
2018-09-27 3:35,,0.011892857,7.09E-07,3:35,3,180927,0,
2018-09-27 3:36,,0.011892857,7.09E-07,3:36,3,180927,0,
2018-09-27 3:37,,0.011892857,7.09E-07,3:37,3,180927,0,
2018-09-27 3:38,,0.011892857,7.09E-07,3:38,3,180927,0,
2018-09-27 3:39,,0.011892857,7.09E-07,3:39,3,180927,0,
2018-09-27 3:40,,0.011892857,7.09E-07,3:40,3,180927,0,
2018-09-27 3:41,,0.011892857,7.09E-07,3:41,3,180927,0,
2018-09-27 3:42,,0.011892857,7.09E-07,3:42,3,180927,0,
2018-09-27 3:43,,0.011892857,7.09E-07,3:43,3,180927,0,
2018-09-27 3:44,,0.011892857,7.09E-07,3:44,3,180927,0,
2018-09-27 3:45,,0.011892857,7.09E-07,3:45,3,180927,0,
2018-09-27 3:46,,0.011892857,7.09E-07,3:46,3,180927,0,
2018-09-27 3:47,,0.011892857,7.09E-07,3:47,3,180927,0,
2018-09-27 3:48,,0.011892857,7.09E-07,3:48,3,180927,0,
2018-09-27 3:49,,0.011892857,7.09E-07,3:49,3,180927,0,
2018-09-27 3:50,,0.011892857,7.09E-07,3:50,3,180927,0,
2018-09-27 3:51,,0.011892857,7.09E-07,3:51,3,180927,0,
2018-09-27 3:52,,0.011892857,7.09E-07,3:52,3,180927,0,
2018-09-27 3:53,,0.011892857,7.09E-07,3:53,3,180927,0,
2018-09-27 3:54,,0.011892857,7.09E-07,3:54,3,180927,0,
2018-09-27 3:55,,0.011892857,7.09E-07,3:55,3,180927,0,
2018-09-27 3:56,,0.011892857,7.09E-07,3:56,3,180927,0,
2018-09-27 3:57,,0.011892857,7.09E-07,3:57,3,180927,0,
2018-09-27 3:58,,0.011892857,7.09E-07,3:58,3,180927,0,
2018-09-27 3:59,,0.011892857,7.09E-07,3:59,3,180927,0,
2018-09-27 4:00,,0.011892857,7.09E-07,4:00,3,180927,0,
2018-09-27 4:01,,0.011892857,7.09E-07,4:01,3,180927,0,
2018-09-27 4:02,,0.011892857,7.09E-07,4:02,3,180927,0,
2018-09-27 4:03,,0.011892857,7.09E-07,4:03,3,180927,0,
2018-09-27 4:04,,0.011892857,7.09E-07,4:04,3,180927,0,
2018-09-27 4:05,,0.011892857,7.09E-07,4:05,3,180927,0,
2018-09-27 4:06,,0.011892857,7.09E-07,4:06,3,180927,0,
2018-09-27 4:07,,0.011892857,7.09E-07,4:07,3,180927,0,
2018-09-27 4:08,,0.011892857,7.09E-07,4:08,3,180927,0,
2018-09-27 4:09,,0.011892857,7.09E-07,4:09,3,180927,0,
2018-09-27 4:10,,0.011892857,7.09E-07,4:10,3,180927,0,
2018-09-27 4:11,,0.011892857,7.09E-07,4:11,3,180927,0,
2018-09-27 4:12,,0.011892857,7.09E-07,4:12,3,180927,0,
2018-09-27 4:13,,0.011892857,7.09E-07,4:13,3,180927,0,
2018-09-27 4:14,,0.011892857,7.09E-07,4:14,3,180927,0,
2018-09-27 4:15,,0.011892857,7.09E-07,4:15,3,180927,0,
2018-09-27 4:16,,0.011892857,7.09E-07,4:16,3,180927,0,
2018-09-27 4:17,,0.011892857,7.09E-07,4:17,3,180927,0,
2018-09-27 4:18,,0.011892857,7.09E-07,4:18,3,180927,0,
2018-09-27 4:19,,0.011892857,7.09E-07,4:19,3,180927,0,
2018-09-27 4:20,,0.011892857,7.09E-07,4:20,3,180927,0,
2018-09-27 4:21,,0.011892857,7.09E-07,4:21,3,180927,0,
2018-09-27 4:22,,0.011892857,7.09E-07,4:22,3,180927,0,
2018-09-27 4:23,,0.011892857,7.09E-07,4:23,3,180927,0,
2018-09-27 4:24,,0.011892857,7.09E-07,4:24,3,180927,0,
2018-09-27 4:25,,0.011892857,7.09E-07,4:25,3,180927,0,
2018-09-27 4:26,,0.011892857,7.09E-07,4:26,3,180927,0,
2018-09-27 4:27,,0.011892857,7.09E-07,4:27,3,180927,0,
2018-09-27 4:28,,0.011892857,7.09E-07,4:28,3,180927,0,
2018-09-27 4:29,,0.011892857,7.09E-07,4:29,3,180927,0,
2018-09-27 4:30,,0.011892857,7.09E-07,4:30,3,180927,0,
2018-09-27 4:31,,0.011892857,7.09E-07,4:31,3,180927,0,
2018-09-27 4:32,,0.011892857,7.09E-07,4:32,3,180927,0,
2018-09-27 4:33,,0.011892857,7.09E-07,4:33,3,180927,0,
2018-09-27 4:34,,0.011892857,7.09E-07,4:34,3,180927,0,
2018-09-27 4:35,,0.011892857,7.09E-07,4:35,3,180927,0,
2018-09-27 4:36,,0.011892857,7.09E-07,4:36,3,180927,0,
2018-09-27 4:37,,0.011892857,7.09E-07,4:37,3,180927,0,
2018-09-27 4:38,,0.011892857,7.09E-07,4:38,3,180927,0,
2018-09-27 4:39,,0.011892857,7.09E-07,4:39,3,180927,0,
2018-09-27 4:40,,0.011892857,7.09E-07,4:40,3,180927,0,
2018-09-27 4:41,,0.011892857,7.09E-07,4:41,3,180927,0,
2018-09-27 4:42,,0.011892857,7.09E-07,4:42,3,180927,0,
2018-09-27 4:43,,0.011892857,7.09E-07,4:43,3,180927,0,
2018-09-27 4:44,,0.011892857,7.09E-07,4:44,3,180927,0,
2018-09-27 4:45,,0.011892857,7.09E-07,4:45,3,180927,0,
2018-09-27 4:46,,0.011892857,7.09E-07,4:46,3,180927,0,
2018-09-27 4:47,,0.011892857,7.09E-07,4:47,3,180927,0,
2018-09-27 4:48,0.999,0.011892857,7.09E-07,4:48,3,180927,0,
2018-09-27 4:49,,0.012195122,0.000213735,4:49,3,180927,0,
2018-09-27 4:50,,0.012195122,7.09E-07,4:50,3,180927,0,
2018-09-27 4:51,,0.012195122,7.09E-07,4:51,3,180927,0,
2018-09-27 4:52,,0.012195122,7.09E-07,4:52,3,180927,0,
2018-09-27 4:53,,0.012195122,7.09E-07,4:53,3,180927,0,
2018-09-27 4:54,,0.012195122,7.09E-07,4:54,3,180927,0,
2018-09-27 4:55,,0.012195122,7.09E-07,4:55,3,180927,0,
2018-09-27 4:56,,0.012195122,7.09E-07,4:56,3,180927,0,
2018-09-27 4:57,,0.012195122,7.09E-07,4:57,3,180927,0,
2018-09-27 4:58,,0.012195122,7.09E-07,4:58,3,180927,0,
2018-09-27 4:59,,0.012195122,7.09E-07,4:59,3,180927,0,
2018-09-27 5:00,,0.012195122,7.09E-07,5:00,3,180927,0,
2018-09-27 5:01,,0.012195122,7.09E-07,5:01,3,180927,0,
2018-09-27 5:02,,0.012195122,7.09E-07,5:02,3,180927,0,
2018-09-27 5:03,,0.012195122,7.09E-07,5:03,3,180927,0,
2018-09-27 5:04,,0.012195122,7.09E-07,5:04,3,180927,0,
2018-09-27 5:05,,0.012195122,7.09E-07,5:05,3,180927,0,
2018-09-27 5:06,,0.012195122,7.09E-07,5:06,3,180927,0,
2018-09-27 5:07,,0.012195122,7.09E-07,5:07,3,180927,0,
2018-09-27 5:08,,0.012195122,7.09E-07,5:08,3,180927,0,
2018-09-27 5:09,,0.012195122,7.09E-07,5:09,3,180927,0,
2018-09-27 5:10,,0.012195122,7.09E-07,5:10,3,180927,0,
2018-09-27 5:11,,0.012195122,7.09E-07,5:11,3,180927,0,
2018-09-27 5:12,,0.012195122,7.09E-07,5:12,3,180927,0,
2018-09-27 5:13,,0.012195122,7.09E-07,5:13,3,180927,0,
2018-09-27 5:14,,0.012195122,7.09E-07,5:14,3,180927,0,
2018-09-27 5:15,,0.012195122,7.09E-07,5:15,3,180927,0,
2018-09-27 5:16,,0.012195122,7.09E-07,5:16,3,180927,0,
2018-09-27 5:17,,0.012195122,7.09E-07,5:17,3,180927,0,
2018-09-27 5:18,,0.012195122,7.09E-07,5:18,3,180927,0,
2018-09-27 5:19,,0.012195122,7.09E-07,5:19,3,180927,0,
2018-09-27 5:20,,0.012195122,7.09E-07,5:20,3,180927,0,
2018-09-27 5:21,,0.012195122,7.09E-07,5:21,3,180927,0,
2018-09-27 5:22,,0.012195122,7.09E-07,5:22,3,180927,0,
2018-09-27 5:23,,0.012195122,7.09E-07,5:23,3,180927,0,
2018-09-27 5:24,,0.012195122,7.09E-07,5:24,3,180927,0,
2018-09-27 5:25,,0.012195122,7.09E-07,5:25,3,180927,0,
2018-09-27 5:26,,0.012195122,7.09E-07,5:26,3,180927,0,
2018-09-27 5:27,,0.012195122,7.09E-07,5:27,3,180927,0,
2018-09-27 5:28,,0.012195122,7.09E-07,5:28,3,180927,0,
2018-09-27 5:29,,0.012195122,7.09E-07,5:29,3,180927,0,
2018-09-27 5:30,,0.012195122,7.09E-07,5:30,3,180927,0,
2018-09-27 5:31,,0.012195122,7.09E-07,5:31,3,180927,0,
2018-09-27 5:32,,0.012195122,7.09E-07,5:32,3,180927,0,
2018-09-27 5:33,,0.012195122,7.09E-07,5:33,3,180927,0,
2018-09-27 5:34,,0.012195122,7.09E-07,5:34,3,180927,0,
2018-09-27 5:35,,0.012195122,7.09E-07,5:35,3,180927,0,
2018-09-27 5:36,,0.012195122,7.09E-07,5:36,3,180927,0,
2018-09-27 5:37,,0.012195122,7.09E-07,5:37,3,180927,0,
2018-09-27 5:38,,0.012195122,7.09E-07,5:38,3,180927,0,
2018-09-27 5:39,,0.012195122,7.09E-07,5:39,3,180927,0,
2018-09-27 5:40,,0.012195122,7.09E-07,5:40,3,180927,0,
2018-09-27 5:41,,0.012195122,7.09E-07,5:41,3,180927,0,
2018-09-27 5:42,,0.012195122,7.09E-07,5:42,3,180927,0,
2018-09-27 5:43,,0.012195122,7.09E-07,5:43,3,180927,0,
2018-09-27 5:44,,0.012195122,7.09E-07,5:44,3,180927,0,
2018-09-27 5:45,,0.012195122,7.09E-07,5:45,3,180927,0,
2018-09-27 5:46,,0.012195122,7.09E-07,5:46,3,180927,0,
2018-09-27 5:47,,0.012195122,7.09E-07,5:47,3,180927,0,
2018-09-27 5:48,,0.012195122,7.09E-07,5:48,3,180927,0,
2018-09-27 5:49,,0.012195122,7.09E-07,5:49,3,180927,0,
2018-09-27 5:50,,0.012195122,7.09E-07,5:50,3,180927,0,
2018-09-27 5:51,,0.012195122,7.09E-07,5:51,3,180927,0,
2018-09-27 5:52,,0.012195122,7.09E-07,5:52,3,180927,0,
2018-09-27 5:53,,0.012195122,7.09E-07,5:53,3,180927,0,
2018-09-27 5:54,,0.012195122,7.09E-07,5:54,3,180927,0,
2018-09-27 5:55,,0.012195122,7.09E-07,5:55,3,180927,0,
2018-09-27 5:56,,0.012195122,7.09E-07,5:56,3,180927,0,
2018-09-27 5:57,,0.012195122,7.09E-07,5:57,3,180927,0,
2018-09-27 5:58,,0.012195122,7.09E-07,5:58,3,180927,0,
2018-09-27 5:59,,0.012195122,7.09E-07,5:59,3,180927,0,
2018-09-27 6:00,,0.012195122,7.09E-07,6:00,3,180927,0,
2018-09-27 6:01,,0.012195122,7.09E-07,6:01,3,180927,0,
2018-09-27 6:02,,0.012195122,7.09E-07,6:02,3,180927,0,
2018-09-27 6:03,,0.012195122,7.09E-07,6:03,3,180927,0,
2018-09-27 6:04,,0.012195122,7.09E-07,6:04,3,180927,0,
2018-09-27 6:05,,0.012195122,7.09E-07,6:05,3,180927,0,
2018-09-27 6:06,,0.012195122,7.09E-07,6:06,3,180927,0,
2018-09-27 6:07,,0.012195122,7.09E-07,6:07,3,180927,0,
2018-09-27 6:08,,0.012195122,7.09E-07,6:08,3,180927,0,
2018-09-27 6:09,,0.012195122,7.09E-07,6:09,3,180927,0,
2018-09-27 6:10,1,0.012195122,7.09E-07,6:10,3,180927,0,
2018-09-27 6:11,,0.012345679,0.000106462,6:11,3,180927,0,
2018-09-27 6:12,,0.012345679,7.09E-07,6:12,3,180927,0,
2018-09-27 6:13,,0.012345679,7.09E-07,6:13,3,180927,0,
2018-09-27 6:14,,0.012345679,7.09E-07,6:14,3,180927,0,
2018-09-27 6:15,,0.012345679,7.09E-07,6:15,3,180927,0,
2018-09-27 6:16,,0.012345679,7.09E-07,6:16,3,180927,0,
2018-09-27 6:17,,0.012345679,7.09E-07,6:17,3,180927,0,
2018-09-27 6:18,,0.012345679,7.09E-07,6:18,3,180927,0,
2018-09-27 6:19,,0.012345679,7.09E-07,6:19,3,180927,0,
2018-09-27 6:20,,0.012345679,7.09E-07,6:20,3,180927,0,
2018-09-27 6:21,,0.012345679,7.09E-07,6:21,3,180927,0,
2018-09-27 6:22,,0.012345679,7.09E-07,6:22,3,180927,0,
2018-09-27 6:23,,0.012345679,7.09E-07,6:23,3,180927,0,
2018-09-27 6:24,,0.012345679,7.09E-07,6:24,3,180927,0,
2018-09-27 6:25,,0.012345679,7.09E-07,6:25,3,180927,0,
2018-09-27 6:26,,0.012345679,7.09E-07,6:26,3,180927,0,
2018-09-27 6:27,,0.012345679,7.09E-07,6:27,3,180927,0,
2018-09-27 6:28,,0.012345679,7.09E-07,6:28,3,180927,0,
2018-09-27 6:29,,0.012345679,7.09E-07,6:29,3,180927,0,
2018-09-27 6:30,,0.012345679,7.09E-07,6:30,3,180927,0,
2018-09-27 6:31,,0.012345679,7.09E-07,6:31,3,180927,0,
2018-09-27 6:32,,0.012345679,7.09E-07,6:32,3,180927,0,
2018-09-27 6:33,,0.012345679,7.09E-07,6:33,3,180927,0,
2018-09-27 6:34,,0.012345679,7.09E-07,6:34,3,180927,0,
2018-09-27 6:35,,0.012345679,7.09E-07,6:35,3,180927,0,
2018-09-27 6:36,,0.012345679,7.09E-07,6:36,3,180927,0,
2018-09-27 6:37,,0.012345679,7.09E-07,6:37,3,180927,0,
2018-09-27 6:38,,0.012345679,7.09E-07,6:38,3,180927,0,
2018-09-27 6:39,,0.012345679,7.09E-07,6:39,3,180927,0,
2018-09-27 6:40,,0.012345679,7.09E-07,6:40,3,180927,0,
2018-09-27 6:41,,0.012345679,7.09E-07,6:41,3,180927,0,
2018-09-27 6:42,,0.012345679,7.09E-07,6:42,3,180927,0,
2018-09-27 6:43,,0.012345679,7.09E-07,6:43,3,180927,0,
2018-09-27 6:44,,0.012345679,7.09E-07,6:44,3,180927,0,
2018-09-27 6:45,,0.012345679,7.09E-07,6:45,3,180927,0,
2018-09-27 6:46,,0.012345679,7.09E-07,6:46,3,180927,0,
2018-09-27 6:47,,0.012345679,7.09E-07,6:47,3,180927,0,
2018-09-27 6:48,,0.012345679,7.09E-07,6:48,3,180927,0,
2018-09-27 6:49,,0.012345679,7.09E-07,6:49,3,180927,0,
2018-09-27 6:50,,0.012345679,7.09E-07,6:50,3,180927,0,
2018-09-27 6:51,,0.012345679,7.09E-07,6:51,3,180927,0,
2018-09-27 6:52,,0.012345679,7.09E-07,6:52,3,180927,0,
2018-09-27 6:53,,0.012345679,7.09E-07,6:53,3,180927,0,
2018-09-27 6:54,,0.012345679,7.09E-07,6:54,3,180927,0,
2018-09-27 6:55,,0.012345679,7.09E-07,6:55,3,180927,0,
2018-09-27 6:56,,0.012345679,7.09E-07,6:56,3,180927,0,
2018-09-27 6:57,,0.012345679,7.09E-07,6:57,3,180927,0,
2018-09-27 6:58,,0.012345679,7.09E-07,6:58,3,180927,0,
2018-09-27 6:59,,0.012345679,7.09E-07,6:59,3,180927,0,
2018-09-27 7:00,,0.012345679,7.09E-07,7:00,3,180927,0,
2018-09-27 7:01,,0.012345679,7.09E-07,7:01,3,180927,0,
2018-09-27 7:02,,0.012345679,7.09E-07,7:02,3,180927,0,
2018-09-27 7:03,,0.012345679,7.09E-07,7:03,3,180927,0,
2018-09-27 7:04,,0.012345679,7.09E-07,7:04,3,180927,0,
2018-09-27 7:05,,0.012345679,7.09E-07,7:05,3,180927,0,
2018-09-27 7:06,,0.012345679,7.09E-07,7:06,3,180927,0,
2018-09-27 7:07,,0.012345679,7.09E-07,7:07,3,180927,0,
2018-09-27 7:08,,0.012345679,7.09E-07,7:08,3,180927,0,
2018-09-27 7:09,,0.012345679,7.09E-07,7:09,3,180927,0,
2018-09-27 7:10,,0.012345679,7.09E-07,7:10,3,180927,0,
2018-09-27 7:11,,0.012345679,7.09E-07,7:11,3,180927,0,
2018-09-27 7:12,,0.012345679,7.09E-07,7:12,3,180927,0,
2018-09-27 7:13,,0.012345679,7.09E-07,7:13,3,180927,0,
2018-09-27 7:14,,0.012345679,7.09E-07,7:14,3,180927,0,
2018-09-27 7:15,,0.012345679,7.09E-07,7:15,3,180927,0,
2018-09-27 7:16,,0.012345679,7.09E-07,7:16,3,180927,0,
2018-09-27 7:17,,0.012345679,7.09E-07,7:17,3,180927,0,
2018-09-27 7:18,,0.012345679,7.09E-07,7:18,3,180927,0,
2018-09-27 7:19,,0.012345679,7.09E-07,7:19,3,180927,0,
2018-09-27 7:20,,0.012345679,7.09E-07,7:20,3,180927,0,
2018-09-27 7:21,,0.012345679,7.09E-07,7:21,3,180927,0,
2018-09-27 7:22,,0.012345679,7.09E-07,7:22,3,180927,0,
2018-09-27 7:23,,0.012345679,7.09E-07,7:23,3,180927,0,
2018-09-27 7:24,,0.012345679,7.09E-07,7:24,3,180927,0,
2018-09-27 7:25,,0.012345679,7.09E-07,7:25,3,180927,0,
2018-09-27 7:26,,0.012345679,7.09E-07,7:26,3,180927,0,
2018-09-27 7:27,,0.012345679,7.09E-07,7:27,3,180927,0,
2018-09-27 7:28,,0.012345679,7.09E-07,7:28,3,180927,0,
2018-09-27 7:29,,0.012345679,7.09E-07,7:29,3,180927,0,
2018-09-27 7:30,,0.012345679,7.09E-07,7:30,3,180927,0,
2018-09-27 7:31,1,0.012345679,7.09E-07,7:31,3,180927,0,
2018-09-27 7:32,,0.016112903,0.00266383,7:32,3,180927,0,
2018-09-27 7:33,,0.016112903,7.09E-07,7:33,3,180927,0,
2018-09-27 7:34,,0.016112903,7.09E-07,7:34,3,180927,0,
2018-09-27 7:35,,0.016112903,7.09E-07,7:35,3,180927,0,
2018-09-27 7:36,,0.016112903,7.09E-07,7:36,3,180927,0,
2018-09-27 7:37,,0.016112903,7.09E-07,7:37,3,180927,0,
2018-09-27 7:38,,0.016112903,7.09E-07,7:38,3,180927,0,
2018-09-27 7:39,,0.016112903,7.09E-07,7:39,3,180927,0,
2018-09-27 7:40,,0.016112903,7.09E-07,7:40,3,180927,0,
2018-09-27 7:41,,0.016112903,7.09E-07,7:41,3,180927,0,
2018-09-27 7:42,,0.016112903,7.09E-07,7:42,3,180927,0,
2018-09-27 7:43,,0.016112903,7.09E-07,7:43,3,180927,0,
2018-09-27 7:44,,0.016112903,7.09E-07,7:44,3,180927,0,
2018-09-27 7:45,,0.016112903,7.09E-07,7:45,3,180927,0,
2018-09-27 7:46,,0.016112903,7.09E-07,7:46,3,180927,0,
2018-09-27 7:47,,0.016112903,7.09E-07,7:47,3,180927,0,
2018-09-27 7:48,,0.016112903,7.09E-07,7:48,3,180927,0,
2018-09-27 7:49,,0.016112903,7.09E-07,7:49,3,180927,0,
2018-09-27 7:50,,0.016112903,7.09E-07,7:50,3,180927,0,
2018-09-27 7:51,,0.016112903,7.09E-07,7:51,3,180927,0,
2018-09-27 7:52,,0.016112903,7.09E-07,7:52,3,180927,0,
2018-09-27 7:53,,0.016112903,7.09E-07,7:53,3,180927,0,
2018-09-27 7:54,,0.016112903,7.09E-07,7:54,3,180927,0,
2018-09-27 7:55,,0.016112903,7.09E-07,7:55,3,180927,0,
2018-09-27 7:56,,0.016112903,7.09E-07,7:56,3,180927,0,
2018-09-27 7:57,,0.016112903,7.09E-07,7:57,3,180927,0,
2018-09-27 7:58,,0.016112903,7.09E-07,7:58,3,180927,0,
2018-09-27 7:59,,0.016112903,7.09E-07,7:59,3,180927,0,
2018-09-27 8:00,,0.016112903,7.09E-07,8:00,3,180927,0,
2018-09-27 8:01,,0.016112903,7.09E-07,8:01,3,180927,0,
2018-09-27 8:02,,0.016112903,7.09E-07,8:02,3,180927,0,
2018-09-27 8:03,,0.016112903,7.09E-07,8:03,3,180927,0,
2018-09-27 8:04,,0.016112903,7.09E-07,8:04,3,180927,0,
2018-09-27 8:05,,0.016112903,7.09E-07,8:05,3,180927,0,
2018-09-27 8:06,,0.016112903,7.09E-07,8:06,3,180927,0,
2018-09-27 8:07,,0.016112903,7.09E-07,8:07,3,180927,0,
2018-09-27 8:08,,0.016112903,7.09E-07,8:08,3,180927,0,
2018-09-27 8:09,,0.016112903,7.09E-07,8:09,3,180927,0,
2018-09-27 8:10,,0.016112903,7.09E-07,8:10,3,180927,0,
2018-09-27 8:11,,0.016112903,7.09E-07,8:11,3,180927,0,
2018-09-27 8:12,,0.016112903,7.09E-07,8:12,3,180927,0,
2018-09-27 8:13,,0.016112903,7.09E-07,8:13,3,180927,0,
2018-09-27 8:14,,0.016112903,7.09E-07,8:14,3,180927,0,
2018-09-27 8:15,,0.016112903,7.09E-07,8:15,3,180927,0,
2018-09-27 8:16,,0.016112903,7.09E-07,8:16,3,180927,0,
2018-09-27 8:17,,0.016112903,7.09E-07,8:17,3,180927,0,
2018-09-27 8:18,,0.016112903,7.09E-07,8:18,3,180927,0,
2018-09-27 8:19,,0.016112903,7.09E-07,8:19,3,180927,0,
2018-09-27 8:20,,0.016112903,7.09E-07,8:20,3,180927,0,
2018-09-27 8:21,,0.016112903,7.09E-07,8:21,3,180927,0,
2018-09-27 8:22,,0.016112903,7.09E-07,8:22,3,180927,0,
2018-09-27 8:23,,0.016112903,7.09E-07,8:23,3,180927,0,
2018-09-27 8:24,,0.016112903,7.09E-07,8:24,3,180927,0,
2018-09-27 8:25,,0.016112903,7.09E-07,8:25,3,180927,0,
2018-09-27 8:26,,0.016112903,7.09E-07,8:26,3,180927,0,
2018-09-27 8:27,,0.016112903,7.09E-07,8:27,3,180927,0,
2018-09-27 8:28,,0.016112903,7.09E-07,8:28,3,180927,0,
2018-09-27 8:29,,0.016112903,7.09E-07,8:29,3,180927,0,
2018-09-27 8:30,,0.016112903,7.09E-07,8:30,3,180927,0,
2018-09-27 8:31,,0.016112903,7.09E-07,8:31,3,180927,0,
2018-09-27 8:32,,0.016112903,7.09E-07,8:32,3,180927,0,
2018-09-27 8:33,0.999,0.016112903,7.09E-07,8:33,3,180927,0,
2018-09-27 8:34,,0.016129032,1.14E-05,8:34,3,180927,0,
2018-09-27 8:35,,0.016129032,7.09E-07,8:35,3,180927,0,
2018-09-27 8:36,,0.016129032,7.09E-07,8:36,3,180927,0,
2018-09-27 8:37,,0.016129032,7.09E-07,8:37,3,180927,0,
2018-09-27 8:38,,0.016129032,7.09E-07,8:38,3,180927,0,
2018-09-27 8:39,,0.016129032,7.09E-07,8:39,3,180927,0,
2018-09-27 8:40,,0.016129032,7.09E-07,8:40,3,180927,0,
2018-09-27 8:41,,0.016129032,7.09E-07,8:41,3,180927,0,
2018-09-27 8:42,,0.016129032,7.09E-07,8:42,3,180927,0,
2018-09-27 8:43,,0.016129032,7.09E-07,8:43,3,180927,0,
2018-09-27 8:44,,0.016129032,7.09E-07,8:44,3,180927,0,
2018-09-27 8:45,,0.016129032,7.09E-07,8:45,3,180927,0,
2018-09-27 8:46,,0.016129032,7.09E-07,8:46,3,180927,0,
2018-09-27 8:47,,0.016129032,7.09E-07,8:47,3,180927,0,
2018-09-27 8:48,,0.016129032,7.09E-07,8:48,3,180927,0,
2018-09-27 8:49,,0.016129032,7.09E-07,8:49,3,180927,0,
2018-09-27 8:50,,0.016129032,7.09E-07,8:50,3,180927,0,
2018-09-27 8:51,,0.016129032,7.09E-07,8:51,3,180927,0,
2018-09-27 8:52,,0.016129032,7.09E-07,8:52,3,180927,0,
2018-09-27 8:53,,0.016129032,7.09E-07,8:53,3,180927,0,
2018-09-27 8:54,,0.016129032,7.09E-07,8:54,3,180927,0,
2018-09-27 8:55,,0.016129032,7.09E-07,8:55,3,180927,0,
2018-09-27 8:56,,0.016129032,7.09E-07,8:56,3,180927,0,
2018-09-27 8:57,,0.016129032,7.09E-07,8:57,3,180927,0,
2018-09-27 8:58,,0.016129032,7.09E-07,8:58,3,180927,0,
2018-09-27 8:59,,0.016129032,7.09E-07,8:59,3,180927,0,
2018-09-27 9:00,,0.016129032,7.09E-07,9:00,3,180927,0,
2018-09-27 9:01,,0.016129032,7.09E-07,9:01,3,180927,0,
2018-09-27 9:02,,0.016129032,7.09E-07,9:02,3,180927,0,
2018-09-27 9:03,,0.016129032,7.09E-07,9:03,3,180927,0,
2018-09-27 9:04,,0.016129032,7.09E-07,9:04,3,180927,0,
2018-09-27 9:05,,0.016129032,7.09E-07,9:05,3,180927,0,
2018-09-27 9:06,,0.016129032,7.09E-07,9:06,3,180927,0,
2018-09-27 9:07,,0.016129032,7.09E-07,9:07,3,180927,0,
2018-09-27 9:08,,0.016129032,7.09E-07,9:08,3,180927,0,
2018-09-27 9:09,,0.016129032,7.09E-07,9:09,3,180927,0,
2018-09-27 9:10,,0.016129032,7.09E-07,9:10,3,180927,0,
2018-09-27 9:11,,0.016129032,7.09E-07,9:11,3,180927,0,
2018-09-27 9:12,,0.016129032,7.09E-07,9:12,3,180927,0,
2018-09-27 9:13,,0.016129032,7.09E-07,9:13,3,180927,0,
2018-09-27 9:14,,0.016129032,7.09E-07,9:14,3,180927,0,
2018-09-27 9:15,,0.016129032,7.09E-07,9:15,3,180927,0,
2018-09-27 9:16,,0.016129032,7.09E-07,9:16,3,180927,0,
2018-09-27 9:17,,0.016129032,7.09E-07,9:17,3,180927,0,
2018-09-27 9:18,,0.016129032,7.09E-07,9:18,3,180927,0,
2018-09-27 9:19,,0.016129032,7.09E-07,9:19,3,180927,0,
2018-09-27 9:20,,0.016129032,7.09E-07,9:20,3,180927,0,
2018-09-27 9:21,,0.016129032,7.09E-07,9:21,3,180927,0,
2018-09-27 9:22,,0.016129032,7.09E-07,9:22,3,180927,0,
2018-09-27 9:23,,0.016129032,7.09E-07,9:23,3,180927,0,
2018-09-27 9:24,,0.016129032,7.09E-07,9:24,3,180927,0,
2018-09-27 9:25,,0.016129032,7.09E-07,9:25,3,180927,0,
2018-09-27 9:26,,0.016129032,7.09E-07,9:26,3,180927,0,
2018-09-27 9:27,,0.016129032,7.09E-07,9:27,3,180927,0,
2018-09-27 9:28,,0.016129032,7.09E-07,9:28,3,180927,0,
2018-09-27 9:29,,0.016129032,7.09E-07,9:29,3,180927,0,
2018-09-27 9:30,,0.016129032,7.09E-07,9:30,3,180927,0,
2018-09-27 9:31,,0.016129032,7.09E-07,9:31,3,180927,0,
2018-09-27 9:32,,0.016129032,7.09E-07,9:32,3,180927,0,
2018-09-27 9:33,,0.016129032,7.09E-07,9:33,3,180927,0,
2018-09-27 9:34,,0.016129032,7.09E-07,9:34,3,180927,0,
2018-09-27 9:35,1,0.016129032,7.09E-07,9:35,3,180927,0,
2018-09-27 9:36,,0.015857143,0.000192256,9:36,3,180927,0,
2018-09-27 9:37,,0.015857143,7.09E-07,9:37,3,180927,0,
2018-09-27 9:38,,0.015857143,7.09E-07,9:38,3,180927,0,
2018-09-27 9:39,,0.015857143,7.09E-07,9:39,3,180927,0,
2018-09-27 9:40,,0.015857143,7.09E-07,9:40,3,180927,0,
2018-09-27 9:41,,0.015857143,7.09E-07,9:41,3,180927,0,
2018-09-27 9:42,,0.015857143,7.09E-07,9:42,3,180927,0,
2018-09-27 9:43,,0.015857143,7.09E-07,9:43,3,180927,0,
2018-09-27 9:44,,0.015857143,7.09E-07,9:44,3,180927,0,
2018-09-27 9:45,,0.015857143,7.09E-07,9:45,3,180927,0,
2018-09-27 9:46,,0.015857143,7.09E-07,9:46,3,180927,0,
2018-09-27 9:47,,0.015857143,7.09E-07,9:47,3,180927,0,
2018-09-27 9:48,,0.015857143,7.09E-07,9:48,3,180927,0,
2018-09-27 9:49,,0.015857143,7.09E-07,9:49,3,180927,0,
2018-09-27 9:50,,0.015857143,7.09E-07,9:50,3,180927,0,
2018-09-27 9:51,,0.015857143,7.09E-07,9:51,3,180927,0,
2018-09-27 9:52,,0.015857143,7.09E-07,9:52,3,180927,0,
2018-09-27 9:53,,0.015857143,7.09E-07,9:53,3,180927,0,
2018-09-27 9:54,,0.015857143,7.09E-07,9:54,3,180927,0,
2018-09-27 9:55,,0.015857143,7.09E-07,9:55,3,180927,0,
2018-09-27 9:56,,0.015857143,7.09E-07,9:56,3,180927,0,
2018-09-27 9:57,,0.015857143,7.09E-07,9:57,3,180927,0,
2018-09-27 9:58,,0.015857143,7.09E-07,9:58,3,180927,0,
2018-09-27 9:59,,0.015857143,7.09E-07,9:59,3,180927,0,
2018-09-27 10:00,,0.015857143,7.09E-07,10:00,3,180927,0,
2018-09-27 10:01,,0.015857143,7.09E-07,10:01,3,180927,0,
2018-09-27 10:02,,0.015857143,7.09E-07,10:02,3,180927,0,
2018-09-27 10:03,,0.015857143,7.09E-07,10:03,3,180927,0,
2018-09-27 10:04,,0.015857143,7.09E-07,10:04,3,180927,0,
2018-09-27 10:05,,0.015857143,7.09E-07,10:05,3,180927,0,
2018-09-27 10:06,,0.015857143,7.09E-07,10:06,3,180927,0,
2018-09-27 10:07,,0.015857143,7.09E-07,10:07,3,180927,0,
2018-09-27 10:08,,0.015857143,7.09E-07,10:08,3,180927,0,
2018-09-27 10:09,,0.015857143,7.09E-07,10:09,3,180927,0,
2018-09-27 10:10,,0.015857143,7.09E-07,10:10,3,180927,0,
2018-09-27 10:11,,0.015857143,7.09E-07,10:11,3,180927,0,
2018-09-27 10:12,,0.015857143,7.09E-07,10:12,3,180927,0,
2018-09-27 10:13,,0.015857143,7.09E-07,10:13,3,180927,0,
2018-09-27 10:14,,0.015857143,7.09E-07,10:14,3,180927,0,
2018-09-27 10:15,,0.015857143,7.09E-07,10:15,3,180927,0,
2018-09-27 10:16,,0.015857143,7.09E-07,10:16,3,180927,0,
2018-09-27 10:17,,0.015857143,7.09E-07,10:17,3,180927,0,
2018-09-27 10:18,,0.015857143,7.09E-07,10:18,3,180927,0,
2018-09-27 10:19,,0.015857143,7.09E-07,10:19,3,180927,0,
2018-09-27 10:20,,0.015857143,7.09E-07,10:20,3,180927,0,
2018-09-27 10:21,,0.015857143,7.09E-07,10:21,3,180927,0,
2018-09-27 10:22,,0.015857143,7.09E-07,10:22,3,180927,0,
2018-09-27 10:23,,0.015857143,7.09E-07,10:23,3,180927,0,
2018-09-27 10:24,,0.015857143,7.09E-07,10:24,3,180927,0,
2018-09-27 10:25,,0.015857143,7.09E-07,10:25,3,180927,0,
2018-09-27 10:26,,0.015857143,7.09E-07,10:26,3,180927,0,
2018-09-27 10:27,,0.015857143,7.09E-07,10:27,3,180927,0,
2018-09-27 10:28,,0.015857143,7.09E-07,10:28,3,180927,0,
2018-09-27 10:29,,0.015857143,7.09E-07,10:29,3,180927,0,
2018-09-27 10:30,,0.015857143,7.09E-07,10:30,3,180927,0,
2018-09-27 10:31,,0.015857143,7.09E-07,10:31,3,180927,0,
2018-09-27 10:32,,0.015857143,7.09E-07,10:32,3,180927,0,
2018-09-27 10:33,,0.015857143,7.09E-07,10:33,3,180927,0,
2018-09-27 10:34,,0.015857143,7.09E-07,10:34,3,180927,0,
2018-09-27 10:35,,0.015857143,7.09E-07,10:35,3,180927,0,
2018-09-27 10:36,,0.015857143,7.09E-07,10:36,3,180927,0,
2018-09-27 10:37,,0.015857143,7.09E-07,10:37,3,180927,0,
2018-09-27 10:38,0.999,0.015857143,7.09E-07,10:38,3,180927,0,
2018-09-27 10:39,,0.016129032,0.000192256,10:39,3,180927,0,
2018-09-27 10:40,,0.016129032,7.09E-07,10:40,3,180927,0,
2018-09-27 10:41,,0.016129032,7.09E-07,10:41,3,180927,0,
2018-09-27 10:42,,0.016129032,7.09E-07,10:42,3,180927,0,
2018-09-27 10:43,,0.016129032,7.09E-07,10:43,3,180927,0,
2018-09-27 10:44,,0.016129032,7.09E-07,10:44,3,180927,0,
2018-09-27 10:45,,0.016129032,7.09E-07,10:45,3,180927,0,
2018-09-27 10:46,,0.016129032,7.09E-07,10:46,3,180927,0,
2018-09-27 10:47,,0.016129032,7.09E-07,10:47,3,180927,0,
2018-09-27 10:48,,0.016129032,7.09E-07,10:48,3,180927,0,
2018-09-27 10:49,,0.016129032,7.09E-07,10:49,3,180927,0,
2018-09-27 10:50,,0.016129032,7.09E-07,10:50,3,180927,0,
2018-09-27 10:51,,0.016129032,7.09E-07,10:51,3,180927,0,
2018-09-27 10:52,,0.016129032,7.09E-07,10:52,3,180927,0,
2018-09-27 10:53,,0.016129032,7.09E-07,10:53,3,180927,0,
2018-09-27 10:54,,0.016129032,7.09E-07,10:54,3,180927,0,
2018-09-27 10:55,,0.016129032,7.09E-07,10:55,3,180927,0,
2018-09-27 10:56,,0.016129032,7.09E-07,10:56,3,180927,0,
2018-09-27 10:57,,0.016129032,7.09E-07,10:57,3,180927,0,
2018-09-27 10:58,,0.016129032,7.09E-07,10:58,3,180927,0,
2018-09-27 10:59,,0.016129032,7.09E-07,10:59,3,180927,0,
2018-09-27 11:00,,0.016129032,7.09E-07,11:00,3,180927,0,
2018-09-27 11:01,,0.016129032,7.09E-07,11:01,3,180927,0,
2018-09-27 11:02,,0.016129032,7.09E-07,11:02,3,180927,0,
2018-09-27 11:03,,0.016129032,7.09E-07,11:03,3,180927,0,
2018-09-27 11:04,,0.016129032,7.09E-07,11:04,3,180927,0,
2018-09-27 11:05,,0.016129032,7.09E-07,11:05,3,180927,0,
2018-09-27 11:06,,0.016129032,7.09E-07,11:06,3,180927,0,
2018-09-27 11:07,,0.016129032,7.09E-07,11:07,3,180927,0,
2018-09-27 11:08,,0.016129032,7.09E-07,11:08,3,180927,0,
2018-09-27 11:09,,0.016129032,7.09E-07,11:09,3,180927,0,
2018-09-27 11:10,,0.016129032,7.09E-07,11:10,3,180927,0,
2018-09-27 11:11,,0.016129032,7.09E-07,11:11,3,180927,0,
2018-09-27 11:12,,0.016129032,7.09E-07,11:12,3,180927,0,
2018-09-27 11:13,,0.016129032,7.09E-07,11:13,3,180927,0,
2018-09-27 11:14,,0.016129032,7.09E-07,11:14,3,180927,0,
2018-09-27 11:15,,0.016129032,7.09E-07,11:15,3,180927,0,
2018-09-27 11:16,,0.016129032,7.09E-07,11:16,3,180927,0,
2018-09-27 11:17,,0.016129032,7.09E-07,11:17,3,180927,0,
2018-09-27 11:18,,0.016129032,7.09E-07,11:18,3,180927,0,
2018-09-27 11:19,,0.016129032,7.09E-07,11:19,3,180927,0,
2018-09-27 11:20,,0.016129032,7.09E-07,11:20,3,180927,0,
2018-09-27 11:21,,0.016129032,7.09E-07,11:21,3,180927,0,
2018-09-27 11:22,,0.016129032,7.09E-07,11:22,3,180927,0,
2018-09-27 11:23,,0.016129032,7.09E-07,11:23,3,180927,0,
2018-09-27 11:24,,0.016129032,7.09E-07,11:24,3,180927,0,
2018-09-27 11:25,,0.016129032,7.09E-07,11:25,3,180927,0,
2018-09-27 11:26,,0.016129032,7.09E-07,11:26,3,180927,0,
2018-09-27 11:27,,0.016129032,7.09E-07,11:27,3,180927,0,
2018-09-27 11:28,,0.016129032,7.09E-07,11:28,3,180927,0,
2018-09-27 11:29,,0.016129032,7.09E-07,11:29,3,180927,0,
2018-09-27 11:30,,0.016129032,7.09E-07,11:30,3,180927,0,
2018-09-27 11:31,,0.016129032,7.09E-07,11:31,3,180927,0,
2018-09-27 11:32,,0.016129032,7.09E-07,11:32,3,180927,0,
2018-09-27 11:33,,0.016129032,7.09E-07,11:33,3,180927,0,
2018-09-27 11:34,,0.016129032,7.09E-07,11:34,3,180927,0,
2018-09-27 11:35,,0.016129032,7.09E-07,11:35,3,180927,0,
2018-09-27 11:36,,0.016129032,7.09E-07,11:36,3,180927,0,
2018-09-27 11:37,,0.016129032,7.09E-07,11:37,3,180927,0,
2018-09-27 11:38,,0.016129032,7.09E-07,11:38,3,180927,0,
2018-09-27 11:39,,0.016129032,7.09E-07,11:39,3,180927,0,
2018-09-27 11:40,1,0.016129032,7.09E-07,11:40,3,180927,0,
2018-09-27 11:41,,0.015857143,0.000192256,11:41,3,180927,0,
2018-09-27 11:42,,0.015857143,7.09E-07,11:42,3,180927,0,
2018-09-27 11:43,,0.015857143,7.09E-07,11:43,3,180927,0,
2018-09-27 11:44,,0.015857143,7.09E-07,11:44,3,180927,0,
2018-09-27 11:45,,0.015857143,7.09E-07,11:45,3,180927,0,
2018-09-27 11:46,,0.015857143,7.09E-07,11:46,3,180927,0,
2018-09-27 11:47,,0.015857143,7.09E-07,11:47,3,180927,0,
2018-09-27 11:48,,0.015857143,7.09E-07,11:48,3,180927,0,
2018-09-27 11:49,,0.015857143,7.09E-07,11:49,3,180927,0,
2018-09-27 11:50,,0.015857143,7.09E-07,11:50,3,180927,0,
2018-09-27 11:51,,0.015857143,7.09E-07,11:51,3,180927,0,
2018-09-27 11:52,,0.015857143,7.09E-07,11:52,3,180927,0,
2018-09-27 11:53,,0.015857143,7.09E-07,11:53,3,180927,0,
2018-09-27 11:54,,0.015857143,7.09E-07,11:54,3,180927,0,
2018-09-27 11:55,,0.015857143,7.09E-07,11:55,3,180927,0,
2018-09-27 11:56,,0.015857143,7.09E-07,11:56,3,180927,0,
2018-09-27 11:57,,0.015857143,7.09E-07,11:57,3,180927,0,
2018-09-27 11:58,,0.015857143,7.09E-07,11:58,3,180927,0,
2018-09-27 11:59,,0.015857143,7.09E-07,11:59,3,180927,0,
2018-09-27 12:00,,0.015857143,7.09E-07,12:00,3,180927,0,
2018-09-27 12:01,,0.015857143,7.09E-07,12:01,3,180927,0,
2018-09-27 12:02,,0.015857143,7.09E-07,12:02,3,180927,0,
2018-09-27 12:03,,0.015857143,7.09E-07,12:03,3,180927,0,
2018-09-27 12:04,,0.015857143,7.09E-07,12:04,3,180927,0,
2018-09-27 12:05,,0.015857143,7.09E-07,12:05,3,180927,0,
2018-09-27 12:06,,0.015857143,7.09E-07,12:06,3,180927,0,
2018-09-27 12:07,,0.015857143,7.09E-07,12:07,3,180927,0,
2018-09-27 12:08,,0.015857143,7.09E-07,12:08,3,180927,0,
2018-09-27 12:09,,0.015857143,7.09E-07,12:09,3,180927,0,
2018-09-27 12:10,,0.015857143,7.09E-07,12:10,3,180927,0,
2018-09-27 12:11,,0.015857143,7.09E-07,12:11,3,180927,0,
2018-09-27 12:12,,0.015857143,7.09E-07,12:12,3,180927,0,
2018-09-27 12:13,,0.015857143,7.09E-07,12:13,3,180927,0,
2018-09-27 12:14,,0.015857143,7.09E-07,12:14,3,180927,0,
2018-09-27 12:15,,0.015857143,7.09E-07,12:15,3,180927,0,
2018-09-27 12:16,,0.015857143,7.09E-07,12:16,3,180927,0,
2018-09-27 12:17,,0.015857143,7.09E-07,12:17,3,180927,0,
2018-09-27 12:18,,0.015857143,7.09E-07,12:18,3,180927,0,
2018-09-27 12:19,,0.015857143,7.09E-07,12:19,3,180927,0,
2018-09-27 12:20,,0.015857143,7.09E-07,12:20,3,180927,0,
2018-09-27 12:21,,0.015857143,7.09E-07,12:21,3,180927,0,
2018-09-27 12:22,,0.015857143,7.09E-07,12:22,3,180927,0,
2018-09-27 12:23,,0.015857143,7.09E-07,12:23,3,180927,0,
2018-09-27 12:24,,0.015857143,7.09E-07,12:24,3,180927,0,
2018-09-27 12:25,,0.015857143,7.09E-07,12:25,3,180927,0,
2018-09-27 12:26,,0.015857143,7.09E-07,12:26,3,180927,0,
2018-09-27 12:27,,0.015857143,7.09E-07,12:27,3,180927,0,
2018-09-27 12:28,,0.015857143,7.09E-07,12:28,3,180927,0,
2018-09-27 12:29,,0.015857143,7.09E-07,12:29,3,180927,0,
2018-09-27 12:30,,0.015857143,7.09E-07,12:30,3,180927,0,
2018-09-27 12:31,,0.015857143,7.09E-07,12:31,3,180927,0,
2018-09-27 12:32,,0.015857143,7.09E-07,12:32,3,180927,0,
2018-09-27 12:33,,0.015857143,7.09E-07,12:33,3,180927,0,
2018-09-27 12:34,,0.015857143,7.09E-07,12:34,3,180927,0,
2018-09-27 12:35,,0.015857143,7.09E-07,12:35,3,180927,0,
2018-09-27 12:36,,0.015857143,7.09E-07,12:36,3,180927,0,
2018-09-27 12:37,,0.015857143,7.09E-07,12:37,3,180927,0,
2018-09-27 12:38,,0.015857143,7.09E-07,12:38,3,180927,0,
2018-09-27 12:39,,0.015857143,7.09E-07,12:39,3,180927,0,
2018-09-27 12:40,,0.015857143,7.09E-07,12:40,3,180927,0,
2018-09-27 12:41,,0.015857143,7.09E-07,12:41,3,180927,0,
2018-09-27 12:42,,0.015857143,7.09E-07,12:42,3,180927,0,
2018-09-27 12:43,0.999,0.015857143,7.09E-07,12:43,3,180927,0,
2018-09-27 12:44,,0.016129032,0.000192256,12:44,3,180927,0,
2018-09-27 12:45,,0.016129032,7.09E-07,12:45,3,180927,0,
2018-09-27 12:46,,0.016129032,7.09E-07,12:46,3,180927,0,
2018-09-27 12:47,,0.016129032,7.09E-07,12:47,3,180927,0,
2018-09-27 12:48,,0.016129032,7.09E-07,12:48,3,180927,0,
2018-09-27 12:49,,0.016129032,7.09E-07,12:49,3,180927,0,
2018-09-27 12:50,,0.016129032,7.09E-07,12:50,3,180927,0,
2018-09-27 12:51,,0.016129032,7.09E-07,12:51,3,180927,0,
2018-09-27 12:52,,0.016129032,7.09E-07,12:52,3,180927,0,
2018-09-27 12:53,,0.016129032,7.09E-07,12:53,3,180927,0,
2018-09-27 12:54,,0.016129032,7.09E-07,12:54,3,180927,0,
2018-09-27 12:55,,0.016129032,7.09E-07,12:55,3,180927,0,
2018-09-27 12:56,,0.016129032,7.09E-07,12:56,3,180927,0,
2018-09-27 12:57,,0.016129032,7.09E-07,12:57,3,180927,0,
2018-09-27 12:58,,0.016129032,7.09E-07,12:58,3,180927,0,
2018-09-27 12:59,,0.016129032,7.09E-07,12:59,3,180927,0,
2018-09-27 13:00,,0.016129032,7.09E-07,13:00,3,180927,0,
2018-09-27 13:01,,0.016129032,7.09E-07,13:01,3,180927,0,
2018-09-27 13:02,,0.016129032,7.09E-07,13:02,3,180927,0,
2018-09-27 13:03,,0.016129032,7.09E-07,13:03,3,180927,0,
2018-09-27 13:04,,0.016129032,7.09E-07,13:04,3,180927,0,
2018-09-27 13:05,,0.016129032,7.09E-07,13:05,3,180927,0,
2018-09-27 13:06,,0.016129032,7.09E-07,13:06,3,180927,0,
2018-09-27 13:07,,0.016129032,7.09E-07,13:07,3,180927,0,
2018-09-27 13:08,,0.016129032,7.09E-07,13:08,3,180927,0,
2018-09-27 13:09,,0.016129032,7.09E-07,13:09,3,180927,0,
2018-09-27 13:10,,0.016129032,7.09E-07,13:10,3,180927,0,
2018-09-27 13:11,,0.016129032,7.09E-07,13:11,3,180927,0,
2018-09-27 13:12,,0.016129032,7.09E-07,13:12,3,180927,0,
2018-09-27 13:13,,0.016129032,7.09E-07,13:13,3,180927,0,
2018-09-27 13:14,,0.016129032,7.09E-07,13:14,3,180927,0,
2018-09-27 13:15,,0.016129032,7.09E-07,13:15,3,180927,0,
2018-09-27 13:16,,0.016129032,7.09E-07,13:16,3,180927,0,
2018-09-27 13:17,,0.016129032,7.09E-07,13:17,3,180927,0,
2018-09-27 13:18,,0.016129032,7.09E-07,13:18,3,180927,0,
2018-09-27 13:19,,0.016129032,7.09E-07,13:19,3,180927,0,
2018-09-27 13:20,,0.016129032,7.09E-07,13:20,3,180927,0,
2018-09-27 13:21,,0.016129032,7.09E-07,13:21,3,180927,0,
2018-09-27 13:22,,0.016129032,7.09E-07,13:22,3,180927,0,
2018-09-27 13:23,,0.016129032,7.09E-07,13:23,3,180927,0,
2018-09-27 13:24,,0.016129032,7.09E-07,13:24,3,180927,0,
2018-09-27 13:25,,0.016129032,7.09E-07,13:25,3,180927,0,
2018-09-27 13:26,,0.016129032,7.09E-07,13:26,3,180927,0,
2018-09-27 13:27,,0.016129032,7.09E-07,13:27,3,180927,0,
2018-09-27 13:28,,0.016129032,7.09E-07,13:28,3,180927,0,
2018-09-27 13:29,,0.016129032,7.09E-07,13:29,3,180927,0,
2018-09-27 13:30,,0.016129032,7.09E-07,13:30,3,180927,0,
2018-09-27 13:31,,0.016129032,7.09E-07,13:31,3,180927,0,
2018-09-27 13:32,,0.016129032,7.09E-07,13:32,3,180927,0,
2018-09-27 13:33,,0.016129032,7.09E-07,13:33,3,180927,0,
2018-09-27 13:34,,0.016129032,7.09E-07,13:34,3,180927,0,
2018-09-27 13:35,,0.016129032,7.09E-07,13:35,3,180927,0,
2018-09-27 13:36,,0.016129032,7.09E-07,13:36,3,180927,0,
2018-09-27 13:37,,0.016129032,7.09E-07,13:37,3,180927,0,
2018-09-27 13:38,,0.016129032,7.09E-07,13:38,3,180927,0,
2018-09-27 13:39,,0.016129032,7.09E-07,13:39,3,180927,0,
2018-09-27 13:40,,0.016129032,7.09E-07,13:40,3,180927,0,
2018-09-27 13:41,,0.016129032,7.09E-07,13:41,3,180927,0,
2018-09-27 13:42,,0.016129032,7.09E-07,13:42,3,180927,0,
2018-09-27 13:43,,0.016129032,7.09E-07,13:43,3,180927,0,
2018-09-27 13:44,,0.016129032,7.09E-07,13:44,3,180927,0,
2018-09-27 13:45,1,0.016129032,7.09E-07,13:45,3,180927,0,
2018-09-27 13:46,,0.058823529,0.030189568,13:46,3,180927,0,
2018-09-27 13:47,,0.058823529,7.07E-07,13:47,3,180927,0,
2018-09-27 13:48,,0.058823529,7.07E-07,13:48,3,180927,0,
2018-09-27 13:49,,0.058823529,7.07E-07,13:49,3,180927,0,
2018-09-27 13:50,,0.058823529,7.07E-07,13:50,3,180927,0,
2018-09-27 13:51,,0.058823529,7.07E-07,13:51,3,180927,0,
2018-09-27 13:52,,0.058823529,7.07E-07,13:52,3,180927,0,
2018-09-27 13:53,,0.058823529,7.07E-07,13:53,3,180927,0,
2018-09-27 13:54,,0.058823529,7.07E-07,13:54,3,180927,0,
2018-09-27 13:55,,0.058823529,7.07E-07,13:55,3,180927,0,
2018-09-27 13:56,,0.058823529,7.07E-07,13:56,3,180927,0,
2018-09-27 13:57,,0.058823529,7.07E-07,13:57,3,180927,0,
2018-09-27 13:58,,0.058823529,7.07E-07,13:58,3,180927,0,
2018-09-27 13:59,,0.058823529,7.07E-07,13:59,3,180927,0,
2018-09-27 14:00,,0.058823529,7.07E-07,14:00,3,180927,0,
2018-09-27 14:01,,0.058823529,7.07E-07,14:01,3,180927,0,
2018-09-27 14:02,1,0.058823529,7.07E-07,14:02,3,180927,0,
2018-09-27 14:03,6,6.5,4.554599561,14:03,3,180927,1,1
2018-09-27 14:04,7,6.5,4.21E-07,14:04,3,180927,1,1
2018-09-27 14:05,9,9.333333333,2.003469213,14:05,3,180927,1,1
2018-09-27 14:06,9,9.333333333,2.04E-07,14:06,3,180927,1,1
2018-09-27 14:07,10,9.333333333,2.04E-07,14:07,3,180927,1,1
2018-09-27 14:08,10,10.5,0.824957911,14:08,3,180927,1,1
2018-09-27 14:09,11,10.5,0,14:09,3,180927,1,1
2018-09-27 14:10,11.001,11.0005,0.353906944,14:10,3,180927,1,1
2018-09-27 14:11,11,11.0005,0,14:11,3,180927,1,1
2018-09-27 14:12,12,12.2,0.848174584,14:12,3,180927,1,1
2018-09-27 14:13,12,12.2,0,14:13,3,180927,1,1
2018-09-27 14:14,12,12.2,0,14:14,3,180927,1,1
2018-09-27 14:15,12,12.2,0,14:15,3,180927,1,1
2018-09-27 14:16,13,12.2,0,14:16,3,180927,1,1
2018-09-27 14:17,13,13.5,0.919238816,14:17,3,180927,1,1
2018-09-27 14:18,14,13.5,0,14:18,3,180927,1,1
2018-09-27 14:19,13,13.5,0,14:19,3,180927,1,1
2018-09-27 14:20,14,13.5,0,14:20,3,180927,1,1
2018-09-27 14:21,14,14.5,0.707106781,14:21,3,180927,1,1
2018-09-27 14:22,15,14.5,0,14:22,3,180927,1,1
2018-09-27 14:23,15,14.5,0,14:23,3,180927,1,1
2018-09-27 14:24,14,14.5,0,14:24,3,180927,1,1
2018-09-27 14:25,14.999,14.4995,0.000353553,14:25,3,180927,1,1
2018-09-27 14:26,14,14.4995,0,14:26,3,180927,1,1
2018-09-27 14:27,14,13.5,0.706753228,14:27,3,180927,1,1
2018-09-27 14:28,13,13.5,0,14:28,3,180927,1,1
2018-09-27 14:29,14,13.5,0,14:29,3,180927,1,1
2018-09-27 14:30,13,13.5,0,14:30,3,180927,1,1
2018-09-27 14:31,14,13,0.353553391,14:31,3,180927,1,1
2018-09-27 14:32,12,13,0,14:32,3,180927,1,1
2018-09-27 14:33,13,12.5,0.353553391,14:33,3,180927,1,1
2018-09-27 14:34,12,12.5,0,14:34,3,180927,1,1
2018-09-27 14:35,12,11.66666667,0.589255651,14:35,3,180927,1,1
2018-09-27 14:36,12,11.66666667,0,14:36,3,180927,1,1
2018-09-27 14:37,11,11.66666667,0,14:37,3,180927,1,1
2018-09-27 14:38,11,11.0005,0.471050967,14:38,3,180927,1,1
2018-09-27 14:39,11.001,11.0005,0,14:39,3,180927,1,1
2018-09-27 14:40,9.999,9.9995,0.707813888,14:40,3,180927,1,1
2018-09-27 14:41,10,9.9995,0,14:41,3,180927,1,1
2018-09-27 14:42,11,10.5,0.353906944,14:42,3,180927,1,1
2018-09-27 14:43,10,10.5,0,14:43,3,180927,1,1
2018-09-27 14:44,11.001,10.5,0,14:44,3,180927,1,1
2018-09-27 14:45,9.999,10.5,0,14:45,3,180927,1,1
2018-09-27 14:46,11.001,11.0005,0.353906944,14:46,3,180927,1,1
2018-09-27 14:47,11,11.0005,0,14:47,3,180927,1,1
2018-09-27 14:48,11,10.5,0.353906944,14:48,3,180927,1,1
2018-09-27 14:49,10,10.5,0,14:49,3,180927,1,1
2018-09-27 14:50,11,11.0005,0.353906944,14:50,3,180927,1,1
2018-09-27 14:51,11.001,11.0005,0,14:51,3,180927,1,1
2018-09-27 14:52,11,11.00033333,0.000117851,14:52,3,180927,1,1
2018-09-27 14:53,11,11.00033333,0,14:53,3,180927,1,1
2018-09-27 14:54,11.001,11.00033333,0,14:54,3,180927,1,1
2018-09-27 14:55,10,10.5,0.353789093,14:55,3,180927,1,1
2018-09-27 14:56,11,10.5,0,14:56,3,180927,1,1
2018-09-27 14:57,11,11.0005,0.353906944,14:57,3,180927,1,1
2018-09-27 14:58,11.001,11.0005,0,14:58,3,180927,1,1
2018-09-27 14:59,11,11.33333333,0.235348707,14:59,3,180927,1,1
2018-09-27 15:00,11,11.33333333,0,15:00,3,180927,1,1
2018-09-27 15:01,12,11.33333333,0,15:01,3,180927,1,1
2018-09-27 15:02,11,10.5,0.589255651,15:02,3,180927,1,1
2018-09-27 15:03,10,10.5,0,15:03,3,180927,1,1
2018-09-27 15:04,11.001,11.0005,0.353906944,15:04,3,180927,1,1
2018-09-27 15:05,11,11.0005,0,15:05,3,180927,1,1
2018-09-27 15:06,12,11.5,0.353199837,15:06,3,180927,1,1
2018-09-27 15:07,11,11.5,0,15:07,3,180927,1,1
2018-09-27 15:08,11,11.0005,0.353199837,15:08,3,180927,1,1
2018-09-27 15:09,11.001,11.0005,0,15:09,3,180927,1,1
2018-09-27 15:10,11,11.0005,0,15:10,3,180927,1,1
2018-09-27 15:11,11.001,11.0005,0,15:11,3,180927,1,1
2018-09-27 15:12,11,11.00033333,0.000117851,15:12,3,180927,1,1
2018-09-27 15:13,11,11.00033333,0,15:13,3,180927,1,1
2018-09-27 15:14,11.001,11.00033333,0,15:14,3,180927,1,1
2018-09-27 15:15,11,11.5,0.353317688,15:15,3,180927,1,1
2018-09-27 15:16,12,11.5,0,15:16,3,180927,1,1
2018-09-27 15:17,11,11.33333333,0.11785113,15:17,3,180927,1,1
2018-09-27 15:18,11,11.33333333,0,15:18,3,180927,1,1
2018-09-27 15:19,12,11.33333333,0,15:19,3,180927,1,1
2018-09-27 15:20,11.001,11.0005,0.235348707,15:20,3,180927,1,1
2018-09-27 15:21,11,11.0005,0,15:21,3,180927,1,1
2018-09-27 15:22,12,11.5,0.353199837,15:22,3,180927,1,1
2018-09-27 15:23,11,11.5,0,15:23,3,180927,1,1
2018-09-27 15:24,11.001,11.0005,0.353199837,15:24,3,180927,1,1
2018-09-27 15:25,11,11.0005,0,15:25,3,180927,1,1
2018-09-27 15:26,11,11.5,0.353199837,15:26,3,180927,1,1
2018-09-27 15:27,12,11.5,0,15:27,3,180927,1,1
2018-09-27 15:28,11.001,11.5,0,15:28,3,180927,1,1
2018-09-27 15:29,11.999,11.5,0,15:29,3,180927,1,1
2018-09-27 15:30,11.001,11.0005,0.353199837,15:30,3,180927,1,1
2018-09-27 15:31,11,11.0005,0,15:31,3,180927,1,1
2018-09-27 15:32,11,11.0005,0,15:32,3,180927,1,1
2018-09-27 15:33,11.001,11.0005,0,15:33,3,180927,1,1
2018-09-27 15:34,11,11.00033333,0.000117851,15:34,3,180927,1,1
2018-09-27 15:35,11,11.00033333,0,15:35,3,180927,1,1
2018-09-27 15:36,11.001,11.00033333,0,15:36,3,180927,1,1
2018-09-27 15:37,11,11.00033333,0,15:37,3,180927,1,1
2018-09-27 15:38,11,11.00033333,0,15:38,3,180927,1,1
2018-09-27 15:39,11.001,11.00033333,0,15:39,3,180927,1,1
2018-09-27 15:40,11,10.66666667,0.235937963,15:40,3,180927,1,1
2018-09-27 15:41,11,10.66666667,0,15:41,3,180927,1,1
2018-09-27 15:42,10,10.66666667,0,15:42,3,180927,1,1
2018-09-27 15:43,11.001,11.0005,0.236055814,15:43,3,180927,1,1
2018-09-27 15:44,11,11.0005,0,15:44,3,180927,1,1
2018-09-27 15:45,11,10.5,0.353906944,15:45,3,180927,1,1
2018-09-27 15:46,10,10.5,0,15:46,3,180927,1,1
2018-09-27 15:47,11,10.5,0,15:47,3,180927,1,1
2018-09-27 15:48,10,10.5,0,15:48,3,180927,1,1
2018-09-27 15:49,10,10.5,0,15:49,3,180927,1,1
2018-09-27 15:50,11,10.5,0,15:50,3,180927,1,1
2018-09-27 15:51,10,10.33333333,0.11785113,15:51,3,180927,1,1
2018-09-27 15:52,10,10.33333333,0,15:52,3,180927,1,1
2018-09-27 15:53,11,10.33333333,0,15:53,3,180927,1,1
2018-09-27 15:54,10,9.999666667,0.235937963,15:54,3,180927,1,1
2018-09-27 15:55,10,9.999666667,1.43E-07,15:55,3,180927,1,1
2018-09-27 15:56,9.999,9.999666667,1.43E-07,15:56,3,180927,1,1
2018-09-27 15:57,10,9.666666667,0.235466558,15:57,3,180927,1,1
2018-09-27 15:58,10,9.666666667,2.07E-07,15:58,3,180927,1,1
2018-09-27 15:59,9,9.666666667,2.07E-07,15:59,3,180927,1,1
2018-09-27 16:00,10,9.999666667,0.235466558,16:00,3,180927,1,1
2018-09-27 16:01,10,9.999666667,1.51E-07,16:01,3,180927,1,1
2018-09-27 16:02,9.999,9.999666667,1.51E-07,16:02,3,180927,1,1
2018-09-27 16:03,9,9.5,0.353317688,16:03,3,180927,1,1
2018-09-27 16:04,10,9.5,2.34E-07,16:04,3,180927,1,1
2018-09-27 16:05,10,9.5,2.34E-07,16:05,3,180927,1,1
2018-09-27 16:06,9,9.5,2.34E-07,16:06,3,180927,1,1
2018-09-27 16:07,10,9.5,2.34E-07,16:07,3,180927,1,1
2018-09-27 16:08,9,9.5,2.34E-07,16:08,3,180927,1,1
2018-09-27 16:09,10,9.5,2.34E-07,16:09,3,180927,1,1
2018-09-27 16:10,9,9.5,2.34E-07,16:10,3,180927,1,1
2018-09-27 16:11,10,9.5,2.34E-07,16:11,3,180927,1,1
2018-09-27 16:12,9,9.5,2.34E-07,16:12,3,180927,1,1
2018-09-27 16:13,10,9.5,2.34E-07,16:13,3,180927,1,1
2018-09-27 16:14,9,9.5,2.34E-07,16:14,3,180927,1,1
2018-09-27 16:15,9,9.5,2.34E-07,16:15,3,180927,1,1
2018-09-27 16:16,10,9.5,2.34E-07,16:16,3,180927,1,1
2018-09-27 16:17,9,9.5,2.34E-07,16:17,3,180927,1,1
2018-09-27 16:18,10,9.5,2.34E-07,16:18,3,180927,1,1
2018-09-27 16:19,9,7.666666667,1.296362432,16:19,3,180927,1,1
2018-09-27 16:20,9,7.666666667,4.07E-07,16:20,3,180927,1,1
2018-09-27 16:21,5,7.666666667,4.07E-07,16:21,3,180927,1,1
2018-09-27 16:22,2,1,4.714045208,16:22,3,180927,0,
2018-09-27 16:23,,1,7.54E-07,16:23,3,180927,0,
2018-09-27 16:24,,0.020833333,0.69237539,16:24,3,180927,0,
2018-09-27 16:25,,0.020833333,7.91E-07,16:25,3,180927,0,
2018-09-27 16:26,,0.020833333,7.91E-07,16:26,3,180927,0,
2018-09-27 16:27,,0.020833333,7.91E-07,16:27,3,180927,0,
2018-09-27 16:28,,0.020833333,7.91E-07,16:28,3,180927,0,
2018-09-27 16:29,,0.020833333,7.91E-07,16:29,3,180927,0,
2018-09-27 16:30,,0.020833333,7.91E-07,16:30,3,180927,0,
2018-09-27 16:31,,0.020833333,7.91E-07,16:31,3,180927,0,
2018-09-27 16:32,,0.020833333,7.91E-07,16:32,3,180927,0,
2018-09-27 16:33,,0.020833333,7.91E-07,16:33,3,180927,0,
2018-09-27 16:34,,0.020833333,7.91E-07,16:34,3,180927,0,
2018-09-27 16:35,,0.020833333,7.91E-07,16:35,3,180927,0,
2018-09-27 16:36,,0.020833333,7.91E-07,16:36,3,180927,0,
2018-09-27 16:37,,0.020833333,7.91E-07,16:37,3,180927,0,
2018-09-27 16:38,,0.020833333,7.91E-07,16:38,3,180927,0,
2018-09-27 16:39,,0.020833333,7.91E-07,16:39,3,180927,0,
2018-09-27 16:40,,0.020833333,7.91E-07,16:40,3,180927,0,
2018-09-27 16:41,,0.020833333,7.91E-07,16:41,3,180927,0,
2018-09-27 16:42,,0.020833333,7.91E-07,16:42,3,180927,0,
2018-09-27 16:43,,0.020833333,7.91E-07,16:43,3,180927,0,
2018-09-27 16:44,,0.020833333,7.91E-07,16:44,3,180927,0,
2018-09-27 16:45,,0.020833333,7.91E-07,16:45,3,180927,0,
2018-09-27 16:46,,0.020833333,7.91E-07,16:46,3,180927,0,
2018-09-27 16:47,,0.020833333,7.91E-07,16:47,3,180927,0,
2018-09-27 16:48,,0.020833333,7.91E-07,16:48,3,180927,0,
2018-09-27 16:49,,0.020833333,7.91E-07,16:49,3,180927,0,
2018-09-27 16:50,,0.020833333,7.91E-07,16:50,3,180927,0,
2018-09-27 16:51,,0.020833333,7.91E-07,16:51,3,180927,0,
2018-09-27 16:52,,0.020833333,7.91E-07,16:52,3,180927,0,
2018-09-27 16:53,,0.020833333,7.91E-07,16:53,3,180927,0,
2018-09-27 16:54,,0.020833333,7.91E-07,16:54,3,180927,0,
2018-09-27 16:55,,0.020833333,7.91E-07,16:55,3,180927,0,
2018-09-27 16:56,,0.020833333,7.91E-07,16:56,3,180927,0,
2018-09-27 16:57,,0.020833333,7.91E-07,16:57,3,180927,0,
2018-09-27 16:58,,0.020833333,7.91E-07,16:58,3,180927,0,
2018-09-27 16:59,,0.020833333,7.91E-07,16:59,3,180927,0,
2018-09-27 17:00,,0.020833333,7.91E-07,17:00,3,180927,0,
2018-09-27 17:01,,0.020833333,7.91E-07,17:01,3,180927,0,
2018-09-27 17:02,,0.020833333,7.91E-07,17:02,3,180927,0,
2018-09-27 17:03,,0.020833333,7.91E-07,17:03,3,180927,0,
2018-09-27 17:04,,0.020833333,7.91E-07,17:04,3,180927,0,
2018-09-27 17:05,,0.020833333,7.91E-07,17:05,3,180927,0,
2018-09-27 17:06,,0.020833333,7.91E-07,17:06,3,180927,0,
2018-09-27 17:07,,0.020833333,7.91E-07,17:07,3,180927,0,
2018-09-27 17:08,,0.020833333,7.91E-07,17:08,3,180927,0,
2018-09-27 17:09,,0.020833333,7.91E-07,17:09,3,180927,0,
2018-09-27 17:10,,0.020833333,7.91E-07,17:10,3,180927,0,
2018-09-27 17:11,1,0.020833333,7.91E-07,17:11,3,180927,0,
2018-09-27 17:12,,0.015609375,0.003693896,17:12,3,180927,0,
2018-09-27 17:13,,0.015609375,7.91E-07,17:13,3,180927,0,
2018-09-27 17:14,,0.015609375,7.91E-07,17:14,3,180927,0,
2018-09-27 17:15,,0.015609375,7.91E-07,17:15,3,180927,0,
2018-09-27 17:16,,0.015609375,7.91E-07,17:16,3,180927,0,
2018-09-27 17:17,,0.015609375,7.91E-07,17:17,3,180927,0,
2018-09-27 17:18,,0.015609375,7.91E-07,17:18,3,180927,0,
2018-09-27 17:19,,0.015609375,7.91E-07,17:19,3,180927,0,
2018-09-27 17:20,,0.015609375,7.91E-07,17:20,3,180927,0,
2018-09-27 17:21,,0.015609375,7.91E-07,17:21,3,180927,0,
2018-09-27 17:22,,0.015609375,7.91E-07,17:22,3,180927,0,
2018-09-27 17:23,,0.015609375,7.91E-07,17:23,3,180927,0,
2018-09-27 17:24,,0.015609375,7.91E-07,17:24,3,180927,0,
2018-09-27 17:25,,0.015609375,7.91E-07,17:25,3,180927,0,
2018-09-27 17:26,,0.015609375,7.91E-07,17:26,3,180927,0,
2018-09-27 17:27,,0.015609375,7.91E-07,17:27,3,180927,0,
2018-09-27 17:28,,0.015609375,7.91E-07,17:28,3,180927,0,
2018-09-27 17:29,,0.015609375,7.91E-07,17:29,3,180927,0,
2018-09-27 17:30,,0.015609375,7.91E-07,17:30,3,180927,0,
2018-09-27 17:31,,0.015609375,7.91E-07,17:31,3,180927,0,
2018-09-27 17:32,,0.015609375,7.91E-07,17:32,3,180927,0,
2018-09-27 17:33,,0.015609375,7.91E-07,17:33,3,180927,0,
2018-09-27 17:34,,0.015609375,7.91E-07,17:34,3,180927,0,
2018-09-27 17:35,,0.015609375,7.91E-07,17:35,3,180927,0,
2018-09-27 17:36,,0.015609375,7.91E-07,17:36,3,180927,0,
2018-09-27 17:37,,0.015609375,7.91E-07,17:37,3,180927,0,
2018-09-27 17:38,,0.015609375,7.91E-07,17:38,3,180927,0,
2018-09-27 17:39,,0.015609375,7.91E-07,17:39,3,180927,0,
2018-09-27 17:40,,0.015609375,7.91E-07,17:40,3,180927,0,
2018-09-27 17:41,,0.015609375,7.91E-07,17:41,3,180927,0,
2018-09-27 17:42,,0.015609375,7.91E-07,17:42,3,180927,0,
2018-09-27 17:43,,0.015609375,7.91E-07,17:43,3,180927,0,
2018-09-27 17:44,,0.015609375,7.91E-07,17:44,3,180927,0,
2018-09-27 17:45,,0.015609375,7.91E-07,17:45,3,180927,0,
2018-09-27 17:46,,0.015609375,7.91E-07,17:46,3,180927,0,
2018-09-27 17:47,,0.015609375,7.91E-07,17:47,3,180927,0,
2018-09-27 17:48,,0.015609375,7.91E-07,17:48,3,180927,0,
2018-09-27 17:49,,0.015609375,7.91E-07,17:49,3,180927,0,
2018-09-27 17:50,,0.015609375,7.91E-07,17:50,3,180927,0,
2018-09-27 17:51,,0.015609375,7.91E-07,17:51,3,180927,0,
2018-09-27 17:52,,0.015609375,7.91E-07,17:52,3,180927,0,
2018-09-27 17:53,,0.015609375,7.91E-07,17:53,3,180927,0,
2018-09-27 17:54,,0.015609375,7.91E-07,17:54,3,180927,0,
2018-09-27 17:55,,0.015609375,7.91E-07,17:55,3,180927,0,
2018-09-27 17:56,,0.015609375,7.91E-07,17:56,3,180927,0,
2018-09-27 17:57,,0.015609375,7.91E-07,17:57,3,180927,0,
2018-09-27 17:58,,0.015609375,7.91E-07,17:58,3,180927,0,
2018-09-27 17:59,,0.015609375,7.91E-07,17:59,3,180927,0,
2018-09-27 18:00,,0.015609375,7.91E-07,18:00,3,180927,0,
2018-09-27 18:01,,0.015609375,7.91E-07,18:01,3,180927,0,
2018-09-27 18:02,,0.015609375,7.91E-07,18:02,3,180927,0,
2018-09-27 18:03,,0.015609375,7.91E-07,18:03,3,180927,0,
2018-09-27 18:04,,0.015609375,7.91E-07,18:04,3,180927,0,
2018-09-27 18:05,,0.015609375,7.91E-07,18:05,3,180927,0,
2018-09-27 18:06,,0.015609375,7.91E-07,18:06,3,180927,0,
2018-09-27 18:07,,0.015609375,7.91E-07,18:07,3,180927,0,
2018-09-27 18:08,,0.015609375,7.91E-07,18:08,3,180927,0,
2018-09-27 18:09,,0.015609375,7.91E-07,18:09,3,180927,0,
2018-09-27 18:10,,0.015609375,7.91E-07,18:10,3,180927,0,
2018-09-27 18:11,,0.015609375,7.91E-07,18:11,3,180927,0,
2018-09-27 18:12,,0.015609375,7.91E-07,18:12,3,180927,0,
2018-09-27 18:13,,0.015609375,7.91E-07,18:13,3,180927,0,
2018-09-27 18:14,,0.015609375,7.91E-07,18:14,3,180927,0,
2018-09-27 18:15,0.999,0.015609375,7.91E-07,18:15,3,180927,0,
2018-09-27 18:16,,0.015873016,0.000186424,18:16,3,180927,0,
2018-09-27 18:17,,0.015873016,7.91E-07,18:17,3,180927,0,
2018-09-27 18:18,,0.015873016,7.91E-07,18:18,3,180927,0,
2018-09-27 18:19,,0.015873016,7.91E-07,18:19,3,180927,0,
2018-09-27 18:20,,0.015873016,7.91E-07,18:20,3,180927,0,
2018-09-27 18:21,,0.015873016,7.91E-07,18:21,3,180927,0,
2018-09-27 18:22,,0.015873016,7.91E-07,18:22,3,180927,0,
2018-09-27 18:23,,0.015873016,7.91E-07,18:23,3,180927,0,
2018-09-27 18:24,,0.015873016,7.91E-07,18:24,3,180927,0,
2018-09-27 18:25,,0.015873016,7.91E-07,18:25,3,180927,0,
2018-09-27 18:26,,0.015873016,7.91E-07,18:26,3,180927,0,
2018-09-27 18:27,,0.015873016,7.91E-07,18:27,3,180927,0,
2018-09-27 18:28,,0.015873016,7.91E-07,18:28,3,180927,0,
2018-09-27 18:29,,0.015873016,7.91E-07,18:29,3,180927,0,
2018-09-27 18:30,,0.015873016,7.91E-07,18:30,3,180927,0,
2018-09-27 18:31,,0.015873016,7.91E-07,18:31,3,180927,0,
2018-09-27 18:32,,0.015873016,7.91E-07,18:32,3,180927,0,
2018-09-27 18:33,,0.015873016,7.91E-07,18:33,3,180927,0,
2018-09-27 18:34,,0.015873016,7.91E-07,18:34,3,180927,0,
2018-09-27 18:35,,0.015873016,7.91E-07,18:35,3,180927,0,
2018-09-27 18:36,,0.015873016,7.91E-07,18:36,3,180927,0,
2018-09-27 18:37,,0.015873016,7.91E-07,18:37,3,180927,0,
2018-09-27 18:38,,0.015873016,7.91E-07,18:38,3,180927,0,
2018-09-27 18:39,,0.015873016,7.91E-07,18:39,3,180927,0,
2018-09-27 18:40,,0.015873016,7.91E-07,18:40,3,180927,0,
2018-09-27 18:41,,0.015873016,7.91E-07,18:41,3,180927,0,
2018-09-27 18:42,,0.015873016,7.91E-07,18:42,3,180927,0,
2018-09-27 18:43,,0.015873016,7.91E-07,18:43,3,180927,0,
2018-09-27 18:44,,0.015873016,7.91E-07,18:44,3,180927,0,
2018-09-27 18:45,,0.015873016,7.91E-07,18:45,3,180927,0,
2018-09-27 18:46,,0.015873016,7.91E-07,18:46,3,180927,0,
2018-09-27 18:47,,0.015873016,7.91E-07,18:47,3,180927,0,
2018-09-27 18:48,,0.015873016,7.91E-07,18:48,3,180927,0,
2018-09-27 18:49,,0.015873016,7.91E-07,18:49,3,180927,0,
2018-09-27 18:50,,0.015873016,7.91E-07,18:50,3,180927,0,
2018-09-27 18:51,,0.015873016,7.91E-07,18:51,3,180927,0,
2018-09-27 18:52,,0.015873016,7.91E-07,18:52,3,180927,0,
2018-09-27 18:53,,0.015873016,7.91E-07,18:53,3,180927,0,
2018-09-27 18:54,,0.015873016,7.91E-07,18:54,3,180927,0,
2018-09-27 18:55,,0.015873016,7.91E-07,18:55,3,180927,0,
2018-09-27 18:56,,0.015873016,7.91E-07,18:56,3,180927,0,
2018-09-27 18:57,,0.015873016,7.91E-07,18:57,3,180927,0,
2018-09-27 18:58,,0.015873016,7.91E-07,18:58,3,180927,0,
2018-09-27 18:59,,0.015873016,7.91E-07,18:59,3,180927,0,
2018-09-27 19:00,,0.015873016,7.91E-07,19:00,3,180927,0,
2018-09-27 19:01,,0.015873016,7.91E-07,19:01,3,180927,0,
2018-09-27 19:02,,0.015873016,7.91E-07,19:02,3,180927,0,
2018-09-27 19:03,,0.015873016,7.91E-07,19:03,3,180927,0,
2018-09-27 19:04,,0.015873016,7.91E-07,19:04,3,180927,0,
2018-09-27 19:05,,0.015873016,7.91E-07,19:05,3,180927,0,
2018-09-27 19:06,,0.015873016,7.91E-07,19:06,3,180927,0,
2018-09-27 19:07,,0.015873016,7.91E-07,19:07,3,180927,0,
2018-09-27 19:08,,0.015873016,7.91E-07,19:08,3,180927,0,
2018-09-27 19:09,,0.015873016,7.91E-07,19:09,3,180927,0,
2018-09-27 19:10,,0.015873016,7.91E-07,19:10,3,180927,0,
2018-09-27 19:11,,0.015873016,7.91E-07,19:11,3,180927,0,
2018-09-27 19:12,,0.015873016,7.91E-07,19:12,3,180927,0,
2018-09-27 19:13,,0.015873016,7.91E-07,19:13,3,180927,0,
2018-09-27 19:14,,0.015873016,7.91E-07,19:14,3,180927,0,
2018-09-27 19:15,,0.015873016,7.91E-07,19:15,3,180927,0,
2018-09-27 19:16,,0.015873016,7.91E-07,19:16,3,180927,0,
2018-09-27 19:17,,0.015873016,7.91E-07,19:17,3,180927,0,
2018-09-27 19:18,1,0.015873016,7.91E-07,19:18,3,180927,0,
2018-09-27 19:19,,0.016129032,0.000181033,19:19,3,180927,0,
2018-09-27 19:20,,0.016129032,7.91E-07,19:20,3,180927,0,
2018-09-27 19:21,,0.016129032,7.91E-07,19:21,3,180927,0,
2018-09-27 19:22,,0.016129032,7.91E-07,19:22,3,180927,0,
2018-09-27 19:23,,0.016129032,7.91E-07,19:23,3,180927,0,
2018-09-27 19:24,,0.016129032,7.91E-07,19:24,3,180927,0,
2018-09-27 19:25,,0.016129032,7.91E-07,19:25,3,180927,0,
2018-09-27 19:26,,0.016129032,7.91E-07,19:26,3,180927,0,
2018-09-27 19:27,,0.016129032,7.91E-07,19:27,3,180927,0,
2018-09-27 19:28,,0.016129032,7.91E-07,19:28,3,180927,0,
2018-09-27 19:29,,0.016129032,7.91E-07,19:29,3,180927,0,
2018-09-27 19:30,,0.016129032,7.91E-07,19:30,3,180927,0,
2018-09-27 19:31,,0.016129032,7.91E-07,19:31,3,180927,0,
2018-09-27 19:32,,0.016129032,7.91E-07,19:32,3,180927,0,
2018-09-27 19:33,,0.016129032,7.91E-07,19:33,3,180927,0,
2018-09-27 19:34,,0.016129032,7.91E-07,19:34,3,180927,0,
2018-09-27 19:35,,0.016129032,7.91E-07,19:35,3,180927,0,
2018-09-27 19:36,,0.016129032,7.91E-07,19:36,3,180927,0,
2018-09-27 19:37,,0.016129032,7.91E-07,19:37,3,180927,0,
2018-09-27 19:38,,0.016129032,7.91E-07,19:38,3,180927,0,
2018-09-27 19:39,,0.016129032,7.91E-07,19:39,3,180927,0,
2018-09-27 19:40,,0.016129032,7.91E-07,19:40,3,180927,0,
2018-09-27 19:41,,0.016129032,7.91E-07,19:41,3,180927,0,
2018-09-27 19:42,,0.016129032,7.91E-07,19:42,3,180927,0,
2018-09-27 19:43,,0.016129032,7.91E-07,19:43,3,180927,0,
2018-09-27 19:44,,0.016129032,7.91E-07,19:44,3,180927,0,
2018-09-27 19:45,,0.016129032,7.91E-07,19:45,3,180927,0,
2018-09-27 19:46,,0.016129032,7.91E-07,19:46,3,180927,0,
2018-09-27 19:47,,0.016129032,7.91E-07,19:47,3,180927,0,
2018-09-27 19:48,,0.016129032,7.91E-07,19:48,3,180927,0,
2018-09-27 19:49,,0.016129032,7.91E-07,19:49,3,180927,0,
2018-09-27 19:50,,0.016129032,7.91E-07,19:50,3,180927,0,
2018-09-27 19:51,,0.016129032,7.91E-07,19:51,3,180927,0,
2018-09-27 19:52,,0.016129032,7.91E-07,19:52,3,180927,0,
2018-09-27 19:53,,0.016129032,7.91E-07,19:53,3,180927,0,
2018-09-27 19:54,,0.016129032,7.91E-07,19:54,3,180927,0,
2018-09-27 19:55,,0.016129032,7.91E-07,19:55,3,180927,0,
2018-09-27 19:56,,0.016129032,7.91E-07,19:56,3,180927,0,
2018-09-27 19:57,,0.016129032,7.91E-07,19:57,3,180927,0,
2018-09-27 19:58,,0.016129032,7.91E-07,19:58,3,180927,0,
2018-09-27 19:59,,0.016129032,7.91E-07,19:59,3,180927,0,
2018-09-27 20:00,,0.016129032,7.91E-07,20:00,3,180927,0,
2018-09-27 20:01,,0.016129032,7.91E-07,20:01,3,180927,0,
2018-09-27 20:02,,0.016129032,7.91E-07,20:02,3,180927,0,
2018-09-27 20:03,,0.016129032,7.91E-07,20:03,3,180927,0,
2018-09-27 20:04,,0.016129032,7.91E-07,20:04,3,180927,0,
2018-09-27 20:05,,0.016129032,7.91E-07,20:05,3,180927,0,
2018-09-27 20:06,,0.016129032,7.91E-07,20:06,3,180927,0,
2018-09-27 20:07,,0.016129032,7.91E-07,20:07,3,180927,0,
2018-09-27 20:08,,0.016129032,7.91E-07,20:08,3,180927,0,
2018-09-27 20:09,,0.016129032,7.91E-07,20:09,3,180927,0,
2018-09-27 20:10,,0.016129032,7.91E-07,20:10,3,180927,0,
2018-09-27 20:11,,0.016129032,7.91E-07,20:11,3,180927,0,
2018-09-27 20:12,,0.016129032,7.91E-07,20:12,3,180927,0,
2018-09-27 20:13,,0.016129032,7.91E-07,20:13,3,180927,0,
2018-09-27 20:14,,0.016129032,7.91E-07,20:14,3,180927,0,
2018-09-27 20:15,,0.016129032,7.91E-07,20:15,3,180927,0,
2018-09-27 20:16,,0.016129032,7.91E-07,20:16,3,180927,0,
2018-09-27 20:17,,0.016129032,7.91E-07,20:17,3,180927,0,
2018-09-27 20:18,,0.016129032,7.91E-07,20:18,3,180927,0,
2018-09-27 20:19,,0.016129032,7.91E-07,20:19,3,180927,0,
2018-09-27 20:20,1,0.016129032,7.91E-07,20:20,3,180927,0,
2018-09-27 20:21,,0.015857143,0.000192256,20:21,3,180927,0,
2018-09-27 20:22,,0.015857143,7.91E-07,20:22,3,180927,0,
2018-09-27 20:23,,0.015857143,7.91E-07,20:23,3,180927,0,
2018-09-27 20:24,,0.015857143,7.91E-07,20:24,3,180927,0,
2018-09-27 20:25,,0.015857143,7.91E-07,20:25,3,180927,0,
2018-09-27 20:26,,0.015857143,7.91E-07,20:26,3,180927,0,
2018-09-27 20:27,,0.015857143,7.91E-07,20:27,3,180927,0,
2018-09-27 20:28,,0.015857143,7.91E-07,20:28,3,180927,0,
2018-09-27 20:29,,0.015857143,7.91E-07,20:29,3,180927,0,
2018-09-27 20:30,,0.015857143,7.91E-07,20:30,3,180927,0,
2018-09-27 20:31,,0.015857143,7.91E-07,20:31,3,180927,0,
2018-09-27 20:32,,0.015857143,7.91E-07,20:32,3,180927,0,
2018-09-27 20:33,,0.015857143,7.91E-07,20:33,3,180927,0,
2018-09-27 20:34,,0.015857143,7.91E-07,20:34,3,180927,0,
2018-09-27 20:35,,0.015857143,7.91E-07,20:35,3,180927,0,
2018-09-27 20:36,,0.015857143,7.91E-07,20:36,3,180927,0,
2018-09-27 20:37,,0.015857143,7.91E-07,20:37,3,180927,0,
2018-09-27 20:38,,0.015857143,7.91E-07,20:38,3,180927,0,
2018-09-27 20:39,,0.015857143,7.91E-07,20:39,3,180927,0,
2018-09-27 20:40,,0.015857143,7.91E-07,20:40,3,180927,0,
2018-09-27 20:41,,0.015857143,7.91E-07,20:41,3,180927,0,
2018-09-27 20:42,,0.015857143,7.91E-07,20:42,3,180927,0,
2018-09-27 20:43,,0.015857143,7.91E-07,20:43,3,180927,0,
2018-09-27 20:44,,0.015857143,7.91E-07,20:44,3,180927,0,
2018-09-27 20:45,,0.015857143,7.91E-07,20:45,3,180927,0,
2018-09-27 20:46,,0.015857143,7.91E-07,20:46,3,180927,0,
2018-09-27 20:47,,0.015857143,7.91E-07,20:47,3,180927,0,
2018-09-27 20:48,,0.015857143,7.91E-07,20:48,3,180927,0,
2018-09-27 20:49,,0.015857143,7.91E-07,20:49,3,180927,0,
2018-09-27 20:50,,0.015857143,7.91E-07,20:50,3,180927,0,
2018-09-27 20:51,,0.015857143,7.91E-07,20:51,3,180927,0,
2018-09-27 20:52,,0.015857143,7.91E-07,20:52,3,180927,0,
2018-09-27 20:53,,0.015857143,7.91E-07,20:53,3,180927,0,
2018-09-27 20:54,,0.015857143,7.91E-07,20:54,3,180927,0,
2018-09-27 20:55,,0.015857143,7.91E-07,20:55,3,180927,0,
2018-09-27 20:56,,0.015857143,7.91E-07,20:56,3,180927,0,
2018-09-27 20:57,,0.015857143,7.91E-07,20:57,3,180927,0,
2018-09-27 20:58,,0.015857143,7.91E-07,20:58,3,180927,0,
2018-09-27 20:59,,0.015857143,7.91E-07,20:59,3,180927,0,
2018-09-27 21:00,,0.015857143,7.91E-07,21:00,3,180927,0,
2018-09-27 21:01,,0.015857143,7.91E-07,21:01,3,180927,0,
2018-09-27 21:02,,0.015857143,7.91E-07,21:02,3,180927,0,
2018-09-27 21:03,,0.015857143,7.91E-07,21:03,3,180927,0,
2018-09-27 21:04,,0.015857143,7.91E-07,21:04,3,180927,0,
2018-09-27 21:05,,0.015857143,7.91E-07,21:05,3,180927,0,
2018-09-27 21:06,,0.015857143,7.91E-07,21:06,3,180927,0,
2018-09-27 21:07,,0.015857143,7.91E-07,21:07,3,180927,0,
2018-09-27 21:08,,0.015857143,7.91E-07,21:08,3,180927,0,
2018-09-27 21:09,,0.015857143,7.91E-07,21:09,3,180927,0,
2018-09-27 21:10,,0.015857143,7.91E-07,21:10,3,180927,0,
2018-09-27 21:11,,0.015857143,7.91E-07,21:11,3,180927,0,
2018-09-27 21:12,,0.015857143,7.91E-07,21:12,3,180927,0,
2018-09-27 21:13,,0.015857143,7.91E-07,21:13,3,180927,0,
2018-09-27 21:14,,0.015857143,7.91E-07,21:14,3,180927,0,
2018-09-27 21:15,,0.015857143,7.91E-07,21:15,3,180927,0,
2018-09-27 21:16,,0.015857143,7.91E-07,21:16,3,180927,0,
2018-09-27 21:17,,0.015857143,7.91E-07,21:17,3,180927,0,
2018-09-27 21:18,,0.015857143,7.91E-07,21:18,3,180927,0,
2018-09-27 21:19,,0.015857143,7.91E-07,21:19,3,180927,0,
2018-09-27 21:20,,0.015857143,7.91E-07,21:20,3,180927,0,
2018-09-27 21:21,,0.015857143,7.91E-07,21:21,3,180927,0,
2018-09-27 21:22,,0.015857143,7.91E-07,21:22,3,180927,0,
2018-09-27 21:23,0.999,0.015857143,7.91E-07,21:23,3,180927,0,
2018-09-27 21:24,,0.016129032,0.000192256,21:24,3,180927,0,
2018-09-27 21:25,,0.016129032,7.91E-07,21:25,3,180927,0,
2018-09-27 21:26,,0.016129032,7.91E-07,21:26,3,180927,0,
2018-09-27 21:27,,0.016129032,7.91E-07,21:27,3,180927,0,
2018-09-27 21:28,,0.016129032,7.91E-07,21:28,3,180927,0,
2018-09-27 21:29,,0.016129032,7.91E-07,21:29,3,180927,0,
2018-09-27 21:30,,0.016129032,7.91E-07,21:30,3,180927,0,
2018-09-27 21:31,,0.016129032,7.91E-07,21:31,3,180927,0,
2018-09-27 21:32,,0.016129032,7.91E-07,21:32,3,180927,0,
2018-09-27 21:33,,0.016129032,7.91E-07,21:33,3,180927,0,
2018-09-27 21:34,,0.016129032,7.91E-07,21:34,3,180927,0,
2018-09-27 21:35,,0.016129032,7.91E-07,21:35,3,180927,0,
2018-09-27 21:36,,0.016129032,7.91E-07,21:36,3,180927,0,
2018-09-27 21:37,,0.016129032,7.91E-07,21:37,3,180927,0,
2018-09-27 21:38,,0.016129032,7.91E-07,21:38,3,180927,0,
2018-09-27 21:39,,0.016129032,7.91E-07,21:39,3,180927,0,
2018-09-27 21:40,,0.016129032,7.91E-07,21:40,3,180927,0,
2018-09-27 21:41,,0.016129032,7.91E-07,21:41,3,180927,0,
2018-09-27 21:42,,0.016129032,7.91E-07,21:42,3,180927,0,
2018-09-27 21:43,,0.016129032,7.91E-07,21:43,3,180927,0,
2018-09-27 21:44,,0.016129032,7.91E-07,21:44,3,180927,0,
2018-09-27 21:45,,0.016129032,7.91E-07,21:45,3,180927,0,
2018-09-27 21:46,,0.016129032,7.91E-07,21:46,3,180927,0,
2018-09-27 21:47,,0.016129032,7.91E-07,21:47,3,180927,0,
2018-09-27 21:48,,0.016129032,7.91E-07,21:48,3,180927,0,
2018-09-27 21:49,,0.016129032,7.91E-07,21:49,3,180927,0,
2018-09-27 21:50,,0.016129032,7.91E-07,21:50,3,180927,0,
2018-09-27 21:51,,0.016129032,7.91E-07,21:51,3,180927,0,
2018-09-27 21:52,,0.016129032,7.91E-07,21:52,3,180927,0,
2018-09-27 21:53,,0.016129032,7.91E-07,21:53,3,180927,0,
2018-09-27 21:54,,0.016129032,7.91E-07,21:54,3,180927,0,
2018-09-27 21:55,,0.016129032,7.91E-07,21:55,3,180927,0,
2018-09-27 21:56,,0.016129032,7.91E-07,21:56,3,180927,0,
2018-09-27 21:57,,0.016129032,7.91E-07,21:57,3,180927,0,
2018-09-27 21:58,,0.016129032,7.91E-07,21:58,3,180927,0,
2018-09-27 21:59,,0.016129032,7.91E-07,21:59,3,180927,0,
2018-09-27 22:00,,0.016129032,7.91E-07,22:00,3,180927,0,
2018-09-27 22:01,,0.016129032,7.91E-07,22:01,3,180927,0,
2018-09-27 22:02,,0.016129032,7.91E-07,22:02,3,180927,0,
2018-09-27 22:03,,0.016129032,7.91E-07,22:03,3,180927,0,
2018-09-27 22:04,,0.016129032,7.91E-07,22:04,3,180927,0,
2018-09-27 22:05,,0.016129032,7.91E-07,22:05,3,180927,0,
2018-09-27 22:06,,0.016129032,7.91E-07,22:06,3,180927,0,
2018-09-27 22:07,,0.016129032,7.91E-07,22:07,3,180927,0,
2018-09-27 22:08,,0.016129032,7.91E-07,22:08,3,180927,0,
2018-09-27 22:09,,0.016129032,7.91E-07,22:09,3,180927,0,
2018-09-27 22:10,,0.016129032,7.91E-07,22:10,3,180927,0,
2018-09-27 22:11,,0.016129032,7.91E-07,22:11,3,180927,0,
2018-09-27 22:12,,0.016129032,7.91E-07,22:12,3,180927,0,
2018-09-27 22:13,,0.016129032,7.91E-07,22:13,3,180927,0,
2018-09-27 22:14,,0.016129032,7.91E-07,22:14,3,180927,0,
2018-09-27 22:15,,0.016129032,7.91E-07,22:15,3,180927,0,
2018-09-27 22:16,,0.016129032,7.91E-07,22:16,3,180927,0,
2018-09-27 22:17,,0.016129032,7.91E-07,22:17,3,180927,0,
2018-09-27 22:18,,0.016129032,7.91E-07,22:18,3,180927,0,
2018-09-27 22:19,,0.016129032,7.91E-07,22:19,3,180927,0,
2018-09-27 22:20,,0.016129032,7.91E-07,22:20,3,180927,0,
2018-09-27 22:21,,0.016129032,7.91E-07,22:21,3,180927,0,
2018-09-27 22:22,,0.016129032,7.91E-07,22:22,3,180927,0,
2018-09-27 22:23,,0.016129032,7.91E-07,22:23,3,180927,0,
2018-09-27 22:24,,0.016129032,7.91E-07,22:24,3,180927,0,
2018-09-27 22:25,1,0.016129032,7.91E-07,22:25,3,180927,0,
2018-09-27 22:26,,0.016112903,1.14E-05,22:26,3,180927,0,
2018-09-27 22:27,,0.016112903,7.91E-07,22:27,3,180927,0,
2018-09-27 22:28,,0.016112903,7.91E-07,22:28,3,180927,0,
2018-09-27 22:29,,0.016112903,7.91E-07,22:29,3,180927,0,
2018-09-27 22:30,,0.016112903,7.91E-07,22:30,3,180927,0,
2018-09-27 22:31,,0.016112903,7.91E-07,22:31,3,180927,0,
2018-09-27 22:32,,0.016112903,7.91E-07,22:32,3,180927,0,
2018-09-27 22:33,,0.016112903,7.91E-07,22:33,3,180927,0,
2018-09-27 22:34,,0.016112903,7.91E-07,22:34,3,180927,0,
2018-09-27 22:35,,0.016112903,7.91E-07,22:35,3,180927,0,
2018-09-27 22:36,,0.016112903,7.91E-07,22:36,3,180927,0,
2018-09-27 22:37,,0.016112903,7.91E-07,22:37,3,180927,0,
2018-09-27 22:38,,0.016112903,7.91E-07,22:38,3,180927,0,
2018-09-27 22:39,,0.016112903,7.91E-07,22:39,3,180927,0,
2018-09-27 22:40,,0.016112903,7.91E-07,22:40,3,180927,0,
2018-09-27 22:41,,0.016112903,7.91E-07,22:41,3,180927,0,
2018-09-27 22:42,,0.016112903,7.91E-07,22:42,3,180927,0,
2018-09-27 22:43,,0.016112903,7.91E-07,22:43,3,180927,0,
2018-09-27 22:44,,0.016112903,7.91E-07,22:44,3,180927,0,
2018-09-27 22:45,,0.016112903,7.91E-07,22:45,3,180927,0,
2018-09-27 22:46,,0.016112903,7.91E-07,22:46,3,180927,0,
2018-09-27 22:47,,0.016112903,7.91E-07,22:47,3,180927,0,
2018-09-27 22:48,,0.016112903,7.91E-07,22:48,3,180927,0,
2018-09-27 22:49,,0.016112903,7.91E-07,22:49,3,180927,0,
2018-09-27 22:50,,0.016112903,7.91E-07,22:50,3,180927,0,
2018-09-27 22:51,,0.016112903,7.91E-07,22:51,3,180927,0,
2018-09-27 22:52,,0.016112903,7.91E-07,22:52,3,180927,0,
2018-09-27 22:53,,0.016112903,7.91E-07,22:53,3,180927,0,
2018-09-27 22:54,,0.016112903,7.91E-07,22:54,3,180927,0,
2018-09-27 22:55,,0.016112903,7.91E-07,22:55,3,180927,0,
2018-09-27 22:56,,0.016112903,7.91E-07,22:56,3,180927,0,
2018-09-27 22:57,,0.016112903,7.91E-07,22:57,3,180927,0,
2018-09-27 22:58,,0.016112903,7.91E-07,22:58,3,180927,0,
2018-09-27 22:59,,0.016112903,7.91E-07,22:59,3,180927,0,
2018-09-27 23:00,,0.016112903,7.91E-07,23:00,3,180927,0,
2018-09-27 23:01,,0.016112903,7.91E-07,23:01,3,180927,0,
2018-09-27 23:02,,0.016112903,7.91E-07,23:02,3,180927,0,
2018-09-27 23:03,,0.016112903,7.91E-07,23:03,3,180927,0,
2018-09-27 23:04,,0.016112903,7.91E-07,23:04,3,180927,0,
2018-09-27 23:05,,0.016112903,7.91E-07,23:05,3,180927,0,
2018-09-27 23:06,,0.016112903,7.91E-07,23:06,3,180927,0,
2018-09-27 23:07,,0.016112903,7.91E-07,23:07,3,180927,0,
2018-09-27 23:08,,0.016112903,7.91E-07,23:08,3,180927,0,
2018-09-27 23:09,,0.016112903,7.91E-07,23:09,3,180927,0,
2018-09-27 23:10,,0.016112903,7.91E-07,23:10,3,180927,0,
2018-09-27 23:11,,0.016112903,7.91E-07,23:11,3,180927,0,
2018-09-27 23:12,,0.016112903,7.91E-07,23:12,3,180927,0,
2018-09-27 23:13,,0.016112903,7.91E-07,23:13,3,180927,0,
2018-09-27 23:14,,0.016112903,7.91E-07,23:14,3,180927,0,
2018-09-27 23:15,,0.016112903,7.91E-07,23:15,3,180927,0,
2018-09-27 23:16,,0.016112903,7.91E-07,23:16,3,180927,0,
2018-09-27 23:17,,0.016112903,7.91E-07,23:17,3,180927,0,
2018-09-27 23:18,,0.016112903,7.91E-07,23:18,3,180927,0,
2018-09-27 23:19,,0.016112903,7.91E-07,23:19,3,180927,0,
2018-09-27 23:20,,0.016112903,7.91E-07,23:20,3,180927,0,
2018-09-27 23:21,,0.016112903,7.91E-07,23:21,3,180927,0,
2018-09-27 23:22,,0.016112903,7.91E-07,23:22,3,180927,0,
2018-09-27 23:23,,0.016112903,7.91E-07,23:23,3,180927,0,
2018-09-27 23:24,,0.016112903,7.91E-07,23:24,3,180927,0,
2018-09-27 23:25,,0.016112903,7.91E-07,23:25,3,180927,0,
2018-09-27 23:26,,0.016112903,7.91E-07,23:26,3,180927,0,
2018-09-27 23:27,0.999,0.016112903,7.91E-07,23:27,3,180927,0,
2018-09-27 23:28,,0.015873016,0.000169628,23:28,3,180927,0,
2018-09-27 23:29,,0.015873016,7.91E-07,23:29,3,180927,0,
2018-09-27 23:30,,0.015873016,7.91E-07,23:30,3,180927,0,
2018-09-27 23:31,,0.015873016,7.91E-07,23:31,3,180927,0,
2018-09-27 23:32,,0.015873016,7.91E-07,23:32,3,180927,0,
2018-09-27 23:33,,0.015873016,7.91E-07,23:33,3,180927,0,
2018-09-27 23:34,,0.015873016,7.91E-07,23:34,3,180927,0,
2018-09-27 23:35,,0.015873016,7.91E-07,23:35,3,180927,0,
2018-09-27 23:36,,0.015873016,7.91E-07,23:36,3,180927,0,
2018-09-27 23:37,,0.015873016,7.91E-07,23:37,3,180927,0,
2018-09-27 23:38,,0.015873016,7.91E-07,23:38,3,180927,0,
2018-09-27 23:39,,0.015873016,7.91E-07,23:39,3,180927,0,
2018-09-27 23:40,,0.015873016,7.91E-07,23:40,3,180927,0,
2018-09-27 23:41,,0.015873016,7.91E-07,23:41,3,180927,0,
2018-09-27 23:42,,0.015873016,7.91E-07,23:42,3,180927,0,
2018-09-27 23:43,,0.015873016,7.91E-07,23:43,3,180927,0,
2018-09-27 23:44,,0.015873016,7.91E-07,23:44,3,180927,0,
2018-09-27 23:45,,0.015873016,7.91E-07,23:45,3,180927,0,
2018-09-27 23:46,,0.015873016,7.91E-07,23:46,3,180927,0,
2018-09-27 23:47,,0.015873016,7.91E-07,23:47,3,180927,0,
2018-09-27 23:48,,0.015873016,7.91E-07,23:48,3,180927,0,
2018-09-27 23:49,,0.015873016,7.91E-07,23:49,3,180927,0,
2018-09-27 23:50,,0.015873016,7.91E-07,23:50,3,180927,0,
2018-09-27 23:51,,0.015873016,7.91E-07,23:51,3,180927,0,
2018-09-27 23:52,,0.015873016,7.91E-07,23:52,3,180927,0,
2018-09-27 23:53,,0.015873016,7.91E-07,23:53,3,180927,0,
2018-09-27 23:54,,0.015873016,7.91E-07,23:54,3,180927,0,
2018-09-27 23:55,,0.015873016,7.91E-07,23:55,3,180927,0,
2018-09-27 23:56,,0.015873016,7.91E-07,23:56,3,180927,0,
2018-09-27 23:57,,0.015873016,7.91E-07,23:57,3,180927,0,
2018-09-27 23:58,,0.015873016,7.91E-07,23:58,3,180927,0,
2018-09-27 23:59,,0.015873016,7.91E-07,23:59,3,180927,0,
2018-09-28 0:00,,0.015873016,7.91E-07,0:00,4,180928,0,
2018-09-28 0:01,,0.015873016,7.91E-07,0:01,4,180928,0,
2018-09-28 0:02,,0.015873016,7.91E-07,0:02,4,180928,0,
2018-09-28 0:03,,0.015873016,7.91E-07,0:03,4,180928,0,
2018-09-28 0:04,,0.015873016,7.91E-07,0:04,4,180928,0,
2018-09-28 0:05,,0.015873016,7.91E-07,0:05,4,180928,0,
2018-09-28 0:06,,0.015873016,7.91E-07,0:06,4,180928,0,
2018-09-28 0:07,,0.015873016,7.91E-07,0:07,4,180928,0,
2018-09-28 0:08,,0.015873016,7.91E-07,0:08,4,180928,0,
2018-09-28 0:09,,0.015873016,7.91E-07,0:09,4,180928,0,
2018-09-28 0:10,,0.015873016,7.91E-07,0:10,4,180928,0,
2018-09-28 0:11,,0.015873016,7.91E-07,0:11,4,180928,0,
2018-09-28 0:12,,0.015873016,7.91E-07,0:12,4,180928,0,
2018-09-28 0:13,,0.015873016,7.91E-07,0:13,4,180928,0,
2018-09-28 0:14,,0.015873016,7.91E-07,0:14,4,180928,0,
2018-09-28 0:15,,0.015873016,7.91E-07,0:15,4,180928,0,
2018-09-28 0:16,,0.015873016,7.91E-07,0:16,4,180928,0,
2018-09-28 0:17,,0.015873016,7.91E-07,0:17,4,180928,0,
2018-09-28 0:18,,0.015873016,7.91E-07,0:18,4,180928,0,
2018-09-28 0:19,,0.015873016,7.91E-07,0:19,4,180928,0,
2018-09-28 0:20,,0.015873016,7.91E-07,0:20,4,180928,0,
2018-09-28 0:21,,0.015873016,7.91E-07,0:21,4,180928,0,
2018-09-28 0:22,,0.015873016,7.91E-07,0:22,4,180928,0,
2018-09-28 0:23,,0.015873016,7.91E-07,0:23,4,180928,0,
2018-09-28 0:24,,0.015873016,7.91E-07,0:24,4,180928,0,
2018-09-28 0:25,,0.015873016,7.91E-07,0:25,4,180928,0,
2018-09-28 0:26,,0.015873016,7.91E-07,0:26,4,180928,0,
2018-09-28 0:27,,0.015873016,7.91E-07,0:27,4,180928,0,
2018-09-28 0:28,,0.015873016,7.91E-07,0:28,4,180928,0,
2018-09-28 0:29,,0.015873016,7.91E-07,0:29,4,180928,0,
2018-09-28 0:30,1,0.015873016,7.91E-07,0:30,4,180928,0,
2018-09-28 0:31,,0.016112903,0.000169628,0:31,4,180928,0,
2018-09-28 0:32,,0.016112903,7.91E-07,0:32,4,180928,0,
2018-09-28 0:33,,0.016112903,7.91E-07,0:33,4,180928,0,
2018-09-28 0:34,,0.016112903,7.91E-07,0:34,4,180928,0,
2018-09-28 0:35,,0.016112903,7.91E-07,0:35,4,180928,0,
2018-09-28 0:36,,0.016112903,7.91E-07,0:36,4,180928,0,
2018-09-28 0:37,,0.016112903,7.91E-07,0:37,4,180928,0,
2018-09-28 0:38,,0.016112903,7.91E-07,0:38,4,180928,0,
2018-09-28 0:39,,0.016112903,7.91E-07,0:39,4,180928,0,
2018-09-28 0:40,,0.016112903,7.91E-07,0:40,4,180928,0,
2018-09-28 0:41,,0.016112903,7.91E-07,0:41,4,180928,0,
2018-09-28 0:42,,0.016112903,7.91E-07,0:42,4,180928,0,
2018-09-28 0:43,,0.016112903,7.91E-07,0:43,4,180928,0,
2018-09-28 0:44,,0.016112903,7.91E-07,0:44,4,180928,0,
2018-09-28 0:45,,0.016112903,7.91E-07,0:45,4,180928,0,
2018-09-28 0:46,,0.016112903,7.91E-07,0:46,4,180928,0,
2018-09-28 0:47,,0.016112903,7.91E-07,0:47,4,180928,0,
2018-09-28 0:48,,0.016112903,7.91E-07,0:48,4,180928,0,
2018-09-28 0:49,,0.016112903,7.91E-07,0:49,4,180928,0,
2018-09-28 0:50,,0.016112903,7.91E-07,0:50,4,180928,0,
2018-09-28 0:51,,0.016112903,7.91E-07,0:51,4,180928,0,
2018-09-28 0:52,,0.016112903,7.91E-07,0:52,4,180928,0,
2018-09-28 0:53,,0.016112903,7.91E-07,0:53,4,180928,0,
2018-09-28 0:54,,0.016112903,7.91E-07,0:54,4,180928,0,
2018-09-28 0:55,,0.016112903,7.91E-07,0:55,4,180928,0,
2018-09-28 0:56,,0.016112903,7.91E-07,0:56,4,180928,0,
2018-09-28 0:57,,0.016112903,7.91E-07,0:57,4,180928,0,
2018-09-28 0:58,,0.016112903,7.91E-07,0:58,4,180928,0,
2018-09-28 0:59,,0.016112903,7.91E-07,0:59,4,180928,0,
2018-09-28 1:00,,0.016112903,7.91E-07,1:00,4,180928,0,
2018-09-28 1:01,,0.016112903,7.91E-07,1:01,4,180928,0,
2018-09-28 1:02,,0.016112903,7.91E-07,1:02,4,180928,0,
2018-09-28 1:03,,0.016112903,7.91E-07,1:03,4,180928,0,
2018-09-28 1:04,,0.016112903,7.91E-07,1:04,4,180928,0,
2018-09-28 1:05,,0.016112903,7.91E-07,1:05,4,180928,0,
2018-09-28 1:06,,0.016112903,7.91E-07,1:06,4,180928,0,
2018-09-28 1:07,,0.016112903,7.91E-07,1:07,4,180928,0,
2018-09-28 1:08,,0.016112903,7.91E-07,1:08,4,180928,0,
2018-09-28 1:09,,0.016112903,7.91E-07,1:09,4,180928,0,
2018-09-28 1:10,,0.016112903,7.91E-07,1:10,4,180928,0,
2018-09-28 1:11,,0.016112903,7.91E-07,1:11,4,180928,0,
2018-09-28 1:12,,0.016112903,7.91E-07,1:12,4,180928,0,
2018-09-28 1:13,,0.016112903,7.91E-07,1:13,4,180928,0,
2018-09-28 1:14,,0.016112903,7.91E-07,1:14,4,180928,0,
2018-09-28 1:15,,0.016112903,7.91E-07,1:15,4,180928,0,
2018-09-28 1:16,,0.016112903,7.91E-07,1:16,4,180928,0,
2018-09-28 1:17,,0.016112903,7.91E-07,1:17,4,180928,0,
2018-09-28 1:18,,0.016112903,7.91E-07,1:18,4,180928,0,
2018-09-28 1:19,,0.016112903,7.91E-07,1:19,4,180928,0,
2018-09-28 1:20,,0.016112903,7.91E-07,1:20,4,180928,0,
2018-09-28 1:21,,0.016112903,7.91E-07,1:21,4,180928,0,
2018-09-28 1:22,,0.016112903,7.91E-07,1:22,4,180928,0,
2018-09-28 1:23,,0.016112903,7.91E-07,1:23,4,180928,0,
2018-09-28 1:24,,0.016112903,7.91E-07,1:24,4,180928,0,
2018-09-28 1:25,,0.016112903,7.91E-07,1:25,4,180928,0,
2018-09-28 1:26,,0.016112903,7.91E-07,1:26,4,180928,0,
2018-09-28 1:27,,0.016112903,7.91E-07,1:27,4,180928,0,
2018-09-28 1:28,,0.016112903,7.91E-07,1:28,4,180928,0,
2018-09-28 1:29,,0.016112903,7.91E-07,1:29,4,180928,0,
2018-09-28 1:30,,0.016112903,7.91E-07,1:30,4,180928,0,
2018-09-28 1:31,,0.016112903,7.91E-07,1:31,4,180928,0,
2018-09-28 1:32,0.999,0.016112903,7.91E-07,1:32,4,180928,0,
2018-09-28 1:33,,0.016129032,1.14E-05,1:33,4,180928,0,
2018-09-28 1:34,,0.016129032,7.91E-07,1:34,4,180928,0,
2018-09-28 1:35,,0.016129032,7.91E-07,1:35,4,180928,0,
2018-09-28 1:36,,0.016129032,7.91E-07,1:36,4,180928,0,
2018-09-28 1:37,,0.016129032,7.91E-07,1:37,4,180928,0,
2018-09-28 1:38,,0.016129032,7.91E-07,1:38,4,180928,0,
2018-09-28 1:39,,0.016129032,7.91E-07,1:39,4,180928,0,
2018-09-28 1:40,,0.016129032,7.91E-07,1:40,4,180928,0,
2018-09-28 1:41,,0.016129032,7.91E-07,1:41,4,180928,0,
2018-09-28 1:42,,0.016129032,7.91E-07,1:42,4,180928,0,
2018-09-28 1:43,,0.016129032,7.91E-07,1:43,4,180928,0,
2018-09-28 1:44,,0.016129032,7.91E-07,1:44,4,180928,0,
2018-09-28 1:45,,0.016129032,7.91E-07,1:45,4,180928,0,
2018-09-28 1:46,,0.016129032,7.91E-07,1:46,4,180928,0,
2018-09-28 1:47,,0.016129032,7.91E-07,1:47,4,180928,0,
2018-09-28 1:48,,0.016129032,7.91E-07,1:48,4,180928,0,
2018-09-28 1:49,,0.016129032,7.91E-07,1:49,4,180928,0,
2018-09-28 1:50,,0.016129032,7.91E-07,1:50,4,180928,0,
2018-09-28 1:51,,0.016129032,7.91E-07,1:51,4,180928,0,
2018-09-28 1:52,,0.016129032,7.91E-07,1:52,4,180928,0,
2018-09-28 1:53,,0.016129032,7.91E-07,1:53,4,180928,0,
2018-09-28 1:54,,0.016129032,7.91E-07,1:54,4,180928,0,
2018-09-28 1:55,,0.016129032,7.91E-07,1:55,4,180928,0,
2018-09-28 1:56,,0.016129032,7.91E-07,1:56,4,180928,0,
2018-09-28 1:57,,0.016129032,7.91E-07,1:57,4,180928,0,
2018-09-28 1:58,,0.016129032,7.91E-07,1:58,4,180928,0,
2018-09-28 1:59,,0.016129032,7.91E-07,1:59,4,180928,0,
2018-09-28 2:00,,0.016129032,7.91E-07,2:00,4,180928,0,
2018-09-28 2:01,,0.016129032,7.91E-07,2:01,4,180928,0,
2018-09-28 2:02,,0.016129032,7.91E-07,2:02,4,180928,0,
2018-09-28 2:03,,0.016129032,7.91E-07,2:03,4,180928,0,
2018-09-28 2:04,,0.016129032,7.91E-07,2:04,4,180928,0,
2018-09-28 2:05,,0.016129032,7.91E-07,2:05,4,180928,0,
2018-09-28 2:06,,0.016129032,7.91E-07,2:06,4,180928,0,
2018-09-28 2:07,,0.016129032,7.91E-07,2:07,4,180928,0,
2018-09-28 2:08,,0.016129032,7.91E-07,2:08,4,180928,0,
2018-09-28 2:09,,0.016129032,7.91E-07,2:09,4,180928,0,
2018-09-28 2:10,,0.016129032,7.91E-07,2:10,4,180928,0,
2018-09-28 2:11,,0.016129032,7.91E-07,2:11,4,180928,0,
2018-09-28 2:12,,0.016129032,7.91E-07,2:12,4,180928,0,
2018-09-28 2:13,,0.016129032,7.91E-07,2:13,4,180928,0,
2018-09-28 2:14,,0.016129032,7.91E-07,2:14,4,180928,0,
2018-09-28 2:15,,0.016129032,7.91E-07,2:15,4,180928,0,
2018-09-28 2:16,,0.016129032,7.91E-07,2:16,4,180928,0,
2018-09-28 2:17,,0.016129032,7.91E-07,2:17,4,180928,0,
2018-09-28 2:18,,0.016129032,7.91E-07,2:18,4,180928,0,
2018-09-28 2:19,,0.016129032,7.91E-07,2:19,4,180928,0,
2018-09-28 2:20,,0.016129032,7.91E-07,2:20,4,180928,0,
2018-09-28 2:21,,0.016129032,7.91E-07,2:21,4,180928,0,
2018-09-28 2:22,,0.016129032,7.91E-07,2:22,4,180928,0,
2018-09-28 2:23,,0.016129032,7.91E-07,2:23,4,180928,0,
2018-09-28 2:24,,0.016129032,7.91E-07,2:24,4,180928,0,
2018-09-28 2:25,,0.016129032,7.91E-07,2:25,4,180928,0,
2018-09-28 2:26,,0.016129032,7.91E-07,2:26,4,180928,0,
2018-09-28 2:27,,0.016129032,7.91E-07,2:27,4,180928,0,
2018-09-28 2:28,,0.016129032,7.91E-07,2:28,4,180928,0,
2018-09-28 2:29,,0.016129032,7.91E-07,2:29,4,180928,0,
2018-09-28 2:30,,0.016129032,7.91E-07,2:30,4,180928,0,
2018-09-28 2:31,,0.016129032,7.91E-07,2:31,4,180928,0,
2018-09-28 2:32,,0.016129032,7.91E-07,2:32,4,180928,0,
2018-09-28 2:33,,0.016129032,7.91E-07,2:33,4,180928,0,
2018-09-28 2:34,1,0.016129032,7.91E-07,2:34,4,180928,0,
2018-09-28 2:35,,0.016129032,7.91E-07,2:35,4,180928,0,
2018-09-28 2:36,,0.016129032,7.91E-07,2:36,4,180928,0,
2018-09-28 2:37,,0.016129032,7.91E-07,2:37,4,180928,0,
2018-09-28 2:38,,0.016129032,7.91E-07,2:38,4,180928,0,
2018-09-28 2:39,,0.016129032,7.91E-07,2:39,4,180928,0,
2018-09-28 2:40,,0.016129032,7.91E-07,2:40,4,180928,0,
2018-09-28 2:41,,0.016129032,7.91E-07,2:41,4,180928,0,
2018-09-28 2:42,,0.016129032,7.91E-07,2:42,4,180928,0,
2018-09-28 2:43,,0.016129032,7.91E-07,2:43,4,180928,0,
2018-09-28 2:44,,0.016129032,7.91E-07,2:44,4,180928,0,
2018-09-28 2:45,,0.016129032,7.91E-07,2:45,4,180928,0,
2018-09-28 2:46,,0.016129032,7.91E-07,2:46,4,180928,0,
2018-09-28 2:47,,0.016129032,7.91E-07,2:47,4,180928,0,
2018-09-28 2:48,,0.016129032,7.91E-07,2:48,4,180928,0,
2018-09-28 2:49,,0.016129032,7.91E-07,2:49,4,180928,0,
2018-09-28 2:50,,0.016129032,7.91E-07,2:50,4,180928,0,
2018-09-28 2:51,,0.016129032,7.91E-07,2:51,4,180928,0,
2018-09-28 2:52,,0.016129032,7.91E-07,2:52,4,180928,0,
2018-09-28 2:53,,0.016129032,7.91E-07,2:53,4,180928,0,
2018-09-28 2:54,,0.016129032,7.91E-07,2:54,4,180928,0,
2018-09-28 2:55,,0.016129032,7.91E-07,2:55,4,180928,0,
2018-09-28 2:56,,0.016129032,7.91E-07,2:56,4,180928,0,
2018-09-28 2:57,,0.016129032,7.91E-07,2:57,4,180928,0,
2018-09-28 2:58,,0.016129032,7.91E-07,2:58,4,180928,0,
2018-09-28 2:59,,0.016129032,7.91E-07,2:59,4,180928,0,
2018-09-28 3:00,,0.016129032,7.91E-07,3:00,4,180928,0,
2018-09-28 3:01,,0.016129032,7.91E-07,3:01,4,180928,0,
2018-09-28 3:02,,0.016129032,7.91E-07,3:02,4,180928,0,
2018-09-28 3:03,,0.016129032,7.91E-07,3:03,4,180928,0,
2018-09-28 3:04,,0.016129032,7.91E-07,3:04,4,180928,0,
2018-09-28 3:05,,0.016129032,7.91E-07,3:05,4,180928,0,
2018-09-28 3:06,,0.016129032,7.91E-07,3:06,4,180928,0,
2018-09-28 3:07,,0.016129032,7.91E-07,3:07,4,180928,0,
2018-09-28 3:08,,0.016129032,7.91E-07,3:08,4,180928,0,
2018-09-28 3:09,,0.016129032,7.91E-07,3:09,4,180928,0,
2018-09-28 3:10,,0.016129032,7.91E-07,3:10,4,180928,0,
2018-09-28 3:11,,0.016129032,7.91E-07,3:11,4,180928,0,
2018-09-28 3:12,,0.016129032,7.91E-07,3:12,4,180928,0,
2018-09-28 3:13,,0.016129032,7.91E-07,3:13,4,180928,0,
2018-09-28 3:14,,0.016129032,7.91E-07,3:14,4,180928,0,
2018-09-28 3:15,,0.016129032,7.91E-07,3:15,4,180928,0,
2018-09-28 3:16,,0.016129032,7.91E-07,3:16,4,180928,0,
2018-09-28 3:17,,0.016129032,7.91E-07,3:17,4,180928,0,
2018-09-28 3:18,,0.016129032,7.91E-07,3:18,4,180928,0,
2018-09-28 3:19,,0.016129032,7.91E-07,3:19,4,180928,0,
2018-09-28 3:20,,0.016129032,7.91E-07,3:20,4,180928,0,
2018-09-28 3:21,,0.016129032,7.91E-07,3:21,4,180928,0,
2018-09-28 3:22,,0.016129032,7.91E-07,3:22,4,180928,0,
2018-09-28 3:23,,0.016129032,7.91E-07,3:23,4,180928,0,
2018-09-28 3:24,,0.016129032,7.91E-07,3:24,4,180928,0,
2018-09-28 3:25,,0.016129032,7.91E-07,3:25,4,180928,0,
2018-09-28 3:26,,0.016129032,7.91E-07,3:26,4,180928,0,
2018-09-28 3:27,,0.016129032,7.91E-07,3:27,4,180928,0,
2018-09-28 3:28,,0.016129032,7.91E-07,3:28,4,180928,0,
2018-09-28 3:29,,0.016129032,7.91E-07,3:29,4,180928,0,
2018-09-28 3:30,,0.016129032,7.91E-07,3:30,4,180928,0,
2018-09-28 3:31,,0.016129032,7.91E-07,3:31,4,180928,0,
2018-09-28 3:32,,0.016129032,7.91E-07,3:32,4,180928,0,
2018-09-28 3:33,,0.016129032,7.91E-07,3:33,4,180928,0,
2018-09-28 3:34,,0.016129032,7.91E-07,3:34,4,180928,0,
2018-09-28 3:35,,0.016129032,7.91E-07,3:35,4,180928,0,
2018-09-28 3:36,1,0.016129032,7.91E-07,3:36,4,180928,0,
2018-09-28 3:37,,0.016112903,1.14E-05,3:37,4,180928,0,
2018-09-28 3:38,,0.016112903,7.91E-07,3:38,4,180928,0,
2018-09-28 3:39,,0.016112903,7.91E-07,3:39,4,180928,0,
2018-09-28 3:40,,0.016112903,7.91E-07,3:40,4,180928,0,
2018-09-28 3:41,,0.016112903,7.91E-07,3:41,4,180928,0,
2018-09-28 3:42,,0.016112903,7.91E-07,3:42,4,180928,0,
2018-09-28 3:43,,0.016112903,7.91E-07,3:43,4,180928,0,
2018-09-28 3:44,,0.016112903,7.91E-07,3:44,4,180928,0,
2018-09-28 3:45,,0.016112903,7.91E-07,3:45,4,180928,0,
2018-09-28 3:46,,0.016112903,7.91E-07,3:46,4,180928,0,
2018-09-28 3:47,,0.016112903,7.91E-07,3:47,4,180928,0,
2018-09-28 3:48,,0.016112903,7.91E-07,3:48,4,180928,0,
2018-09-28 3:49,,0.016112903,7.91E-07,3:49,4,180928,0,
2018-09-28 3:50,,0.016112903,7.91E-07,3:50,4,180928,0,
2018-09-28 3:51,,0.016112903,7.91E-07,3:51,4,180928,0,
2018-09-28 3:52,,0.016112903,7.91E-07,3:52,4,180928,0,
2018-09-28 3:53,,0.016112903,7.91E-07,3:53,4,180928,0,
2018-09-28 3:54,,0.016112903,7.91E-07,3:54,4,180928,0,
2018-09-28 3:55,,0.016112903,7.91E-07,3:55,4,180928,0,
2018-09-28 3:56,,0.016112903,7.91E-07,3:56,4,180928,0,
2018-09-28 3:57,,0.016112903,7.91E-07,3:57,4,180928,0,
2018-09-28 3:58,,0.016112903,7.91E-07,3:58,4,180928,0,
2018-09-28 3:59,,0.016112903,7.91E-07,3:59,4,180928,0,
2018-09-28 4:00,,0.016112903,7.91E-07,4:00,4,180928,0,
2018-09-28 4:01,,0.016112903,7.91E-07,4:01,4,180928,0,
2018-09-28 4:02,,0.016112903,7.91E-07,4:02,4,180928,0,
2018-09-28 4:03,,0.016112903,7.91E-07,4:03,4,180928,0,
2018-09-28 4:04,,0.016112903,7.91E-07,4:04,4,180928,0,
2018-09-28 4:05,,0.016112903,7.91E-07,4:05,4,180928,0,
2018-09-28 4:06,,0.016112903,7.91E-07,4:06,4,180928,0,
2018-09-28 4:07,,0.016112903,7.91E-07,4:07,4,180928,0,
2018-09-28 4:08,,0.016112903,7.91E-07,4:08,4,180928,0,
2018-09-28 4:09,,0.016112903,7.91E-07,4:09,4,180928,0,
2018-09-28 4:10,,0.016112903,7.91E-07,4:10,4,180928,0,
2018-09-28 4:11,,0.016112903,7.91E-07,4:11,4,180928,0,
2018-09-28 4:12,,0.016112903,7.91E-07,4:12,4,180928,0,
2018-09-28 4:13,,0.016112903,7.91E-07,4:13,4,180928,0,
2018-09-28 4:14,,0.016112903,7.91E-07,4:14,4,180928,0,
2018-09-28 4:15,,0.016112903,7.91E-07,4:15,4,180928,0,
2018-09-28 4:16,,0.016112903,7.91E-07,4:16,4,180928,0,
2018-09-28 4:17,,0.016112903,7.91E-07,4:17,4,180928,0,
2018-09-28 4:18,,0.016112903,7.91E-07,4:18,4,180928,0,
2018-09-28 4:19,,0.016112903,7.91E-07,4:19,4,180928,0,
2018-09-28 4:20,,0.016112903,7.91E-07,4:20,4,180928,0,
2018-09-28 4:21,,0.016112903,7.91E-07,4:21,4,180928,0,
2018-09-28 4:22,,0.016112903,7.91E-07,4:22,4,180928,0,
2018-09-28 4:23,,0.016112903,7.91E-07,4:23,4,180928,0,
2018-09-28 4:24,,0.016112903,7.91E-07,4:24,4,180928,0,
2018-09-28 4:25,,0.016112903,7.91E-07,4:25,4,180928,0,
2018-09-28 4:26,,0.016112903,7.91E-07,4:26,4,180928,0,
2018-09-28 4:27,,0.016112903,7.91E-07,4:27,4,180928,0,
2018-09-28 4:28,,0.016112903,7.91E-07,4:28,4,180928,0,
2018-09-28 4:29,,0.016112903,7.91E-07,4:29,4,180928,0,
2018-09-28 4:30,,0.016112903,7.91E-07,4:30,4,180928,0,
2018-09-28 4:31,,0.016112903,7.91E-07,4:31,4,180928,0,
2018-09-28 4:32,,0.016112903,7.91E-07,4:32,4,180928,0,
2018-09-28 4:33,,0.016112903,7.91E-07,4:33,4,180928,0,
2018-09-28 4:34,,0.016112903,7.91E-07,4:34,4,180928,0,
2018-09-28 4:35,,0.016112903,7.91E-07,4:35,4,180928,0,
2018-09-28 4:36,,0.016112903,7.91E-07,4:36,4,180928,0,
2018-09-28 4:37,,0.016112903,7.91E-07,4:37,4,180928,0,
2018-09-28 4:38,0.999,0.016112903,7.91E-07,4:38,4,180928,0,
2018-09-28 4:39,,0.015873016,0.000169628,4:39,4,180928,0,
2018-09-28 4:40,,0.015873016,7.91E-07,4:40,4,180928,0,
2018-09-28 4:41,,0.015873016,7.91E-07,4:41,4,180928,0,
2018-09-28 4:42,,0.015873016,7.91E-07,4:42,4,180928,0,
2018-09-28 4:43,,0.015873016,7.91E-07,4:43,4,180928,0,
2018-09-28 4:44,,0.015873016,7.91E-07,4:44,4,180928,0,
2018-09-28 4:45,,0.015873016,7.91E-07,4:45,4,180928,0,
2018-09-28 4:46,,0.015873016,7.91E-07,4:46,4,180928,0,
2018-09-28 4:47,,0.015873016,7.91E-07,4:47,4,180928,0,
2018-09-28 4:48,,0.015873016,7.91E-07,4:48,4,180928,0,
2018-09-28 4:49,,0.015873016,7.91E-07,4:49,4,180928,0,
2018-09-28 4:50,,0.015873016,7.91E-07,4:50,4,180928,0,
2018-09-28 4:51,,0.015873016,7.91E-07,4:51,4,180928,0,
2018-09-28 4:52,,0.015873016,7.91E-07,4:52,4,180928,0,
2018-09-28 4:53,,0.015873016,7.91E-07,4:53,4,180928,0,
2018-09-28 4:54,,0.015873016,7.91E-07,4:54,4,180928,0,
2018-09-28 4:55,,0.015873016,7.91E-07,4:55,4,180928,0,
2018-09-28 4:56,,0.015873016,7.91E-07,4:56,4,180928,0,
2018-09-28 4:57,,0.015873016,7.91E-07,4:57,4,180928,0,
2018-09-28 4:58,,0.015873016,7.91E-07,4:58,4,180928,0,
2018-09-28 4:59,,0.015873016,7.91E-07,4:59,4,180928,0,
2018-09-28 5:00,,0.015873016,7.91E-07,5:00,4,180928,0,
2018-09-28 5:01,,0.015873016,7.91E-07,5:01,4,180928,0,
2018-09-28 5:02,,0.015873016,7.91E-07,5:02,4,180928,0,
2018-09-28 5:03,,0.015873016,7.91E-07,5:03,4,180928,0,
2018-09-28 5:04,,0.015873016,7.91E-07,5:04,4,180928,0,
2018-09-28 5:05,,0.015873016,7.91E-07,5:05,4,180928,0,
2018-09-28 5:06,,0.015873016,7.91E-07,5:06,4,180928,0,
2018-09-28 5:07,,0.015873016,7.91E-07,5:07,4,180928,0,
2018-09-28 5:08,,0.015873016,7.91E-07,5:08,4,180928,0,
2018-09-28 5:09,,0.015873016,7.91E-07,5:09,4,180928,0,
2018-09-28 5:10,,0.015873016,7.91E-07,5:10,4,180928,0,
2018-09-28 5:11,,0.015873016,7.91E-07,5:11,4,180928,0,
2018-09-28 5:12,,0.015873016,7.91E-07,5:12,4,180928,0,
2018-09-28 5:13,,0.015873016,7.91E-07,5:13,4,180928,0,
2018-09-28 5:14,,0.015873016,7.91E-07,5:14,4,180928,0,
2018-09-28 5:15,,0.015873016,7.91E-07,5:15,4,180928,0,
2018-09-28 5:16,,0.015873016,7.91E-07,5:16,4,180928,0,
2018-09-28 5:17,,0.015873016,7.91E-07,5:17,4,180928,0,
2018-09-28 5:18,,0.015873016,7.91E-07,5:18,4,180928,0,
2018-09-28 5:19,,0.015873016,7.91E-07,5:19,4,180928,0,
2018-09-28 5:20,,0.015873016,7.91E-07,5:20,4,180928,0,
2018-09-28 5:21,,0.015873016,7.91E-07,5:21,4,180928,0,
2018-09-28 5:22,,0.015873016,7.91E-07,5:22,4,180928,0,
2018-09-28 5:23,,0.015873016,7.91E-07,5:23,4,180928,0,
2018-09-28 5:24,,0.015873016,7.91E-07,5:24,4,180928,0,
2018-09-28 5:25,,0.015873016,7.91E-07,5:25,4,180928,0,
2018-09-28 5:26,,0.015873016,7.91E-07,5:26,4,180928,0,
2018-09-28 5:27,,0.015873016,7.91E-07,5:27,4,180928,0,
2018-09-28 5:28,,0.015873016,7.91E-07,5:28,4,180928,0,
2018-09-28 5:29,,0.015873016,7.91E-07,5:29,4,180928,0,
2018-09-28 5:30,,0.015873016,7.91E-07,5:30,4,180928,0,
2018-09-28 5:31,,0.015873016,7.91E-07,5:31,4,180928,0,
2018-09-28 5:32,,0.015873016,7.91E-07,5:32,4,180928,0,
2018-09-28 5:33,,0.015873016,7.91E-07,5:33,4,180928,0,
2018-09-28 5:34,,0.015873016,7.91E-07,5:34,4,180928,0,
2018-09-28 5:35,,0.015873016,7.91E-07,5:35,4,180928,0,
2018-09-28 5:36,,0.015873016,7.91E-07,5:36,4,180928,0,
2018-09-28 5:37,,0.015873016,7.91E-07,5:37,4,180928,0,
2018-09-28 5:38,,0.015873016,7.91E-07,5:38,4,180928,0,
2018-09-28 5:39,,0.015873016,7.91E-07,5:39,4,180928,0,
2018-09-28 5:40,,0.015873016,7.91E-07,5:40,4,180928,0,
2018-09-28 5:41,1,0.015873016,7.91E-07,5:41,4,180928,0,
2018-09-28 5:42,,0.016112903,0.000169628,5:42,4,180928,0,
2018-09-28 5:43,,0.016112903,7.91E-07,5:43,4,180928,0,
2018-09-28 5:44,,0.016112903,7.91E-07,5:44,4,180928,0,
2018-09-28 5:45,,0.016112903,7.91E-07,5:45,4,180928,0,
2018-09-28 5:46,,0.016112903,7.91E-07,5:46,4,180928,0,
2018-09-28 5:47,,0.016112903,7.91E-07,5:47,4,180928,0,
2018-09-28 5:48,,0.016112903,7.91E-07,5:48,4,180928,0,
2018-09-28 5:49,,0.016112903,7.91E-07,5:49,4,180928,0,
2018-09-28 5:50,,0.016112903,7.91E-07,5:50,4,180928,0,
2018-09-28 5:51,,0.016112903,7.91E-07,5:51,4,180928,0,
2018-09-28 5:52,,0.016112903,7.91E-07,5:52,4,180928,0,
2018-09-28 5:53,,0.016112903,7.91E-07,5:53,4,180928,0,
2018-09-28 5:54,,0.016112903,7.91E-07,5:54,4,180928,0,
2018-09-28 5:55,,0.016112903,7.91E-07,5:55,4,180928,0,
2018-09-28 5:56,,0.016112903,7.91E-07,5:56,4,180928,0,
2018-09-28 5:57,,0.016112903,7.91E-07,5:57,4,180928,0,
2018-09-28 5:58,,0.016112903,7.91E-07,5:58,4,180928,0,
2018-09-28 5:59,,0.016112903,7.91E-07,5:59,4,180928,0,
2018-09-28 6:00,,0.016112903,7.91E-07,6:00,4,180928,0,
2018-09-28 6:01,,0.016112903,7.91E-07,6:01,4,180928,0,
2018-09-28 6:02,,0.016112903,7.91E-07,6:02,4,180928,0,
2018-09-28 6:03,,0.016112903,7.91E-07,6:03,4,180928,0,
2018-09-28 6:04,,0.016112903,7.91E-07,6:04,4,180928,0,
2018-09-28 6:05,,0.016112903,7.91E-07,6:05,4,180928,0,
2018-09-28 6:06,,0.016112903,7.91E-07,6:06,4,180928,0,
2018-09-28 6:07,,0.016112903,7.91E-07,6:07,4,180928,0,
2018-09-28 6:08,,0.016112903,7.91E-07,6:08,4,180928,0,
2018-09-28 6:09,,0.016112903,7.91E-07,6:09,4,180928,0,
2018-09-28 6:10,,0.016112903,7.91E-07,6:10,4,180928,0,
2018-09-28 6:11,,0.016112903,7.91E-07,6:11,4,180928,0,
2018-09-28 6:12,,0.016112903,7.91E-07,6:12,4,180928,0,
2018-09-28 6:13,,0.016112903,7.91E-07,6:13,4,180928,0,
2018-09-28 6:14,,0.016112903,7.91E-07,6:14,4,180928,0,
2018-09-28 6:15,,0.016112903,7.91E-07,6:15,4,180928,0,
2018-09-28 6:16,,0.016112903,7.91E-07,6:16,4,180928,0,
2018-09-28 6:17,,0.016112903,7.91E-07,6:17,4,180928,0,
2018-09-28 6:18,,0.016112903,7.91E-07,6:18,4,180928,0,
2018-09-28 6:19,,0.016112903,7.91E-07,6:19,4,180928,0,
2018-09-28 6:20,,0.016112903,7.91E-07,6:20,4,180928,0,
2018-09-28 6:21,,0.016112903,7.91E-07,6:21,4,180928,0,
2018-09-28 6:22,,0.016112903,7.91E-07,6:22,4,180928,0,
2018-09-28 6:23,,0.016112903,7.91E-07,6:23,4,180928,0,
2018-09-28 6:24,,0.016112903,7.91E-07,6:24,4,180928,0,
2018-09-28 6:25,,0.016112903,7.91E-07,6:25,4,180928,0,
2018-09-28 6:26,,0.016112903,7.91E-07,6:26,4,180928,0,
2018-09-28 6:27,,0.016112903,7.91E-07,6:27,4,180928,0,
2018-09-28 6:28,,0.016112903,7.91E-07,6:28,4,180928,0,
2018-09-28 6:29,,0.016112903,7.91E-07,6:29,4,180928,0,
2018-09-28 6:30,,0.016112903,7.91E-07,6:30,4,180928,0,
2018-09-28 6:31,,0.016112903,7.91E-07,6:31,4,180928,0,
2018-09-28 6:32,,0.016112903,7.91E-07,6:32,4,180928,0,
2018-09-28 6:33,,0.016112903,7.91E-07,6:33,4,180928,0,
2018-09-28 6:34,,0.016112903,7.91E-07,6:34,4,180928,0,
2018-09-28 6:35,,0.016112903,7.91E-07,6:35,4,180928,0,
2018-09-28 6:36,,0.016112903,7.91E-07,6:36,4,180928,0,
2018-09-28 6:37,,0.016112903,7.91E-07,6:37,4,180928,0,
2018-09-28 6:38,,0.016112903,7.91E-07,6:38,4,180928,0,
2018-09-28 6:39,,0.016112903,7.91E-07,6:39,4,180928,0,
2018-09-28 6:40,,0.016112903,7.91E-07,6:40,4,180928,0,
2018-09-28 6:41,,0.016112903,7.91E-07,6:41,4,180928,0,
2018-09-28 6:42,,0.016112903,7.91E-07,6:42,4,180928,0,
2018-09-28 6:43,0.999,0.016112903,7.91E-07,6:43,4,180928,0,
2018-09-28 6:44,,0.016129032,1.14E-05,6:44,4,180928,0,
2018-09-28 6:45,,0.016129032,7.91E-07,6:45,4,180928,0,
2018-09-28 6:46,,0.016129032,7.91E-07,6:46,4,180928,0,
2018-09-28 6:47,,0.016129032,7.91E-07,6:47,4,180928,0,
2018-09-28 6:48,,0.016129032,7.91E-07,6:48,4,180928,0,
2018-09-28 6:49,,0.016129032,7.91E-07,6:49,4,180928,0,
2018-09-28 6:50,,0.016129032,7.91E-07,6:50,4,180928,0,
2018-09-28 6:51,,0.016129032,7.91E-07,6:51,4,180928,0,
2018-09-28 6:52,,0.016129032,7.91E-07,6:52,4,180928,0,
2018-09-28 6:53,,0.016129032,7.91E-07,6:53,4,180928,0,
2018-09-28 6:54,,0.016129032,7.91E-07,6:54,4,180928,0,
2018-09-28 6:55,,0.016129032,7.91E-07,6:55,4,180928,0,
2018-09-28 6:56,,0.016129032,7.91E-07,6:56,4,180928,0,
2018-09-28 6:57,,0.016129032,7.91E-07,6:57,4,180928,0,
2018-09-28 6:58,,0.016129032,7.91E-07,6:58,4,180928,0,
2018-09-28 6:59,,0.016129032,7.91E-07,6:59,4,180928,0,
2018-09-28 7:00,,0.016129032,7.91E-07,7:00,4,180928,0,
2018-09-28 7:01,,0.016129032,7.91E-07,7:01,4,180928,0,
2018-09-28 7:02,,0.016129032,7.91E-07,7:02,4,180928,0,
2018-09-28 7:03,,0.016129032,7.91E-07,7:03,4,180928,0,
2018-09-28 7:04,,0.016129032,7.91E-07,7:04,4,180928,0,
2018-09-28 7:05,,0.016129032,7.91E-07,7:05,4,180928,0,
2018-09-28 7:06,,0.016129032,7.91E-07,7:06,4,180928,0,
2018-09-28 7:07,,0.016129032,7.91E-07,7:07,4,180928,0,
2018-09-28 7:08,,0.016129032,7.91E-07,7:08,4,180928,0,
2018-09-28 7:09,,0.016129032,7.91E-07,7:09,4,180928,0,
2018-09-28 7:10,,0.016129032,7.91E-07,7:10,4,180928,0,
2018-09-28 7:11,,0.016129032,7.91E-07,7:11,4,180928,0,
2018-09-28 7:12,,0.016129032,7.91E-07,7:12,4,180928,0,
2018-09-28 7:13,,0.016129032,7.91E-07,7:13,4,180928,0,
2018-09-28 7:14,,0.016129032,7.91E-07,7:14,4,180928,0,
2018-09-28 7:15,,0.016129032,7.91E-07,7:15,4,180928,0,
2018-09-28 7:16,,0.016129032,7.91E-07,7:16,4,180928,0,
2018-09-28 7:17,,0.016129032,7.91E-07,7:17,4,180928,0,
2018-09-28 7:18,,0.016129032,7.91E-07,7:18,4,180928,0,
2018-09-28 7:19,,0.016129032,7.91E-07,7:19,4,180928,0,
2018-09-28 7:20,,0.016129032,7.91E-07,7:20,4,180928,0,
2018-09-28 7:21,,0.016129032,7.91E-07,7:21,4,180928,0,
2018-09-28 7:22,,0.016129032,7.91E-07,7:22,4,180928,0,
2018-09-28 7:23,,0.016129032,7.91E-07,7:23,4,180928,0,
2018-09-28 7:24,,0.016129032,7.91E-07,7:24,4,180928,0,
2018-09-28 7:25,,0.016129032,7.91E-07,7:25,4,180928,0,
2018-09-28 7:26,,0.016129032,7.91E-07,7:26,4,180928,0,
2018-09-28 7:27,,0.016129032,7.91E-07,7:27,4,180928,0,
2018-09-28 7:28,,0.016129032,7.91E-07,7:28,4,180928,0,
2018-09-28 7:29,,0.016129032,7.91E-07,7:29,4,180928,0,
2018-09-28 7:30,,0.016129032,7.91E-07,7:30,4,180928,0,
2018-09-28 7:31,,0.016129032,7.91E-07,7:31,4,180928,0,
2018-09-28 7:32,,0.016129032,7.91E-07,7:32,4,180928,0,
2018-09-28 7:33,,0.016129032,7.91E-07,7:33,4,180928,0,
2018-09-28 7:34,,0.016129032,7.91E-07,7:34,4,180928,0,
2018-09-28 7:35,,0.016129032,7.91E-07,7:35,4,180928,0,
2018-09-28 7:36,,0.016129032,7.91E-07,7:36,4,180928,0,
2018-09-28 7:37,,0.016129032,7.91E-07,7:37,4,180928,0,
2018-09-28 7:38,,0.016129032,7.91E-07,7:38,4,180928,0,
2018-09-28 7:39,,0.016129032,7.91E-07,7:39,4,180928,0,
2018-09-28 7:40,,0.016129032,7.91E-07,7:40,4,180928,0,
2018-09-28 7:41,,0.016129032,7.91E-07,7:41,4,180928,0,
2018-09-28 7:42,,0.016129032,7.91E-07,7:42,4,180928,0,
2018-09-28 7:43,,0.016129032,7.91E-07,7:43,4,180928,0,
2018-09-28 7:44,,0.016129032,7.91E-07,7:44,4,180928,0,
2018-09-28 7:45,1,0.016129032,7.91E-07,7:45,4,180928,0,
2018-09-28 7:46,,0.016112903,1.14E-05,7:46,4,180928,0,
2018-09-28 7:47,,0.016112903,7.91E-07,7:47,4,180928,0,
2018-09-28 7:48,,0.016112903,7.91E-07,7:48,4,180928,0,
2018-09-28 7:49,,0.016112903,7.91E-07,7:49,4,180928,0,
2018-09-28 7:50,,0.016112903,7.91E-07,7:50,4,180928,0,
2018-09-28 7:51,,0.016112903,7.91E-07,7:51,4,180928,0,
2018-09-28 7:52,,0.016112903,7.91E-07,7:52,4,180928,0,
2018-09-28 7:53,,0.016112903,7.91E-07,7:53,4,180928,0,
2018-09-28 7:54,,0.016112903,7.91E-07,7:54,4,180928,0,
2018-09-28 7:55,,0.016112903,7.91E-07,7:55,4,180928,0,
2018-09-28 7:56,,0.016112903,7.91E-07,7:56,4,180928,0,
2018-09-28 7:57,,0.016112903,7.91E-07,7:57,4,180928,0,
2018-09-28 7:58,,0.016112903,7.91E-07,7:58,4,180928,0,
2018-09-28 7:59,,0.016112903,7.91E-07,7:59,4,180928,0,
2018-09-28 8:00,,0.016112903,7.91E-07,8:00,4,180928,0,
2018-09-28 8:01,,0.016112903,7.91E-07,8:01,4,180928,0,
2018-09-28 8:02,,0.016112903,7.91E-07,8:02,4,180928,0,
2018-09-28 8:03,,0.016112903,7.91E-07,8:03,4,180928,0,
2018-09-28 8:04,,0.016112903,7.91E-07,8:04,4,180928,0,
2018-09-28 8:05,,0.016112903,7.91E-07,8:05,4,180928,0,
2018-09-28 8:06,,0.016112903,7.91E-07,8:06,4,180928,0,
2018-09-28 8:07,,0.016112903,7.91E-07,8:07,4,180928,0,
2018-09-28 8:08,,0.016112903,7.91E-07,8:08,4,180928,0,
2018-09-28 8:09,,0.016112903,7.91E-07,8:09,4,180928,0,
2018-09-28 8:10,,0.016112903,7.91E-07,8:10,4,180928,0,
2018-09-28 8:11,,0.016112903,7.91E-07,8:11,4,180928,0,
2018-09-28 8:12,,0.016112903,7.91E-07,8:12,4,180928,0,
2018-09-28 8:13,,0.016112903,7.91E-07,8:13,4,180928,0,
2018-09-28 8:14,,0.016112903,7.91E-07,8:14,4,180928,0,
2018-09-28 8:15,,0.016112903,7.91E-07,8:15,4,180928,0,
2018-09-28 8:16,,0.016112903,7.91E-07,8:16,4,180928,0,
2018-09-28 8:17,,0.016112903,7.91E-07,8:17,4,180928,0,
2018-09-28 8:18,,0.016112903,7.91E-07,8:18,4,180928,0,
2018-09-28 8:19,,0.016112903,7.91E-07,8:19,4,180928,0,
2018-09-28 8:20,,0.016112903,7.91E-07,8:20,4,180928,0,
2018-09-28 8:21,,0.016112903,7.91E-07,8:21,4,180928,0,
2018-09-28 8:22,,0.016112903,7.91E-07,8:22,4,180928,0,
2018-09-28 8:23,,0.016112903,7.91E-07,8:23,4,180928,0,
2018-09-28 8:24,,0.016112903,7.91E-07,8:24,4,180928,0,
2018-09-28 8:25,,0.016112903,7.91E-07,8:25,4,180928,0,
2018-09-28 8:26,,0.016112903,7.91E-07,8:26,4,180928,0,
2018-09-28 8:27,,0.016112903,7.91E-07,8:27,4,180928,0,
2018-09-28 8:28,,0.016112903,7.91E-07,8:28,4,180928,0,
2018-09-28 8:29,,0.016112903,7.91E-07,8:29,4,180928,0,
2018-09-28 8:30,,0.016112903,7.91E-07,8:30,4,180928,0,
2018-09-28 8:31,,0.016112903,7.91E-07,8:31,4,180928,0,
2018-09-28 8:32,,0.016112903,7.91E-07,8:32,4,180928,0,
2018-09-28 8:33,,0.016112903,7.91E-07,8:33,4,180928,0,
2018-09-28 8:34,,0.016112903,7.91E-07,8:34,4,180928,0,
2018-09-28 8:35,,0.016112903,7.91E-07,8:35,4,180928,0,
2018-09-28 8:36,,0.016112903,7.91E-07,8:36,4,180928,0,
2018-09-28 8:37,,0.016112903,7.91E-07,8:37,4,180928,0,
2018-09-28 8:38,,0.016112903,7.91E-07,8:38,4,180928,0,
2018-09-28 8:39,,0.016112903,7.91E-07,8:39,4,180928,0,
2018-09-28 8:40,,0.016112903,7.91E-07,8:40,4,180928,0,
2018-09-28 8:41,,0.016112903,7.91E-07,8:41,4,180928,0,
2018-09-28 8:42,,0.016112903,7.91E-07,8:42,4,180928,0,
2018-09-28 8:43,,0.016112903,7.91E-07,8:43,4,180928,0,
2018-09-28 8:44,,0.016112903,7.91E-07,8:44,4,180928,0,
2018-09-28 8:45,,0.016112903,7.91E-07,8:45,4,180928,0,
2018-09-28 8:46,,0.016112903,7.91E-07,8:46,4,180928,0,
2018-09-28 8:47,0.999,0.016112903,7.91E-07,8:47,4,180928,0,
2018-09-28 8:48,,0.016129032,1.14E-05,8:48,4,180928,0,
2018-09-28 8:49,,0.016129032,7.91E-07,8:49,4,180928,0,
2018-09-28 8:50,,0.016129032,7.91E-07,8:50,4,180928,0,
2018-09-28 8:51,,0.016129032,7.91E-07,8:51,4,180928,0,
2018-09-28 8:52,,0.016129032,7.91E-07,8:52,4,180928,0,
2018-09-28 8:53,,0.016129032,7.91E-07,8:53,4,180928,0,
2018-09-28 8:54,,0.016129032,7.91E-07,8:54,4,180928,0,
2018-09-28 8:55,,0.016129032,7.91E-07,8:55,4,180928,0,
2018-09-28 8:56,,0.016129032,7.91E-07,8:56,4,180928,0,
2018-09-28 8:57,,0.016129032,7.91E-07,8:57,4,180928,0,
2018-09-28 8:58,,0.016129032,7.91E-07,8:58,4,180928,0,
2018-09-28 8:59,,0.016129032,7.91E-07,8:59,4,180928,0,
2018-09-28 9:00,,0.016129032,7.91E-07,9:00,4,180928,0,
2018-09-28 9:01,,0.016129032,7.91E-07,9:01,4,180928,0,
2018-09-28 9:02,,0.016129032,7.91E-07,9:02,4,180928,0,
2018-09-28 9:03,,0.016129032,7.91E-07,9:03,4,180928,0,
2018-09-28 9:04,,0.016129032,7.91E-07,9:04,4,180928,0,
2018-09-28 9:05,,0.016129032,7.91E-07,9:05,4,180928,0,
2018-09-28 9:06,,0.016129032,7.91E-07,9:06,4,180928,0,
2018-09-28 9:07,,0.016129032,7.91E-07,9:07,4,180928,0,
2018-09-28 9:08,,0.016129032,7.91E-07,9:08,4,180928,0,
2018-09-28 9:09,,0.016129032,7.91E-07,9:09,4,180928,0,
2018-09-28 9:10,,0.016129032,7.91E-07,9:10,4,180928,0,
2018-09-28 9:11,,0.016129032,7.91E-07,9:11,4,180928,0,
2018-09-28 9:12,,0.016129032,7.91E-07,9:12,4,180928,0,
2018-09-28 9:13,,0.016129032,7.91E-07,9:13,4,180928,0,
2018-09-28 9:14,,0.016129032,7.91E-07,9:14,4,180928,0,
2018-09-28 9:15,,0.016129032,7.91E-07,9:15,4,180928,0,
2018-09-28 9:16,,0.016129032,7.91E-07,9:16,4,180928,0,
2018-09-28 9:17,,0.016129032,7.91E-07,9:17,4,180928,0,
2018-09-28 9:18,,0.016129032,7.91E-07,9:18,4,180928,0,
2018-09-28 9:19,,0.016129032,7.91E-07,9:19,4,180928,0,
2018-09-28 9:20,,0.016129032,7.91E-07,9:20,4,180928,0,
2018-09-28 9:21,,0.016129032,7.91E-07,9:21,4,180928,0,
2018-09-28 9:22,,0.016129032,7.91E-07,9:22,4,180928,0,
2018-09-28 9:23,,0.016129032,7.91E-07,9:23,4,180928,0,
2018-09-28 9:24,,0.016129032,7.91E-07,9:24,4,180928,0,
2018-09-28 9:25,,0.016129032,7.91E-07,9:25,4,180928,0,
2018-09-28 9:26,,0.016129032,7.91E-07,9:26,4,180928,0,
2018-09-28 9:27,,0.016129032,7.91E-07,9:27,4,180928,0,
2018-09-28 9:28,,0.016129032,7.91E-07,9:28,4,180928,0,
2018-09-28 9:29,,0.016129032,7.91E-07,9:29,4,180928,0,
2018-09-28 9:30,,0.016129032,7.91E-07,9:30,4,180928,0,
2018-09-28 9:31,,0.016129032,7.91E-07,9:31,4,180928,0,
2018-09-28 9:32,,0.016129032,7.91E-07,9:32,4,180928,0,
2018-09-28 9:33,,0.016129032,7.91E-07,9:33,4,180928,0,
2018-09-28 9:34,,0.016129032,7.91E-07,9:34,4,180928,0,
2018-09-28 9:35,,0.016129032,7.91E-07,9:35,4,180928,0,
2018-09-28 9:36,,0.016129032,7.91E-07,9:36,4,180928,0,
2018-09-28 9:37,,0.016129032,7.91E-07,9:37,4,180928,0,
2018-09-28 9:38,,0.016129032,7.91E-07,9:38,4,180928,0,
2018-09-28 9:39,,0.016129032,7.91E-07,9:39,4,180928,0,
2018-09-28 9:40,,0.016129032,7.91E-07,9:40,4,180928,0,
2018-09-28 9:41,,0.016129032,7.91E-07,9:41,4,180928,0,
2018-09-28 9:42,,0.016129032,7.91E-07,9:42,4,180928,0,
2018-09-28 9:43,,0.016129032,7.91E-07,9:43,4,180928,0,
2018-09-28 9:44,,0.016129032,7.91E-07,9:44,4,180928,0,
2018-09-28 9:45,,0.016129032,7.91E-07,9:45,4,180928,0,
2018-09-28 9:46,,0.016129032,7.91E-07,9:46,4,180928,0,
2018-09-28 9:47,,0.016129032,7.91E-07,9:47,4,180928,0,
2018-09-28 9:48,,0.016129032,7.91E-07,9:48,4,180928,0,
2018-09-28 9:49,1,0.016129032,7.91E-07,9:49,4,180928,0,
2018-09-28 9:50,,0.015873016,0.000181033,9:50,4,180928,0,
2018-09-28 9:51,,0.015873016,7.91E-07,9:51,4,180928,0,
2018-09-28 9:52,,0.015873016,7.91E-07,9:52,4,180928,0,
2018-09-28 9:53,,0.015873016,7.91E-07,9:53,4,180928,0,
2018-09-28 9:54,,0.015873016,7.91E-07,9:54,4,180928,0,
2018-09-28 9:55,,0.015873016,7.91E-07,9:55,4,180928,0,
2018-09-28 9:56,,0.015873016,7.91E-07,9:56,4,180928,0,
2018-09-28 9:57,,0.015873016,7.91E-07,9:57,4,180928,0,
2018-09-28 9:58,,0.015873016,7.91E-07,9:58,4,180928,0,
2018-09-28 9:59,,0.015873016,7.91E-07,9:59,4,180928,0,
2018-09-28 10:00,,0.015873016,7.91E-07,10:00,4,180928,0,
2018-09-28 10:01,,0.015873016,7.91E-07,10:01,4,180928,0,
2018-09-28 10:02,,0.015873016,7.91E-07,10:02,4,180928,0,
2018-09-28 10:03,,0.015873016,7.91E-07,10:03,4,180928,0,
2018-09-28 10:04,,0.015873016,7.91E-07,10:04,4,180928,0,
2018-09-28 10:05,,0.015873016,7.91E-07,10:05,4,180928,0,
2018-09-28 10:06,,0.015873016,7.91E-07,10:06,4,180928,0,
2018-09-28 10:07,,0.015873016,7.91E-07,10:07,4,180928,0,
2018-09-28 10:08,,0.015873016,7.91E-07,10:08,4,180928,0,
2018-09-28 10:09,,0.015873016,7.91E-07,10:09,4,180928,0,
2018-09-28 10:10,,0.015873016,7.91E-07,10:10,4,180928,0,
2018-09-28 10:11,,0.015873016,7.91E-07,10:11,4,180928,0,
2018-09-28 10:12,,0.015873016,7.91E-07,10:12,4,180928,0,
2018-09-28 10:13,,0.015873016,7.91E-07,10:13,4,180928,0,
2018-09-28 10:14,,0.015873016,7.91E-07,10:14,4,180928,0,
2018-09-28 10:15,,0.015873016,7.91E-07,10:15,4,180928,0,
2018-09-28 10:16,,0.015873016,7.91E-07,10:16,4,180928,0,
2018-09-28 10:17,,0.015873016,7.91E-07,10:17,4,180928,0,
2018-09-28 10:18,,0.015873016,7.91E-07,10:18,4,180928,0,
2018-09-28 10:19,,0.015873016,7.91E-07,10:19,4,180928,0,
2018-09-28 10:20,,0.015873016,7.91E-07,10:20,4,180928,0,
2018-09-28 10:21,,0.015873016,7.91E-07,10:21,4,180928,0,
2018-09-28 10:22,,0.015873016,7.91E-07,10:22,4,180928,0,
2018-09-28 10:23,,0.015873016,7.91E-07,10:23,4,180928,0,
2018-09-28 10:24,,0.015873016,7.91E-07,10:24,4,180928,0,
2018-09-28 10:25,,0.015873016,7.91E-07,10:25,4,180928,0,
2018-09-28 10:26,,0.015873016,7.91E-07,10:26,4,180928,0,
2018-09-28 10:27,,0.015873016,7.91E-07,10:27,4,180928,0,
2018-09-28 10:28,,0.015873016,7.91E-07,10:28,4,180928,0,
2018-09-28 10:29,,0.015873016,7.91E-07,10:29,4,180928,0,
2018-09-28 10:30,,0.015873016,7.91E-07,10:30,4,180928,0,
2018-09-28 10:31,,0.015873016,7.91E-07,10:31,4,180928,0,
2018-09-28 10:32,,0.015873016,7.91E-07,10:32,4,180928,0,
2018-09-28 10:33,,0.015873016,7.91E-07,10:33,4,180928,0,
2018-09-28 10:34,,0.015873016,7.91E-07,10:34,4,180928,0,
2018-09-28 10:35,,0.015873016,7.91E-07,10:35,4,180928,0,
2018-09-28 10:36,,0.015873016,7.91E-07,10:36,4,180928,0,
2018-09-28 10:37,,0.015873016,7.91E-07,10:37,4,180928,0,
2018-09-28 10:38,,0.015873016,7.91E-07,10:38,4,180928,0,
2018-09-28 10:39,,0.015873016,7.91E-07,10:39,4,180928,0,
2018-09-28 10:40,,0.015873016,7.91E-07,10:40,4,180928,0,
2018-09-28 10:41,,0.015873016,7.91E-07,10:41,4,180928,0,
2018-09-28 10:42,,0.015873016,7.91E-07,10:42,4,180928,0,
2018-09-28 10:43,,0.015873016,7.91E-07,10:43,4,180928,0,
2018-09-28 10:44,,0.015873016,7.91E-07,10:44,4,180928,0,
2018-09-28 10:45,,0.015873016,7.91E-07,10:45,4,180928,0,
2018-09-28 10:46,,0.015873016,7.91E-07,10:46,4,180928,0,
2018-09-28 10:47,,0.015873016,7.91E-07,10:47,4,180928,0,
2018-09-28 10:48,,0.015873016,7.91E-07,10:48,4,180928,0,
2018-09-28 10:49,,0.015873016,7.91E-07,10:49,4,180928,0,
2018-09-28 10:50,,0.015873016,7.91E-07,10:50,4,180928,0,
2018-09-28 10:51,,0.015873016,7.91E-07,10:51,4,180928,0,
2018-09-28 10:52,1,0.015873016,7.91E-07,10:52,4,180928,0,
2018-09-28 10:53,,0.016112903,0.000169628,10:53,4,180928,0,
2018-09-28 10:54,,0.016112903,7.91E-07,10:54,4,180928,0,
2018-09-28 10:55,,0.016112903,7.91E-07,10:55,4,180928,0,
2018-09-28 10:56,,0.016112903,7.91E-07,10:56,4,180928,0,
2018-09-28 10:57,,0.016112903,7.91E-07,10:57,4,180928,0,
2018-09-28 10:58,,0.016112903,7.91E-07,10:58,4,180928,0,
2018-09-28 10:59,,0.016112903,7.91E-07,10:59,4,180928,0,
2018-09-28 11:00,,0.016112903,7.91E-07,11:00,4,180928,0,
2018-09-28 11:01,,0.016112903,7.91E-07,11:01,4,180928,0,
2018-09-28 11:02,,0.016112903,7.91E-07,11:02,4,180928,0,
2018-09-28 11:03,,0.016112903,7.91E-07,11:03,4,180928,0,
2018-09-28 11:04,,0.016112903,7.91E-07,11:04,4,180928,0,
2018-09-28 11:05,,0.016112903,7.91E-07,11:05,4,180928,0,
2018-09-28 11:06,,0.016112903,7.91E-07,11:06,4,180928,0,
2018-09-28 11:07,,0.016112903,7.91E-07,11:07,4,180928,0,
2018-09-28 11:08,,0.016112903,7.91E-07,11:08,4,180928,0,
2018-09-28 11:09,,0.016112903,7.91E-07,11:09,4,180928,0,
2018-09-28 11:10,,0.016112903,7.91E-07,11:10,4,180928,0,
2018-09-28 11:11,,0.016112903,7.91E-07,11:11,4,180928,0,
2018-09-28 11:12,,0.016112903,7.91E-07,11:12,4,180928,0,
2018-09-28 11:13,,0.016112903,7.91E-07,11:13,4,180928,0,
2018-09-28 11:14,,0.016112903,7.91E-07,11:14,4,180928,0,
2018-09-28 11:15,,0.016112903,7.91E-07,11:15,4,180928,0,
2018-09-28 11:16,,0.016112903,7.91E-07,11:16,4,180928,0,
2018-09-28 11:17,,0.016112903,7.91E-07,11:17,4,180928,0,
2018-09-28 11:18,,0.016112903,7.91E-07,11:18,4,180928,0,
2018-09-28 11:19,,0.016112903,7.91E-07,11:19,4,180928,0,
2018-09-28 11:20,,0.016112903,7.91E-07,11:20,4,180928,0,
2018-09-28 11:21,,0.016112903,7.91E-07,11:21,4,180928,0,
2018-09-28 11:22,,0.016112903,7.91E-07,11:22,4,180928,0,
2018-09-28 11:23,,0.016112903,7.91E-07,11:23,4,180928,0,
2018-09-28 11:24,,0.016112903,7.91E-07,11:24,4,180928,0,
2018-09-28 11:25,,0.016112903,7.91E-07,11:25,4,180928,0,
2018-09-28 11:26,,0.016112903,7.91E-07,11:26,4,180928,0,
2018-09-28 11:27,,0.016112903,7.91E-07,11:27,4,180928,0,
2018-09-28 11:28,,0.016112903,7.91E-07,11:28,4,180928,0,
2018-09-28 11:29,,0.016112903,7.91E-07,11:29,4,180928,0,
2018-09-28 11:30,,0.016112903,7.91E-07,11:30,4,180928,0,
2018-09-28 11:31,,0.016112903,7.91E-07,11:31,4,180928,0,
2018-09-28 11:32,,0.016112903,7.91E-07,11:32,4,180928,0,
2018-09-28 11:33,,0.016112903,7.91E-07,11:33,4,180928,0,
2018-09-28 11:34,,0.016112903,7.91E-07,11:34,4,180928,0,
2018-09-28 11:35,,0.016112903,7.91E-07,11:35,4,180928,0,
2018-09-28 11:36,,0.016112903,7.91E-07,11:36,4,180928,0,
2018-09-28 11:37,,0.016112903,7.91E-07,11:37,4,180928,0,
2018-09-28 11:38,,0.016112903,7.91E-07,11:38,4,180928,0,
2018-09-28 11:39,,0.016112903,7.91E-07,11:39,4,180928,0,
2018-09-28 11:40,,0.016112903,7.91E-07,11:40,4,180928,0,
2018-09-28 11:41,,0.016112903,7.91E-07,11:41,4,180928,0,
2018-09-28 11:42,,0.016112903,7.91E-07,11:42,4,180928,0,
2018-09-28 11:43,,0.016112903,7.91E-07,11:43,4,180928,0,
2018-09-28 11:44,,0.016112903,7.91E-07,11:44,4,180928,0,
2018-09-28 11:45,,0.016112903,7.91E-07,11:45,4,180928,0,
2018-09-28 11:46,,0.016112903,7.91E-07,11:46,4,180928,0,
2018-09-28 11:47,,0.016112903,7.91E-07,11:47,4,180928,0,
2018-09-28 11:48,,0.016112903,7.91E-07,11:48,4,180928,0,
2018-09-28 11:49,,0.016112903,7.91E-07,11:49,4,180928,0,
2018-09-28 11:50,,0.016112903,7.91E-07,11:50,4,180928,0,
2018-09-28 11:51,,0.016112903,7.91E-07,11:51,4,180928,0,
2018-09-28 11:52,,0.016112903,7.91E-07,11:52,4,180928,0,
2018-09-28 11:53,,0.016112903,7.91E-07,11:53,4,180928,0,
2018-09-28 11:54,0.999,0.016112903,7.91E-07,11:54,4,180928,0,
2018-09-28 11:55,,0.016129032,1.14E-05,11:55,4,180928,0,
2018-09-28 11:56,,0.016129032,7.91E-07,11:56,4,180928,0,
2018-09-28 11:57,,0.016129032,7.91E-07,11:57,4,180928,0,
2018-09-28 11:58,,0.016129032,7.91E-07,11:58,4,180928,0,
2018-09-28 11:59,,0.016129032,7.91E-07,11:59,4,180928,0,
2018-09-28 12:00,,0.016129032,7.91E-07,12:00,4,180928,0,
2018-09-28 12:01,,0.016129032,7.91E-07,12:01,4,180928,0,
2018-09-28 12:02,,0.016129032,7.91E-07,12:02,4,180928,0,
2018-09-28 12:03,,0.016129032,7.91E-07,12:03,4,180928,0,
2018-09-28 12:04,,0.016129032,7.91E-07,12:04,4,180928,0,
2018-09-28 12:05,,0.016129032,7.91E-07,12:05,4,180928,0,
2018-09-28 12:06,,0.016129032,7.91E-07,12:06,4,180928,0,
2018-09-28 12:07,,0.016129032,7.91E-07,12:07,4,180928,0,
2018-09-28 12:08,,0.016129032,7.91E-07,12:08,4,180928,0,
2018-09-28 12:09,,0.016129032,7.91E-07,12:09,4,180928,0,
2018-09-28 12:10,,0.016129032,7.91E-07,12:10,4,180928,0,
2018-09-28 12:11,,0.016129032,7.91E-07,12:11,4,180928,0,
2018-09-28 12:12,,0.016129032,7.91E-07,12:12,4,180928,0,
2018-09-28 12:13,,0.016129032,7.91E-07,12:13,4,180928,0,
2018-09-28 12:14,,0.016129032,7.91E-07,12:14,4,180928,0,
2018-09-28 12:15,,0.016129032,7.91E-07,12:15,4,180928,0,
2018-09-28 12:16,,0.016129032,7.91E-07,12:16,4,180928,0,
2018-09-28 12:17,,0.016129032,7.91E-07,12:17,4,180928,0,
2018-09-28 12:18,,0.016129032,7.91E-07,12:18,4,180928,0,
2018-09-28 12:19,,0.016129032,7.91E-07,12:19,4,180928,0,
2018-09-28 12:20,,0.016129032,7.91E-07,12:20,4,180928,0,
2018-09-28 12:21,,0.016129032,7.91E-07,12:21,4,180928,0,
2018-09-28 12:22,,0.016129032,7.91E-07,12:22,4,180928,0,
2018-09-28 12:23,,0.016129032,7.91E-07,12:23,4,180928,0,
2018-09-28 12:24,,0.016129032,7.91E-07,12:24,4,180928,0,
2018-09-28 12:25,,0.016129032,7.91E-07,12:25,4,180928,0,
2018-09-28 12:26,,0.016129032,7.91E-07,12:26,4,180928,0,
2018-09-28 12:27,,0.016129032,7.91E-07,12:27,4,180928,0,
2018-09-28 12:28,,0.016129032,7.91E-07,12:28,4,180928,0,
2018-09-28 12:29,,0.016129032,7.91E-07,12:29,4,180928,0,
2018-09-28 12:30,,0.016129032,7.91E-07,12:30,4,180928,0,
2018-09-28 12:31,,0.016129032,7.91E-07,12:31,4,180928,0,
2018-09-28 12:32,,0.016129032,7.91E-07,12:32,4,180928,0,
2018-09-28 12:33,,0.016129032,7.91E-07,12:33,4,180928,0,
2018-09-28 12:34,,0.016129032,7.91E-07,12:34,4,180928,0,
2018-09-28 12:35,,0.016129032,7.91E-07,12:35,4,180928,0,
2018-09-28 12:36,,0.016129032,7.91E-07,12:36,4,180928,0,
2018-09-28 12:37,,0.016129032,7.91E-07,12:37,4,180928,0,
2018-09-28 12:38,,0.016129032,7.91E-07,12:38,4,180928,0,
2018-09-28 12:39,,0.016129032,7.91E-07,12:39,4,180928,0,
2018-09-28 12:40,,0.016129032,7.91E-07,12:40,4,180928,0,
2018-09-28 12:41,,0.016129032,7.91E-07,12:41,4,180928,0,
2018-09-28 12:42,,0.016129032,7.91E-07,12:42,4,180928,0,
2018-09-28 12:43,,0.016129032,7.91E-07,12:43,4,180928,0,
2018-09-28 12:44,,0.016129032,7.91E-07,12:44,4,180928,0,
2018-09-28 12:45,,0.016129032,7.91E-07,12:45,4,180928,0,
2018-09-28 12:46,,0.016129032,7.91E-07,12:46,4,180928,0,
2018-09-28 12:47,,0.016129032,7.91E-07,12:47,4,180928,0,
2018-09-28 12:48,,0.016129032,7.91E-07,12:48,4,180928,0,
2018-09-28 12:49,,0.016129032,7.91E-07,12:49,4,180928,0,
2018-09-28 12:50,,0.016129032,7.91E-07,12:50,4,180928,0,
2018-09-28 12:51,,0.016129032,7.91E-07,12:51,4,180928,0,
2018-09-28 12:52,,0.016129032,7.91E-07,12:52,4,180928,0,
2018-09-28 12:53,,0.016129032,7.91E-07,12:53,4,180928,0,
2018-09-28 12:54,,0.016129032,7.91E-07,12:54,4,180928,0,
2018-09-28 12:55,,0.016129032,7.91E-07,12:55,4,180928,0,
2018-09-28 12:56,1,0.016129032,7.91E-07,12:56,4,180928,0,
2018-09-28 12:57,,0.016112903,1.14E-05,12:57,4,180928,0,
2018-09-28 12:58,,0.016112903,7.91E-07,12:58,4,180928,0,
2018-09-28 12:59,,0.016112903,7.91E-07,12:59,4,180928,0,
2018-09-28 13:00,,0.016112903,7.91E-07,13:00,4,180928,0,
2018-09-28 13:01,,0.016112903,7.91E-07,13:01,4,180928,0,
2018-09-28 13:02,,0.016112903,7.91E-07,13:02,4,180928,0,
2018-09-28 13:03,,0.016112903,7.91E-07,13:03,4,180928,0,
2018-09-28 13:04,,0.016112903,7.91E-07,13:04,4,180928,0,
2018-09-28 13:05,,0.016112903,7.91E-07,13:05,4,180928,0,
2018-09-28 13:06,,0.016112903,7.91E-07,13:06,4,180928,0,
2018-09-28 13:07,,0.016112903,7.91E-07,13:07,4,180928,0,
2018-09-28 13:08,,0.016112903,7.91E-07,13:08,4,180928,0,
2018-09-28 13:09,,0.016112903,7.91E-07,13:09,4,180928,0,
2018-09-28 13:10,,0.016112903,7.91E-07,13:10,4,180928,0,
2018-09-28 13:11,,0.016112903,7.91E-07,13:11,4,180928,0,
2018-09-28 13:12,,0.016112903,7.91E-07,13:12,4,180928,0,
2018-09-28 13:13,,0.016112903,7.91E-07,13:13,4,180928,0,
2018-09-28 13:14,,0.016112903,7.91E-07,13:14,4,180928,0,
2018-09-28 13:15,,0.016112903,7.91E-07,13:15,4,180928,0,
2018-09-28 13:16,,0.016112903,7.91E-07,13:16,4,180928,0,
2018-09-28 13:17,,0.016112903,7.91E-07,13:17,4,180928,0,
2018-09-28 13:18,,0.016112903,7.91E-07,13:18,4,180928,0,
2018-09-28 13:19,,0.016112903,7.91E-07,13:19,4,180928,0,
2018-09-28 13:20,,0.016112903,7.91E-07,13:20,4,180928,0,
2018-09-28 13:21,,0.016112903,7.91E-07,13:21,4,180928,0,
2018-09-28 13:22,,0.016112903,7.91E-07,13:22,4,180928,0,
2018-09-28 13:23,,0.016112903,7.91E-07,13:23,4,180928,0,
2018-09-28 13:24,,0.016112903,7.91E-07,13:24,4,180928,0,
2018-09-28 13:25,,0.016112903,7.91E-07,13:25,4,180928,0,
2018-09-28 13:26,,0.016112903,7.91E-07,13:26,4,180928,0,
2018-09-28 13:27,,0.016112903,7.91E-07,13:27,4,180928,0,
2018-09-28 13:28,,0.016112903,7.91E-07,13:28,4,180928,0,
2018-09-28 13:29,,0.016112903,7.91E-07,13:29,4,180928,0,
2018-09-28 13:30,,0.016112903,7.91E-07,13:30,4,180928,0,
2018-09-28 13:31,,0.016112903,7.91E-07,13:31,4,180928,0,
2018-09-28 13:32,,0.016112903,7.91E-07,13:32,4,180928,0,
2018-09-28 13:33,,0.016112903,7.91E-07,13:33,4,180928,0,
2018-09-28 13:34,,0.016112903,7.91E-07,13:34,4,180928,0,
2018-09-28 13:35,,0.016112903,7.91E-07,13:35,4,180928,0,
2018-09-28 13:36,,0.016112903,7.91E-07,13:36,4,180928,0,
2018-09-28 13:37,,0.016112903,7.91E-07,13:37,4,180928,0,
2018-09-28 13:38,,0.016112903,7.91E-07,13:38,4,180928,0,
2018-09-28 13:39,,0.016112903,7.91E-07,13:39,4,180928,0,
2018-09-28 13:40,,0.016112903,7.91E-07,13:40,4,180928,0,
2018-09-28 13:41,,0.016112903,7.91E-07,13:41,4,180928,0,
2018-09-28 13:42,,0.016112903,7.91E-07,13:42,4,180928,0,
2018-09-28 13:43,,0.016112903,7.91E-07,13:43,4,180928,0,
2018-09-28 13:44,,0.016112903,7.91E-07,13:44,4,180928,0,
2018-09-28 13:45,,0.016112903,7.91E-07,13:45,4,180928,0,
2018-09-28 13:46,,0.016112903,7.91E-07,13:46,4,180928,0,
2018-09-28 13:47,,0.016112903,7.91E-07,13:47,4,180928,0,
2018-09-28 13:48,,0.016112903,7.91E-07,13:48,4,180928,0,
2018-09-28 13:49,,0.016112903,7.91E-07,13:49,4,180928,0,
2018-09-28 13:50,,0.016112903,7.91E-07,13:50,4,180928,0,
2018-09-28 13:51,,0.016112903,7.91E-07,13:51,4,180928,0,
2018-09-28 13:52,,0.016112903,7.91E-07,13:52,4,180928,0,
2018-09-28 13:53,,0.016112903,7.91E-07,13:53,4,180928,0,
2018-09-28 13:54,,0.016112903,7.91E-07,13:54,4,180928,0,
2018-09-28 13:55,,0.016112903,7.91E-07,13:55,4,180928,0,
2018-09-28 13:56,,0.016112903,7.91E-07,13:56,4,180928,0,
2018-09-28 13:57,,0.016112903,7.91E-07,13:57,4,180928,0,
2018-09-28 13:58,0.999,0.016112903,7.91E-07,13:58,4,180928,0,
2018-09-28 13:59,,0.016129032,1.14E-05,13:59,4,180928,0,
2018-09-28 14:00,,0.016129032,7.91E-07,14:00,4,180928,0,
2018-09-28 14:01,,0.016129032,7.91E-07,14:01,4,180928,0,
2018-09-28 14:02,,0.016129032,7.91E-07,14:02,4,180928,0,
2018-09-28 14:03,,0.016129032,7.91E-07,14:03,4,180928,0,
2018-09-28 14:04,,0.016129032,7.91E-07,14:04,4,180928,0,
2018-09-28 14:05,,0.016129032,7.91E-07,14:05,4,180928,0,
2018-09-28 14:06,,0.016129032,7.91E-07,14:06,4,180928,0,
2018-09-28 14:07,,0.016129032,7.91E-07,14:07,4,180928,0,
2018-09-28 14:08,,0.016129032,7.91E-07,14:08,4,180928,0,
2018-09-28 14:09,,0.016129032,7.91E-07,14:09,4,180928,0,
2018-09-28 14:10,,0.016129032,7.91E-07,14:10,4,180928,0,
2018-09-28 14:11,,0.016129032,7.91E-07,14:11,4,180928,0,
2018-09-28 14:12,,0.016129032,7.91E-07,14:12,4,180928,0,
2018-09-28 14:13,,0.016129032,7.91E-07,14:13,4,180928,0,
2018-09-28 14:14,,0.016129032,7.91E-07,14:14,4,180928,0,
2018-09-28 14:15,,0.016129032,7.91E-07,14:15,4,180928,0,
2018-09-28 14:16,,0.016129032,7.91E-07,14:16,4,180928,0,
2018-09-28 14:17,,0.016129032,7.91E-07,14:17,4,180928,0,
2018-09-28 14:18,,0.016129032,7.91E-07,14:18,4,180928,0,
2018-09-28 14:19,,0.016129032,7.91E-07,14:19,4,180928,0,
2018-09-28 14:20,,0.016129032,7.91E-07,14:20,4,180928,0,
2018-09-28 14:21,,0.016129032,7.91E-07,14:21,4,180928,0,
2018-09-28 14:22,,0.016129032,7.91E-07,14:22,4,180928,0,
2018-09-28 14:23,,0.016129032,7.91E-07,14:23,4,180928,0,
2018-09-28 14:24,,0.016129032,7.91E-07,14:24,4,180928,0,
2018-09-28 14:25,,0.016129032,7.91E-07,14:25,4,180928,0,
2018-09-28 14:26,,0.016129032,7.91E-07,14:26,4,180928,0,
2018-09-28 14:27,,0.016129032,7.91E-07,14:27,4,180928,0,
2018-09-28 14:28,,0.016129032,7.91E-07,14:28,4,180928,0,
2018-09-28 14:29,,0.016129032,7.91E-07,14:29,4,180928,0,
2018-09-28 14:30,,0.016129032,7.91E-07,14:30,4,180928,0,
2018-09-28 14:31,,0.016129032,7.91E-07,14:31,4,180928,0,
2018-09-28 14:32,,0.016129032,7.91E-07,14:32,4,180928,0,
2018-09-28 14:33,,0.016129032,7.91E-07,14:33,4,180928,0,
2018-09-28 14:34,,0.016129032,7.91E-07,14:34,4,180928,0,
2018-09-28 14:35,,0.016129032,7.91E-07,14:35,4,180928,0,
2018-09-28 14:36,,0.016129032,7.91E-07,14:36,4,180928,0,
2018-09-28 14:37,,0.016129032,7.91E-07,14:37,4,180928,0,
2018-09-28 14:38,,0.016129032,7.91E-07,14:38,4,180928,0,
2018-09-28 14:39,,0.016129032,7.91E-07,14:39,4,180928,0,
2018-09-28 14:40,,0.016129032,7.91E-07,14:40,4,180928,0,
2018-09-28 14:41,,0.016129032,7.91E-07,14:41,4,180928,0,
2018-09-28 14:42,,0.016129032,7.91E-07,14:42,4,180928,0,
2018-09-28 14:43,,0.016129032,7.91E-07,14:43,4,180928,0,
2018-09-28 14:44,,0.016129032,7.91E-07,14:44,4,180928,0,
2018-09-28 14:45,,0.016129032,7.91E-07,14:45,4,180928,0,
2018-09-28 14:46,,0.016129032,7.91E-07,14:46,4,180928,0,
2018-09-28 14:47,,0.016129032,7.91E-07,14:47,4,180928,0,
2018-09-28 14:48,,0.016129032,7.91E-07,14:48,4,180928,0,
2018-09-28 14:49,,0.016129032,7.91E-07,14:49,4,180928,0,
2018-09-28 14:50,,0.016129032,7.91E-07,14:50,4,180928,0,
2018-09-28 14:51,,0.016129032,7.91E-07,14:51,4,180928,0,
2018-09-28 14:52,,0.016129032,7.91E-07,14:52,4,180928,0,
2018-09-28 14:53,,0.016129032,7.91E-07,14:53,4,180928,0,
2018-09-28 14:54,,0.016129032,7.91E-07,14:54,4,180928,0,
2018-09-28 14:55,,0.016129032,7.91E-07,14:55,4,180928,0,
2018-09-28 14:56,,0.016129032,7.91E-07,14:56,4,180928,0,
2018-09-28 14:57,,0.016129032,7.91E-07,14:57,4,180928,0,
2018-09-28 14:58,,0.016129032,7.91E-07,14:58,4,180928,0,
2018-09-28 14:59,,0.016129032,7.91E-07,14:59,4,180928,0,
2018-09-28 15:00,1,0.016129032,7.91E-07,15:00,4,180928,0,
2018-09-28 15:01,,0.016129032,7.91E-07,15:01,4,180928,0,
2018-09-28 15:02,,0.016129032,7.91E-07,15:02,4,180928,0,
2018-09-28 15:03,,0.016129032,7.91E-07,15:03,4,180928,0,
2018-09-28 15:04,,0.016129032,7.91E-07,15:04,4,180928,0,
2018-09-28 15:05,,0.016129032,7.91E-07,15:05,4,180928,0,
2018-09-28 15:06,,0.016129032,7.91E-07,15:06,4,180928,0,
2018-09-28 15:07,,0.016129032,7.91E-07,15:07,4,180928,0,
2018-09-28 15:08,,0.016129032,7.91E-07,15:08,4,180928,0,
2018-09-28 15:09,,0.016129032,7.91E-07,15:09,4,180928,0,
2018-09-28 15:10,,0.016129032,7.91E-07,15:10,4,180928,0,
2018-09-28 15:11,,0.016129032,7.91E-07,15:11,4,180928,0,
2018-09-28 15:12,,0.016129032,7.91E-07,15:12,4,180928,0,
2018-09-28 15:13,,0.016129032,7.91E-07,15:13,4,180928,0,
2018-09-28 15:14,,0.016129032,7.91E-07,15:14,4,180928,0,
2018-09-28 15:15,,0.016129032,7.91E-07,15:15,4,180928,0,
2018-09-28 15:16,,0.016129032,7.91E-07,15:16,4,180928,0,
2018-09-28 15:17,,0.016129032,7.91E-07,15:17,4,180928,0,
2018-09-28 15:18,,0.016129032,7.91E-07,15:18,4,180928,0,
2018-09-28 15:19,,0.016129032,7.91E-07,15:19,4,180928,0,
2018-09-28 15:20,,0.016129032,7.91E-07,15:20,4,180928,0,
2018-09-28 15:21,,0.016129032,7.91E-07,15:21,4,180928,0,
2018-09-28 15:22,,0.016129032,7.91E-07,15:22,4,180928,0,
2018-09-28 15:23,,0.016129032,7.91E-07,15:23,4,180928,0,
2018-09-28 15:24,,0.016129032,7.91E-07,15:24,4,180928,0,
2018-09-28 15:25,,0.016129032,7.91E-07,15:25,4,180928,0,
2018-09-28 15:26,,0.016129032,7.91E-07,15:26,4,180928,0,
2018-09-28 15:27,,0.016129032,7.91E-07,15:27,4,180928,0,
2018-09-28 15:28,,0.016129032,7.91E-07,15:28,4,180928,0,
2018-09-28 15:29,,0.016129032,7.91E-07,15:29,4,180928,0,
2018-09-28 15:30,,0.016129032,7.91E-07,15:30,4,180928,0,
2018-09-28 15:31,,0.016129032,7.91E-07,15:31,4,180928,0,
2018-09-28 15:32,,0.016129032,7.91E-07,15:32,4,180928,0,
2018-09-28 15:33,,0.016129032,7.91E-07,15:33,4,180928,0,
2018-09-28 15:34,,0.016129032,7.91E-07,15:34,4,180928,0,
2018-09-28 15:35,,0.016129032,7.91E-07,15:35,4,180928,0,
2018-09-28 15:36,,0.016129032,7.91E-07,15:36,4,180928,0,
2018-09-28 15:37,,0.016129032,7.91E-07,15:37,4,180928,0,
2018-09-28 15:38,,0.016129032,7.91E-07,15:38,4,180928,0,
2018-09-28 15:39,,0.016129032,7.91E-07,15:39,4,180928,0,
2018-09-28 15:40,,0.016129032,7.91E-07,15:40,4,180928,0,
2018-09-28 15:41,,0.016129032,7.91E-07,15:41,4,180928,0,
2018-09-28 15:42,,0.016129032,7.91E-07,15:42,4,180928,0,
2018-09-28 15:43,,0.016129032,7.91E-07,15:43,4,180928,0,
2018-09-28 15:44,,0.016129032,7.91E-07,15:44,4,180928,0,
2018-09-28 15:45,,0.016129032,7.91E-07,15:45,4,180928,0,
2018-09-28 15:46,,0.016129032,7.91E-07,15:46,4,180928,0,
2018-09-28 15:47,,0.016129032,7.91E-07,15:47,4,180928,0,
2018-09-28 15:48,,0.016129032,7.91E-07,15:48,4,180928,0,
2018-09-28 15:49,,0.016129032,7.91E-07,15:49,4,180928,0,
2018-09-28 15:50,,0.016129032,7.91E-07,15:50,4,180928,0,
2018-09-28 15:51,,0.016129032,7.91E-07,15:51,4,180928,0,
2018-09-28 15:52,,0.016129032,7.91E-07,15:52,4,180928,0,
2018-09-28 15:53,,0.016129032,7.91E-07,15:53,4,180928,0,
2018-09-28 15:54,,0.016129032,7.91E-07,15:54,4,180928,0,
2018-09-28 15:55,,0.016129032,7.91E-07,15:55,4,180928,0,
2018-09-28 15:56,,0.016129032,7.91E-07,15:56,4,180928,0,
2018-09-28 15:57,,0.016129032,7.91E-07,15:57,4,180928,0,
2018-09-28 15:58,,0.016129032,7.91E-07,15:58,4,180928,0,
2018-09-28 15:59,,0.016129032,7.91E-07,15:59,4,180928,0,
2018-09-28 16:00,,0.016129032,7.91E-07,16:00,4,180928,0,
2018-09-28 16:01,,0.016129032,7.91E-07,16:01,4,180928,0,
2018-09-28 16:02,1,0.016129032,7.91E-07,16:02,4,180928,0,
2018-09-28 16:03,,0.015857143,0.000192256,16:03,4,180928,0,
2018-09-28 16:04,,0.015857143,7.91E-07,16:04,4,180928,0,
2018-09-28 16:05,,0.015857143,7.91E-07,16:05,4,180928,0,
2018-09-28 16:06,,0.015857143,7.91E-07,16:06,4,180928,0,
2018-09-28 16:07,,0.015857143,7.91E-07,16:07,4,180928,0,
2018-09-28 16:08,,0.015857143,7.91E-07,16:08,4,180928,0,
2018-09-28 16:09,,0.015857143,7.91E-07,16:09,4,180928,0,
2018-09-28 16:10,,0.015857143,7.91E-07,16:10,4,180928,0,
2018-09-28 16:11,,0.015857143,7.91E-07,16:11,4,180928,0,
2018-09-28 16:12,,0.015857143,7.91E-07,16:12,4,180928,0,
2018-09-28 16:13,,0.015857143,7.91E-07,16:13,4,180928,0,
2018-09-28 16:14,,0.015857143,7.91E-07,16:14,4,180928,0,
2018-09-28 16:15,,0.015857143,7.91E-07,16:15,4,180928,0,
2018-09-28 16:16,,0.015857143,7.91E-07,16:16,4,180928,0,
2018-09-28 16:17,,0.015857143,7.91E-07,16:17,4,180928,0,
2018-09-28 16:18,,0.015857143,7.91E-07,16:18,4,180928,0,
2018-09-28 16:19,,0.015857143,7.91E-07,16:19,4,180928,0,
2018-09-28 16:20,,0.015857143,7.91E-07,16:20,4,180928,0,
2018-09-28 16:21,,0.015857143,7.91E-07,16:21,4,180928,0,
2018-09-28 16:22,,0.015857143,7.91E-07,16:22,4,180928,0,
2018-09-28 16:23,,0.015857143,7.91E-07,16:23,4,180928,0,
2018-09-28 16:24,,0.015857143,7.91E-07,16:24,4,180928,0,
2018-09-28 16:25,,0.015857143,7.91E-07,16:25,4,180928,0,
2018-09-28 16:26,,0.015857143,7.91E-07,16:26,4,180928,0,
2018-09-28 16:27,,0.015857143,7.91E-07,16:27,4,180928,0,
2018-09-28 16:28,,0.015857143,7.91E-07,16:28,4,180928,0,
2018-09-28 16:29,,0.015857143,7.91E-07,16:29,4,180928,0,
2018-09-28 16:30,,0.015857143,7.91E-07,16:30,4,180928,0,
2018-09-28 16:31,,0.015857143,7.91E-07,16:31,4,180928,0,
2018-09-28 16:32,,0.015857143,7.91E-07,16:32,4,180928,0,
2018-09-28 16:33,,0.015857143,7.91E-07,16:33,4,180928,0,
2018-09-28 16:34,,0.015857143,7.91E-07,16:34,4,180928,0,
2018-09-28 16:35,,0.015857143,7.91E-07,16:35,4,180928,0,
2018-09-28 16:36,,0.015857143,7.91E-07,16:36,4,180928,0,
2018-09-28 16:37,,0.015857143,7.91E-07,16:37,4,180928,0,
2018-09-28 16:38,,0.015857143,7.91E-07,16:38,4,180928,0,
2018-09-28 16:39,,0.015857143,7.91E-07,16:39,4,180928,0,
2018-09-28 16:40,,0.015857143,7.91E-07,16:40,4,180928,0,
2018-09-28 16:41,,0.015857143,7.91E-07,16:41,4,180928,0,
2018-09-28 16:42,,0.015857143,7.91E-07,16:42,4,180928,0,
2018-09-28 16:43,,0.015857143,7.91E-07,16:43,4,180928,0,
2018-09-28 16:44,,0.015857143,7.91E-07,16:44,4,180928,0,
2018-09-28 16:45,,0.015857143,7.91E-07,16:45,4,180928,0,
2018-09-28 16:46,,0.015857143,7.91E-07,16:46,4,180928,0,
2018-09-28 16:47,,0.015857143,7.91E-07,16:47,4,180928,0,
2018-09-28 16:48,,0.015857143,7.91E-07,16:48,4,180928,0,
2018-09-28 16:49,,0.015857143,7.91E-07,16:49,4,180928,0,
2018-09-28 16:50,,0.015857143,7.91E-07,16:50,4,180928,0,
2018-09-28 16:51,,0.015857143,7.91E-07,16:51,4,180928,0,
2018-09-28 16:52,,0.015857143,7.91E-07,16:52,4,180928,0,
2018-09-28 16:53,,0.015857143,7.91E-07,16:53,4,180928,0,
2018-09-28 16:54,,0.015857143,7.91E-07,16:54,4,180928,0,
2018-09-28 16:55,,0.015857143,7.91E-07,16:55,4,180928,0,
2018-09-28 16:56,,0.015857143,7.91E-07,16:56,4,180928,0,
2018-09-28 16:57,,0.015857143,7.91E-07,16:57,4,180928,0,
2018-09-28 16:58,,0.015857143,7.91E-07,16:58,4,180928,0,
2018-09-28 16:59,,0.015857143,7.91E-07,16:59,4,180928,0,
2018-09-28 17:00,,0.015857143,7.91E-07,17:00,4,180928,0,
2018-09-28 17:01,,0.015857143,7.91E-07,17:01,4,180928,0,
2018-09-28 17:02,,0.015857143,7.91E-07,17:02,4,180928,0,
2018-09-28 17:03,,0.015857143,7.91E-07,17:03,4,180928,0,
2018-09-28 17:04,,0.015857143,7.91E-07,17:04,4,180928,0,
2018-09-28 17:05,0.999,0.015857143,7.91E-07,17:05,4,180928,0,
2018-09-28 17:06,,0.016393443,0.000379222,17:06,4,180928,0,
2018-09-28 17:07,,0.016393443,7.91E-07,17:07,4,180928,0,
2018-09-28 17:08,,0.016393443,7.91E-07,17:08,4,180928,0,
2018-09-28 17:09,,0.016393443,7.91E-07,17:09,4,180928,0,
2018-09-28 17:10,,0.016393443,7.91E-07,17:10,4,180928,0,
2018-09-28 17:11,,0.016393443,7.91E-07,17:11,4,180928,0,
2018-09-28 17:12,,0.016393443,7.91E-07,17:12,4,180928,0,
2018-09-28 17:13,,0.016393443,7.91E-07,17:13,4,180928,0,
2018-09-28 17:14,,0.016393443,7.91E-07,17:14,4,180928,0,
2018-09-28 17:15,,0.016393443,7.91E-07,17:15,4,180928,0,
2018-09-28 17:16,,0.016393443,7.91E-07,17:16,4,180928,0,
2018-09-28 17:17,,0.016393443,7.91E-07,17:17,4,180928,0,
2018-09-28 17:18,,0.016393443,7.91E-07,17:18,4,180928,0,
2018-09-28 17:19,,0.016393443,7.91E-07,17:19,4,180928,0,
2018-09-28 17:20,,0.016393443,7.91E-07,17:20,4,180928,0,
2018-09-28 17:21,,0.016393443,7.91E-07,17:21,4,180928,0,
2018-09-28 17:22,,0.016393443,7.91E-07,17:22,4,180928,0,
2018-09-28 17:23,,0.016393443,7.91E-07,17:23,4,180928,0,
2018-09-28 17:24,,0.016393443,7.91E-07,17:24,4,180928,0,
2018-09-28 17:25,,0.016393443,7.91E-07,17:25,4,180928,0,
2018-09-28 17:26,,0.016393443,7.91E-07,17:26,4,180928,0,
2018-09-28 17:27,,0.016393443,7.91E-07,17:27,4,180928,0,
2018-09-28 17:28,,0.016393443,7.91E-07,17:28,4,180928,0,
2018-09-28 17:29,,0.016393443,7.91E-07,17:29,4,180928,0,
2018-09-28 17:30,,0.016393443,7.91E-07,17:30,4,180928,0,
2018-09-28 17:31,,0.016393443,7.91E-07,17:31,4,180928,0,
2018-09-28 17:32,,0.016393443,7.91E-07,17:32,4,180928,0,
2018-09-28 17:33,,0.016393443,7.91E-07,17:33,4,180928,0,
2018-09-28 17:34,,0.016393443,7.91E-07,17:34,4,180928,0,
2018-09-28 17:35,,0.016393443,7.91E-07,17:35,4,180928,0,
2018-09-28 17:36,,0.016393443,7.91E-07,17:36,4,180928,0,
2018-09-28 17:37,,0.016393443,7.91E-07,17:37,4,180928,0,
2018-09-28 17:38,,0.016393443,7.91E-07,17:38,4,180928,0,
2018-09-28 17:39,,0.016393443,7.91E-07,17:39,4,180928,0,
2018-09-28 17:40,,0.016393443,7.91E-07,17:40,4,180928,0,
2018-09-28 17:41,,0.016393443,7.91E-07,17:41,4,180928,0,
2018-09-28 17:42,,0.016393443,7.91E-07,17:42,4,180928,0,
2018-09-28 17:43,,0.016393443,7.91E-07,17:43,4,180928,0,
2018-09-28 17:44,,0.016393443,7.91E-07,17:44,4,180928,0,
2018-09-28 17:45,,0.016393443,7.91E-07,17:45,4,180928,0,
2018-09-28 17:46,,0.016393443,7.91E-07,17:46,4,180928,0,
2018-09-28 17:47,,0.016393443,7.91E-07,17:47,4,180928,0,
2018-09-28 17:48,,0.016393443,7.91E-07,17:48,4,180928,0,
2018-09-28 17:49,,0.016393443,7.91E-07,17:49,4,180928,0,
2018-09-28 17:50,,0.016393443,7.91E-07,17:50,4,180928,0,
2018-09-28 17:51,,0.016393443,7.91E-07,17:51,4,180928,0,
2018-09-28 17:52,,0.016393443,7.91E-07,17:52,4,180928,0,
2018-09-28 17:53,,0.016393443,7.91E-07,17:53,4,180928,0,
2018-09-28 17:54,,0.016393443,7.91E-07,17:54,4,180928,0,
2018-09-28 17:55,,0.016393443,7.91E-07,17:55,4,180928,0,
2018-09-28 17:56,,0.016393443,7.91E-07,17:56,4,180928,0,
2018-09-28 17:57,,0.016393443,7.91E-07,17:57,4,180928,0,
2018-09-28 17:58,,0.016393443,7.91E-07,17:58,4,180928,0,
2018-09-28 17:59,,0.016393443,7.91E-07,17:59,4,180928,0,
2018-09-28 18:00,,0.016393443,7.91E-07,18:00,4,180928,0,
2018-09-28 18:01,,0.016393443,7.91E-07,18:01,4,180928,0,
2018-09-28 18:02,,0.016393443,7.91E-07,18:02,4,180928,0,
2018-09-28 18:03,,0.016393443,7.91E-07,18:03,4,180928,0,
2018-09-28 18:04,,0.016393443,7.91E-07,18:04,4,180928,0,
2018-09-28 18:05,,0.016393443,7.91E-07,18:05,4,180928,0,
2018-09-28 18:06,1,0.016393443,7.91E-07,18:06,4,180928,0,
2018-09-28 18:07,,0.016112903,0.000198373,18:07,4,180928,0,
2018-09-28 18:08,,0.016112903,7.91E-07,18:08,4,180928,0,
2018-09-28 18:09,,0.016112903,7.91E-07,18:09,4,180928,0,
2018-09-28 18:10,,0.016112903,7.91E-07,18:10,4,180928,0,
2018-09-28 18:11,,0.016112903,7.91E-07,18:11,4,180928,0,
2018-09-28 18:12,,0.016112903,7.91E-07,18:12,4,180928,0,
2018-09-28 18:13,,0.016112903,7.91E-07,18:13,4,180928,0,
2018-09-28 18:14,,0.016112903,7.91E-07,18:14,4,180928,0,
2018-09-28 18:15,,0.016112903,7.91E-07,18:15,4,180928,0,
2018-09-28 18:16,,0.016112903,7.91E-07,18:16,4,180928,0,
2018-09-28 18:17,,0.016112903,7.91E-07,18:17,4,180928,0,
2018-09-28 18:18,,0.016112903,7.91E-07,18:18,4,180928,0,
2018-09-28 18:19,,0.016112903,7.91E-07,18:19,4,180928,0,
2018-09-28 18:20,,0.016112903,7.91E-07,18:20,4,180928,0,
2018-09-28 18:21,,0.016112903,7.91E-07,18:21,4,180928,0,
2018-09-28 18:22,,0.016112903,7.91E-07,18:22,4,180928,0,
2018-09-28 18:23,,0.016112903,7.91E-07,18:23,4,180928,0,
2018-09-28 18:24,,0.016112903,7.91E-07,18:24,4,180928,0,
2018-09-28 18:25,,0.016112903,7.91E-07,18:25,4,180928,0,
2018-09-28 18:26,,0.016112903,7.91E-07,18:26,4,180928,0,
2018-09-28 18:27,,0.016112903,7.91E-07,18:27,4,180928,0,
2018-09-28 18:28,,0.016112903,7.91E-07,18:28,4,180928,0,
2018-09-28 18:29,,0.016112903,7.91E-07,18:29,4,180928,0,
2018-09-28 18:30,,0.016112903,7.91E-07,18:30,4,180928,0,
2018-09-28 18:31,,0.016112903,7.91E-07,18:31,4,180928,0,
2018-09-28 18:32,,0.016112903,7.91E-07,18:32,4,180928,0,
2018-09-28 18:33,,0.016112903,7.91E-07,18:33,4,180928,0,
2018-09-28 18:34,,0.016112903,7.91E-07,18:34,4,180928,0,
2018-09-28 18:35,,0.016112903,7.91E-07,18:35,4,180928,0,
2018-09-28 18:36,,0.016112903,7.91E-07,18:36,4,180928,0,
2018-09-28 18:37,,0.016112903,7.91E-07,18:37,4,180928,0,
2018-09-28 18:38,,0.016112903,7.91E-07,18:38,4,180928,0,
2018-09-28 18:39,,0.016112903,7.91E-07,18:39,4,180928,0,
2018-09-28 18:40,,0.016112903,7.91E-07,18:40,4,180928,0,
2018-09-28 18:41,,0.016112903,7.91E-07,18:41,4,180928,0,
2018-09-28 18:42,,0.016112903,7.91E-07,18:42,4,180928,0,
2018-09-28 18:43,,0.016112903,7.91E-07,18:43,4,180928,0,
2018-09-28 18:44,,0.016112903,7.91E-07,18:44,4,180928,0,
2018-09-28 18:45,,0.016112903,7.91E-07,18:45,4,180928,0,
2018-09-28 18:46,,0.016112903,7.91E-07,18:46,4,180928,0,
2018-09-28 18:47,,0.016112903,7.91E-07,18:47,4,180928,0,
2018-09-28 18:48,,0.016112903,7.91E-07,18:48,4,180928,0,
2018-09-28 18:49,,0.016112903,7.91E-07,18:49,4,180928,0,
2018-09-28 18:50,,0.016112903,7.91E-07,18:50,4,180928,0,
2018-09-28 18:51,,0.016112903,7.91E-07,18:51,4,180928,0,
2018-09-28 18:52,,0.016112903,7.91E-07,18:52,4,180928,0,
2018-09-28 18:53,,0.016112903,7.91E-07,18:53,4,180928,0,
2018-09-28 18:54,,0.016112903,7.91E-07,18:54,4,180928,0,
2018-09-28 18:55,,0.016112903,7.91E-07,18:55,4,180928,0,
2018-09-28 18:56,,0.016112903,7.91E-07,18:56,4,180928,0,
2018-09-28 18:57,,0.016112903,7.91E-07,18:57,4,180928,0,
2018-09-28 18:58,,0.016112903,7.91E-07,18:58,4,180928,0,
2018-09-28 18:59,,0.016112903,7.91E-07,18:59,4,180928,0,
2018-09-28 19:00,,0.016112903,7.91E-07,19:00,4,180928,0,
2018-09-28 19:01,,0.016112903,7.91E-07,19:01,4,180928,0,
2018-09-28 19:02,,0.016112903,7.91E-07,19:02,4,180928,0,
2018-09-28 19:03,,0.016112903,7.91E-07,19:03,4,180928,0,
2018-09-28 19:04,,0.016112903,7.91E-07,19:04,4,180928,0,
2018-09-28 19:05,,0.016112903,7.91E-07,19:05,4,180928,0,
2018-09-28 19:06,,0.016112903,7.91E-07,19:06,4,180928,0,
2018-09-28 19:07,,0.016112903,7.91E-07,19:07,4,180928,0,
2018-09-28 19:08,0.999,0.016112903,7.91E-07,19:08,4,180928,0,
2018-09-28 19:09,,0.015873016,0.000169628,19:09,4,180928,0,
2018-09-28 19:10,,0.015873016,7.91E-07,19:10,4,180928,0,
2018-09-28 19:11,,0.015873016,7.91E-07,19:11,4,180928,0,
2018-09-28 19:12,,0.015873016,7.91E-07,19:12,4,180928,0,
2018-09-28 19:13,,0.015873016,7.91E-07,19:13,4,180928,0,
2018-09-28 19:14,,0.015873016,7.91E-07,19:14,4,180928,0,
2018-09-28 19:15,,0.015873016,7.91E-07,19:15,4,180928,0,
2018-09-28 19:16,,0.015873016,7.91E-07,19:16,4,180928,0,
2018-09-28 19:17,,0.015873016,7.91E-07,19:17,4,180928,0,
2018-09-28 19:18,,0.015873016,7.91E-07,19:18,4,180928,0,
2018-09-28 19:19,,0.015873016,7.91E-07,19:19,4,180928,0,
2018-09-28 19:20,,0.015873016,7.91E-07,19:20,4,180928,0,
2018-09-28 19:21,,0.015873016,7.91E-07,19:21,4,180928,0,
2018-09-28 19:22,,0.015873016,7.91E-07,19:22,4,180928,0,
2018-09-28 19:23,,0.015873016,7.91E-07,19:23,4,180928,0,
2018-09-28 19:24,,0.015873016,7.91E-07,19:24,4,180928,0,
2018-09-28 19:25,,0.015873016,7.91E-07,19:25,4,180928,0,
2018-09-28 19:26,,0.015873016,7.91E-07,19:26,4,180928,0,
2018-09-28 19:27,,0.015873016,7.91E-07,19:27,4,180928,0,
2018-09-28 19:28,,0.015873016,7.91E-07,19:28,4,180928,0,
2018-09-28 19:29,,0.015873016,7.91E-07,19:29,4,180928,0,
2018-09-28 19:30,,0.015873016,7.91E-07,19:30,4,180928,0,
2018-09-28 19:31,,0.015873016,7.91E-07,19:31,4,180928,0,
2018-09-28 19:32,,0.015873016,7.91E-07,19:32,4,180928,0,
2018-09-28 19:33,,0.015873016,7.91E-07,19:33,4,180928,0,
2018-09-28 19:34,,0.015873016,7.91E-07,19:34,4,180928,0,
2018-09-28 19:35,,0.015873016,7.91E-07,19:35,4,180928,0,
2018-09-28 19:36,,0.015873016,7.91E-07,19:36,4,180928,0,
2018-09-28 19:37,,0.015873016,7.91E-07,19:37,4,180928,0,
2018-09-28 19:38,,0.015873016,7.91E-07,19:38,4,180928,0,
2018-09-28 19:39,,0.015873016,7.91E-07,19:39,4,180928,0,
2018-09-28 19:40,,0.015873016,7.91E-07,19:40,4,180928,0,
2018-09-28 19:41,,0.015873016,7.91E-07,19:41,4,180928,0,
2018-09-28 19:42,,0.015873016,7.91E-07,19:42,4,180928,0,
2018-09-28 19:43,,0.015873016,7.91E-07,19:43,4,180928,0,
2018-09-28 19:44,,0.015873016,7.91E-07,19:44,4,180928,0,
2018-09-28 19:45,,0.015873016,7.91E-07,19:45,4,180928,0,
2018-09-28 19:46,,0.015873016,7.91E-07,19:46,4,180928,0,
2018-09-28 19:47,,0.015873016,7.91E-07,19:47,4,180928,0,
2018-09-28 19:48,,0.015873016,7.91E-07,19:48,4,180928,0,
2018-09-28 19:49,,0.015873016,7.91E-07,19:49,4,180928,0,
2018-09-28 19:50,,0.015873016,7.91E-07,19:50,4,180928,0,
2018-09-28 19:51,,0.015873016,7.91E-07,19:51,4,180928,0,
2018-09-28 19:52,,0.015873016,7.91E-07,19:52,4,180928,0,
2018-09-28 19:53,,0.015873016,7.91E-07,19:53,4,180928,0,
2018-09-28 19:54,,0.015873016,7.91E-07,19:54,4,180928,0,
2018-09-28 19:55,,0.015873016,7.91E-07,19:55,4,180928,0,
2018-09-28 19:56,,0.015873016,7.91E-07,19:56,4,180928,0,
2018-09-28 19:57,,0.015873016,7.91E-07,19:57,4,180928,0,
2018-09-28 19:58,,0.015873016,7.91E-07,19:58,4,180928,0,
2018-09-28 19:59,,0.015873016,7.91E-07,19:59,4,180928,0,
2018-09-28 20:00,,0.015873016,7.91E-07,20:00,4,180928,0,
2018-09-28 20:01,,0.015873016,7.91E-07,20:01,4,180928,0,
2018-09-28 20:02,,0.015873016,7.91E-07,20:02,4,180928,0,
2018-09-28 20:03,,0.015873016,7.91E-07,20:03,4,180928,0,
2018-09-28 20:04,,0.015873016,7.91E-07,20:04,4,180928,0,
2018-09-28 20:05,,0.015873016,7.91E-07,20:05,4,180928,0,
2018-09-28 20:06,,0.015873016,7.91E-07,20:06,4,180928,0,
2018-09-28 20:07,,0.015873016,7.91E-07,20:07,4,180928,0,
2018-09-28 20:08,,0.015873016,7.91E-07,20:08,4,180928,0,
2018-09-28 20:09,,0.015873016,7.91E-07,20:09,4,180928,0,
2018-09-28 20:10,,0.015873016,7.91E-07,20:10,4,180928,0,
2018-09-28 20:11,1,0.015873016,7.91E-07,20:11,4,180928,0,
2018-09-28 20:12,,0.016112903,0.000169628,20:12,4,180928,0,
2018-09-28 20:13,,0.016112903,7.91E-07,20:13,4,180928,0,
2018-09-28 20:14,,0.016112903,7.91E-07,20:14,4,180928,0,
2018-09-28 20:15,,0.016112903,7.91E-07,20:15,4,180928,0,
2018-09-28 20:16,,0.016112903,7.91E-07,20:16,4,180928,0,
2018-09-28 20:17,,0.016112903,7.91E-07,20:17,4,180928,0,
2018-09-28 20:18,,0.016112903,7.91E-07,20:18,4,180928,0,
2018-09-28 20:19,,0.016112903,7.91E-07,20:19,4,180928,0,
2018-09-28 20:20,,0.016112903,7.91E-07,20:20,4,180928,0,
2018-09-28 20:21,,0.016112903,7.91E-07,20:21,4,180928,0,
2018-09-28 20:22,,0.016112903,7.91E-07,20:22,4,180928,0,
2018-09-28 20:23,,0.016112903,7.91E-07,20:23,4,180928,0,
2018-09-28 20:24,,0.016112903,7.91E-07,20:24,4,180928,0,
2018-09-28 20:25,,0.016112903,7.91E-07,20:25,4,180928,0,
2018-09-28 20:26,,0.016112903,7.91E-07,20:26,4,180928,0,
2018-09-28 20:27,,0.016112903,7.91E-07,20:27,4,180928,0,
2018-09-28 20:28,,0.016112903,7.91E-07,20:28,4,180928,0,
2018-09-28 20:29,,0.016112903,7.91E-07,20:29,4,180928,0,
2018-09-28 20:30,,0.016112903,7.91E-07,20:30,4,180928,0,
2018-09-28 20:31,,0.016112903,7.91E-07,20:31,4,180928,0,
2018-09-28 20:32,,0.016112903,7.91E-07,20:32,4,180928,0,
2018-09-28 20:33,,0.016112903,7.91E-07,20:33,4,180928,0,
2018-09-28 20:34,,0.016112903,7.91E-07,20:34,4,180928,0,
2018-09-28 20:35,,0.016112903,7.91E-07,20:35,4,180928,0,
2018-09-28 20:36,,0.016112903,7.91E-07,20:36,4,180928,0,
2018-09-28 20:37,,0.016112903,7.91E-07,20:37,4,180928,0,
2018-09-28 20:38,,0.016112903,7.91E-07,20:38,4,180928,0,
2018-09-28 20:39,,0.016112903,7.91E-07,20:39,4,180928,0,
2018-09-28 20:40,,0.016112903,7.91E-07,20:40,4,180928,0,
2018-09-28 20:41,,0.016112903,7.91E-07,20:41,4,180928,0,
2018-09-28 20:42,,0.016112903,7.91E-07,20:42,4,180928,0,
2018-09-28 20:43,,0.016112903,7.91E-07,20:43,4,180928,0,
2018-09-28 20:44,,0.016112903,7.91E-07,20:44,4,180928,0,
2018-09-28 20:45,,0.016112903,7.91E-07,20:45,4,180928,0,
2018-09-28 20:46,,0.016112903,7.91E-07,20:46,4,180928,0,
2018-09-28 20:47,,0.016112903,7.91E-07,20:47,4,180928,0,
2018-09-28 20:48,,0.016112903,7.91E-07,20:48,4,180928,0,
2018-09-28 20:49,,0.016112903,7.91E-07,20:49,4,180928,0,
2018-09-28 20:50,,0.016112903,7.91E-07,20:50,4,180928,0,
2018-09-28 20:51,,0.016112903,7.91E-07,20:51,4,180928,0,
2018-09-28 20:52,,0.016112903,7.91E-07,20:52,4,180928,0,
2018-09-28 20:53,,0.016112903,7.91E-07,20:53,4,180928,0,
2018-09-28 20:54,,0.016112903,7.91E-07,20:54,4,180928,0,
2018-09-28 20:55,,0.016112903,7.91E-07,20:55,4,180928,0,
2018-09-28 20:56,,0.016112903,7.91E-07,20:56,4,180928,0,
2018-09-28 20:57,,0.016112903,7.91E-07,20:57,4,180928,0,
2018-09-28 20:58,,0.016112903,7.91E-07,20:58,4,180928,0,
2018-09-28 20:59,,0.016112903,7.91E-07,20:59,4,180928,0,
2018-09-28 21:00,,0.016112903,7.91E-07,21:00,4,180928,0,
2018-09-28 21:01,,0.016112903,7.91E-07,21:01,4,180928,0,
2018-09-28 21:02,,0.016112903,7.91E-07,21:02,4,180928,0,
2018-09-28 21:03,,0.016112903,7.91E-07,21:03,4,180928,0,
2018-09-28 21:04,,0.016112903,7.91E-07,21:04,4,180928,0,
2018-09-28 21:05,,0.016112903,7.91E-07,21:05,4,180928,0,
2018-09-28 21:06,,0.016112903,7.91E-07,21:06,4,180928,0,
2018-09-28 21:07,,0.016112903,7.91E-07,21:07,4,180928,0,
2018-09-28 21:08,,0.016112903,7.91E-07,21:08,4,180928,0,
2018-09-28 21:09,,0.016112903,7.91E-07,21:09,4,180928,0,
2018-09-28 21:10,,0.016112903,7.91E-07,21:10,4,180928,0,
2018-09-28 21:11,,0.016112903,7.91E-07,21:11,4,180928,0,
2018-09-28 21:12,,0.016112903,7.91E-07,21:12,4,180928,0,
2018-09-28 21:13,0.999,0.016112903,7.91E-07,21:13,4,180928,0,
2018-09-28 21:14,,0.016393443,0.000198373,21:14,4,180928,0,
2018-09-28 21:15,,0.016393443,7.91E-07,21:15,4,180928,0,
2018-09-28 21:16,,0.016393443,7.91E-07,21:16,4,180928,0,
2018-09-28 21:17,,0.016393443,7.91E-07,21:17,4,180928,0,
2018-09-28 21:18,,0.016393443,7.91E-07,21:18,4,180928,0,
2018-09-28 21:19,,0.016393443,7.91E-07,21:19,4,180928,0,
2018-09-28 21:20,,0.016393443,7.91E-07,21:20,4,180928,0,
2018-09-28 21:21,,0.016393443,7.91E-07,21:21,4,180928,0,
2018-09-28 21:22,,0.016393443,7.91E-07,21:22,4,180928,0,
2018-09-28 21:23,,0.016393443,7.91E-07,21:23,4,180928,0,
2018-09-28 21:24,,0.016393443,7.91E-07,21:24,4,180928,0,
2018-09-28 21:25,,0.016393443,7.91E-07,21:25,4,180928,0,
2018-09-28 21:26,,0.016393443,7.91E-07,21:26,4,180928,0,
2018-09-28 21:27,,0.016393443,7.91E-07,21:27,4,180928,0,
2018-09-28 21:28,,0.016393443,7.91E-07,21:28,4,180928,0,
2018-09-28 21:29,,0.016393443,7.91E-07,21:29,4,180928,0,
2018-09-28 21:30,,0.016393443,7.91E-07,21:30,4,180928,0,
2018-09-28 21:31,,0.016393443,7.91E-07,21:31,4,180928,0,
2018-09-28 21:32,,0.016393443,7.91E-07,21:32,4,180928,0,
2018-09-28 21:33,,0.016393443,7.91E-07,21:33,4,180928,0,
2018-09-28 21:34,,0.016393443,7.91E-07,21:34,4,180928,0,
2018-09-28 21:35,,0.016393443,7.91E-07,21:35,4,180928,0,
2018-09-28 21:36,,0.016393443,7.91E-07,21:36,4,180928,0,
2018-09-28 21:37,,0.016393443,7.91E-07,21:37,4,180928,0,
2018-09-28 21:38,,0.016393443,7.91E-07,21:38,4,180928,0,
2018-09-28 21:39,,0.016393443,7.91E-07,21:39,4,180928,0,
2018-09-28 21:40,,0.016393443,7.91E-07,21:40,4,180928,0,
2018-09-28 21:41,,0.016393443,7.91E-07,21:41,4,180928,0,
2018-09-28 21:42,,0.016393443,7.91E-07,21:42,4,180928,0,
2018-09-28 21:43,,0.016393443,7.91E-07,21:43,4,180928,0,
2018-09-28 21:44,,0.016393443,7.91E-07,21:44,4,180928,0,
2018-09-28 21:45,,0.016393443,7.91E-07,21:45,4,180928,0,
2018-09-28 21:46,,0.016393443,7.91E-07,21:46,4,180928,0,
2018-09-28 21:47,,0.016393443,7.91E-07,21:47,4,180928,0,
2018-09-28 21:48,,0.016393443,7.91E-07,21:48,4,180928,0,
2018-09-28 21:49,,0.016393443,7.91E-07,21:49,4,180928,0,
2018-09-28 21:50,,0.016393443,7.91E-07,21:50,4,180928,0,
2018-09-28 21:51,,0.016393443,7.91E-07,21:51,4,180928,0,
2018-09-28 21:52,,0.016393443,7.91E-07,21:52,4,180928,0,
2018-09-28 21:53,,0.016393443,7.91E-07,21:53,4,180928,0,
2018-09-28 21:54,,0.016393443,7.91E-07,21:54,4,180928,0,
2018-09-28 21:55,,0.016393443,7.91E-07,21:55,4,180928,0,
2018-09-28 21:56,,0.016393443,7.91E-07,21:56,4,180928,0,
2018-09-28 21:57,,0.016393443,7.91E-07,21:57,4,180928,0,
2018-09-28 21:58,,0.016393443,7.91E-07,21:58,4,180928,0,
2018-09-28 21:59,,0.016393443,7.91E-07,21:59,4,180928,0,
2018-09-28 22:00,,0.016393443,7.91E-07,22:00,4,180928,0,
2018-09-28 22:01,,0.016393443,7.91E-07,22:01,4,180928,0,
2018-09-28 22:02,,0.016393443,7.91E-07,22:02,4,180928,0,
2018-09-28 22:03,,0.016393443,7.91E-07,22:03,4,180928,0,
2018-09-28 22:04,,0.016393443,7.91E-07,22:04,4,180928,0,
2018-09-28 22:05,,0.016393443,7.91E-07,22:05,4,180928,0,
2018-09-28 22:06,,0.016393443,7.91E-07,22:06,4,180928,0,
2018-09-28 22:07,,0.016393443,7.91E-07,22:07,4,180928,0,
2018-09-28 22:08,,0.016393443,7.91E-07,22:08,4,180928,0,
2018-09-28 22:09,,0.016393443,7.91E-07,22:09,4,180928,0,
2018-09-28 22:10,,0.016393443,7.91E-07,22:10,4,180928,0,
2018-09-28 22:11,,0.016393443,7.91E-07,22:11,4,180928,0,
2018-09-28 22:12,,0.016393443,7.91E-07,22:12,4,180928,0,
2018-09-28 22:13,,0.016393443,7.91E-07,22:13,4,180928,0,
2018-09-28 22:14,1,0.016393443,7.91E-07,22:14,4,180928,0,
2018-09-28 22:15,,0.016129032,0.000186968,22:15,4,180928,0,
2018-09-28 22:16,,0.016129032,7.91E-07,22:16,4,180928,0,
2018-09-28 22:17,,0.016129032,7.91E-07,22:17,4,180928,0,
2018-09-28 22:18,,0.016129032,7.91E-07,22:18,4,180928,0,
2018-09-28 22:19,,0.016129032,7.91E-07,22:19,4,180928,0,
2018-09-28 22:20,,0.016129032,7.91E-07,22:20,4,180928,0,
2018-09-28 22:21,,0.016129032,7.91E-07,22:21,4,180928,0,
2018-09-28 22:22,,0.016129032,7.91E-07,22:22,4,180928,0,
2018-09-28 22:23,,0.016129032,7.91E-07,22:23,4,180928,0,
2018-09-28 22:24,,0.016129032,7.91E-07,22:24,4,180928,0,
2018-09-28 22:25,,0.016129032,7.91E-07,22:25,4,180928,0,
2018-09-28 22:26,,0.016129032,7.91E-07,22:26,4,180928,0,
2018-09-28 22:27,,0.016129032,7.91E-07,22:27,4,180928,0,
2018-09-28 22:28,,0.016129032,7.91E-07,22:28,4,180928,0,
2018-09-28 22:29,,0.016129032,7.91E-07,22:29,4,180928,0,
2018-09-28 22:30,,0.016129032,7.91E-07,22:30,4,180928,0,
2018-09-28 22:31,,0.016129032,7.91E-07,22:31,4,180928,0,
2018-09-28 22:32,,0.016129032,7.91E-07,22:32,4,180928,0,
2018-09-28 22:33,,0.016129032,7.91E-07,22:33,4,180928,0,
2018-09-28 22:34,,0.016129032,7.91E-07,22:34,4,180928,0,
2018-09-28 22:35,,0.016129032,7.91E-07,22:35,4,180928,0,
2018-09-28 22:36,,0.016129032,7.91E-07,22:36,4,180928,0,
2018-09-28 22:37,,0.016129032,7.91E-07,22:37,4,180928,0,
2018-09-28 22:38,,0.016129032,7.91E-07,22:38,4,180928,0,
2018-09-28 22:39,,0.016129032,7.91E-07,22:39,4,180928,0,
2018-09-28 22:40,,0.016129032,7.91E-07,22:40,4,180928,0,
2018-09-28 22:41,,0.016129032,7.91E-07,22:41,4,180928,0,
2018-09-28 22:42,,0.016129032,7.91E-07,22:42,4,180928,0,
2018-09-28 22:43,,0.016129032,7.91E-07,22:43,4,180928,0,
2018-09-28 22:44,,0.016129032,7.91E-07,22:44,4,180928,0,
2018-09-28 22:45,,0.016129032,7.91E-07,22:45,4,180928,0,
2018-09-28 22:46,,0.016129032,7.91E-07,22:46,4,180928,0,
2018-09-28 22:47,,0.016129032,7.91E-07,22:47,4,180928,0,
2018-09-28 22:48,,0.016129032,7.91E-07,22:48,4,180928,0,
2018-09-28 22:49,,0.016129032,7.91E-07,22:49,4,180928,0,
2018-09-28 22:50,,0.016129032,7.91E-07,22:50,4,180928,0,
2018-09-28 22:51,,0.016129032,7.91E-07,22:51,4,180928,0,
2018-09-28 22:52,,0.016129032,7.91E-07,22:52,4,180928,0,
2018-09-28 22:53,,0.016129032,7.91E-07,22:53,4,180928,0,
2018-09-28 22:54,,0.016129032,7.91E-07,22:54,4,180928,0,
2018-09-28 22:55,,0.016129032,7.91E-07,22:55,4,180928,0,
2018-09-28 22:56,,0.016129032,7.91E-07,22:56,4,180928,0,
2018-09-28 22:57,,0.016129032,7.91E-07,22:57,4,180928,0,
2018-09-28 22:58,,0.016129032,7.91E-07,22:58,4,180928,0,
2018-09-28 22:59,,0.016129032,7.91E-07,22:59,4,180928,0,
2018-09-28 23:00,,0.016129032,7.91E-07,23:00,4,180928,0,
2018-09-28 23:01,,0.016129032,7.91E-07,23:01,4,180928,0,
2018-09-28 23:02,,0.016129032,7.91E-07,23:02,4,180928,0,
2018-09-28 23:03,,0.016129032,7.91E-07,23:03,4,180928,0,
2018-09-28 23:04,,0.016129032,7.91E-07,23:04,4,180928,0,
2018-09-28 23:05,,0.016129032,7.91E-07,23:05,4,180928,0,
2018-09-28 23:06,,0.016129032,7.91E-07,23:06,4,180928,0,
2018-09-28 23:07,,0.016129032,7.91E-07,23:07,4,180928,0,
2018-09-28 23:08,,0.016129032,7.91E-07,23:08,4,180928,0,
2018-09-28 23:09,,0.016129032,7.91E-07,23:09,4,180928,0,
2018-09-28 23:10,,0.016129032,7.91E-07,23:10,4,180928,0,
2018-09-28 23:11,,0.016129032,7.91E-07,23:11,4,180928,0,
2018-09-28 23:12,,0.016129032,7.91E-07,23:12,4,180928,0,
2018-09-28 23:13,,0.016129032,7.91E-07,23:13,4,180928,0,
2018-09-28 23:14,,0.016129032,7.91E-07,23:14,4,180928,0,
2018-09-28 23:15,,0.016129032,7.91E-07,23:15,4,180928,0,
2018-09-28 23:16,1,0.016129032,7.91E-07,23:16,4,180928,0,
2018-09-28 23:17,,0.016112903,1.14E-05,23:17,4,180928,0,
2018-09-28 23:18,,0.016112903,7.91E-07,23:18,4,180928,0,
2018-09-28 23:19,,0.016112903,7.91E-07,23:19,4,180928,0,
2018-09-28 23:20,,0.016112903,7.91E-07,23:20,4,180928,0,
2018-09-28 23:21,,0.016112903,7.91E-07,23:21,4,180928,0,
2018-09-28 23:22,,0.016112903,7.91E-07,23:22,4,180928,0,
2018-09-28 23:23,,0.016112903,7.91E-07,23:23,4,180928,0,
2018-09-28 23:24,,0.016112903,7.91E-07,23:24,4,180928,0,
2018-09-28 23:25,,0.016112903,7.91E-07,23:25,4,180928,0,
2018-09-28 23:26,,0.016112903,7.91E-07,23:26,4,180928,0,
2018-09-28 23:27,,0.016112903,7.91E-07,23:27,4,180928,0,
2018-09-28 23:28,,0.016112903,7.91E-07,23:28,4,180928,0,
2018-09-28 23:29,,0.016112903,7.91E-07,23:29,4,180928,0,
2018-09-28 23:30,,0.016112903,7.91E-07,23:30,4,180928,0,
2018-09-28 23:31,,0.016112903,7.91E-07,23:31,4,180928,0,
2018-09-28 23:32,,0.016112903,7.91E-07,23:32,4,180928,0,
2018-09-28 23:33,,0.016112903,7.91E-07,23:33,4,180928,0,
2018-09-28 23:34,,0.016112903,7.91E-07,23:34,4,180928,0,
2018-09-28 23:35,,0.016112903,7.91E-07,23:35,4,180928,0,
2018-09-28 23:36,,0.016112903,7.91E-07,23:36,4,180928,0,
2018-09-28 23:37,,0.016112903,7.91E-07,23:37,4,180928,0,
2018-09-28 23:38,,0.016112903,7.91E-07,23:38,4,180928,0,
2018-09-28 23:39,,0.016112903,7.91E-07,23:39,4,180928,0,
2018-09-28 23:40,,0.016112903,7.91E-07,23:40,4,180928,0,
2018-09-28 23:41,,0.016112903,7.91E-07,23:41,4,180928,0,
2018-09-28 23:42,,0.016112903,7.91E-07,23:42,4,180928,0,
2018-09-28 23:43,,0.016112903,7.91E-07,23:43,4,180928,0,
2018-09-28 23:44,,0.016112903,7.91E-07,23:44,4,180928,0,
2018-09-28 23:45,,0.016112903,7.91E-07,23:45,4,180928,0,
2018-09-28 23:46,,0.016112903,7.91E-07,23:46,4,180928,0,
2018-09-28 23:47,,0.016112903,7.91E-07,23:47,4,180928,0,
2018-09-28 23:48,,0.016112903,7.91E-07,23:48,4,180928,0,
2018-09-28 23:49,,0.016112903,7.91E-07,23:49,4,180928,0,
2018-09-28 23:50,,0.016112903,7.91E-07,23:50,4,180928,0,
2018-09-28 23:51,,0.016112903,7.91E-07,23:51,4,180928,0,
2018-09-28 23:52,,0.016112903,7.91E-07,23:52,4,180928,0,
2018-09-28 23:53,,0.016112903,7.91E-07,23:53,4,180928,0,
2018-09-28 23:54,,0.016112903,7.91E-07,23:54,4,180928,0,
2018-09-28 23:55,,0.016112903,7.91E-07,23:55,4,180928,0,
2018-09-28 23:56,,0.016112903,7.91E-07,23:56,4,180928,0,
2018-09-28 23:57,,0.016112903,7.91E-07,23:57,4,180928,0,
2018-09-28 23:58,,0.016112903,7.91E-07,23:58,4,180928,0,
2018-09-28 23:59,,0.016112903,7.91E-07,23:59,4,180928,0,
2018-09-29 0:00,,0.016112903,7.91E-07,0:00,5,180929,0,
2018-09-29 0:01,,0.016112903,7.91E-07,0:01,5,180929,0,
2018-09-29 0:02,,0.016112903,7.91E-07,0:02,5,180929,0,
2018-09-29 0:03,,0.016112903,7.91E-07,0:03,5,180929,0,
2018-09-29 0:04,,0.016112903,7.91E-07,0:04,5,180929,0,
2018-09-29 0:05,,0.016112903,7.91E-07,0:05,5,180929,0,
2018-09-29 0:06,,0.016112903,7.91E-07,0:06,5,180929,0,
2018-09-29 0:07,,0.016112903,7.91E-07,0:07,5,180929,0,
2018-09-29 0:08,,0.016112903,7.91E-07,0:08,5,180929,0,
2018-09-29 0:09,,0.016112903,7.91E-07,0:09,5,180929,0,
2018-09-29 0:10,,0.016112903,7.91E-07,0:10,5,180929,0,
2018-09-29 0:11,,0.016112903,7.91E-07,0:11,5,180929,0,
2018-09-29 0:12,,0.016112903,7.91E-07,0:12,5,180929,0,
2018-09-29 0:13,,0.016112903,7.91E-07,0:13,5,180929,0,
2018-09-29 0:14,,0.016112903,7.91E-07,0:14,5,180929,0,
2018-09-29 0:15,,0.016112903,7.91E-07,0:15,5,180929,0,
2018-09-29 0:16,,0.016112903,7.91E-07,0:16,5,180929,0,
2018-09-29 0:17,,0.016112903,7.91E-07,0:17,5,180929,0,
2018-09-29 0:18,0.999,0.016112903,7.91E-07,0:18,5,180929,0,
2018-09-29 0:19,,0.016129032,1.14E-05,0:19,5,180929,0,
2018-09-29 0:20,,0.016129032,7.91E-07,0:20,5,180929,0,
2018-09-29 0:21,,0.016129032,7.91E-07,0:21,5,180929,0,
2018-09-29 0:22,,0.016129032,7.91E-07,0:22,5,180929,0,
2018-09-29 0:23,,0.016129032,7.91E-07,0:23,5,180929,0,
2018-09-29 0:24,,0.016129032,7.91E-07,0:24,5,180929,0,
2018-09-29 0:25,,0.016129032,7.91E-07,0:25,5,180929,0,
2018-09-29 0:26,,0.016129032,7.91E-07,0:26,5,180929,0,
2018-09-29 0:27,,0.016129032,7.91E-07,0:27,5,180929,0,
2018-09-29 0:28,,0.016129032,7.91E-07,0:28,5,180929,0,
2018-09-29 0:29,,0.016129032,7.91E-07,0:29,5,180929,0,
2018-09-29 0:30,,0.016129032,7.91E-07,0:30,5,180929,0,
2018-09-29 0:31,,0.016129032,7.91E-07,0:31,5,180929,0,
2018-09-29 0:32,,0.016129032,7.91E-07,0:32,5,180929,0,
2018-09-29 0:33,,0.016129032,7.91E-07,0:33,5,180929,0,
2018-09-29 0:34,,0.016129032,7.91E-07,0:34,5,180929,0,
2018-09-29 0:35,,0.016129032,7.91E-07,0:35,5,180929,0,
2018-09-29 0:36,,0.016129032,7.91E-07,0:36,5,180929,0,
2018-09-29 0:37,,0.016129032,7.91E-07,0:37,5,180929,0,
2018-09-29 0:38,,0.016129032,7.91E-07,0:38,5,180929,0,
2018-09-29 0:39,,0.016129032,7.91E-07,0:39,5,180929,0,
2018-09-29 0:40,,0.016129032,7.91E-07,0:40,5,180929,0,
2018-09-29 0:41,,0.016129032,7.91E-07,0:41,5,180929,0,
2018-09-29 0:42,,0.016129032,7.91E-07,0:42,5,180929,0,
2018-09-29 0:43,,0.016129032,7.91E-07,0:43,5,180929,0,
2018-09-29 0:44,,0.016129032,7.91E-07,0:44,5,180929,0,
2018-09-29 0:45,,0.016129032,7.91E-07,0:45,5,180929,0,
2018-09-29 0:46,,0.016129032,7.91E-07,0:46,5,180929,0,
2018-09-29 0:47,,0.016129032,7.91E-07,0:47,5,180929,0,
2018-09-29 0:48,,0.016129032,7.91E-07,0:48,5,180929,0,
2018-09-29 0:49,,0.016129032,7.91E-07,0:49,5,180929,0,
2018-09-29 0:50,,0.016129032,7.91E-07,0:50,5,180929,0,
2018-09-29 0:51,,0.016129032,7.91E-07,0:51,5,180929,0,
2018-09-29 0:52,,0.016129032,7.91E-07,0:52,5,180929,0,
2018-09-29 0:53,,0.016129032,7.91E-07,0:53,5,180929,0,
2018-09-29 0:54,,0.016129032,7.91E-07,0:54,5,180929,0,
2018-09-29 0:55,,0.016129032,7.91E-07,0:55,5,180929,0,
2018-09-29 0:56,,0.016129032,7.91E-07,0:56,5,180929,0,
2018-09-29 0:57,,0.016129032,7.91E-07,0:57,5,180929,0,
2018-09-29 0:58,,0.016129032,7.91E-07,0:58,5,180929,0,
2018-09-29 0:59,,0.016129032,7.91E-07,0:59,5,180929,0,
2018-09-29 1:00,,0.016129032,7.91E-07,1:00,5,180929,0,
2018-09-29 1:01,,0.016129032,7.91E-07,1:01,5,180929,0,
2018-09-29 1:02,,0.016129032,7.91E-07,1:02,5,180929,0,
2018-09-29 1:03,,0.016129032,7.91E-07,1:03,5,180929,0,
2018-09-29 1:04,,0.016129032,7.91E-07,1:04,5,180929,0,
2018-09-29 1:05,,0.016129032,7.91E-07,1:05,5,180929,0,
2018-09-29 1:06,,0.016129032,7.91E-07,1:06,5,180929,0,
2018-09-29 1:07,,0.016129032,7.91E-07,1:07,5,180929,0,
2018-09-29 1:08,,0.016129032,7.91E-07,1:08,5,180929,0,
2018-09-29 1:09,,0.016129032,7.91E-07,1:09,5,180929,0,
2018-09-29 1:10,,0.016129032,7.91E-07,1:10,5,180929,0,
2018-09-29 1:11,,0.016129032,7.91E-07,1:11,5,180929,0,
2018-09-29 1:12,,0.016129032,7.91E-07,1:12,5,180929,0,
2018-09-29 1:13,,0.016129032,7.91E-07,1:13,5,180929,0,
2018-09-29 1:14,,0.016129032,7.91E-07,1:14,5,180929,0,
2018-09-29 1:15,,0.016129032,7.91E-07,1:15,5,180929,0,
2018-09-29 1:16,,0.016129032,7.91E-07,1:16,5,180929,0,
2018-09-29 1:17,,0.016129032,7.91E-07,1:17,5,180929,0,
2018-09-29 1:18,,0.016129032,7.91E-07,1:18,5,180929,0,
2018-09-29 1:19,,0.016129032,7.91E-07,1:19,5,180929,0,
2018-09-29 1:20,1,0.016129032,7.91E-07,1:20,5,180929,0,
2018-09-29 1:21,,0.016112903,1.14E-05,1:21,5,180929,0,
2018-09-29 1:22,,0.016112903,7.91E-07,1:22,5,180929,0,
2018-09-29 1:23,,0.016112903,7.91E-07,1:23,5,180929,0,
2018-09-29 1:24,,0.016112903,7.91E-07,1:24,5,180929,0,
2018-09-29 1:25,,0.016112903,7.91E-07,1:25,5,180929,0,
2018-09-29 1:26,,0.016112903,7.91E-07,1:26,5,180929,0,
2018-09-29 1:27,,0.016112903,7.91E-07,1:27,5,180929,0,
2018-09-29 1:28,,0.016112903,7.91E-07,1:28,5,180929,0,
2018-09-29 1:29,,0.016112903,7.91E-07,1:29,5,180929,0,
2018-09-29 1:30,,0.016112903,7.91E-07,1:30,5,180929,0,
2018-09-29 1:31,,0.016112903,7.91E-07,1:31,5,180929,0,
2018-09-29 1:32,,0.016112903,7.91E-07,1:32,5,180929,0,
2018-09-29 1:33,,0.016112903,7.91E-07,1:33,5,180929,0,
2018-09-29 1:34,,0.016112903,7.91E-07,1:34,5,180929,0,
2018-09-29 1:35,,0.016112903,7.91E-07,1:35,5,180929,0,
2018-09-29 1:36,,0.016112903,7.91E-07,1:36,5,180929,0,
2018-09-29 1:37,,0.016112903,7.91E-07,1:37,5,180929,0,
2018-09-29 1:38,,0.016112903,7.91E-07,1:38,5,180929,0,
2018-09-29 1:39,,0.016112903,7.91E-07,1:39,5,180929,0,
2018-09-29 1:40,,0.016112903,7.91E-07,1:40,5,180929,0,
2018-09-29 1:41,,0.016112903,7.91E-07,1:41,5,180929,0,
2018-09-29 1:42,,0.016112903,7.91E-07,1:42,5,180929,0,
2018-09-29 1:43,,0.016112903,7.91E-07,1:43,5,180929,0,
2018-09-29 1:44,,0.016112903,7.91E-07,1:44,5,180929,0,
2018-09-29 1:45,,0.016112903,7.91E-07,1:45,5,180929,0,
2018-09-29 1:46,,0.016112903,7.91E-07,1:46,5,180929,0,
2018-09-29 1:47,,0.016112903,7.91E-07,1:47,5,180929,0,
2018-09-29 1:48,,0.016112903,7.91E-07,1:48,5,180929,0,
2018-09-29 1:49,,0.016112903,7.91E-07,1:49,5,180929,0,
2018-09-29 1:50,,0.016112903,7.91E-07,1:50,5,180929,0,
2018-09-29 1:51,,0.016112903,7.91E-07,1:51,5,180929,0,
2018-09-29 1:52,,0.016112903,7.91E-07,1:52,5,180929,0,
2018-09-29 1:53,,0.016112903,7.91E-07,1:53,5,180929,0,
2018-09-29 1:54,,0.016112903,7.91E-07,1:54,5,180929,0,
2018-09-29 1:55,,0.016112903,7.91E-07,1:55,5,180929,0,
2018-09-29 1:56,,0.016112903,7.91E-07,1:56,5,180929,0,
2018-09-29 1:57,,0.016112903,7.91E-07,1:57,5,180929,0,
2018-09-29 1:58,,0.016112903,7.91E-07,1:58,5,180929,0,
2018-09-29 1:59,,0.016112903,7.91E-07,1:59,5,180929,0,
2018-09-29 2:00,,0.016112903,7.91E-07,2:00,5,180929,0,
2018-09-29 2:01,,0.016112903,7.91E-07,2:01,5,180929,0,
2018-09-29 2:02,,0.016112903,7.91E-07,2:02,5,180929,0,
2018-09-29 2:03,,0.016112903,7.91E-07,2:03,5,180929,0,
2018-09-29 2:04,,0.016112903,7.91E-07,2:04,5,180929,0,
2018-09-29 2:05,,0.016112903,7.91E-07,2:05,5,180929,0,
2018-09-29 2:06,,0.016112903,7.91E-07,2:06,5,180929,0,
2018-09-29 2:07,,0.016112903,7.91E-07,2:07,5,180929,0,
2018-09-29 2:08,,0.016112903,7.91E-07,2:08,5,180929,0,
2018-09-29 2:09,,0.016112903,7.91E-07,2:09,5,180929,0,
2018-09-29 2:10,,0.016112903,7.91E-07,2:10,5,180929,0,
2018-09-29 2:11,,0.016112903,7.91E-07,2:11,5,180929,0,
2018-09-29 2:12,,0.016112903,7.91E-07,2:12,5,180929,0,
2018-09-29 2:13,,0.016112903,7.91E-07,2:13,5,180929,0,
2018-09-29 2:14,,0.016112903,7.91E-07,2:14,5,180929,0,
2018-09-29 2:15,,0.016112903,7.91E-07,2:15,5,180929,0,
2018-09-29 2:16,,0.016112903,7.91E-07,2:16,5,180929,0,
2018-09-29 2:17,,0.016112903,7.91E-07,2:17,5,180929,0,
2018-09-29 2:18,,0.016112903,7.91E-07,2:18,5,180929,0,
2018-09-29 2:19,,0.016112903,7.91E-07,2:19,5,180929,0,
2018-09-29 2:20,,0.016112903,7.91E-07,2:20,5,180929,0,
2018-09-29 2:21,,0.016112903,7.91E-07,2:21,5,180929,0,
2018-09-29 2:22,0.999,0.016112903,7.91E-07,2:22,5,180929,0,
2018-09-29 2:23,,0.016129032,1.14E-05,2:23,5,180929,0,
2018-09-29 2:24,,0.016129032,7.91E-07,2:24,5,180929,0,
2018-09-29 2:25,,0.016129032,7.91E-07,2:25,5,180929,0,
2018-09-29 2:26,,0.016129032,7.91E-07,2:26,5,180929,0,
2018-09-29 2:27,,0.016129032,7.91E-07,2:27,5,180929,0,
2018-09-29 2:28,,0.016129032,7.91E-07,2:28,5,180929,0,
2018-09-29 2:29,,0.016129032,7.91E-07,2:29,5,180929,0,
2018-09-29 2:30,,0.016129032,7.91E-07,2:30,5,180929,0,
2018-09-29 2:31,,0.016129032,7.91E-07,2:31,5,180929,0,
2018-09-29 2:32,,0.016129032,7.91E-07,2:32,5,180929,0,
2018-09-29 2:33,,0.016129032,7.91E-07,2:33,5,180929,0,
2018-09-29 2:34,,0.016129032,7.91E-07,2:34,5,180929,0,
2018-09-29 2:35,,0.016129032,7.91E-07,2:35,5,180929,0,
2018-09-29 2:36,,0.016129032,7.91E-07,2:36,5,180929,0,
2018-09-29 2:37,,0.016129032,7.91E-07,2:37,5,180929,0,
2018-09-29 2:38,,0.016129032,7.91E-07,2:38,5,180929,0,
2018-09-29 2:39,,0.016129032,7.91E-07,2:39,5,180929,0,
2018-09-29 2:40,,0.016129032,7.91E-07,2:40,5,180929,0,
2018-09-29 2:41,,0.016129032,7.91E-07,2:41,5,180929,0,
2018-09-29 2:42,,0.016129032,7.91E-07,2:42,5,180929,0,
2018-09-29 2:43,,0.016129032,7.91E-07,2:43,5,180929,0,
2018-09-29 2:44,,0.016129032,7.91E-07,2:44,5,180929,0,
2018-09-29 2:45,,0.016129032,7.91E-07,2:45,5,180929,0,
2018-09-29 2:46,,0.016129032,7.91E-07,2:46,5,180929,0,
2018-09-29 2:47,,0.016129032,7.91E-07,2:47,5,180929,0,
2018-09-29 2:48,,0.016129032,7.91E-07,2:48,5,180929,0,
2018-09-29 2:49,,0.016129032,7.91E-07,2:49,5,180929,0,
2018-09-29 2:50,,0.016129032,7.91E-07,2:50,5,180929,0,
2018-09-29 2:51,,0.016129032,7.91E-07,2:51,5,180929,0,
2018-09-29 2:52,,0.016129032,7.91E-07,2:52,5,180929,0,
2018-09-29 2:53,,0.016129032,7.91E-07,2:53,5,180929,0,
2018-09-29 2:54,,0.016129032,7.91E-07,2:54,5,180929,0,
2018-09-29 2:55,,0.016129032,7.91E-07,2:55,5,180929,0,
2018-09-29 2:56,,0.016129032,7.91E-07,2:56,5,180929,0,
2018-09-29 2:57,,0.016129032,7.91E-07,2:57,5,180929,0,
2018-09-29 2:58,,0.016129032,7.91E-07,2:58,5,180929,0,
2018-09-29 2:59,,0.016129032,7.91E-07,2:59,5,180929,0,
2018-09-29 3:00,,0.016129032,7.91E-07,3:00,5,180929,0,
2018-09-29 3:01,,0.016129032,7.91E-07,3:01,5,180929,0,
2018-09-29 3:02,,0.016129032,7.91E-07,3:02,5,180929,0,
2018-09-29 3:03,,0.016129032,7.91E-07,3:03,5,180929,0,
2018-09-29 3:04,,0.016129032,7.91E-07,3:04,5,180929,0,
2018-09-29 3:05,,0.016129032,7.91E-07,3:05,5,180929,0,
2018-09-29 3:06,,0.016129032,7.91E-07,3:06,5,180929,0,
2018-09-29 3:07,,0.016129032,7.91E-07,3:07,5,180929,0,
2018-09-29 3:08,,0.016129032,7.91E-07,3:08,5,180929,0,
2018-09-29 3:09,,0.016129032,7.91E-07,3:09,5,180929,0,
2018-09-29 3:10,,0.016129032,7.91E-07,3:10,5,180929,0,
2018-09-29 3:11,,0.016129032,7.91E-07,3:11,5,180929,0,
2018-09-29 3:12,,0.016129032,7.91E-07,3:12,5,180929,0,
2018-09-29 3:13,,0.016129032,7.91E-07,3:13,5,180929,0,
2018-09-29 3:14,,0.016129032,7.91E-07,3:14,5,180929,0,
2018-09-29 3:15,,0.016129032,7.91E-07,3:15,5,180929,0,
2018-09-29 3:16,,0.016129032,7.91E-07,3:16,5,180929,0,
2018-09-29 3:17,,0.016129032,7.91E-07,3:17,5,180929,0,
2018-09-29 3:18,,0.016129032,7.91E-07,3:18,5,180929,0,
2018-09-29 3:19,,0.016129032,7.91E-07,3:19,5,180929,0,
2018-09-29 3:20,,0.016129032,7.91E-07,3:20,5,180929,0,
2018-09-29 3:21,,0.016129032,7.91E-07,3:21,5,180929,0,
2018-09-29 3:22,,0.016129032,7.91E-07,3:22,5,180929,0,
2018-09-29 3:23,,0.016129032,7.91E-07,3:23,5,180929,0,
2018-09-29 3:24,1,0.016129032,7.91E-07,3:24,5,180929,0,
2018-09-29 3:25,,0.016377049,0.000175376,3:25,5,180929,0,
2018-09-29 3:26,,0.016377049,7.91E-07,3:26,5,180929,0,
2018-09-29 3:27,,0.016377049,7.91E-07,3:27,5,180929,0,
2018-09-29 3:28,,0.016377049,7.91E-07,3:28,5,180929,0,
2018-09-29 3:29,,0.016377049,7.91E-07,3:29,5,180929,0,
2018-09-29 3:30,,0.016377049,7.91E-07,3:30,5,180929,0,
2018-09-29 3:31,,0.016377049,7.91E-07,3:31,5,180929,0,
2018-09-29 3:32,,0.016377049,7.91E-07,3:32,5,180929,0,
2018-09-29 3:33,,0.016377049,7.91E-07,3:33,5,180929,0,
2018-09-29 3:34,,0.016377049,7.91E-07,3:34,5,180929,0,
2018-09-29 3:35,,0.016377049,7.91E-07,3:35,5,180929,0,
2018-09-29 3:36,,0.016377049,7.91E-07,3:36,5,180929,0,
2018-09-29 3:37,,0.016377049,7.91E-07,3:37,5,180929,0,
2018-09-29 3:38,,0.016377049,7.91E-07,3:38,5,180929,0,
2018-09-29 3:39,,0.016377049,7.91E-07,3:39,5,180929,0,
2018-09-29 3:40,,0.016377049,7.91E-07,3:40,5,180929,0,
2018-09-29 3:41,,0.016377049,7.91E-07,3:41,5,180929,0,
2018-09-29 3:42,,0.016377049,7.91E-07,3:42,5,180929,0,
2018-09-29 3:43,,0.016377049,7.91E-07,3:43,5,180929,0,
2018-09-29 3:44,,0.016377049,7.91E-07,3:44,5,180929,0,
2018-09-29 3:45,,0.016377049,7.91E-07,3:45,5,180929,0,
2018-09-29 3:46,,0.016377049,7.91E-07,3:46,5,180929,0,
2018-09-29 3:47,,0.016377049,7.91E-07,3:47,5,180929,0,
2018-09-29 3:48,,0.016377049,7.91E-07,3:48,5,180929,0,
2018-09-29 3:49,,0.016377049,7.91E-07,3:49,5,180929,0,
2018-09-29 3:50,,0.016377049,7.91E-07,3:50,5,180929,0,
2018-09-29 3:51,,0.016377049,7.91E-07,3:51,5,180929,0,
2018-09-29 3:52,,0.016377049,7.91E-07,3:52,5,180929,0,
2018-09-29 3:53,,0.016377049,7.91E-07,3:53,5,180929,0,
2018-09-29 3:54,,0.016377049,7.91E-07,3:54,5,180929,0,
2018-09-29 3:55,,0.016377049,7.91E-07,3:55,5,180929,0,
2018-09-29 3:56,,0.016377049,7.91E-07,3:56,5,180929,0,
2018-09-29 3:57,,0.016377049,7.91E-07,3:57,5,180929,0,
2018-09-29 3:58,,0.016377049,7.91E-07,3:58,5,180929,0,
2018-09-29 3:59,,0.016377049,7.91E-07,3:59,5,180929,0,
2018-09-29 4:00,,0.016377049,7.91E-07,4:00,5,180929,0,
2018-09-29 4:01,,0.016377049,7.91E-07,4:01,5,180929,0,
2018-09-29 4:02,,0.016377049,7.91E-07,4:02,5,180929,0,
2018-09-29 4:03,,0.016377049,7.91E-07,4:03,5,180929,0,
2018-09-29 4:04,,0.016377049,7.91E-07,4:04,5,180929,0,
2018-09-29 4:05,,0.016377049,7.91E-07,4:05,5,180929,0,
2018-09-29 4:06,,0.016377049,7.91E-07,4:06,5,180929,0,
2018-09-29 4:07,,0.016377049,7.91E-07,4:07,5,180929,0,
2018-09-29 4:08,,0.016377049,7.91E-07,4:08,5,180929,0,
2018-09-29 4:09,,0.016377049,7.91E-07,4:09,5,180929,0,
2018-09-29 4:10,,0.016377049,7.91E-07,4:10,5,180929,0,
2018-09-29 4:11,,0.016377049,7.91E-07,4:11,5,180929,0,
2018-09-29 4:12,,0.016377049,7.91E-07,4:12,5,180929,0,
2018-09-29 4:13,,0.016377049,7.91E-07,4:13,5,180929,0,
2018-09-29 4:14,,0.016377049,7.91E-07,4:14,5,180929,0,
2018-09-29 4:15,,0.016377049,7.91E-07,4:15,5,180929,0,
2018-09-29 4:16,,0.016377049,7.91E-07,4:16,5,180929,0,
2018-09-29 4:17,,0.016377049,7.91E-07,4:17,5,180929,0,
2018-09-29 4:18,,0.016377049,7.91E-07,4:18,5,180929,0,
2018-09-29 4:19,,0.016377049,7.91E-07,4:19,5,180929,0,
2018-09-29 4:20,,0.016377049,7.91E-07,4:20,5,180929,0,
2018-09-29 4:21,,0.016377049,7.91E-07,4:21,5,180929,0,
2018-09-29 4:22,,0.016377049,7.91E-07,4:22,5,180929,0,
2018-09-29 4:23,,0.016377049,7.91E-07,4:23,5,180929,0,
2018-09-29 4:24,,0.016377049,7.91E-07,4:24,5,180929,0,
2018-09-29 4:25,0.999,0.016377049,7.91E-07,4:25,5,180929,0,
2018-09-29 4:26,,0.016129032,0.000175376,4:26,5,180929,0,
2018-09-29 4:27,,0.016129032,7.91E-07,4:27,5,180929,0,
2018-09-29 4:28,,0.016129032,7.91E-07,4:28,5,180929,0,
2018-09-29 4:29,,0.016129032,7.91E-07,4:29,5,180929,0,
2018-09-29 4:30,,0.016129032,7.91E-07,4:30,5,180929,0,
2018-09-29 4:31,,0.016129032,7.91E-07,4:31,5,180929,0,
2018-09-29 4:32,,0.016129032,7.91E-07,4:32,5,180929,0,
2018-09-29 4:33,,0.016129032,7.91E-07,4:33,5,180929,0,
2018-09-29 4:34,,0.016129032,7.91E-07,4:34,5,180929,0,
2018-09-29 4:35,,0.016129032,7.91E-07,4:35,5,180929,0,
2018-09-29 4:36,,0.016129032,7.91E-07,4:36,5,180929,0,
2018-09-29 4:37,,0.016129032,7.91E-07,4:37,5,180929,0,
2018-09-29 4:38,,0.016129032,7.91E-07,4:38,5,180929,0,
2018-09-29 4:39,,0.016129032,7.91E-07,4:39,5,180929,0,
2018-09-29 4:40,,0.016129032,7.91E-07,4:40,5,180929,0,
2018-09-29 4:41,,0.016129032,7.91E-07,4:41,5,180929,0,
2018-09-29 4:42,,0.016129032,7.91E-07,4:42,5,180929,0,
2018-09-29 4:43,,0.016129032,7.91E-07,4:43,5,180929,0,
2018-09-29 4:44,,0.016129032,7.91E-07,4:44,5,180929,0,
2018-09-29 4:45,,0.016129032,7.91E-07,4:45,5,180929,0,
2018-09-29 4:46,,0.016129032,7.91E-07,4:46,5,180929,0,
2018-09-29 4:47,,0.016129032,7.91E-07,4:47,5,180929,0,
2018-09-29 4:48,,0.016129032,7.91E-07,4:48,5,180929,0,
2018-09-29 4:49,,0.016129032,7.91E-07,4:49,5,180929,0,
2018-09-29 4:50,,0.016129032,7.91E-07,4:50,5,180929,0,
2018-09-29 4:51,,0.016129032,7.91E-07,4:51,5,180929,0,
2018-09-29 4:52,,0.016129032,7.91E-07,4:52,5,180929,0,
2018-09-29 4:53,,0.016129032,7.91E-07,4:53,5,180929,0,
2018-09-29 4:54,,0.016129032,7.91E-07,4:54,5,180929,0,
2018-09-29 4:55,,0.016129032,7.91E-07,4:55,5,180929,0,
2018-09-29 4:56,,0.016129032,7.91E-07,4:56,5,180929,0,
2018-09-29 4:57,,0.016129032,7.91E-07,4:57,5,180929,0,
2018-09-29 4:58,,0.016129032,7.91E-07,4:58,5,180929,0,
2018-09-29 4:59,,0.016129032,7.91E-07,4:59,5,180929,0,
2018-09-29 5:00,,0.016129032,7.91E-07,5:00,5,180929,0,
2018-09-29 5:01,,0.016129032,7.91E-07,5:01,5,180929,0,
2018-09-29 5:02,,0.016129032,7.91E-07,5:02,5,180929,0,
2018-09-29 5:03,,0.016129032,7.91E-07,5:03,5,180929,0,
2018-09-29 5:04,,0.016129032,7.91E-07,5:04,5,180929,0,
2018-09-29 5:05,,0.016129032,7.91E-07,5:05,5,180929,0,
2018-09-29 5:06,,0.016129032,7.91E-07,5:06,5,180929,0,
2018-09-29 5:07,,0.016129032,7.91E-07,5:07,5,180929,0,
2018-09-29 5:08,,0.016129032,7.91E-07,5:08,5,180929,0,
2018-09-29 5:09,,0.016129032,7.91E-07,5:09,5,180929,0,
2018-09-29 5:10,,0.016129032,7.91E-07,5:10,5,180929,0,
2018-09-29 5:11,,0.016129032,7.91E-07,5:11,5,180929,0,
2018-09-29 5:12,,0.016129032,7.91E-07,5:12,5,180929,0,
2018-09-29 5:13,,0.016129032,7.91E-07,5:13,5,180929,0,
2018-09-29 5:14,,0.016129032,7.91E-07,5:14,5,180929,0,
2018-09-29 5:15,,0.016129032,7.91E-07,5:15,5,180929,0,
2018-09-29 5:16,,0.016129032,7.91E-07,5:16,5,180929,0,
2018-09-29 5:17,,0.016129032,7.91E-07,5:17,5,180929,0,
2018-09-29 5:18,,0.016129032,7.91E-07,5:18,5,180929,0,
2018-09-29 5:19,,0.016129032,7.91E-07,5:19,5,180929,0,
2018-09-29 5:20,,0.016129032,7.91E-07,5:20,5,180929,0,
2018-09-29 5:21,,0.016129032,7.91E-07,5:21,5,180929,0,
2018-09-29 5:22,,0.016129032,7.91E-07,5:22,5,180929,0,
2018-09-29 5:23,,0.016129032,7.91E-07,5:23,5,180929,0,
2018-09-29 5:24,,0.016129032,7.91E-07,5:24,5,180929,0,
2018-09-29 5:25,,0.016129032,7.91E-07,5:25,5,180929,0,
2018-09-29 5:26,,0.016129032,7.91E-07,5:26,5,180929,0,
2018-09-29 5:27,1,0.016129032,7.91E-07,5:27,5,180929,0,
2018-09-29 5:28,,0.016129032,7.91E-07,5:28,5,180929,0,
2018-09-29 5:29,,0.016129032,7.91E-07,5:29,5,180929,0,
2018-09-29 5:30,,0.016129032,7.91E-07,5:30,5,180929,0,
2018-09-29 5:31,,0.016129032,7.91E-07,5:31,5,180929,0,
2018-09-29 5:32,,0.016129032,7.91E-07,5:32,5,180929,0,
2018-09-29 5:33,,0.016129032,7.91E-07,5:33,5,180929,0,
2018-09-29 5:34,,0.016129032,7.91E-07,5:34,5,180929,0,
2018-09-29 5:35,,0.016129032,7.91E-07,5:35,5,180929,0,
2018-09-29 5:36,,0.016129032,7.91E-07,5:36,5,180929,0,
2018-09-29 5:37,,0.016129032,7.91E-07,5:37,5,180929,0,
2018-09-29 5:38,,0.016129032,7.91E-07,5:38,5,180929,0,
2018-09-29 5:39,,0.016129032,7.91E-07,5:39,5,180929,0,
2018-09-29 5:40,,0.016129032,7.91E-07,5:40,5,180929,0,
2018-09-29 5:41,,0.016129032,7.91E-07,5:41,5,180929,0,
2018-09-29 5:42,,0.016129032,7.91E-07,5:42,5,180929,0,
2018-09-29 5:43,,0.016129032,7.91E-07,5:43,5,180929,0,
2018-09-29 5:44,,0.016129032,7.91E-07,5:44,5,180929,0,
2018-09-29 5:45,,0.016129032,7.91E-07,5:45,5,180929,0,
2018-09-29 5:46,,0.016129032,7.91E-07,5:46,5,180929,0,
2018-09-29 5:47,,0.016129032,7.91E-07,5:47,5,180929,0,
2018-09-29 5:48,,0.016129032,7.91E-07,5:48,5,180929,0,
2018-09-29 5:49,,0.016129032,7.91E-07,5:49,5,180929,0,
2018-09-29 5:50,,0.016129032,7.91E-07,5:50,5,180929,0,
2018-09-29 5:51,,0.016129032,7.91E-07,5:51,5,180929,0,
2018-09-29 5:52,,0.016129032,7.91E-07,5:52,5,180929,0,
2018-09-29 5:53,,0.016129032,7.91E-07,5:53,5,180929,0,
2018-09-29 5:54,,0.016129032,7.91E-07,5:54,5,180929,0,
2018-09-29 5:55,,0.016129032,7.91E-07,5:55,5,180929,0,
2018-09-29 5:56,,0.016129032,7.91E-07,5:56,5,180929,0,
2018-09-29 5:57,,0.016129032,7.91E-07,5:57,5,180929,0,
2018-09-29 5:58,,0.016129032,7.91E-07,5:58,5,180929,0,
2018-09-29 5:59,,0.016129032,7.91E-07,5:59,5,180929,0,
2018-09-29 6:00,,0.016129032,7.91E-07,6:00,5,180929,0,
2018-09-29 6:01,,0.016129032,7.91E-07,6:01,5,180929,0,
2018-09-29 6:02,,0.016129032,7.91E-07,6:02,5,180929,0,
2018-09-29 6:03,,0.016129032,7.91E-07,6:03,5,180929,0,
2018-09-29 6:04,,0.016129032,7.91E-07,6:04,5,180929,0,
2018-09-29 6:05,,0.016129032,7.91E-07,6:05,5,180929,0,
2018-09-29 6:06,,0.016129032,7.91E-07,6:06,5,180929,0,
2018-09-29 6:07,,0.016129032,7.91E-07,6:07,5,180929,0,
2018-09-29 6:08,,0.016129032,7.91E-07,6:08,5,180929,0,
2018-09-29 6:09,,0.016129032,7.91E-07,6:09,5,180929,0,
2018-09-29 6:10,,0.016129032,7.91E-07,6:10,5,180929,0,
2018-09-29 6:11,,0.016129032,7.91E-07,6:11,5,180929,0,
2018-09-29 6:12,,0.016129032,7.91E-07,6:12,5,180929,0,
2018-09-29 6:13,,0.016129032,7.91E-07,6:13,5,180929,0,
2018-09-29 6:14,,0.016129032,7.91E-07,6:14,5,180929,0,
2018-09-29 6:15,,0.016129032,7.91E-07,6:15,5,180929,0,
2018-09-29 6:16,,0.016129032,7.91E-07,6:16,5,180929,0,
2018-09-29 6:17,,0.016129032,7.91E-07,6:17,5,180929,0,
2018-09-29 6:18,,0.016129032,7.91E-07,6:18,5,180929,0,
2018-09-29 6:19,,0.016129032,7.91E-07,6:19,5,180929,0,
2018-09-29 6:20,,0.016129032,7.91E-07,6:20,5,180929,0,
2018-09-29 6:21,,0.016129032,7.91E-07,6:21,5,180929,0,
2018-09-29 6:22,,0.016129032,7.91E-07,6:22,5,180929,0,
2018-09-29 6:23,,0.016129032,7.91E-07,6:23,5,180929,0,
2018-09-29 6:24,,0.016129032,7.91E-07,6:24,5,180929,0,
2018-09-29 6:25,,0.016129032,7.91E-07,6:25,5,180929,0,
2018-09-29 6:26,,0.016129032,7.91E-07,6:26,5,180929,0,
2018-09-29 6:27,,0.016129032,7.91E-07,6:27,5,180929,0,
2018-09-29 6:28,,0.016129032,7.91E-07,6:28,5,180929,0,
2018-09-29 6:29,1,0.016129032,7.91E-07,6:29,5,180929,0,
2018-09-29 6:30,,0.016112903,1.14E-05,6:30,5,180929,0,
2018-09-29 6:31,,0.016112903,7.91E-07,6:31,5,180929,0,
2018-09-29 6:32,,0.016112903,7.91E-07,6:32,5,180929,0,
2018-09-29 6:33,,0.016112903,7.91E-07,6:33,5,180929,0,
2018-09-29 6:34,,0.016112903,7.91E-07,6:34,5,180929,0,
2018-09-29 6:35,,0.016112903,7.91E-07,6:35,5,180929,0,
2018-09-29 6:36,,0.016112903,7.91E-07,6:36,5,180929,0,
2018-09-29 6:37,,0.016112903,7.91E-07,6:37,5,180929,0,
2018-09-29 6:38,,0.016112903,7.91E-07,6:38,5,180929,0,
2018-09-29 6:39,,0.016112903,7.91E-07,6:39,5,180929,0,
2018-09-29 6:40,,0.016112903,7.91E-07,6:40,5,180929,0,
2018-09-29 6:41,,0.016112903,7.91E-07,6:41,5,180929,0,
2018-09-29 6:42,,0.016112903,7.91E-07,6:42,5,180929,0,
2018-09-29 6:43,,0.016112903,7.91E-07,6:43,5,180929,0,
2018-09-29 6:44,,0.016112903,7.91E-07,6:44,5,180929,0,
2018-09-29 6:45,,0.016112903,7.91E-07,6:45,5,180929,0,
2018-09-29 6:46,,0.016112903,7.91E-07,6:46,5,180929,0,
2018-09-29 6:47,,0.016112903,7.91E-07,6:47,5,180929,0,
2018-09-29 6:48,,0.016112903,7.91E-07,6:48,5,180929,0,
2018-09-29 6:49,,0.016112903,7.91E-07,6:49,5,180929,0,
2018-09-29 6:50,,0.016112903,7.91E-07,6:50,5,180929,0,
2018-09-29 6:51,,0.016112903,7.91E-07,6:51,5,180929,0,
2018-09-29 6:52,,0.016112903,7.91E-07,6:52,5,180929,0,
2018-09-29 6:53,,0.016112903,7.91E-07,6:53,5,180929,0,
2018-09-29 6:54,,0.016112903,7.91E-07,6:54,5,180929,0,
2018-09-29 6:55,,0.016112903,7.91E-07,6:55,5,180929,0,
2018-09-29 6:56,,0.016112903,7.91E-07,6:56,5,180929,0,
2018-09-29 6:57,,0.016112903,7.91E-07,6:57,5,180929,0,
2018-09-29 6:58,,0.016112903,7.91E-07,6:58,5,180929,0,
2018-09-29 6:59,,0.016112903,7.91E-07,6:59,5,180929,0,
2018-09-29 7:00,,0.016112903,7.91E-07,7:00,5,180929,0,
2018-09-29 7:01,,0.016112903,7.91E-07,7:01,5,180929,0,
2018-09-29 7:02,,0.016112903,7.91E-07,7:02,5,180929,0,
2018-09-29 7:03,,0.016112903,7.91E-07,7:03,5,180929,0,
2018-09-29 7:04,,0.016112903,7.91E-07,7:04,5,180929,0,
2018-09-29 7:05,,0.016112903,7.91E-07,7:05,5,180929,0,
2018-09-29 7:06,,0.016112903,7.91E-07,7:06,5,180929,0,
2018-09-29 7:07,,0.016112903,7.91E-07,7:07,5,180929,0,
2018-09-29 7:08,,0.016112903,7.91E-07,7:08,5,180929,0,
2018-09-29 7:09,,0.016112903,7.91E-07,7:09,5,180929,0,
2018-09-29 7:10,,0.016112903,7.91E-07,7:10,5,180929,0,
2018-09-29 7:11,,0.016112903,7.91E-07,7:11,5,180929,0,
2018-09-29 7:12,,0.016112903,7.91E-07,7:12,5,180929,0,
2018-09-29 7:13,,0.016112903,7.91E-07,7:13,5,180929,0,
2018-09-29 7:14,,0.016112903,7.91E-07,7:14,5,180929,0,
2018-09-29 7:15,,0.016112903,7.91E-07,7:15,5,180929,0,
2018-09-29 7:16,,0.016112903,7.91E-07,7:16,5,180929,0,
2018-09-29 7:17,,0.016112903,7.91E-07,7:17,5,180929,0,
2018-09-29 7:18,,0.016112903,7.91E-07,7:18,5,180929,0,
2018-09-29 7:19,,0.016112903,7.91E-07,7:19,5,180929,0,
2018-09-29 7:20,,0.016112903,7.91E-07,7:20,5,180929,0,
2018-09-29 7:21,,0.016112903,7.91E-07,7:21,5,180929,0,
2018-09-29 7:22,,0.016112903,7.91E-07,7:22,5,180929,0,
2018-09-29 7:23,,0.016112903,7.91E-07,7:23,5,180929,0,
2018-09-29 7:24,,0.016112903,7.91E-07,7:24,5,180929,0,
2018-09-29 7:25,,0.016112903,7.91E-07,7:25,5,180929,0,
2018-09-29 7:26,,0.016112903,7.91E-07,7:26,5,180929,0,
2018-09-29 7:27,,0.016112903,7.91E-07,7:27,5,180929,0,
2018-09-29 7:28,,0.016112903,7.91E-07,7:28,5,180929,0,
2018-09-29 7:29,,0.016112903,7.91E-07,7:29,5,180929,0,
2018-09-29 7:30,,0.016112903,7.91E-07,7:30,5,180929,0,
2018-09-29 7:31,0.999,0.016112903,7.91E-07,7:31,5,180929,0,
2018-09-29 7:32,,0.016129032,1.14E-05,7:32,5,180929,0,
2018-09-29 7:33,,0.016129032,7.91E-07,7:33,5,180929,0,
2018-09-29 7:34,,0.016129032,7.91E-07,7:34,5,180929,0,
2018-09-29 7:35,,0.016129032,7.91E-07,7:35,5,180929,0,
2018-09-29 7:36,,0.016129032,7.91E-07,7:36,5,180929,0,
2018-09-29 7:37,,0.016129032,7.91E-07,7:37,5,180929,0,
2018-09-29 7:38,,0.016129032,7.91E-07,7:38,5,180929,0,
2018-09-29 7:39,,0.016129032,7.91E-07,7:39,5,180929,0,
2018-09-29 7:40,,0.016129032,7.91E-07,7:40,5,180929,0,
2018-09-29 7:41,,0.016129032,7.91E-07,7:41,5,180929,0,
2018-09-29 7:42,,0.016129032,7.91E-07,7:42,5,180929,0,
2018-09-29 7:43,,0.016129032,7.91E-07,7:43,5,180929,0,
2018-09-29 7:44,,0.016129032,7.91E-07,7:44,5,180929,0,
2018-09-29 7:45,,0.016129032,7.91E-07,7:45,5,180929,0,
2018-09-29 7:46,,0.016129032,7.91E-07,7:46,5,180929,0,
2018-09-29 7:47,,0.016129032,7.91E-07,7:47,5,180929,0,
2018-09-29 7:48,,0.016129032,7.91E-07,7:48,5,180929,0,
2018-09-29 7:49,,0.016129032,7.91E-07,7:49,5,180929,0,
2018-09-29 7:50,,0.016129032,7.91E-07,7:50,5,180929,0,
2018-09-29 7:51,,0.016129032,7.91E-07,7:51,5,180929,0,
2018-09-29 7:52,,0.016129032,7.91E-07,7:52,5,180929,0,
2018-09-29 7:53,,0.016129032,7.91E-07,7:53,5,180929,0,
2018-09-29 7:54,,0.016129032,7.91E-07,7:54,5,180929,0,
2018-09-29 7:55,,0.016129032,7.91E-07,7:55,5,180929,0,
2018-09-29 7:56,,0.016129032,7.91E-07,7:56,5,180929,0,
2018-09-29 7:57,,0.016129032,7.91E-07,7:57,5,180929,0,
2018-09-29 7:58,,0.016129032,7.91E-07,7:58,5,180929,0,
2018-09-29 7:59,,0.016129032,7.91E-07,7:59,5,180929,0,
2018-09-29 8:00,,0.016129032,7.91E-07,8:00,5,180929,0,
2018-09-29 8:01,,0.016129032,7.91E-07,8:01,5,180929,0,
2018-09-29 8:02,,0.016129032,7.91E-07,8:02,5,180929,0,
2018-09-29 8:03,,0.016129032,7.91E-07,8:03,5,180929,0,
2018-09-29 8:04,,0.016129032,7.91E-07,8:04,5,180929,0,
2018-09-29 8:05,,0.016129032,7.91E-07,8:05,5,180929,0,
2018-09-29 8:06,,0.016129032,7.91E-07,8:06,5,180929,0,
2018-09-29 8:07,,0.016129032,7.91E-07,8:07,5,180929,0,
2018-09-29 8:08,,0.016129032,7.91E-07,8:08,5,180929,0,
2018-09-29 8:09,,0.016129032,7.91E-07,8:09,5,180929,0,
2018-09-29 8:10,,0.016129032,7.91E-07,8:10,5,180929,0,
2018-09-29 8:11,,0.016129032,7.91E-07,8:11,5,180929,0,
2018-09-29 8:12,,0.016129032,7.91E-07,8:12,5,180929,0,
2018-09-29 8:13,,0.016129032,7.91E-07,8:13,5,180929,0,
2018-09-29 8:14,,0.016129032,7.91E-07,8:14,5,180929,0,
2018-09-29 8:15,,0.016129032,7.91E-07,8:15,5,180929,0,
2018-09-29 8:16,,0.016129032,7.91E-07,8:16,5,180929,0,
2018-09-29 8:17,,0.016129032,7.91E-07,8:17,5,180929,0,
2018-09-29 8:18,,0.016129032,7.91E-07,8:18,5,180929,0,
2018-09-29 8:19,,0.016129032,7.91E-07,8:19,5,180929,0,
2018-09-29 8:20,,0.016129032,7.91E-07,8:20,5,180929,0,
2018-09-29 8:21,,0.016129032,7.91E-07,8:21,5,180929,0,
2018-09-29 8:22,,0.016129032,7.91E-07,8:22,5,180929,0,
2018-09-29 8:23,,0.016129032,7.91E-07,8:23,5,180929,0,
2018-09-29 8:24,,0.016129032,7.91E-07,8:24,5,180929,0,
2018-09-29 8:25,,0.016129032,7.91E-07,8:25,5,180929,0,
2018-09-29 8:26,,0.016129032,7.91E-07,8:26,5,180929,0,
2018-09-29 8:27,,0.016129032,7.91E-07,8:27,5,180929,0,
2018-09-29 8:28,,0.016129032,7.91E-07,8:28,5,180929,0,
2018-09-29 8:29,,0.016129032,7.91E-07,8:29,5,180929,0,
2018-09-29 8:30,,0.016129032,7.91E-07,8:30,5,180929,0,
2018-09-29 8:31,,0.016129032,7.91E-07,8:31,5,180929,0,
2018-09-29 8:32,,0.016129032,7.91E-07,8:32,5,180929,0,
2018-09-29 8:33,1,0.016129032,7.91E-07,8:33,5,180929,0,
2018-09-29 8:34,,0.016112903,1.14E-05,8:34,5,180929,0,
2018-09-29 8:35,,0.016112903,7.91E-07,8:35,5,180929,0,
2018-09-29 8:36,,0.016112903,7.91E-07,8:36,5,180929,0,
2018-09-29 8:37,,0.016112903,7.91E-07,8:37,5,180929,0,
2018-09-29 8:38,,0.016112903,7.91E-07,8:38,5,180929,0,
2018-09-29 8:39,,0.016112903,7.91E-07,8:39,5,180929,0,
2018-09-29 8:40,,0.016112903,7.91E-07,8:40,5,180929,0,
2018-09-29 8:41,,0.016112903,7.91E-07,8:41,5,180929,0,
2018-09-29 8:42,,0.016112903,7.91E-07,8:42,5,180929,0,
2018-09-29 8:43,,0.016112903,7.91E-07,8:43,5,180929,0,
2018-09-29 8:44,,0.016112903,7.91E-07,8:44,5,180929,0,
2018-09-29 8:45,,0.016112903,7.91E-07,8:45,5,180929,0,
2018-09-29 8:46,,0.016112903,7.91E-07,8:46,5,180929,0,
2018-09-29 8:47,,0.016112903,7.91E-07,8:47,5,180929,0,
2018-09-29 8:48,,0.016112903,7.91E-07,8:48,5,180929,0,
2018-09-29 8:49,,0.016112903,7.91E-07,8:49,5,180929,0,
2018-09-29 8:50,,0.016112903,7.91E-07,8:50,5,180929,0,
2018-09-29 8:51,,0.016112903,7.91E-07,8:51,5,180929,0,
2018-09-29 8:52,,0.016112903,7.91E-07,8:52,5,180929,0,
2018-09-29 8:53,,0.016112903,7.91E-07,8:53,5,180929,0,
2018-09-29 8:54,,0.016112903,7.91E-07,8:54,5,180929,0,
2018-09-29 8:55,,0.016112903,7.91E-07,8:55,5,180929,0,
2018-09-29 8:56,,0.016112903,7.91E-07,8:56,5,180929,0,
2018-09-29 8:57,,0.016112903,7.91E-07,8:57,5,180929,0,
2018-09-29 8:58,,0.016112903,7.91E-07,8:58,5,180929,0,
2018-09-29 8:59,,0.016112903,7.91E-07,8:59,5,180929,0,
2018-09-29 9:00,,0.016112903,7.91E-07,9:00,5,180929,0,
2018-09-29 9:01,,0.016112903,7.91E-07,9:01,5,180929,0,
2018-09-29 9:02,,0.016112903,7.91E-07,9:02,5,180929,0,
2018-09-29 9:03,,0.016112903,7.91E-07,9:03,5,180929,0,
2018-09-29 9:04,,0.016112903,7.91E-07,9:04,5,180929,0,
2018-09-29 9:05,,0.016112903,7.91E-07,9:05,5,180929,0,
2018-09-29 9:06,,0.016112903,7.91E-07,9:06,5,180929,0,
2018-09-29 9:07,,0.016112903,7.91E-07,9:07,5,180929,0,
2018-09-29 9:08,,0.016112903,7.91E-07,9:08,5,180929,0,
2018-09-29 9:09,,0.016112903,7.91E-07,9:09,5,180929,0,
2018-09-29 9:10,,0.016112903,7.91E-07,9:10,5,180929,0,
2018-09-29 9:11,,0.016112903,7.91E-07,9:11,5,180929,0,
2018-09-29 9:12,,0.016112903,7.91E-07,9:12,5,180929,0,
2018-09-29 9:13,,0.016112903,7.91E-07,9:13,5,180929,0,
2018-09-29 9:14,,0.016112903,7.91E-07,9:14,5,180929,0,
2018-09-29 9:15,,0.016112903,7.91E-07,9:15,5,180929,0,
2018-09-29 9:16,,0.016112903,7.91E-07,9:16,5,180929,0,
2018-09-29 9:17,,0.016112903,7.91E-07,9:17,5,180929,0,
2018-09-29 9:18,,0.016112903,7.91E-07,9:18,5,180929,0,
2018-09-29 9:19,,0.016112903,7.91E-07,9:19,5,180929,0,
2018-09-29 9:20,,0.016112903,7.91E-07,9:20,5,180929,0,
2018-09-29 9:21,,0.016112903,7.91E-07,9:21,5,180929,0,
2018-09-29 9:22,,0.016112903,7.91E-07,9:22,5,180929,0,
2018-09-29 9:23,,0.016112903,7.91E-07,9:23,5,180929,0,
2018-09-29 9:24,,0.016112903,7.91E-07,9:24,5,180929,0,
2018-09-29 9:25,,0.016112903,7.91E-07,9:25,5,180929,0,
2018-09-29 9:26,,0.016112903,7.91E-07,9:26,5,180929,0,
2018-09-29 9:27,,0.016112903,7.91E-07,9:27,5,180929,0,
2018-09-29 9:28,,0.016112903,7.91E-07,9:28,5,180929,0,
2018-09-29 9:29,,0.016112903,7.91E-07,9:29,5,180929,0,
2018-09-29 9:30,,0.016112903,7.91E-07,9:30,5,180929,0,
2018-09-29 9:31,,0.016112903,7.91E-07,9:31,5,180929,0,
2018-09-29 9:32,,0.016112903,7.91E-07,9:32,5,180929,0,
2018-09-29 9:33,,0.016112903,7.91E-07,9:33,5,180929,0,
2018-09-29 9:34,,0.016112903,7.91E-07,9:34,5,180929,0,
2018-09-29 9:35,0.999,0.016112903,7.91E-07,9:35,5,180929,0,
2018-09-29 9:36,,0.016129032,1.14E-05,9:36,5,180929,0,
2018-09-29 9:37,,0.016129032,7.91E-07,9:37,5,180929,0,
2018-09-29 9:38,,0.016129032,7.91E-07,9:38,5,180929,0,
2018-09-29 9:39,,0.016129032,7.91E-07,9:39,5,180929,0,
2018-09-29 9:40,,0.016129032,7.91E-07,9:40,5,180929,0,
2018-09-29 9:41,,0.016129032,7.91E-07,9:41,5,180929,0,
2018-09-29 9:42,,0.016129032,7.91E-07,9:42,5,180929,0,
2018-09-29 9:43,,0.016129032,7.91E-07,9:43,5,180929,0,
2018-09-29 9:44,,0.016129032,7.91E-07,9:44,5,180929,0,
2018-09-29 9:45,,0.016129032,7.91E-07,9:45,5,180929,0,
2018-09-29 9:46,,0.016129032,7.91E-07,9:46,5,180929,0,
2018-09-29 9:47,,0.016129032,7.91E-07,9:47,5,180929,0,
2018-09-29 9:48,,0.016129032,7.91E-07,9:48,5,180929,0,
2018-09-29 9:49,,0.016129032,7.91E-07,9:49,5,180929,0,
2018-09-29 9:50,,0.016129032,7.91E-07,9:50,5,180929,0,
2018-09-29 9:51,,0.016129032,7.91E-07,9:51,5,180929,0,
2018-09-29 9:52,,0.016129032,7.91E-07,9:52,5,180929,0,
2018-09-29 9:53,,0.016129032,7.91E-07,9:53,5,180929,0,
2018-09-29 9:54,,0.016129032,7.91E-07,9:54,5,180929,0,
2018-09-29 9:55,,0.016129032,7.91E-07,9:55,5,180929,0,
2018-09-29 9:56,,0.016129032,7.91E-07,9:56,5,180929,0,
2018-09-29 9:57,,0.016129032,7.91E-07,9:57,5,180929,0,
2018-09-29 9:58,,0.016129032,7.91E-07,9:58,5,180929,0,
2018-09-29 9:59,,0.016129032,7.91E-07,9:59,5,180929,0,
2018-09-29 10:00,,0.016129032,7.91E-07,10:00,5,180929,0,
2018-09-29 10:01,,0.016129032,7.91E-07,10:01,5,180929,0,
2018-09-29 10:02,,0.016129032,7.91E-07,10:02,5,180929,0,
2018-09-29 10:03,,0.016129032,7.91E-07,10:03,5,180929,0,
2018-09-29 10:04,,0.016129032,7.91E-07,10:04,5,180929,0,
2018-09-29 10:05,,0.016129032,7.91E-07,10:05,5,180929,0,
2018-09-29 10:06,,0.016129032,7.91E-07,10:06,5,180929,0,
2018-09-29 10:07,,0.016129032,7.91E-07,10:07,5,180929,0,
2018-09-29 10:08,,0.016129032,7.91E-07,10:08,5,180929,0,
2018-09-29 10:09,,0.016129032,7.91E-07,10:09,5,180929,0,
2018-09-29 10:10,,0.016129032,7.91E-07,10:10,5,180929,0,
2018-09-29 10:11,,0.016129032,7.91E-07,10:11,5,180929,0,
2018-09-29 10:12,,0.016129032,7.91E-07,10:12,5,180929,0,
2018-09-29 10:13,,0.016129032,7.91E-07,10:13,5,180929,0,
2018-09-29 10:14,,0.016129032,7.91E-07,10:14,5,180929,0,
2018-09-29 10:15,,0.016129032,7.91E-07,10:15,5,180929,0,
2018-09-29 10:16,,0.016129032,7.91E-07,10:16,5,180929,0,
2018-09-29 10:17,,0.016129032,7.91E-07,10:17,5,180929,0,
2018-09-29 10:18,,0.016129032,7.91E-07,10:18,5,180929,0,
2018-09-29 10:19,,0.016129032,7.91E-07,10:19,5,180929,0,
2018-09-29 10:20,,0.016129032,7.91E-07,10:20,5,180929,0,
2018-09-29 10:21,,0.016129032,7.91E-07,10:21,5,180929,0,
2018-09-29 10:22,,0.016129032,7.91E-07,10:22,5,180929,0,
2018-09-29 10:23,,0.016129032,7.91E-07,10:23,5,180929,0,
2018-09-29 10:24,,0.016129032,7.91E-07,10:24,5,180929,0,
2018-09-29 10:25,,0.016129032,7.91E-07,10:25,5,180929,0,
2018-09-29 10:26,,0.016129032,7.91E-07,10:26,5,180929,0,
2018-09-29 10:27,,0.016129032,7.91E-07,10:27,5,180929,0,
2018-09-29 10:28,,0.016129032,7.91E-07,10:28,5,180929,0,
2018-09-29 10:29,,0.016129032,7.91E-07,10:29,5,180929,0,
2018-09-29 10:30,,0.016129032,7.91E-07,10:30,5,180929,0,
2018-09-29 10:31,,0.016129032,7.91E-07,10:31,5,180929,0,
2018-09-29 10:32,,0.016129032,7.91E-07,10:32,5,180929,0,
2018-09-29 10:33,,0.016129032,7.91E-07,10:33,5,180929,0,
2018-09-29 10:34,,0.016129032,7.91E-07,10:34,5,180929,0,
2018-09-29 10:35,,0.016129032,7.91E-07,10:35,5,180929,0,
2018-09-29 10:36,,0.016129032,7.91E-07,10:36,5,180929,0,
2018-09-29 10:37,1,0.016129032,7.91E-07,10:37,5,180929,0,
2018-09-29 10:38,,0.016112903,1.14E-05,10:38,5,180929,0,
2018-09-29 10:39,,0.016112903,7.91E-07,10:39,5,180929,0,
2018-09-29 10:40,,0.016112903,7.91E-07,10:40,5,180929,0,
2018-09-29 10:41,,0.016112903,7.91E-07,10:41,5,180929,0,
2018-09-29 10:42,,0.016112903,7.91E-07,10:42,5,180929,0,
2018-09-29 10:43,,0.016112903,7.91E-07,10:43,5,180929,0,
2018-09-29 10:44,,0.016112903,7.91E-07,10:44,5,180929,0,
2018-09-29 10:45,,0.016112903,7.91E-07,10:45,5,180929,0,
2018-09-29 10:46,,0.016112903,7.91E-07,10:46,5,180929,0,
2018-09-29 10:47,,0.016112903,7.91E-07,10:47,5,180929,0,
2018-09-29 10:48,,0.016112903,7.91E-07,10:48,5,180929,0,
2018-09-29 10:49,,0.016112903,7.91E-07,10:49,5,180929,0,
2018-09-29 10:50,,0.016112903,7.91E-07,10:50,5,180929,0,
2018-09-29 10:51,,0.016112903,7.91E-07,10:51,5,180929,0,
2018-09-29 10:52,,0.016112903,7.91E-07,10:52,5,180929,0,
2018-09-29 10:53,,0.016112903,7.91E-07,10:53,5,180929,0,
2018-09-29 10:54,,0.016112903,7.91E-07,10:54,5,180929,0,
2018-09-29 10:55,,0.016112903,7.91E-07,10:55,5,180929,0,
2018-09-29 10:56,,0.016112903,7.91E-07,10:56,5,180929,0,
2018-09-29 10:57,,0.016112903,7.91E-07,10:57,5,180929,0,
2018-09-29 10:58,,0.016112903,7.91E-07,10:58,5,180929,0,
2018-09-29 10:59,,0.016112903,7.91E-07,10:59,5,180929,0,
2018-09-29 11:00,,0.016112903,7.91E-07,11:00,5,180929,0,
2018-09-29 11:01,,0.016112903,7.91E-07,11:01,5,180929,0,
2018-09-29 11:02,,0.016112903,7.91E-07,11:02,5,180929,0,
2018-09-29 11:03,,0.016112903,7.91E-07,11:03,5,180929,0,
2018-09-29 11:04,,0.016112903,7.91E-07,11:04,5,180929,0,
2018-09-29 11:05,,0.016112903,7.91E-07,11:05,5,180929,0,
2018-09-29 11:06,,0.016112903,7.91E-07,11:06,5,180929,0,
2018-09-29 11:07,,0.016112903,7.91E-07,11:07,5,180929,0,
2018-09-29 11:08,,0.016112903,7.91E-07,11:08,5,180929,0,
2018-09-29 11:09,,0.016112903,7.91E-07,11:09,5,180929,0,
2018-09-29 11:10,,0.016112903,7.91E-07,11:10,5,180929,0,
2018-09-29 11:11,,0.016112903,7.91E-07,11:11,5,180929,0,
2018-09-29 11:12,,0.016112903,7.91E-07,11:12,5,180929,0,
2018-09-29 11:13,,0.016112903,7.91E-07,11:13,5,180929,0,
2018-09-29 11:14,,0.016112903,7.91E-07,11:14,5,180929,0,
2018-09-29 11:15,,0.016112903,7.91E-07,11:15,5,180929,0,
2018-09-29 11:16,,0.016112903,7.91E-07,11:16,5,180929,0,
2018-09-29 11:17,,0.016112903,7.91E-07,11:17,5,180929,0,
2018-09-29 11:18,,0.016112903,7.91E-07,11:18,5,180929,0,
2018-09-29 11:19,,0.016112903,7.91E-07,11:19,5,180929,0,
2018-09-29 11:20,,0.016112903,7.91E-07,11:20,5,180929,0,
2018-09-29 11:21,,0.016112903,7.91E-07,11:21,5,180929,0,
2018-09-29 11:22,,0.016112903,7.91E-07,11:22,5,180929,0,
2018-09-29 11:23,,0.016112903,7.91E-07,11:23,5,180929,0,
2018-09-29 11:24,,0.016112903,7.91E-07,11:24,5,180929,0,
2018-09-29 11:25,,0.016112903,7.91E-07,11:25,5,180929,0,
2018-09-29 11:26,,0.016112903,7.91E-07,11:26,5,180929,0,
2018-09-29 11:27,,0.016112903,7.91E-07,11:27,5,180929,0,
2018-09-29 11:28,,0.016112903,7.91E-07,11:28,5,180929,0,
2018-09-29 11:29,,0.016112903,7.91E-07,11:29,5,180929,0,
2018-09-29 11:30,,0.016112903,7.91E-07,11:30,5,180929,0,
2018-09-29 11:31,,0.016112903,7.91E-07,11:31,5,180929,0,
2018-09-29 11:32,,0.016112903,7.91E-07,11:32,5,180929,0,
2018-09-29 11:33,,0.016112903,7.91E-07,11:33,5,180929,0,
2018-09-29 11:34,,0.016112903,7.91E-07,11:34,5,180929,0,
2018-09-29 11:35,,0.016112903,7.91E-07,11:35,5,180929,0,
2018-09-29 11:36,,0.016112903,7.91E-07,11:36,5,180929,0,
2018-09-29 11:37,,0.016112903,7.91E-07,11:37,5,180929,0,
2018-09-29 11:38,,0.016112903,7.91E-07,11:38,5,180929,0,
2018-09-29 11:39,0.999,0.016112903,7.91E-07,11:39,5,180929,0,
2018-09-29 11:40,,0.016393443,0.000198373,11:40,5,180929,0,
2018-09-29 11:41,,0.016393443,7.91E-07,11:41,5,180929,0,
2018-09-29 11:42,,0.016393443,7.91E-07,11:42,5,180929,0,
2018-09-29 11:43,,0.016393443,7.91E-07,11:43,5,180929,0,
2018-09-29 11:44,,0.016393443,7.91E-07,11:44,5,180929,0,
2018-09-29 11:45,,0.016393443,7.91E-07,11:45,5,180929,0,
2018-09-29 11:46,,0.016393443,7.91E-07,11:46,5,180929,0,
2018-09-29 11:47,,0.016393443,7.91E-07,11:47,5,180929,0,
2018-09-29 11:48,,0.016393443,7.91E-07,11:48,5,180929,0,
2018-09-29 11:49,,0.016393443,7.91E-07,11:49,5,180929,0,
2018-09-29 11:50,,0.016393443,7.91E-07,11:50,5,180929,0,
2018-09-29 11:51,,0.016393443,7.91E-07,11:51,5,180929,0,
2018-09-29 11:52,,0.016393443,7.91E-07,11:52,5,180929,0,
2018-09-29 11:53,,0.016393443,7.91E-07,11:53,5,180929,0,
2018-09-29 11:54,,0.016393443,7.91E-07,11:54,5,180929,0,
2018-09-29 11:55,,0.016393443,7.91E-07,11:55,5,180929,0,
2018-09-29 11:56,,0.016393443,7.91E-07,11:56,5,180929,0,
2018-09-29 11:57,,0.016393443,7.91E-07,11:57,5,180929,0,
2018-09-29 11:58,,0.016393443,7.91E-07,11:58,5,180929,0,
2018-09-29 11:59,,0.016393443,7.91E-07,11:59,5,180929,0,
2018-09-29 12:00,,0.016393443,7.91E-07,12:00,5,180929,0,
2018-09-29 12:01,,0.016393443,7.91E-07,12:01,5,180929,0,
2018-09-29 12:02,,0.016393443,7.91E-07,12:02,5,180929,0,
2018-09-29 12:03,,0.016393443,7.91E-07,12:03,5,180929,0,
2018-09-29 12:04,,0.016393443,7.91E-07,12:04,5,180929,0,
2018-09-29 12:05,,0.016393443,7.91E-07,12:05,5,180929,0,
2018-09-29 12:06,,0.016393443,7.91E-07,12:06,5,180929,0,
2018-09-29 12:07,,0.016393443,7.91E-07,12:07,5,180929,0,
2018-09-29 12:08,,0.016393443,7.91E-07,12:08,5,180929,0,
2018-09-29 12:09,,0.016393443,7.91E-07,12:09,5,180929,0,
2018-09-29 12:10,,0.016393443,7.91E-07,12:10,5,180929,0,
2018-09-29 12:11,,0.016393443,7.91E-07,12:11,5,180929,0,
2018-09-29 12:12,,0.016393443,7.91E-07,12:12,5,180929,0,
2018-09-29 12:13,,0.016393443,7.91E-07,12:13,5,180929,0,
2018-09-29 12:14,,0.016393443,7.91E-07,12:14,5,180929,0,
2018-09-29 12:15,,0.016393443,7.91E-07,12:15,5,180929,0,
2018-09-29 12:16,,0.016393443,7.91E-07,12:16,5,180929,0,
2018-09-29 12:17,,0.016393443,7.91E-07,12:17,5,180929,0,
2018-09-29 12:18,,0.016393443,7.91E-07,12:18,5,180929,0,
2018-09-29 12:19,,0.016393443,7.91E-07,12:19,5,180929,0,
2018-09-29 12:20,,0.016393443,7.91E-07,12:20,5,180929,0,
2018-09-29 12:21,,0.016393443,7.91E-07,12:21,5,180929,0,
2018-09-29 12:22,,0.016393443,7.91E-07,12:22,5,180929,0,
2018-09-29 12:23,,0.016393443,7.91E-07,12:23,5,180929,0,
2018-09-29 12:24,,0.016393443,7.91E-07,12:24,5,180929,0,
2018-09-29 12:25,,0.016393443,7.91E-07,12:25,5,180929,0,
2018-09-29 12:26,,0.016393443,7.91E-07,12:26,5,180929,0,
2018-09-29 12:27,,0.016393443,7.91E-07,12:27,5,180929,0,
2018-09-29 12:28,,0.016393443,7.91E-07,12:28,5,180929,0,
2018-09-29 12:29,,0.016393443,7.91E-07,12:29,5,180929,0,
2018-09-29 12:30,,0.016393443,7.91E-07,12:30,5,180929,0,
2018-09-29 12:31,,0.016393443,7.91E-07,12:31,5,180929,0,
2018-09-29 12:32,,0.016393443,7.91E-07,12:32,5,180929,0,
2018-09-29 12:33,,0.016393443,7.91E-07,12:33,5,180929,0,
2018-09-29 12:34,,0.016393443,7.91E-07,12:34,5,180929,0,
2018-09-29 12:35,,0.016393443,7.91E-07,12:35,5,180929,0,
2018-09-29 12:36,,0.016393443,7.91E-07,12:36,5,180929,0,
2018-09-29 12:37,,0.016393443,7.91E-07,12:37,5,180929,0,
2018-09-29 12:38,,0.016393443,7.91E-07,12:38,5,180929,0,
2018-09-29 12:39,,0.016393443,7.91E-07,12:39,5,180929,0,
2018-09-29 12:40,1,0.016393443,7.91E-07,12:40,5,180929,0,
2018-09-29 12:41,,0.016129032,0.000186968,12:41,5,180929,0,
2018-09-29 12:42,,0.016129032,7.91E-07,12:42,5,180929,0,
2018-09-29 12:43,,0.016129032,7.91E-07,12:43,5,180929,0,
2018-09-29 12:44,,0.016129032,7.91E-07,12:44,5,180929,0,
2018-09-29 12:45,,0.016129032,7.91E-07,12:45,5,180929,0,
2018-09-29 12:46,,0.016129032,7.91E-07,12:46,5,180929,0,
2018-09-29 12:47,,0.016129032,7.91E-07,12:47,5,180929,0,
2018-09-29 12:48,,0.016129032,7.91E-07,12:48,5,180929,0,
2018-09-29 12:49,,0.016129032,7.91E-07,12:49,5,180929,0,
2018-09-29 12:50,,0.016129032,7.91E-07,12:50,5,180929,0,
2018-09-29 12:51,,0.016129032,7.91E-07,12:51,5,180929,0,
2018-09-29 12:52,,0.016129032,7.91E-07,12:52,5,180929,0,
2018-09-29 12:53,,0.016129032,7.91E-07,12:53,5,180929,0,
2018-09-29 12:54,,0.016129032,7.91E-07,12:54,5,180929,0,
2018-09-29 12:55,,0.016129032,7.91E-07,12:55,5,180929,0,
2018-09-29 12:56,,0.016129032,7.91E-07,12:56,5,180929,0,
2018-09-29 12:57,,0.016129032,7.91E-07,12:57,5,180929,0,
2018-09-29 12:58,,0.016129032,7.91E-07,12:58,5,180929,0,
2018-09-29 12:59,,0.016129032,7.91E-07,12:59,5,180929,0,
2018-09-29 13:00,,0.016129032,7.91E-07,13:00,5,180929,0,
2018-09-29 13:01,,0.016129032,7.91E-07,13:01,5,180929,0,
2018-09-29 13:02,,0.016129032,7.91E-07,13:02,5,180929,0,
2018-09-29 13:03,,0.016129032,7.91E-07,13:03,5,180929,0,
2018-09-29 13:04,,0.016129032,7.91E-07,13:04,5,180929,0,
2018-09-29 13:05,,0.016129032,7.91E-07,13:05,5,180929,0,
2018-09-29 13:06,,0.016129032,7.91E-07,13:06,5,180929,0,
2018-09-29 13:07,,0.016129032,7.91E-07,13:07,5,180929,0,
2018-09-29 13:08,,0.016129032,7.91E-07,13:08,5,180929,0,
2018-09-29 13:09,,0.016129032,7.91E-07,13:09,5,180929,0,
2018-09-29 13:10,,0.016129032,7.91E-07,13:10,5,180929,0,
2018-09-29 13:11,,0.016129032,7.91E-07,13:11,5,180929,0,
2018-09-29 13:12,,0.016129032,7.91E-07,13:12,5,180929,0,
2018-09-29 13:13,,0.016129032,7.91E-07,13:13,5,180929,0,
2018-09-29 13:14,,0.016129032,7.91E-07,13:14,5,180929,0,
2018-09-29 13:15,,0.016129032,7.91E-07,13:15,5,180929,0,
2018-09-29 13:16,,0.016129032,7.91E-07,13:16,5,180929,0,
2018-09-29 13:17,,0.016129032,7.91E-07,13:17,5,180929,0,
2018-09-29 13:18,,0.016129032,7.91E-07,13:18,5,180929,0,
2018-09-29 13:19,,0.016129032,7.91E-07,13:19,5,180929,0,
2018-09-29 13:20,,0.016129032,7.91E-07,13:20,5,180929,0,
2018-09-29 13:21,,0.016129032,7.91E-07,13:21,5,180929,0,
2018-09-29 13:22,,0.016129032,7.91E-07,13:22,5,180929,0,
2018-09-29 13:23,,0.016129032,7.91E-07,13:23,5,180929,0,
2018-09-29 13:24,,0.016129032,7.91E-07,13:24,5,180929,0,
2018-09-29 13:25,,0.016129032,7.91E-07,13:25,5,180929,0,
2018-09-29 13:26,,0.016129032,7.91E-07,13:26,5,180929,0,
2018-09-29 13:27,,0.016129032,7.91E-07,13:27,5,180929,0,
2018-09-29 13:28,,0.016129032,7.91E-07,13:28,5,180929,0,
2018-09-29 13:29,,0.016129032,7.91E-07,13:29,5,180929,0,
2018-09-29 13:30,,0.016129032,7.91E-07,13:30,5,180929,0,
2018-09-29 13:31,,0.016129032,7.91E-07,13:31,5,180929,0,
2018-09-29 13:32,,0.016129032,7.91E-07,13:32,5,180929,0,
2018-09-29 13:33,,0.016129032,7.91E-07,13:33,5,180929,0,
2018-09-29 13:34,,0.016129032,7.91E-07,13:34,5,180929,0,
2018-09-29 13:35,,0.016129032,7.91E-07,13:35,5,180929,0,
2018-09-29 13:36,,0.016129032,7.91E-07,13:36,5,180929,0,
2018-09-29 13:37,,0.016129032,7.91E-07,13:37,5,180929,0,
2018-09-29 13:38,,0.016129032,7.91E-07,13:38,5,180929,0,
2018-09-29 13:39,,0.016129032,7.91E-07,13:39,5,180929,0,
2018-09-29 13:40,,0.016129032,7.91E-07,13:40,5,180929,0,
2018-09-29 13:41,,0.016129032,7.91E-07,13:41,5,180929,0,
2018-09-29 13:42,1,0.016129032,7.91E-07,13:42,5,180929,0,
2018-09-29 13:43,,0.016112903,1.14E-05,13:43,5,180929,0,
2018-09-29 13:44,,0.016112903,7.91E-07,13:44,5,180929,0,
2018-09-29 13:45,,0.016112903,7.91E-07,13:45,5,180929,0,
2018-09-29 13:46,,0.016112903,7.91E-07,13:46,5,180929,0,
2018-09-29 13:47,,0.016112903,7.91E-07,13:47,5,180929,0,
2018-09-29 13:48,,0.016112903,7.91E-07,13:48,5,180929,0,
2018-09-29 13:49,,0.016112903,7.91E-07,13:49,5,180929,0,
2018-09-29 13:50,,0.016112903,7.91E-07,13:50,5,180929,0,
2018-09-29 13:51,,0.016112903,7.91E-07,13:51,5,180929,0,
2018-09-29 13:52,,0.016112903,7.91E-07,13:52,5,180929,0,
2018-09-29 13:53,,0.016112903,7.91E-07,13:53,5,180929,0,
2018-09-29 13:54,,0.016112903,7.91E-07,13:54,5,180929,0,
2018-09-29 13:55,,0.016112903,7.91E-07,13:55,5,180929,0,
2018-09-29 13:56,,0.016112903,7.91E-07,13:56,5,180929,0,
2018-09-29 13:57,,0.016112903,7.91E-07,13:57,5,180929,0,
2018-09-29 13:58,,0.016112903,7.91E-07,13:58,5,180929,0,
2018-09-29 13:59,,0.016112903,7.91E-07,13:59,5,180929,0,
2018-09-29 14:00,,0.016112903,7.91E-07,14:00,5,180929,0,
2018-09-29 14:01,,0.016112903,7.91E-07,14:01,5,180929,0,
2018-09-29 14:02,,0.016112903,7.91E-07,14:02,5,180929,0,
2018-09-29 14:03,,0.016112903,7.91E-07,14:03,5,180929,0,
2018-09-29 14:04,,0.016112903,7.91E-07,14:04,5,180929,0,
2018-09-29 14:05,,0.016112903,7.91E-07,14:05,5,180929,0,
2018-09-29 14:06,,0.016112903,7.91E-07,14:06,5,180929,0,
2018-09-29 14:07,,0.016112903,7.91E-07,14:07,5,180929,0,
2018-09-29 14:08,,0.016112903,7.91E-07,14:08,5,180929,0,
2018-09-29 14:09,,0.016112903,7.91E-07,14:09,5,180929,0,
2018-09-29 14:10,,0.016112903,7.91E-07,14:10,5,180929,0,
2018-09-29 14:11,,0.016112903,7.91E-07,14:11,5,180929,0,
2018-09-29 14:12,,0.016112903,7.91E-07,14:12,5,180929,0,
2018-09-29 14:13,,0.016112903,7.91E-07,14:13,5,180929,0,
2018-09-29 14:14,,0.016112903,7.91E-07,14:14,5,180929,0,
2018-09-29 14:15,,0.016112903,7.91E-07,14:15,5,180929,0,
2018-09-29 14:16,,0.016112903,7.91E-07,14:16,5,180929,0,
2018-09-29 14:17,,0.016112903,7.91E-07,14:17,5,180929,0,
2018-09-29 14:18,,0.016112903,7.91E-07,14:18,5,180929,0,
2018-09-29 14:19,,0.016112903,7.91E-07,14:19,5,180929,0,
2018-09-29 14:20,,0.016112903,7.91E-07,14:20,5,180929,0,
2018-09-29 14:21,,0.016112903,7.91E-07,14:21,5,180929,0,
2018-09-29 14:22,,0.016112903,7.91E-07,14:22,5,180929,0,
2018-09-29 14:23,,0.016112903,7.91E-07,14:23,5,180929,0,
2018-09-29 14:24,,0.016112903,7.91E-07,14:24,5,180929,0,
2018-09-29 14:25,,0.016112903,7.91E-07,14:25,5,180929,0,
2018-09-29 14:26,,0.016112903,7.91E-07,14:26,5,180929,0,
2018-09-29 14:27,,0.016112903,7.91E-07,14:27,5,180929,0,
2018-09-29 14:28,,0.016112903,7.91E-07,14:28,5,180929,0,
2018-09-29 14:29,,0.016112903,7.91E-07,14:29,5,180929,0,
2018-09-29 14:30,,0.016112903,7.91E-07,14:30,5,180929,0,
2018-09-29 14:31,,0.016112903,7.91E-07,14:31,5,180929,0,
2018-09-29 14:32,,0.016112903,7.91E-07,14:32,5,180929,0,
2018-09-29 14:33,,0.016112903,7.91E-07,14:33,5,180929,0,
2018-09-29 14:34,,0.016112903,7.91E-07,14:34,5,180929,0,
2018-09-29 14:35,,0.016112903,7.91E-07,14:35,5,180929,0,
2018-09-29 14:36,,0.016112903,7.91E-07,14:36,5,180929,0,
2018-09-29 14:37,,0.016112903,7.91E-07,14:37,5,180929,0,
2018-09-29 14:38,,0.016112903,7.91E-07,14:38,5,180929,0,
2018-09-29 14:39,,0.016112903,7.91E-07,14:39,5,180929,0,
2018-09-29 14:40,,0.016112903,7.91E-07,14:40,5,180929,0,
2018-09-29 14:41,,0.016112903,7.91E-07,14:41,5,180929,0,
2018-09-29 14:42,,0.016112903,7.91E-07,14:42,5,180929,0,
2018-09-29 14:43,,0.016112903,7.91E-07,14:43,5,180929,0,
2018-09-29 14:44,0.999,0.016112903,7.91E-07,14:44,5,180929,0,
2018-09-29 14:45,,0.016129032,1.14E-05,14:45,5,180929,0,
2018-09-29 14:46,,0.016129032,7.91E-07,14:46,5,180929,0,
2018-09-29 14:47,,0.016129032,7.91E-07,14:47,5,180929,0,
2018-09-29 14:48,,0.016129032,7.91E-07,14:48,5,180929,0,
2018-09-29 14:49,,0.016129032,7.91E-07,14:49,5,180929,0,
2018-09-29 14:50,,0.016129032,7.91E-07,14:50,5,180929,0,
2018-09-29 14:51,,0.016129032,7.91E-07,14:51,5,180929,0,
2018-09-29 14:52,,0.016129032,7.91E-07,14:52,5,180929,0,
2018-09-29 14:53,,0.016129032,7.91E-07,14:53,5,180929,0,
2018-09-29 14:54,,0.016129032,7.91E-07,14:54,5,180929,0,
2018-09-29 14:55,,0.016129032,7.91E-07,14:55,5,180929,0,
2018-09-29 14:56,,0.016129032,7.91E-07,14:56,5,180929,0,
2018-09-29 14:57,,0.016129032,7.91E-07,14:57,5,180929,0,
2018-09-29 14:58,,0.016129032,7.91E-07,14:58,5,180929,0,
2018-09-29 14:59,,0.016129032,7.91E-07,14:59,5,180929,0,
2018-09-29 15:00,,0.016129032,7.91E-07,15:00,5,180929,0,
2018-09-29 15:01,,0.016129032,7.91E-07,15:01,5,180929,0,
2018-09-29 15:02,,0.016129032,7.91E-07,15:02,5,180929,0,
2018-09-29 15:03,,0.016129032,7.91E-07,15:03,5,180929,0,
2018-09-29 15:04,,0.016129032,7.91E-07,15:04,5,180929,0,
2018-09-29 15:05,,0.016129032,7.91E-07,15:05,5,180929,0,
2018-09-29 15:06,,0.016129032,7.91E-07,15:06,5,180929,0,
2018-09-29 15:07,,0.016129032,7.91E-07,15:07,5,180929,0,
2018-09-29 15:08,,0.016129032,7.91E-07,15:08,5,180929,0,
2018-09-29 15:09,,0.016129032,7.91E-07,15:09,5,180929,0,
2018-09-29 15:10,,0.016129032,7.91E-07,15:10,5,180929,0,
2018-09-29 15:11,,0.016129032,7.91E-07,15:11,5,180929,0,
2018-09-29 15:12,,0.016129032,7.91E-07,15:12,5,180929,0,
2018-09-29 15:13,,0.016129032,7.91E-07,15:13,5,180929,0,
2018-09-29 15:14,,0.016129032,7.91E-07,15:14,5,180929,0,
2018-09-29 15:15,,0.016129032,7.91E-07,15:15,5,180929,0,
2018-09-29 15:16,,0.016129032,7.91E-07,15:16,5,180929,0,
2018-09-29 15:17,,0.016129032,7.91E-07,15:17,5,180929,0,
2018-09-29 15:18,,0.016129032,7.91E-07,15:18,5,180929,0,
2018-09-29 15:19,,0.016129032,7.91E-07,15:19,5,180929,0,
2018-09-29 15:20,,0.016129032,7.91E-07,15:20,5,180929,0,
2018-09-29 15:21,,0.016129032,7.91E-07,15:21,5,180929,0,
2018-09-29 15:22,,0.016129032,7.91E-07,15:22,5,180929,0,
2018-09-29 15:23,,0.016129032,7.91E-07,15:23,5,180929,0,
2018-09-29 15:24,,0.016129032,7.91E-07,15:24,5,180929,0,
2018-09-29 15:25,,0.016129032,7.91E-07,15:25,5,180929,0,
2018-09-29 15:26,,0.016129032,7.91E-07,15:26,5,180929,0,
2018-09-29 15:27,,0.016129032,7.91E-07,15:27,5,180929,0,
2018-09-29 15:28,,0.016129032,7.91E-07,15:28,5,180929,0,
2018-09-29 15:29,,0.016129032,7.91E-07,15:29,5,180929,0,
2018-09-29 15:30,,0.016129032,7.91E-07,15:30,5,180929,0,
2018-09-29 15:31,,0.016129032,7.91E-07,15:31,5,180929,0,
2018-09-29 15:32,,0.016129032,7.91E-07,15:32,5,180929,0,
2018-09-29 15:33,,0.016129032,7.91E-07,15:33,5,180929,0,
2018-09-29 15:34,,0.016129032,7.91E-07,15:34,5,180929,0,
2018-09-29 15:35,,0.016129032,7.91E-07,15:35,5,180929,0,
2018-09-29 15:36,,0.016129032,7.91E-07,15:36,5,180929,0,
2018-09-29 15:37,,0.016129032,7.91E-07,15:37,5,180929,0,
2018-09-29 15:38,,0.016129032,7.91E-07,15:38,5,180929,0,
2018-09-29 15:39,,0.016129032,7.91E-07,15:39,5,180929,0,
2018-09-29 15:40,,0.016129032,7.91E-07,15:40,5,180929,0,
2018-09-29 15:41,,0.016129032,7.91E-07,15:41,5,180929,0,
2018-09-29 15:42,,0.016129032,7.91E-07,15:42,5,180929,0,
2018-09-29 15:43,,0.016129032,7.91E-07,15:43,5,180929,0,
2018-09-29 15:44,,0.016129032,7.91E-07,15:44,5,180929,0,
2018-09-29 15:45,,0.016129032,7.91E-07,15:45,5,180929,0,
2018-09-29 15:46,1,0.016129032,7.91E-07,15:46,5,180929,0,
2018-09-29 15:47,,0.016112903,1.14E-05,15:47,5,180929,0,
2018-09-29 15:48,,0.016112903,7.91E-07,15:48,5,180929,0,
2018-09-29 15:49,,0.016112903,7.91E-07,15:49,5,180929,0,
2018-09-29 15:50,,0.016112903,7.91E-07,15:50,5,180929,0,
2018-09-29 15:51,,0.016112903,7.91E-07,15:51,5,180929,0,
2018-09-29 15:52,,0.016112903,7.91E-07,15:52,5,180929,0,
2018-09-29 15:53,,0.016112903,7.91E-07,15:53,5,180929,0,
2018-09-29 15:54,,0.016112903,7.91E-07,15:54,5,180929,0,
2018-09-29 15:55,,0.016112903,7.91E-07,15:55,5,180929,0,
2018-09-29 15:56,,0.016112903,7.91E-07,15:56,5,180929,0,
2018-09-29 15:57,,0.016112903,7.91E-07,15:57,5,180929,0,
2018-09-29 15:58,,0.016112903,7.91E-07,15:58,5,180929,0,
2018-09-29 15:59,,0.016112903,7.91E-07,15:59,5,180929,0,
2018-09-29 16:00,,0.016112903,7.91E-07,16:00,5,180929,0,
2018-09-29 16:01,,0.016112903,7.91E-07,16:01,5,180929,0,
2018-09-29 16:02,,0.016112903,7.91E-07,16:02,5,180929,0,
2018-09-29 16:03,,0.016112903,7.91E-07,16:03,5,180929,0,
2018-09-29 16:04,,0.016112903,7.91E-07,16:04,5,180929,0,
2018-09-29 16:05,,0.016112903,7.91E-07,16:05,5,180929,0,
2018-09-29 16:06,,0.016112903,7.91E-07,16:06,5,180929,0,
2018-09-29 16:07,,0.016112903,7.91E-07,16:07,5,180929,0,
2018-09-29 16:08,,0.016112903,7.91E-07,16:08,5,180929,0,
2018-09-29 16:09,,0.016112903,7.91E-07,16:09,5,180929,0,
2018-09-29 16:10,,0.016112903,7.91E-07,16:10,5,180929,0,
2018-09-29 16:11,,0.016112903,7.91E-07,16:11,5,180929,0,
2018-09-29 16:12,,0.016112903,7.91E-07,16:12,5,180929,0,
2018-09-29 16:13,,0.016112903,7.91E-07,16:13,5,180929,0,
2018-09-29 16:14,,0.016112903,7.91E-07,16:14,5,180929,0,
2018-09-29 16:15,,0.016112903,7.91E-07,16:15,5,180929,0,
2018-09-29 16:16,,0.016112903,7.91E-07,16:16,5,180929,0,
2018-09-29 16:17,,0.016112903,7.91E-07,16:17,5,180929,0,
2018-09-29 16:18,,0.016112903,7.91E-07,16:18,5,180929,0,
2018-09-29 16:19,,0.016112903,7.91E-07,16:19,5,180929,0,
2018-09-29 16:20,,0.016112903,7.91E-07,16:20,5,180929,0,
2018-09-29 16:21,,0.016112903,7.91E-07,16:21,5,180929,0,
2018-09-29 16:22,,0.016112903,7.91E-07,16:22,5,180929,0,
2018-09-29 16:23,,0.016112903,7.91E-07,16:23,5,180929,0,
2018-09-29 16:24,,0.016112903,7.91E-07,16:24,5,180929,0,
2018-09-29 16:25,,0.016112903,7.91E-07,16:25,5,180929,0,
2018-09-29 16:26,,0.016112903,7.91E-07,16:26,5,180929,0,
2018-09-29 16:27,,0.016112903,7.91E-07,16:27,5,180929,0,
2018-09-29 16:28,,0.016112903,7.91E-07,16:28,5,180929,0,
2018-09-29 16:29,,0.016112903,7.91E-07,16:29,5,180929,0,
2018-09-29 16:30,,0.016112903,7.91E-07,16:30,5,180929,0,
2018-09-29 16:31,,0.016112903,7.91E-07,16:31,5,180929,0,
2018-09-29 16:32,,0.016112903,7.91E-07,16:32,5,180929,0,
2018-09-29 16:33,,0.016112903,7.91E-07,16:33,5,180929,0,
2018-09-29 16:34,,0.016112903,7.91E-07,16:34,5,180929,0,
2018-09-29 16:35,,0.016112903,7.91E-07,16:35,5,180929,0,
2018-09-29 16:36,,0.016112903,7.91E-07,16:36,5,180929,0,
2018-09-29 16:37,,0.016112903,7.91E-07,16:37,5,180929,0,
2018-09-29 16:38,,0.016112903,7.91E-07,16:38,5,180929,0,
2018-09-29 16:39,,0.016112903,7.91E-07,16:39,5,180929,0,
2018-09-29 16:40,,0.016112903,7.91E-07,16:40,5,180929,0,
2018-09-29 16:41,,0.016112903,7.91E-07,16:41,5,180929,0,
2018-09-29 16:42,,0.016112903,7.91E-07,16:42,5,180929,0,
2018-09-29 16:43,,0.016112903,7.91E-07,16:43,5,180929,0,
2018-09-29 16:44,,0.016112903,7.91E-07,16:44,5,180929,0,
2018-09-29 16:45,,0.016112903,7.91E-07,16:45,5,180929,0,
2018-09-29 16:46,,0.016112903,7.91E-07,16:46,5,180929,0,
2018-09-29 16:47,,0.016112903,7.91E-07,16:47,5,180929,0,
2018-09-29 16:48,0.999,0.016112903,7.91E-07,16:48,5,180929,0,
2018-09-29 16:49,,0.016393443,0.000198373,16:49,5,180929,0,
2018-09-29 16:50,,0.016393443,7.91E-07,16:50,5,180929,0,
2018-09-29 16:51,,0.016393443,7.91E-07,16:51,5,180929,0,
2018-09-29 16:52,,0.016393443,7.91E-07,16:52,5,180929,0,
2018-09-29 16:53,,0.016393443,7.91E-07,16:53,5,180929,0,
2018-09-29 16:54,,0.016393443,7.91E-07,16:54,5,180929,0,
2018-09-29 16:55,,0.016393443,7.91E-07,16:55,5,180929,0,
2018-09-29 16:56,,0.016393443,7.91E-07,16:56,5,180929,0,
2018-09-29 16:57,,0.016393443,7.91E-07,16:57,5,180929,0,
2018-09-29 16:58,,0.016393443,7.91E-07,16:58,5,180929,0,
2018-09-29 16:59,,0.016393443,7.91E-07,16:59,5,180929,0,
2018-09-29 17:00,,0.016393443,7.91E-07,17:00,5,180929,0,
2018-09-29 17:01,,0.016393443,7.91E-07,17:01,5,180929,0,
2018-09-29 17:02,,0.016393443,7.91E-07,17:02,5,180929,0,
2018-09-29 17:03,,0.016393443,7.91E-07,17:03,5,180929,0,
2018-09-29 17:04,,0.016393443,7.91E-07,17:04,5,180929,0,
2018-09-29 17:05,,0.016393443,7.91E-07,17:05,5,180929,0,
2018-09-29 17:06,,0.016393443,7.91E-07,17:06,5,180929,0,
2018-09-29 17:07,,0.016393443,7.91E-07,17:07,5,180929,0,
2018-09-29 17:08,,0.016393443,7.91E-07,17:08,5,180929,0,
2018-09-29 17:09,,0.016393443,7.91E-07,17:09,5,180929,0,
2018-09-29 17:10,,0.016393443,7.91E-07,17:10,5,180929,0,
2018-09-29 17:11,,0.016393443,7.91E-07,17:11,5,180929,0,
2018-09-29 17:12,,0.016393443,7.91E-07,17:12,5,180929,0,
2018-09-29 17:13,,0.016393443,7.91E-07,17:13,5,180929,0,
2018-09-29 17:14,,0.016393443,7.91E-07,17:14,5,180929,0,
2018-09-29 17:15,,0.016393443,7.91E-07,17:15,5,180929,0,
2018-09-29 17:16,,0.016393443,7.91E-07,17:16,5,180929,0,
2018-09-29 17:17,,0.016393443,7.91E-07,17:17,5,180929,0,
2018-09-29 17:18,,0.016393443,7.91E-07,17:18,5,180929,0,
2018-09-29 17:19,,0.016393443,7.91E-07,17:19,5,180929,0,
2018-09-29 17:20,,0.016393443,7.91E-07,17:20,5,180929,0,
2018-09-29 17:21,,0.016393443,7.91E-07,17:21,5,180929,0,
2018-09-29 17:22,,0.016393443,7.91E-07,17:22,5,180929,0,
2018-09-29 17:23,,0.016393443,7.91E-07,17:23,5,180929,0,
2018-09-29 17:24,,0.016393443,7.91E-07,17:24,5,180929,0,
2018-09-29 17:25,,0.016393443,7.91E-07,17:25,5,180929,0,
2018-09-29 17:26,,0.016393443,7.91E-07,17:26,5,180929,0,
2018-09-29 17:27,,0.016393443,7.91E-07,17:27,5,180929,0,
2018-09-29 17:28,,0.016393443,7.91E-07,17:28,5,180929,0,
2018-09-29 17:29,,0.016393443,7.91E-07,17:29,5,180929,0,
2018-09-29 17:30,,0.016393443,7.91E-07,17:30,5,180929,0,
2018-09-29 17:31,,0.016393443,7.91E-07,17:31,5,180929,0,
2018-09-29 17:32,,0.016393443,7.91E-07,17:32,5,180929,0,
2018-09-29 17:33,,0.016393443,7.91E-07,17:33,5,180929,0,
2018-09-29 17:34,,0.016393443,7.91E-07,17:34,5,180929,0,
2018-09-29 17:35,,0.016393443,7.91E-07,17:35,5,180929,0,
2018-09-29 17:36,,0.016393443,7.91E-07,17:36,5,180929,0,
2018-09-29 17:37,,0.016393443,7.91E-07,17:37,5,180929,0,
2018-09-29 17:38,,0.016393443,7.91E-07,17:38,5,180929,0,
2018-09-29 17:39,,0.016393443,7.91E-07,17:39,5,180929,0,
2018-09-29 17:40,,0.016393443,7.91E-07,17:40,5,180929,0,
2018-09-29 17:41,,0.016393443,7.91E-07,17:41,5,180929,0,
2018-09-29 17:42,,0.016393443,7.91E-07,17:42,5,180929,0,
2018-09-29 17:43,,0.016393443,7.91E-07,17:43,5,180929,0,
2018-09-29 17:44,,0.016393443,7.91E-07,17:44,5,180929,0,
2018-09-29 17:45,,0.016393443,7.91E-07,17:45,5,180929,0,
2018-09-29 17:46,,0.016393443,7.91E-07,17:46,5,180929,0,
2018-09-29 17:47,,0.016393443,7.91E-07,17:47,5,180929,0,
2018-09-29 17:48,,0.016393443,7.91E-07,17:48,5,180929,0,
2018-09-29 17:49,1,0.016393443,7.91E-07,17:49,5,180929,0,
2018-09-29 17:50,,0.016112903,0.000198373,17:50,5,180929,0,
2018-09-29 17:51,,0.016112903,7.91E-07,17:51,5,180929,0,
2018-09-29 17:52,,0.016112903,7.91E-07,17:52,5,180929,0,
2018-09-29 17:53,,0.016112903,7.91E-07,17:53,5,180929,0,
2018-09-29 17:54,,0.016112903,7.91E-07,17:54,5,180929,0,
2018-09-29 17:55,,0.016112903,7.91E-07,17:55,5,180929,0,
2018-09-29 17:56,,0.016112903,7.91E-07,17:56,5,180929,0,
2018-09-29 17:57,,0.016112903,7.91E-07,17:57,5,180929,0,
2018-09-29 17:58,,0.016112903,7.91E-07,17:58,5,180929,0,
2018-09-29 17:59,,0.016112903,7.91E-07,17:59,5,180929,0,
2018-09-29 18:00,,0.016112903,7.91E-07,18:00,5,180929,0,
2018-09-29 18:01,,0.016112903,7.91E-07,18:01,5,180929,0,
2018-09-29 18:02,,0.016112903,7.91E-07,18:02,5,180929,0,
2018-09-29 18:03,,0.016112903,7.91E-07,18:03,5,180929,0,
2018-09-29 18:04,,0.016112903,7.91E-07,18:04,5,180929,0,
2018-09-29 18:05,,0.016112903,7.91E-07,18:05,5,180929,0,
2018-09-29 18:06,,0.016112903,7.91E-07,18:06,5,180929,0,
2018-09-29 18:07,,0.016112903,7.91E-07,18:07,5,180929,0,
2018-09-29 18:08,,0.016112903,7.91E-07,18:08,5,180929,0,
2018-09-29 18:09,,0.016112903,7.91E-07,18:09,5,180929,0,
2018-09-29 18:10,,0.016112903,7.91E-07,18:10,5,180929,0,
2018-09-29 18:11,,0.016112903,7.91E-07,18:11,5,180929,0,
2018-09-29 18:12,,0.016112903,7.91E-07,18:12,5,180929,0,
2018-09-29 18:13,,0.016112903,7.91E-07,18:13,5,180929,0,
2018-09-29 18:14,,0.016112903,7.91E-07,18:14,5,180929,0,
2018-09-29 18:15,,0.016112903,7.91E-07,18:15,5,180929,0,
2018-09-29 18:16,,0.016112903,7.91E-07,18:16,5,180929,0,
2018-09-29 18:17,,0.016112903,7.91E-07,18:17,5,180929,0,
2018-09-29 18:18,,0.016112903,7.91E-07,18:18,5,180929,0,
2018-09-29 18:19,,0.016112903,7.91E-07,18:19,5,180929,0,
2018-09-29 18:20,,0.016112903,7.91E-07,18:20,5,180929,0,
2018-09-29 18:21,,0.016112903,7.91E-07,18:21,5,180929,0,
2018-09-29 18:22,,0.016112903,7.91E-07,18:22,5,180929,0,
2018-09-29 18:23,,0.016112903,7.91E-07,18:23,5,180929,0,
2018-09-29 18:24,,0.016112903,7.91E-07,18:24,5,180929,0,
2018-09-29 18:25,,0.016112903,7.91E-07,18:25,5,180929,0,
2018-09-29 18:26,,0.016112903,7.91E-07,18:26,5,180929,0,
2018-09-29 18:27,,0.016112903,7.91E-07,18:27,5,180929,0,
2018-09-29 18:28,,0.016112903,7.91E-07,18:28,5,180929,0,
2018-09-29 18:29,,0.016112903,7.91E-07,18:29,5,180929,0,
2018-09-29 18:30,,0.016112903,7.91E-07,18:30,5,180929,0,
2018-09-29 18:31,,0.016112903,7.91E-07,18:31,5,180929,0,
2018-09-29 18:32,,0.016112903,7.91E-07,18:32,5,180929,0,
2018-09-29 18:33,,0.016112903,7.91E-07,18:33,5,180929,0,
2018-09-29 18:34,,0.016112903,7.91E-07,18:34,5,180929,0,
2018-09-29 18:35,,0.016112903,7.91E-07,18:35,5,180929,0,
2018-09-29 18:36,,0.016112903,7.91E-07,18:36,5,180929,0,
2018-09-29 18:37,,0.016112903,7.91E-07,18:37,5,180929,0,
2018-09-29 18:38,,0.016112903,7.91E-07,18:38,5,180929,0,
2018-09-29 18:39,,0.016112903,7.91E-07,18:39,5,180929,0,
2018-09-29 18:40,,0.016112903,7.91E-07,18:40,5,180929,0,
2018-09-29 18:41,,0.016112903,7.91E-07,18:41,5,180929,0,
2018-09-29 18:42,,0.016112903,7.91E-07,18:42,5,180929,0,
2018-09-29 18:43,,0.016112903,7.91E-07,18:43,5,180929,0,
2018-09-29 18:44,,0.016112903,7.91E-07,18:44,5,180929,0,
2018-09-29 18:45,,0.016112903,7.91E-07,18:45,5,180929,0,
2018-09-29 18:46,,0.016112903,7.91E-07,18:46,5,180929,0,
2018-09-29 18:47,,0.016112903,7.91E-07,18:47,5,180929,0,
2018-09-29 18:48,,0.016112903,7.91E-07,18:48,5,180929,0,
2018-09-29 18:49,,0.016112903,7.91E-07,18:49,5,180929,0,
2018-09-29 18:50,,0.016112903,7.91E-07,18:50,5,180929,0,
2018-09-29 18:51,0.999,0.016112903,7.91E-07,18:51,5,180929,0,
2018-09-29 18:52,,0.016393443,0.000198373,18:52,5,180929,0,
2018-09-29 18:53,,0.016393443,7.91E-07,18:53,5,180929,0,
2018-09-29 18:54,,0.016393443,7.91E-07,18:54,5,180929,0,
2018-09-29 18:55,,0.016393443,7.91E-07,18:55,5,180929,0,
2018-09-29 18:56,,0.016393443,7.91E-07,18:56,5,180929,0,
2018-09-29 18:57,,0.016393443,7.91E-07,18:57,5,180929,0,
2018-09-29 18:58,,0.016393443,7.91E-07,18:58,5,180929,0,
2018-09-29 18:59,,0.016393443,7.91E-07,18:59,5,180929,0,
2018-09-29 19:00,,0.016393443,7.91E-07,19:00,5,180929,0,
2018-09-29 19:01,,0.016393443,7.91E-07,19:01,5,180929,0,
2018-09-29 19:02,,0.016393443,7.91E-07,19:02,5,180929,0,
2018-09-29 19:03,,0.016393443,7.91E-07,19:03,5,180929,0,
2018-09-29 19:04,,0.016393443,7.91E-07,19:04,5,180929,0,
2018-09-29 19:05,,0.016393443,7.91E-07,19:05,5,180929,0,
2018-09-29 19:06,,0.016393443,7.91E-07,19:06,5,180929,0,
2018-09-29 19:07,,0.016393443,7.91E-07,19:07,5,180929,0,
2018-09-29 19:08,,0.016393443,7.91E-07,19:08,5,180929,0,
2018-09-29 19:09,,0.016393443,7.91E-07,19:09,5,180929,0,
2018-09-29 19:10,,0.016393443,7.91E-07,19:10,5,180929,0,
2018-09-29 19:11,,0.016393443,7.91E-07,19:11,5,180929,0,
2018-09-29 19:12,,0.016393443,7.91E-07,19:12,5,180929,0,
2018-09-29 19:13,,0.016393443,7.91E-07,19:13,5,180929,0,
2018-09-29 19:14,,0.016393443,7.91E-07,19:14,5,180929,0,
2018-09-29 19:15,,0.016393443,7.91E-07,19:15,5,180929,0,
2018-09-29 19:16,,0.016393443,7.91E-07,19:16,5,180929,0,
2018-09-29 19:17,,0.016393443,7.91E-07,19:17,5,180929,0,
2018-09-29 19:18,,0.016393443,7.91E-07,19:18,5,180929,0,
2018-09-29 19:19,,0.016393443,7.91E-07,19:19,5,180929,0,
2018-09-29 19:20,,0.016393443,7.91E-07,19:20,5,180929,0,
2018-09-29 19:21,,0.016393443,7.91E-07,19:21,5,180929,0,
2018-09-29 19:22,,0.016393443,7.91E-07,19:22,5,180929,0,
2018-09-29 19:23,,0.016393443,7.91E-07,19:23,5,180929,0,
2018-09-29 19:24,,0.016393443,7.91E-07,19:24,5,180929,0,
2018-09-29 19:25,,0.016393443,7.91E-07,19:25,5,180929,0,
2018-09-29 19:26,,0.016393443,7.91E-07,19:26,5,180929,0,
2018-09-29 19:27,,0.016393443,7.91E-07,19:27,5,180929,0,
2018-09-29 19:28,,0.016393443,7.91E-07,19:28,5,180929,0,
2018-09-29 19:29,,0.016393443,7.91E-07,19:29,5,180929,0,
2018-09-29 19:30,,0.016393443,7.91E-07,19:30,5,180929,0,
2018-09-29 19:31,,0.016393443,7.91E-07,19:31,5,180929,0,
2018-09-29 19:32,,0.016393443,7.91E-07,19:32,5,180929,0,
2018-09-29 19:33,,0.016393443,7.91E-07,19:33,5,180929,0,
2018-09-29 19:34,,0.016393443,7.91E-07,19:34,5,180929,0,
2018-09-29 19:35,,0.016393443,7.91E-07,19:35,5,180929,0,
2018-09-29 19:36,,0.016393443,7.91E-07,19:36,5,180929,0,
2018-09-29 19:37,,0.016393443,7.91E-07,19:37,5,180929,0,
2018-09-29 19:38,,0.016393443,7.91E-07,19:38,5,180929,0,
2018-09-29 19:39,,0.016393443,7.91E-07,19:39,5,180929,0,
2018-09-29 19:40,,0.016393443,7.91E-07,19:40,5,180929,0,
2018-09-29 19:41,,0.016393443,7.91E-07,19:41,5,180929,0,
2018-09-29 19:42,,0.016393443,7.91E-07,19:42,5,180929,0,
2018-09-29 19:43,,0.016393443,7.91E-07,19:43,5,180929,0,
2018-09-29 19:44,,0.016393443,7.91E-07,19:44,5,180929,0,
2018-09-29 19:45,,0.016393443,7.91E-07,19:45,5,180929,0,
2018-09-29 19:46,,0.016393443,7.91E-07,19:46,5,180929,0,
2018-09-29 19:47,,0.016393443,7.91E-07,19:47,5,180929,0,
2018-09-29 19:48,,0.016393443,7.91E-07,19:48,5,180929,0,
2018-09-29 19:49,,0.016393443,7.91E-07,19:49,5,180929,0,
2018-09-29 19:50,,0.016393443,7.91E-07,19:50,5,180929,0,
2018-09-29 19:51,,0.016393443,7.91E-07,19:51,5,180929,0,
2018-09-29 19:52,1,0.016393443,7.91E-07,19:52,5,180929,0,
2018-09-29 19:53,,0.016129032,0.000186968,19:53,5,180929,0,
2018-09-29 19:54,,0.016129032,7.91E-07,19:54,5,180929,0,
2018-09-29 19:55,,0.016129032,7.91E-07,19:55,5,180929,0,
2018-09-29 19:56,,0.016129032,7.91E-07,19:56,5,180929,0,
2018-09-29 19:57,,0.016129032,7.91E-07,19:57,5,180929,0,
2018-09-29 19:58,,0.016129032,7.91E-07,19:58,5,180929,0,
2018-09-29 19:59,,0.016129032,7.91E-07,19:59,5,180929,0,
2018-09-29 20:00,,0.016129032,7.91E-07,20:00,5,180929,0,
2018-09-29 20:01,,0.016129032,7.91E-07,20:01,5,180929,0,
2018-09-29 20:02,,0.016129032,7.91E-07,20:02,5,180929,0,
2018-09-29 20:03,,0.016129032,7.91E-07,20:03,5,180929,0,
2018-09-29 20:04,,0.016129032,7.91E-07,20:04,5,180929,0,
2018-09-29 20:05,,0.016129032,7.91E-07,20:05,5,180929,0,
2018-09-29 20:06,,0.016129032,7.91E-07,20:06,5,180929,0,
2018-09-29 20:07,,0.016129032,7.91E-07,20:07,5,180929,0,
2018-09-29 20:08,,0.016129032,7.91E-07,20:08,5,180929,0,
2018-09-29 20:09,,0.016129032,7.91E-07,20:09,5,180929,0,
2018-09-29 20:10,,0.016129032,7.91E-07,20:10,5,180929,0,
2018-09-29 20:11,,0.016129032,7.91E-07,20:11,5,180929,0,
2018-09-29 20:12,,0.016129032,7.91E-07,20:12,5,180929,0,
2018-09-29 20:13,,0.016129032,7.91E-07,20:13,5,180929,0,
2018-09-29 20:14,,0.016129032,7.91E-07,20:14,5,180929,0,
2018-09-29 20:15,,0.016129032,7.91E-07,20:15,5,180929,0,
2018-09-29 20:16,,0.016129032,7.91E-07,20:16,5,180929,0,
2018-09-29 20:17,,0.016129032,7.91E-07,20:17,5,180929,0,
2018-09-29 20:18,,0.016129032,7.91E-07,20:18,5,180929,0,
2018-09-29 20:19,,0.016129032,7.91E-07,20:19,5,180929,0,
2018-09-29 20:20,,0.016129032,7.91E-07,20:20,5,180929,0,
2018-09-29 20:21,,0.016129032,7.91E-07,20:21,5,180929,0,
2018-09-29 20:22,,0.016129032,7.91E-07,20:22,5,180929,0,
2018-09-29 20:23,,0.016129032,7.91E-07,20:23,5,180929,0,
2018-09-29 20:24,,0.016129032,7.91E-07,20:24,5,180929,0,
2018-09-29 20:25,,0.016129032,7.91E-07,20:25,5,180929,0,
2018-09-29 20:26,,0.016129032,7.91E-07,20:26,5,180929,0,
2018-09-29 20:27,,0.016129032,7.91E-07,20:27,5,180929,0,
2018-09-29 20:28,,0.016129032,7.91E-07,20:28,5,180929,0,
2018-09-29 20:29,,0.016129032,7.91E-07,20:29,5,180929,0,
2018-09-29 20:30,,0.016129032,7.91E-07,20:30,5,180929,0,
2018-09-29 20:31,,0.016129032,7.91E-07,20:31,5,180929,0,
2018-09-29 20:32,,0.016129032,7.91E-07,20:32,5,180929,0,
2018-09-29 20:33,,0.016129032,7.91E-07,20:33,5,180929,0,
2018-09-29 20:34,,0.016129032,7.91E-07,20:34,5,180929,0,
2018-09-29 20:35,,0.016129032,7.91E-07,20:35,5,180929,0,
2018-09-29 20:36,,0.016129032,7.91E-07,20:36,5,180929,0,
2018-09-29 20:37,,0.016129032,7.91E-07,20:37,5,180929,0,
2018-09-29 20:38,,0.016129032,7.91E-07,20:38,5,180929,0,
2018-09-29 20:39,,0.016129032,7.91E-07,20:39,5,180929,0,
2018-09-29 20:40,,0.016129032,7.91E-07,20:40,5,180929,0,
2018-09-29 20:41,,0.016129032,7.91E-07,20:41,5,180929,0,
2018-09-29 20:42,,0.016129032,7.91E-07,20:42,5,180929,0,
2018-09-29 20:43,,0.016129032,7.91E-07,20:43,5,180929,0,
2018-09-29 20:44,,0.016129032,7.91E-07,20:44,5,180929,0,
2018-09-29 20:45,,0.016129032,7.91E-07,20:45,5,180929,0,
2018-09-29 20:46,,0.016129032,7.91E-07,20:46,5,180929,0,
2018-09-29 20:47,,0.016129032,7.91E-07,20:47,5,180929,0,
2018-09-29 20:48,,0.016129032,7.91E-07,20:48,5,180929,0,
2018-09-29 20:49,,0.016129032,7.91E-07,20:49,5,180929,0,
2018-09-29 20:50,,0.016129032,7.91E-07,20:50,5,180929,0,
2018-09-29 20:51,,0.016129032,7.91E-07,20:51,5,180929,0,
2018-09-29 20:52,,0.016129032,7.91E-07,20:52,5,180929,0,
2018-09-29 20:53,,0.016129032,7.91E-07,20:53,5,180929,0,
2018-09-29 20:54,1,0.016129032,7.91E-07,20:54,5,180929,0,
2018-09-29 20:55,,0.016377049,0.000175376,20:55,5,180929,0,
2018-09-29 20:56,,0.016377049,7.91E-07,20:56,5,180929,0,
2018-09-29 20:57,,0.016377049,7.91E-07,20:57,5,180929,0,
2018-09-29 20:58,,0.016377049,7.91E-07,20:58,5,180929,0,
2018-09-29 20:59,,0.016377049,7.91E-07,20:59,5,180929,0,
2018-09-29 21:00,,0.016377049,7.91E-07,21:00,5,180929,0,
2018-09-29 21:01,,0.016377049,7.91E-07,21:01,5,180929,0,
2018-09-29 21:02,,0.016377049,7.91E-07,21:02,5,180929,0,
2018-09-29 21:03,,0.016377049,7.91E-07,21:03,5,180929,0,
2018-09-29 21:04,,0.016377049,7.91E-07,21:04,5,180929,0,
2018-09-29 21:05,,0.016377049,7.91E-07,21:05,5,180929,0,
2018-09-29 21:06,,0.016377049,7.91E-07,21:06,5,180929,0,
2018-09-29 21:07,,0.016377049,7.91E-07,21:07,5,180929,0,
2018-09-29 21:08,,0.016377049,7.91E-07,21:08,5,180929,0,
2018-09-29 21:09,,0.016377049,7.91E-07,21:09,5,180929,0,
2018-09-29 21:10,,0.016377049,7.91E-07,21:10,5,180929,0,
2018-09-29 21:11,,0.016377049,7.91E-07,21:11,5,180929,0,
2018-09-29 21:12,,0.016377049,7.91E-07,21:12,5,180929,0,
2018-09-29 21:13,,0.016377049,7.91E-07,21:13,5,180929,0,
2018-09-29 21:14,,0.016377049,7.91E-07,21:14,5,180929,0,
2018-09-29 21:15,,0.016377049,7.91E-07,21:15,5,180929,0,
2018-09-29 21:16,,0.016377049,7.91E-07,21:16,5,180929,0,
2018-09-29 21:17,,0.016377049,7.91E-07,21:17,5,180929,0,
2018-09-29 21:18,,0.016377049,7.91E-07,21:18,5,180929,0,
2018-09-29 21:19,,0.016377049,7.91E-07,21:19,5,180929,0,
2018-09-29 21:20,,0.016377049,7.91E-07,21:20,5,180929,0,
2018-09-29 21:21,,0.016377049,7.91E-07,21:21,5,180929,0,
2018-09-29 21:22,,0.016377049,7.91E-07,21:22,5,180929,0,
2018-09-29 21:23,,0.016377049,7.91E-07,21:23,5,180929,0,
2018-09-29 21:24,,0.016377049,7.91E-07,21:24,5,180929,0,
2018-09-29 21:25,,0.016377049,7.91E-07,21:25,5,180929,0,
2018-09-29 21:26,,0.016377049,7.91E-07,21:26,5,180929,0,
2018-09-29 21:27,,0.016377049,7.91E-07,21:27,5,180929,0,
2018-09-29 21:28,,0.016377049,7.91E-07,21:28,5,180929,0,
2018-09-29 21:29,,0.016377049,7.91E-07,21:29,5,180929,0,
2018-09-29 21:30,,0.016377049,7.91E-07,21:30,5,180929,0,
2018-09-29 21:31,,0.016377049,7.91E-07,21:31,5,180929,0,
2018-09-29 21:32,,0.016377049,7.91E-07,21:32,5,180929,0,
2018-09-29 21:33,,0.016377049,7.91E-07,21:33,5,180929,0,
2018-09-29 21:34,,0.016377049,7.91E-07,21:34,5,180929,0,
2018-09-29 21:35,,0.016377049,7.91E-07,21:35,5,180929,0,
2018-09-29 21:36,,0.016377049,7.91E-07,21:36,5,180929,0,
2018-09-29 21:37,,0.016377049,7.91E-07,21:37,5,180929,0,
2018-09-29 21:38,,0.016377049,7.91E-07,21:38,5,180929,0,
2018-09-29 21:39,,0.016377049,7.91E-07,21:39,5,180929,0,
2018-09-29 21:40,,0.016377049,7.91E-07,21:40,5,180929,0,
2018-09-29 21:41,,0.016377049,7.91E-07,21:41,5,180929,0,
2018-09-29 21:42,,0.016377049,7.91E-07,21:42,5,180929,0,
2018-09-29 21:43,,0.016377049,7.91E-07,21:43,5,180929,0,
2018-09-29 21:44,,0.016377049,7.91E-07,21:44,5,180929,0,
2018-09-29 21:45,,0.016377049,7.91E-07,21:45,5,180929,0,
2018-09-29 21:46,,0.016377049,7.91E-07,21:46,5,180929,0,
2018-09-29 21:47,,0.016377049,7.91E-07,21:47,5,180929,0,
2018-09-29 21:48,,0.016377049,7.91E-07,21:48,5,180929,0,
2018-09-29 21:49,,0.016377049,7.91E-07,21:49,5,180929,0,
2018-09-29 21:50,,0.016377049,7.91E-07,21:50,5,180929,0,
2018-09-29 21:51,,0.016377049,7.91E-07,21:51,5,180929,0,
2018-09-29 21:52,,0.016377049,7.91E-07,21:52,5,180929,0,
2018-09-29 21:53,,0.016377049,7.91E-07,21:53,5,180929,0,
2018-09-29 21:54,,0.016377049,7.91E-07,21:54,5,180929,0,
2018-09-29 21:55,0.999,0.016377049,7.91E-07,21:55,5,180929,0,
2018-09-29 21:56,,0.016393443,1.16E-05,21:56,5,180929,0,
2018-09-29 21:57,,0.016393443,7.91E-07,21:57,5,180929,0,
2018-09-29 21:58,,0.016393443,7.91E-07,21:58,5,180929,0,
2018-09-29 21:59,,0.016393443,7.91E-07,21:59,5,180929,0,
2018-09-29 22:00,,0.016393443,7.91E-07,22:00,5,180929,0,
2018-09-29 22:01,,0.016393443,7.91E-07,22:01,5,180929,0,
2018-09-29 22:02,,0.016393443,7.91E-07,22:02,5,180929,0,
2018-09-29 22:03,,0.016393443,7.91E-07,22:03,5,180929,0,
2018-09-29 22:04,,0.016393443,7.91E-07,22:04,5,180929,0,
2018-09-29 22:05,,0.016393443,7.91E-07,22:05,5,180929,0,
2018-09-29 22:06,,0.016393443,7.91E-07,22:06,5,180929,0,
2018-09-29 22:07,,0.016393443,7.91E-07,22:07,5,180929,0,
2018-09-29 22:08,,0.016393443,7.91E-07,22:08,5,180929,0,
2018-09-29 22:09,,0.016393443,7.91E-07,22:09,5,180929,0,
2018-09-29 22:10,,0.016393443,7.91E-07,22:10,5,180929,0,
2018-09-29 22:11,,0.016393443,7.91E-07,22:11,5,180929,0,
2018-09-29 22:12,,0.016393443,7.91E-07,22:12,5,180929,0,
2018-09-29 22:13,,0.016393443,7.91E-07,22:13,5,180929,0,
2018-09-29 22:14,,0.016393443,7.91E-07,22:14,5,180929,0,
2018-09-29 22:15,,0.016393443,7.91E-07,22:15,5,180929,0,
2018-09-29 22:16,,0.016393443,7.91E-07,22:16,5,180929,0,
2018-09-29 22:17,,0.016393443,7.91E-07,22:17,5,180929,0,
2018-09-29 22:18,,0.016393443,7.91E-07,22:18,5,180929,0,
2018-09-29 22:19,,0.016393443,7.91E-07,22:19,5,180929,0,
2018-09-29 22:20,,0.016393443,7.91E-07,22:20,5,180929,0,
2018-09-29 22:21,,0.016393443,7.91E-07,22:21,5,180929,0,
2018-09-29 22:22,,0.016393443,7.91E-07,22:22,5,180929,0,
2018-09-29 22:23,,0.016393443,7.91E-07,22:23,5,180929,0,
2018-09-29 22:24,,0.016393443,7.91E-07,22:24,5,180929,0,
2018-09-29 22:25,,0.016393443,7.91E-07,22:25,5,180929,0,
2018-09-29 22:26,,0.016393443,7.91E-07,22:26,5,180929,0,
2018-09-29 22:27,,0.016393443,7.91E-07,22:27,5,180929,0,
2018-09-29 22:28,,0.016393443,7.91E-07,22:28,5,180929,0,
2018-09-29 22:29,,0.016393443,7.91E-07,22:29,5,180929,0,
2018-09-29 22:30,,0.016393443,7.91E-07,22:30,5,180929,0,
2018-09-29 22:31,,0.016393443,7.91E-07,22:31,5,180929,0,
2018-09-29 22:32,,0.016393443,7.91E-07,22:32,5,180929,0,
2018-09-29 22:33,,0.016393443,7.91E-07,22:33,5,180929,0,
2018-09-29 22:34,,0.016393443,7.91E-07,22:34,5,180929,0,
2018-09-29 22:35,,0.016393443,7.91E-07,22:35,5,180929,0,
2018-09-29 22:36,,0.016393443,7.91E-07,22:36,5,180929,0,
2018-09-29 22:37,,0.016393443,7.91E-07,22:37,5,180929,0,
2018-09-29 22:38,,0.016393443,7.91E-07,22:38,5,180929,0,
2018-09-29 22:39,,0.016393443,7.91E-07,22:39,5,180929,0,
2018-09-29 22:40,,0.016393443,7.91E-07,22:40,5,180929,0,
2018-09-29 22:41,,0.016393443,7.91E-07,22:41,5,180929,0,
2018-09-29 22:42,,0.016393443,7.91E-07,22:42,5,180929,0,
2018-09-29 22:43,,0.016393443,7.91E-07,22:43,5,180929,0,
2018-09-29 22:44,,0.016393443,7.91E-07,22:44,5,180929,0,
2018-09-29 22:45,,0.016393443,7.91E-07,22:45,5,180929,0,
2018-09-29 22:46,,0.016393443,7.91E-07,22:46,5,180929,0,
2018-09-29 22:47,,0.016393443,7.91E-07,22:47,5,180929,0,
2018-09-29 22:48,,0.016393443,7.91E-07,22:48,5,180929,0,
2018-09-29 22:49,,0.016393443,7.91E-07,22:49,5,180929,0,
2018-09-29 22:50,,0.016393443,7.91E-07,22:50,5,180929,0,
2018-09-29 22:51,,0.016393443,7.91E-07,22:51,5,180929,0,
2018-09-29 22:52,,0.016393443,7.91E-07,22:52,5,180929,0,
2018-09-29 22:53,,0.016393443,7.91E-07,22:53,5,180929,0,
2018-09-29 22:54,,0.016393443,7.91E-07,22:54,5,180929,0,
2018-09-29 22:55,,0.016393443,7.91E-07,22:55,5,180929,0,
2018-09-29 22:56,1,0.016393443,7.91E-07,22:56,5,180929,0,
2018-09-29 22:57,,0.016112903,0.000198373,22:57,5,180929,0,
2018-09-29 22:58,,0.016112903,7.91E-07,22:58,5,180929,0,
2018-09-29 22:59,,0.016112903,7.91E-07,22:59,5,180929,0,
2018-09-29 23:00,,0.016112903,7.91E-07,23:00,5,180929,0,
2018-09-29 23:01,,0.016112903,7.91E-07,23:01,5,180929,0,
2018-09-29 23:02,,0.016112903,7.91E-07,23:02,5,180929,0,
2018-09-29 23:03,,0.016112903,7.91E-07,23:03,5,180929,0,
2018-09-29 23:04,,0.016112903,7.91E-07,23:04,5,180929,0,
2018-09-29 23:05,,0.016112903,7.91E-07,23:05,5,180929,0,
2018-09-29 23:06,,0.016112903,7.91E-07,23:06,5,180929,0,
2018-09-29 23:07,,0.016112903,7.91E-07,23:07,5,180929,0,
2018-09-29 23:08,,0.016112903,7.91E-07,23:08,5,180929,0,
2018-09-29 23:09,,0.016112903,7.91E-07,23:09,5,180929,0,
2018-09-29 23:10,,0.016112903,7.91E-07,23:10,5,180929,0,
2018-09-29 23:11,,0.016112903,7.91E-07,23:11,5,180929,0,
2018-09-29 23:12,,0.016112903,7.91E-07,23:12,5,180929,0,
2018-09-29 23:13,,0.016112903,7.91E-07,23:13,5,180929,0,
2018-09-29 23:14,,0.016112903,7.91E-07,23:14,5,180929,0,
2018-09-29 23:15,,0.016112903,7.91E-07,23:15,5,180929,0,
2018-09-29 23:16,,0.016112903,7.91E-07,23:16,5,180929,0,
2018-09-29 23:17,,0.016112903,7.91E-07,23:17,5,180929,0,
2018-09-29 23:18,,0.016112903,7.91E-07,23:18,5,180929,0,
2018-09-29 23:19,,0.016112903,7.91E-07,23:19,5,180929,0,
2018-09-29 23:20,,0.016112903,7.91E-07,23:20,5,180929,0,
2018-09-29 23:21,,0.016112903,7.91E-07,23:21,5,180929,0,
2018-09-29 23:22,,0.016112903,7.91E-07,23:22,5,180929,0,
2018-09-29 23:23,,0.016112903,7.91E-07,23:23,5,180929,0,
2018-09-29 23:24,,0.016112903,7.91E-07,23:24,5,180929,0,
2018-09-29 23:25,,0.016112903,7.91E-07,23:25,5,180929,0,
2018-09-29 23:26,,0.016112903,7.91E-07,23:26,5,180929,0,
2018-09-29 23:27,,0.016112903,7.91E-07,23:27,5,180929,0,
2018-09-29 23:28,,0.016112903,7.91E-07,23:28,5,180929,0,
2018-09-29 23:29,,0.016112903,7.91E-07,23:29,5,180929,0,
2018-09-29 23:30,,0.016112903,7.91E-07,23:30,5,180929,0,
2018-09-29 23:31,,0.016112903,7.91E-07,23:31,5,180929,0,
2018-09-29 23:32,,0.016112903,7.91E-07,23:32,5,180929,0,
2018-09-29 23:33,,0.016112903,7.91E-07,23:33,5,180929,0,
2018-09-29 23:34,,0.016112903,7.91E-07,23:34,5,180929,0,
2018-09-29 23:35,,0.016112903,7.91E-07,23:35,5,180929,0,
2018-09-29 23:36,,0.016112903,7.91E-07,23:36,5,180929,0,
2018-09-29 23:37,,0.016112903,7.91E-07,23:37,5,180929,0,
2018-09-29 23:38,,0.016112903,7.91E-07,23:38,5,180929,0,
2018-09-29 23:39,,0.016112903,7.91E-07,23:39,5,180929,0,
2018-09-29 23:40,,0.016112903,7.91E-07,23:40,5,180929,0,
2018-09-29 23:41,,0.016112903,7.91E-07,23:41,5,180929,0,
2018-09-29 23:42,,0.016112903,7.91E-07,23:42,5,180929,0,
2018-09-29 23:43,,0.016112903,7.91E-07,23:43,5,180929,0,
2018-09-29 23:44,,0.016112903,7.91E-07,23:44,5,180929,0,
2018-09-29 23:45,,0.016112903,7.91E-07,23:45,5,180929,0,
2018-09-29 23:46,,0.016112903,7.91E-07,23:46,5,180929,0,
2018-09-29 23:47,,0.016112903,7.91E-07,23:47,5,180929,0,
2018-09-29 23:48,,0.016112903,7.91E-07,23:48,5,180929,0,
2018-09-29 23:49,,0.016112903,7.91E-07,23:49,5,180929,0,
2018-09-29 23:50,,0.016112903,7.91E-07,23:50,5,180929,0,
2018-09-29 23:51,,0.016112903,7.91E-07,23:51,5,180929,0,
2018-09-29 23:52,,0.016112903,7.91E-07,23:52,5,180929,0,
2018-09-29 23:53,,0.016112903,7.91E-07,23:53,5,180929,0,
2018-09-29 23:54,,0.016112903,7.91E-07,23:54,5,180929,0,
2018-09-29 23:55,,0.016112903,7.91E-07,23:55,5,180929,0,
2018-09-29 23:56,,0.016112903,7.91E-07,23:56,5,180929,0,
2018-09-29 23:57,,0.016112903,7.91E-07,23:57,5,180929,0,
2018-09-29 23:58,0.999,0.016112903,7.91E-07,23:58,5,180929,0,
2018-09-29 23:59,,0.016129032,1.14E-05,23:59,5,180929,0,
2018-09-30 0:00,,0.016129032,7.91E-07,0:00,6,180930,0,
2018-09-30 0:01,,0.016129032,7.91E-07,0:01,6,180930,0,
2018-09-30 0:02,,0.016129032,7.91E-07,0:02,6,180930,0,
2018-09-30 0:03,,0.016129032,7.91E-07,0:03,6,180930,0,
2018-09-30 0:04,,0.016129032,7.91E-07,0:04,6,180930,0,
2018-09-30 0:05,,0.016129032,7.91E-07,0:05,6,180930,0,
2018-09-30 0:06,,0.016129032,7.91E-07,0:06,6,180930,0,
2018-09-30 0:07,,0.016129032,7.91E-07,0:07,6,180930,0,
2018-09-30 0:08,,0.016129032,7.91E-07,0:08,6,180930,0,
2018-09-30 0:09,,0.016129032,7.91E-07,0:09,6,180930,0,
2018-09-30 0:10,,0.016129032,7.91E-07,0:10,6,180930,0,
2018-09-30 0:11,,0.016129032,7.91E-07,0:11,6,180930,0,
2018-09-30 0:12,,0.016129032,7.91E-07,0:12,6,180930,0,
2018-09-30 0:13,,0.016129032,7.91E-07,0:13,6,180930,0,
2018-09-30 0:14,,0.016129032,7.91E-07,0:14,6,180930,0,
2018-09-30 0:15,,0.016129032,7.91E-07,0:15,6,180930,0,
2018-09-30 0:16,,0.016129032,7.91E-07,0:16,6,180930,0,
2018-09-30 0:17,,0.016129032,7.91E-07,0:17,6,180930,0,
2018-09-30 0:18,,0.016129032,7.91E-07,0:18,6,180930,0,
2018-09-30 0:19,,0.016129032,7.91E-07,0:19,6,180930,0,
2018-09-30 0:20,,0.016129032,7.91E-07,0:20,6,180930,0,
2018-09-30 0:21,,0.016129032,7.91E-07,0:21,6,180930,0,
2018-09-30 0:22,,0.016129032,7.91E-07,0:22,6,180930,0,
2018-09-30 0:23,,0.016129032,7.91E-07,0:23,6,180930,0,
2018-09-30 0:24,,0.016129032,7.91E-07,0:24,6,180930,0,
2018-09-30 0:25,,0.016129032,7.91E-07,0:25,6,180930,0,
2018-09-30 0:26,,0.016129032,7.91E-07,0:26,6,180930,0,
2018-09-30 0:27,,0.016129032,7.91E-07,0:27,6,180930,0,
2018-09-30 0:28,,0.016129032,7.91E-07,0:28,6,180930,0,
2018-09-30 0:29,,0.016129032,7.91E-07,0:29,6,180930,0,
2018-09-30 0:30,,0.016129032,7.91E-07,0:30,6,180930,0,
2018-09-30 0:31,,0.016129032,7.91E-07,0:31,6,180930,0,
2018-09-30 0:32,,0.016129032,7.91E-07,0:32,6,180930,0,
2018-09-30 0:33,,0.016129032,7.91E-07,0:33,6,180930,0,
2018-09-30 0:34,,0.016129032,7.91E-07,0:34,6,180930,0,
2018-09-30 0:35,,0.016129032,7.91E-07,0:35,6,180930,0,
2018-09-30 0:36,,0.016129032,7.91E-07,0:36,6,180930,0,
2018-09-30 0:37,,0.016129032,7.91E-07,0:37,6,180930,0,
2018-09-30 0:38,,0.016129032,7.91E-07,0:38,6,180930,0,
2018-09-30 0:39,,0.016129032,7.91E-07,0:39,6,180930,0,
2018-09-30 0:40,,0.016129032,7.91E-07,0:40,6,180930,0,
2018-09-30 0:41,,0.016129032,7.91E-07,0:41,6,180930,0,
2018-09-30 0:42,,0.016129032,7.91E-07,0:42,6,180930,0,
2018-09-30 0:43,,0.016129032,7.91E-07,0:43,6,180930,0,
2018-09-30 0:44,,0.016129032,7.91E-07,0:44,6,180930,0,
2018-09-30 0:45,,0.016129032,7.91E-07,0:45,6,180930,0,
2018-09-30 0:46,,0.016129032,7.91E-07,0:46,6,180930,0,
2018-09-30 0:47,,0.016129032,7.91E-07,0:47,6,180930,0,
2018-09-30 0:48,,0.016129032,7.91E-07,0:48,6,180930,0,
2018-09-30 0:49,,0.016129032,7.91E-07,0:49,6,180930,0,
2018-09-30 0:50,,0.016129032,7.91E-07,0:50,6,180930,0,
2018-09-30 0:51,,0.016129032,7.91E-07,0:51,6,180930,0,
2018-09-30 0:52,,0.016129032,7.91E-07,0:52,6,180930,0,
2018-09-30 0:53,,0.016129032,7.91E-07,0:53,6,180930,0,
2018-09-30 0:54,,0.016129032,7.91E-07,0:54,6,180930,0,
2018-09-30 0:55,,0.016129032,7.91E-07,0:55,6,180930,0,
2018-09-30 0:56,,0.016129032,7.91E-07,0:56,6,180930,0,
2018-09-30 0:57,,0.016129032,7.91E-07,0:57,6,180930,0,
2018-09-30 0:58,,0.016129032,7.91E-07,0:58,6,180930,0,
2018-09-30 0:59,,0.016129032,7.91E-07,0:59,6,180930,0,
2018-09-30 1:00,1,0.016129032,7.91E-07,1:00,6,180930,0,
2018-09-30 1:01,,0.016129032,7.91E-07,1:01,6,180930,0,
2018-09-30 1:02,,0.016129032,7.91E-07,1:02,6,180930,0,
2018-09-30 1:03,,0.016129032,7.91E-07,1:03,6,180930,0,
2018-09-30 1:04,,0.016129032,7.91E-07,1:04,6,180930,0,
2018-09-30 1:05,,0.016129032,7.91E-07,1:05,6,180930,0,
2018-09-30 1:06,,0.016129032,7.91E-07,1:06,6,180930,0,
2018-09-30 1:07,,0.016129032,7.91E-07,1:07,6,180930,0,
2018-09-30 1:08,,0.016129032,7.91E-07,1:08,6,180930,0,
2018-09-30 1:09,,0.016129032,7.91E-07,1:09,6,180930,0,
2018-09-30 1:10,,0.016129032,7.91E-07,1:10,6,180930,0,
2018-09-30 1:11,,0.016129032,7.91E-07,1:11,6,180930,0,
2018-09-30 1:12,,0.016129032,7.91E-07,1:12,6,180930,0,
2018-09-30 1:13,,0.016129032,7.91E-07,1:13,6,180930,0,
2018-09-30 1:14,,0.016129032,7.91E-07,1:14,6,180930,0,
2018-09-30 1:15,,0.016129032,7.91E-07,1:15,6,180930,0,
2018-09-30 1:16,,0.016129032,7.91E-07,1:16,6,180930,0,
2018-09-30 1:17,,0.016129032,7.91E-07,1:17,6,180930,0,
2018-09-30 1:18,,0.016129032,7.91E-07,1:18,6,180930,0,
2018-09-30 1:19,,0.016129032,7.91E-07,1:19,6,180930,0,
2018-09-30 1:20,,0.016129032,7.91E-07,1:20,6,180930,0,
2018-09-30 1:21,,0.016129032,7.91E-07,1:21,6,180930,0,
2018-09-30 1:22,,0.016129032,7.91E-07,1:22,6,180930,0,
2018-09-30 1:23,,0.016129032,7.91E-07,1:23,6,180930,0,
2018-09-30 1:24,,0.016129032,7.91E-07,1:24,6,180930,0,
2018-09-30 1:25,,0.016129032,7.91E-07,1:25,6,180930,0,
2018-09-30 1:26,,0.016129032,7.91E-07,1:26,6,180930,0,
2018-09-30 1:27,,0.016129032,7.91E-07,1:27,6,180930,0,
2018-09-30 1:28,,0.016129032,7.91E-07,1:28,6,180930,0,
2018-09-30 1:29,,0.016129032,7.91E-07,1:29,6,180930,0,
2018-09-30 1:30,,0.016129032,7.91E-07,1:30,6,180930,0,
2018-09-30 1:31,,0.016129032,7.91E-07,1:31,6,180930,0,
2018-09-30 1:32,,0.016129032,7.91E-07,1:32,6,180930,0,
2018-09-30 1:33,,0.016129032,7.91E-07,1:33,6,180930,0,
2018-09-30 1:34,,0.016129032,7.91E-07,1:34,6,180930,0,
2018-09-30 1:35,,0.016129032,7.91E-07,1:35,6,180930,0,
2018-09-30 1:36,,0.016129032,7.91E-07,1:36,6,180930,0,
2018-09-30 1:37,,0.016129032,7.91E-07,1:37,6,180930,0,
2018-09-30 1:38,,0.016129032,7.91E-07,1:38,6,180930,0,
2018-09-30 1:39,,0.016129032,7.91E-07,1:39,6,180930,0,
2018-09-30 1:40,,0.016129032,7.91E-07,1:40,6,180930,0,
2018-09-30 1:41,,0.016129032,7.91E-07,1:41,6,180930,0,
2018-09-30 1:42,,0.016129032,7.91E-07,1:42,6,180930,0,
2018-09-30 1:43,,0.016129032,7.91E-07,1:43,6,180930,0,
2018-09-30 1:44,,0.016129032,7.91E-07,1:44,6,180930,0,
2018-09-30 1:45,,0.016129032,7.91E-07,1:45,6,180930,0,
2018-09-30 1:46,,0.016129032,7.91E-07,1:46,6,180930,0,
2018-09-30 1:47,,0.016129032,7.91E-07,1:47,6,180930,0,
2018-09-30 1:48,,0.016129032,7.91E-07,1:48,6,180930,0,
2018-09-30 1:49,,0.016129032,7.91E-07,1:49,6,180930,0,
2018-09-30 1:50,,0.016129032,7.91E-07,1:50,6,180930,0,
2018-09-30 1:51,,0.016129032,7.91E-07,1:51,6,180930,0,
2018-09-30 1:52,,0.016129032,7.91E-07,1:52,6,180930,0,
2018-09-30 1:53,,0.016129032,7.91E-07,1:53,6,180930,0,
2018-09-30 1:54,,0.016129032,7.91E-07,1:54,6,180930,0,
2018-09-30 1:55,,0.016129032,7.91E-07,1:55,6,180930,0,
2018-09-30 1:56,,0.016129032,7.91E-07,1:56,6,180930,0,
2018-09-30 1:57,,0.016129032,7.91E-07,1:57,6,180930,0,
2018-09-30 1:58,,0.016129032,7.91E-07,1:58,6,180930,0,
2018-09-30 1:59,,0.016129032,7.91E-07,1:59,6,180930,0,
2018-09-30 2:00,,0.016129032,7.91E-07,2:00,6,180930,0,
2018-09-30 2:01,,0.016129032,7.91E-07,2:01,6,180930,0,
2018-09-30 2:02,1,0.016129032,7.91E-07,2:02,6,180930,0,
2018-09-30 2:03,,0.016112903,1.14E-05,2:03,6,180930,0,
2018-09-30 2:04,,0.016112903,7.91E-07,2:04,6,180930,0,
2018-09-30 2:05,,0.016112903,7.91E-07,2:05,6,180930,0,
2018-09-30 2:06,,0.016112903,7.91E-07,2:06,6,180930,0,
2018-09-30 2:07,,0.016112903,7.91E-07,2:07,6,180930,0,
2018-09-30 2:08,,0.016112903,7.91E-07,2:08,6,180930,0,
2018-09-30 2:09,,0.016112903,7.91E-07,2:09,6,180930,0,
2018-09-30 2:10,,0.016112903,7.91E-07,2:10,6,180930,0,
2018-09-30 2:11,,0.016112903,7.91E-07,2:11,6,180930,0,
2018-09-30 2:12,,0.016112903,7.91E-07,2:12,6,180930,0,
2018-09-30 2:13,,0.016112903,7.91E-07,2:13,6,180930,0,
2018-09-30 2:14,,0.016112903,7.91E-07,2:14,6,180930,0,
2018-09-30 2:15,,0.016112903,7.91E-07,2:15,6,180930,0,
2018-09-30 2:16,,0.016112903,7.91E-07,2:16,6,180930,0,
2018-09-30 2:17,,0.016112903,7.91E-07,2:17,6,180930,0,
2018-09-30 2:18,,0.016112903,7.91E-07,2:18,6,180930,0,
2018-09-30 2:19,,0.016112903,7.91E-07,2:19,6,180930,0,
2018-09-30 2:20,,0.016112903,7.91E-07,2:20,6,180930,0,
2018-09-30 2:21,,0.016112903,7.91E-07,2:21,6,180930,0,
2018-09-30 2:22,,0.016112903,7.91E-07,2:22,6,180930,0,
2018-09-30 2:23,,0.016112903,7.91E-07,2:23,6,180930,0,
2018-09-30 2:24,,0.016112903,7.91E-07,2:24,6,180930,0,
2018-09-30 2:25,,0.016112903,7.91E-07,2:25,6,180930,0,
2018-09-30 2:26,,0.016112903,7.91E-07,2:26,6,180930,0,
2018-09-30 2:27,,0.016112903,7.91E-07,2:27,6,180930,0,
2018-09-30 2:28,,0.016112903,7.91E-07,2:28,6,180930,0,
2018-09-30 2:29,,0.016112903,7.91E-07,2:29,6,180930,0,
2018-09-30 2:30,,0.016112903,7.91E-07,2:30,6,180930,0,
2018-09-30 2:31,,0.016112903,7.91E-07,2:31,6,180930,0,
2018-09-30 2:32,,0.016112903,7.91E-07,2:32,6,180930,0,
2018-09-30 2:33,,0.016112903,7.91E-07,2:33,6,180930,0,
2018-09-30 2:34,,0.016112903,7.91E-07,2:34,6,180930,0,
2018-09-30 2:35,,0.016112903,7.91E-07,2:35,6,180930,0,
2018-09-30 2:36,,0.016112903,7.91E-07,2:36,6,180930,0,
2018-09-30 2:37,,0.016112903,7.91E-07,2:37,6,180930,0,
2018-09-30 2:38,,0.016112903,7.91E-07,2:38,6,180930,0,
2018-09-30 2:39,,0.016112903,7.91E-07,2:39,6,180930,0,
2018-09-30 2:40,,0.016112903,7.91E-07,2:40,6,180930,0,
2018-09-30 2:41,,0.016112903,7.91E-07,2:41,6,180930,0,
2018-09-30 2:42,,0.016112903,7.91E-07,2:42,6,180930,0,
2018-09-30 2:43,,0.016112903,7.91E-07,2:43,6,180930,0,
2018-09-30 2:44,,0.016112903,7.91E-07,2:44,6,180930,0,
2018-09-30 2:45,,0.016112903,7.91E-07,2:45,6,180930,0,
2018-09-30 2:46,,0.016112903,7.91E-07,2:46,6,180930,0,
2018-09-30 2:47,,0.016112903,7.91E-07,2:47,6,180930,0,
2018-09-30 2:48,,0.016112903,7.91E-07,2:48,6,180930,0,
2018-09-30 2:49,,0.016112903,7.91E-07,2:49,6,180930,0,
2018-09-30 2:50,,0.016112903,7.91E-07,2:50,6,180930,0,
2018-09-30 2:51,,0.016112903,7.91E-07,2:51,6,180930,0,
2018-09-30 2:52,,0.016112903,7.91E-07,2:52,6,180930,0,
2018-09-30 2:53,,0.016112903,7.91E-07,2:53,6,180930,0,
2018-09-30 2:54,,0.016112903,7.91E-07,2:54,6,180930,0,
2018-09-30 2:55,,0.016112903,7.91E-07,2:55,6,180930,0,
2018-09-30 2:56,,0.016112903,7.91E-07,2:56,6,180930,0,
2018-09-30 2:57,,0.016112903,7.91E-07,2:57,6,180930,0,
2018-09-30 2:58,,0.016112903,7.91E-07,2:58,6,180930,0,
2018-09-30 2:59,,0.016112903,7.91E-07,2:59,6,180930,0,
2018-09-30 3:00,,0.016112903,7.91E-07,3:00,6,180930,0,
2018-09-30 3:01,,0.016112903,7.91E-07,3:01,6,180930,0,
2018-09-30 3:02,,0.016112903,7.91E-07,3:02,6,180930,0,
2018-09-30 3:03,,0.016112903,7.91E-07,3:03,6,180930,0,
2018-09-30 3:04,0.999,0.016112903,7.91E-07,3:04,6,180930,0,
2018-09-30 3:05,,0.016393443,0.000198373,3:05,6,180930,0,
2018-09-30 3:06,,0.016393443,7.91E-07,3:06,6,180930,0,
2018-09-30 3:07,,0.016393443,7.91E-07,3:07,6,180930,0,
2018-09-30 3:08,,0.016393443,7.91E-07,3:08,6,180930,0,
2018-09-30 3:09,,0.016393443,7.91E-07,3:09,6,180930,0,
2018-09-30 3:10,,0.016393443,7.91E-07,3:10,6,180930,0,
2018-09-30 3:11,,0.016393443,7.91E-07,3:11,6,180930,0,
2018-09-30 3:12,,0.016393443,7.91E-07,3:12,6,180930,0,
2018-09-30 3:13,,0.016393443,7.91E-07,3:13,6,180930,0,
2018-09-30 3:14,,0.016393443,7.91E-07,3:14,6,180930,0,
2018-09-30 3:15,,0.016393443,7.91E-07,3:15,6,180930,0,
2018-09-30 3:16,,0.016393443,7.91E-07,3:16,6,180930,0,
2018-09-30 3:17,,0.016393443,7.91E-07,3:17,6,180930,0,
2018-09-30 3:18,,0.016393443,7.91E-07,3:18,6,180930,0,
2018-09-30 3:19,,0.016393443,7.91E-07,3:19,6,180930,0,
2018-09-30 3:20,,0.016393443,7.91E-07,3:20,6,180930,0,
2018-09-30 3:21,,0.016393443,7.91E-07,3:21,6,180930,0,
2018-09-30 3:22,,0.016393443,7.91E-07,3:22,6,180930,0,
2018-09-30 3:23,,0.016393443,7.91E-07,3:23,6,180930,0,
2018-09-30 3:24,,0.016393443,7.91E-07,3:24,6,180930,0,
2018-09-30 3:25,,0.016393443,7.91E-07,3:25,6,180930,0,
2018-09-30 3:26,,0.016393443,7.91E-07,3:26,6,180930,0,
2018-09-30 3:27,,0.016393443,7.91E-07,3:27,6,180930,0,
2018-09-30 3:28,,0.016393443,7.91E-07,3:28,6,180930,0,
2018-09-30 3:29,,0.016393443,7.91E-07,3:29,6,180930,0,
2018-09-30 3:30,,0.016393443,7.91E-07,3:30,6,180930,0,
2018-09-30 3:31,,0.016393443,7.91E-07,3:31,6,180930,0,
2018-09-30 3:32,,0.016393443,7.91E-07,3:32,6,180930,0,
2018-09-30 3:33,,0.016393443,7.91E-07,3:33,6,180930,0,
2018-09-30 3:34,,0.016393443,7.91E-07,3:34,6,180930,0,
2018-09-30 3:35,,0.016393443,7.91E-07,3:35,6,180930,0,
2018-09-30 3:36,,0.016393443,7.91E-07,3:36,6,180930,0,
2018-09-30 3:37,,0.016393443,7.91E-07,3:37,6,180930,0,
2018-09-30 3:38,,0.016393443,7.91E-07,3:38,6,180930,0,
2018-09-30 3:39,,0.016393443,7.91E-07,3:39,6,180930,0,
2018-09-30 3:40,,0.016393443,7.91E-07,3:40,6,180930,0,
2018-09-30 3:41,,0.016393443,7.91E-07,3:41,6,180930,0,
2018-09-30 3:42,,0.016393443,7.91E-07,3:42,6,180930,0,
2018-09-30 3:43,,0.016393443,7.91E-07,3:43,6,180930,0,
2018-09-30 3:44,,0.016393443,7.91E-07,3:44,6,180930,0,
2018-09-30 3:45,,0.016393443,7.91E-07,3:45,6,180930,0,
2018-09-30 3:46,,0.016393443,7.91E-07,3:46,6,180930,0,
2018-09-30 3:47,,0.016393443,7.91E-07,3:47,6,180930,0,
2018-09-30 3:48,,0.016393443,7.91E-07,3:48,6,180930,0,
2018-09-30 3:49,,0.016393443,7.91E-07,3:49,6,180930,0,
2018-09-30 3:50,,0.016393443,7.91E-07,3:50,6,180930,0,
2018-09-30 3:51,,0.016393443,7.91E-07,3:51,6,180930,0,
2018-09-30 3:52,,0.016393443,7.91E-07,3:52,6,180930,0,
2018-09-30 3:53,,0.016393443,7.91E-07,3:53,6,180930,0,
2018-09-30 3:54,,0.016393443,7.91E-07,3:54,6,180930,0,
2018-09-30 3:55,,0.016393443,7.91E-07,3:55,6,180930,0,
2018-09-30 3:56,,0.016393443,7.91E-07,3:56,6,180930,0,
2018-09-30 3:57,,0.016393443,7.91E-07,3:57,6,180930,0,
2018-09-30 3:58,,0.016393443,7.91E-07,3:58,6,180930,0,
2018-09-30 3:59,,0.016393443,7.91E-07,3:59,6,180930,0,
2018-09-30 4:00,,0.016393443,7.91E-07,4:00,6,180930,0,
2018-09-30 4:01,,0.016393443,7.91E-07,4:01,6,180930,0,
2018-09-30 4:02,,0.016393443,7.91E-07,4:02,6,180930,0,
2018-09-30 4:03,,0.016393443,7.91E-07,4:03,6,180930,0,
2018-09-30 4:04,,0.016393443,7.91E-07,4:04,6,180930,0,
2018-09-30 4:05,1,0.016393443,7.91E-07,4:05,6,180930,0,
2018-09-30 4:06,,0.016112903,0.000198373,4:06,6,180930,0,
2018-09-30 4:07,,0.016112903,7.91E-07,4:07,6,180930,0,
2018-09-30 4:08,,0.016112903,7.91E-07,4:08,6,180930,0,
2018-09-30 4:09,,0.016112903,7.91E-07,4:09,6,180930,0,
2018-09-30 4:10,,0.016112903,7.91E-07,4:10,6,180930,0,
2018-09-30 4:11,,0.016112903,7.91E-07,4:11,6,180930,0,
2018-09-30 4:12,,0.016112903,7.91E-07,4:12,6,180930,0,
2018-09-30 4:13,,0.016112903,7.91E-07,4:13,6,180930,0,
2018-09-30 4:14,,0.016112903,7.91E-07,4:14,6,180930,0,
2018-09-30 4:15,,0.016112903,7.91E-07,4:15,6,180930,0,
2018-09-30 4:16,,0.016112903,7.91E-07,4:16,6,180930,0,
2018-09-30 4:17,,0.016112903,7.91E-07,4:17,6,180930,0,
2018-09-30 4:18,,0.016112903,7.91E-07,4:18,6,180930,0,
2018-09-30 4:19,,0.016112903,7.91E-07,4:19,6,180930,0,
2018-09-30 4:20,,0.016112903,7.91E-07,4:20,6,180930,0,
2018-09-30 4:21,,0.016112903,7.91E-07,4:21,6,180930,0,
2018-09-30 4:22,,0.016112903,7.91E-07,4:22,6,180930,0,
2018-09-30 4:23,,0.016112903,7.91E-07,4:23,6,180930,0,
2018-09-30 4:24,,0.016112903,7.91E-07,4:24,6,180930,0,
2018-09-30 4:25,,0.016112903,7.91E-07,4:25,6,180930,0,
2018-09-30 4:26,,0.016112903,7.91E-07,4:26,6,180930,0,
2018-09-30 4:27,,0.016112903,7.91E-07,4:27,6,180930,0,
2018-09-30 4:28,,0.016112903,7.91E-07,4:28,6,180930,0,
2018-09-30 4:29,,0.016112903,7.91E-07,4:29,6,180930,0,
2018-09-30 4:30,,0.016112903,7.91E-07,4:30,6,180930,0,
2018-09-30 4:31,,0.016112903,7.91E-07,4:31,6,180930,0,
2018-09-30 4:32,,0.016112903,7.91E-07,4:32,6,180930,0,
2018-09-30 4:33,,0.016112903,7.91E-07,4:33,6,180930,0,
2018-09-30 4:34,,0.016112903,7.91E-07,4:34,6,180930,0,
2018-09-30 4:35,,0.016112903,7.91E-07,4:35,6,180930,0,
2018-09-30 4:36,,0.016112903,7.91E-07,4:36,6,180930,0,
2018-09-30 4:37,,0.016112903,7.91E-07,4:37,6,180930,0,
2018-09-30 4:38,,0.016112903,7.91E-07,4:38,6,180930,0,
2018-09-30 4:39,,0.016112903,7.91E-07,4:39,6,180930,0,
2018-09-30 4:40,,0.016112903,7.91E-07,4:40,6,180930,0,
2018-09-30 4:41,,0.016112903,7.91E-07,4:41,6,180930,0,
2018-09-30 4:42,,0.016112903,7.91E-07,4:42,6,180930,0,
2018-09-30 4:43,,0.016112903,7.91E-07,4:43,6,180930,0,
2018-09-30 4:44,,0.016112903,7.91E-07,4:44,6,180930,0,
2018-09-30 4:45,,0.016112903,7.91E-07,4:45,6,180930,0,
2018-09-30 4:46,,0.016112903,7.91E-07,4:46,6,180930,0,
2018-09-30 4:47,,0.016112903,7.91E-07,4:47,6,180930,0,
2018-09-30 4:48,,0.016112903,7.91E-07,4:48,6,180930,0,
2018-09-30 4:49,,0.016112903,7.91E-07,4:49,6,180930,0,
2018-09-30 4:50,,0.016112903,7.91E-07,4:50,6,180930,0,
2018-09-30 4:51,,0.016112903,7.91E-07,4:51,6,180930,0,
2018-09-30 4:52,,0.016112903,7.91E-07,4:52,6,180930,0,
2018-09-30 4:53,,0.016112903,7.91E-07,4:53,6,180930,0,
2018-09-30 4:54,,0.016112903,7.91E-07,4:54,6,180930,0,
2018-09-30 4:55,,0.016112903,7.91E-07,4:55,6,180930,0,
2018-09-30 4:56,,0.016112903,7.91E-07,4:56,6,180930,0,
2018-09-30 4:57,,0.016112903,7.91E-07,4:57,6,180930,0,
2018-09-30 4:58,,0.016112903,7.91E-07,4:58,6,180930,0,
2018-09-30 4:59,,0.016112903,7.91E-07,4:59,6,180930,0,
2018-09-30 5:00,,0.016112903,7.91E-07,5:00,6,180930,0,
2018-09-30 5:01,,0.016112903,7.91E-07,5:01,6,180930,0,
2018-09-30 5:02,,0.016112903,7.91E-07,5:02,6,180930,0,
2018-09-30 5:03,,0.016112903,7.91E-07,5:03,6,180930,0,
2018-09-30 5:04,,0.016112903,7.91E-07,5:04,6,180930,0,
2018-09-30 5:05,,0.016112903,7.91E-07,5:05,6,180930,0,
2018-09-30 5:06,,0.016112903,7.91E-07,5:06,6,180930,0,
2018-09-30 5:07,0.999,0.016112903,7.91E-07,5:07,6,180930,0,
2018-09-30 5:08,,0.016129032,1.14E-05,5:08,6,180930,0,
2018-09-30 5:09,,0.016129032,7.91E-07,5:09,6,180930,0,
2018-09-30 5:10,,0.016129032,7.91E-07,5:10,6,180930,0,
2018-09-30 5:11,,0.016129032,7.91E-07,5:11,6,180930,0,
2018-09-30 5:12,,0.016129032,7.91E-07,5:12,6,180930,0,
2018-09-30 5:13,,0.016129032,7.91E-07,5:13,6,180930,0,
2018-09-30 5:14,,0.016129032,7.91E-07,5:14,6,180930,0,
2018-09-30 5:15,,0.016129032,7.91E-07,5:15,6,180930,0,
2018-09-30 5:16,,0.016129032,7.91E-07,5:16,6,180930,0,
2018-09-30 5:17,,0.016129032,7.91E-07,5:17,6,180930,0,
2018-09-30 5:18,,0.016129032,7.91E-07,5:18,6,180930,0,
2018-09-30 5:19,,0.016129032,7.91E-07,5:19,6,180930,0,
2018-09-30 5:20,,0.016129032,7.91E-07,5:20,6,180930,0,
2018-09-30 5:21,,0.016129032,7.91E-07,5:21,6,180930,0,
2018-09-30 5:22,,0.016129032,7.91E-07,5:22,6,180930,0,
2018-09-30 5:23,,0.016129032,7.91E-07,5:23,6,180930,0,
2018-09-30 5:24,,0.016129032,7.91E-07,5:24,6,180930,0,
2018-09-30 5:25,,0.016129032,7.91E-07,5:25,6,180930,0,
2018-09-30 5:26,,0.016129032,7.91E-07,5:26,6,180930,0,
2018-09-30 5:27,,0.016129032,7.91E-07,5:27,6,180930,0,
2018-09-30 5:28,,0.016129032,7.91E-07,5:28,6,180930,0,
2018-09-30 5:29,,0.016129032,7.91E-07,5:29,6,180930,0,
2018-09-30 5:30,,0.016129032,7.91E-07,5:30,6,180930,0,
2018-09-30 5:31,,0.016129032,7.91E-07,5:31,6,180930,0,
2018-09-30 5:32,,0.016129032,7.91E-07,5:32,6,180930,0,
2018-09-30 5:33,,0.016129032,7.91E-07,5:33,6,180930,0,
2018-09-30 5:34,,0.016129032,7.91E-07,5:34,6,180930,0,
2018-09-30 5:35,,0.016129032,7.91E-07,5:35,6,180930,0,
2018-09-30 5:36,,0.016129032,7.91E-07,5:36,6,180930,0,
2018-09-30 5:37,,0.016129032,7.91E-07,5:37,6,180930,0,
2018-09-30 5:38,,0.016129032,7.91E-07,5:38,6,180930,0,
2018-09-30 5:39,,0.016129032,7.91E-07,5:39,6,180930,0,
2018-09-30 5:40,,0.016129032,7.91E-07,5:40,6,180930,0,
2018-09-30 5:41,,0.016129032,7.91E-07,5:41,6,180930,0,
2018-09-30 5:42,,0.016129032,7.91E-07,5:42,6,180930,0,
2018-09-30 5:43,,0.016129032,7.91E-07,5:43,6,180930,0,
2018-09-30 5:44,,0.016129032,7.91E-07,5:44,6,180930,0,
2018-09-30 5:45,,0.016129032,7.91E-07,5:45,6,180930,0,
2018-09-30 5:46,,0.016129032,7.91E-07,5:46,6,180930,0,
2018-09-30 5:47,,0.016129032,7.91E-07,5:47,6,180930,0,
2018-09-30 5:48,,0.016129032,7.91E-07,5:48,6,180930,0,
2018-09-30 5:49,,0.016129032,7.91E-07,5:49,6,180930,0,
2018-09-30 5:50,,0.016129032,7.91E-07,5:50,6,180930,0,
2018-09-30 5:51,,0.016129032,7.91E-07,5:51,6,180930,0,
2018-09-30 5:52,,0.016129032,7.91E-07,5:52,6,180930,0,
2018-09-30 5:53,,0.016129032,7.91E-07,5:53,6,180930,0,
2018-09-30 5:54,,0.016129032,7.91E-07,5:54,6,180930,0,
2018-09-30 5:55,,0.016129032,7.91E-07,5:55,6,180930,0,
2018-09-30 5:56,,0.016129032,7.91E-07,5:56,6,180930,0,
2018-09-30 5:57,,0.016129032,7.91E-07,5:57,6,180930,0,
2018-09-30 5:58,,0.016129032,7.91E-07,5:58,6,180930,0,
2018-09-30 5:59,,0.016129032,7.91E-07,5:59,6,180930,0,
2018-09-30 6:00,,0.016129032,7.91E-07,6:00,6,180930,0,
2018-09-30 6:01,,0.016129032,7.91E-07,6:01,6,180930,0,
2018-09-30 6:02,,0.016129032,7.91E-07,6:02,6,180930,0,
2018-09-30 6:03,,0.016129032,7.91E-07,6:03,6,180930,0,
2018-09-30 6:04,,0.016129032,7.91E-07,6:04,6,180930,0,
2018-09-30 6:05,,0.016129032,7.91E-07,6:05,6,180930,0,
2018-09-30 6:06,,0.016129032,7.91E-07,6:06,6,180930,0,
2018-09-30 6:07,,0.016129032,7.91E-07,6:07,6,180930,0,
2018-09-30 6:08,,0.016129032,7.91E-07,6:08,6,180930,0,
2018-09-30 6:09,1,0.016129032,7.91E-07,6:09,6,180930,0,
2018-09-30 6:10,,0.016112903,1.14E-05,6:10,6,180930,0,
2018-09-30 6:11,,0.016112903,7.91E-07,6:11,6,180930,0,
2018-09-30 6:12,,0.016112903,7.91E-07,6:12,6,180930,0,
2018-09-30 6:13,,0.016112903,7.91E-07,6:13,6,180930,0,
2018-09-30 6:14,,0.016112903,7.91E-07,6:14,6,180930,0,
2018-09-30 6:15,,0.016112903,7.91E-07,6:15,6,180930,0,
2018-09-30 6:16,,0.016112903,7.91E-07,6:16,6,180930,0,
2018-09-30 6:17,,0.016112903,7.91E-07,6:17,6,180930,0,
2018-09-30 6:18,,0.016112903,7.91E-07,6:18,6,180930,0,
2018-09-30 6:19,,0.016112903,7.91E-07,6:19,6,180930,0,
2018-09-30 6:20,,0.016112903,7.91E-07,6:20,6,180930,0,
2018-09-30 6:21,,0.016112903,7.91E-07,6:21,6,180930,0,
2018-09-30 6:22,,0.016112903,7.91E-07,6:22,6,180930,0,
2018-09-30 6:23,,0.016112903,7.91E-07,6:23,6,180930,0,
2018-09-30 6:24,,0.016112903,7.91E-07,6:24,6,180930,0,
2018-09-30 6:25,,0.016112903,7.91E-07,6:25,6,180930,0,
2018-09-30 6:26,,0.016112903,7.91E-07,6:26,6,180930,0,
2018-09-30 6:27,,0.016112903,7.91E-07,6:27,6,180930,0,
2018-09-30 6:28,,0.016112903,7.91E-07,6:28,6,180930,0,
2018-09-30 6:29,,0.016112903,7.91E-07,6:29,6,180930,0,
2018-09-30 6:30,,0.016112903,7.91E-07,6:30,6,180930,0,
2018-09-30 6:31,,0.016112903,7.91E-07,6:31,6,180930,0,
2018-09-30 6:32,,0.016112903,7.91E-07,6:32,6,180930,0,
2018-09-30 6:33,,0.016112903,7.91E-07,6:33,6,180930,0,
2018-09-30 6:34,,0.016112903,7.91E-07,6:34,6,180930,0,
2018-09-30 6:35,,0.016112903,7.91E-07,6:35,6,180930,0,
2018-09-30 6:36,,0.016112903,7.91E-07,6:36,6,180930,0,
2018-09-30 6:37,,0.016112903,7.91E-07,6:37,6,180930,0,
2018-09-30 6:38,,0.016112903,7.91E-07,6:38,6,180930,0,
2018-09-30 6:39,,0.016112903,7.91E-07,6:39,6,180930,0,
2018-09-30 6:40,,0.016112903,7.91E-07,6:40,6,180930,0,
2018-09-30 6:41,,0.016112903,7.91E-07,6:41,6,180930,0,
2018-09-30 6:42,,0.016112903,7.91E-07,6:42,6,180930,0,
2018-09-30 6:43,,0.016112903,7.91E-07,6:43,6,180930,0,
2018-09-30 6:44,,0.016112903,7.91E-07,6:44,6,180930,0,
2018-09-30 6:45,,0.016112903,7.91E-07,6:45,6,180930,0,
2018-09-30 6:46,,0.016112903,7.91E-07,6:46,6,180930,0,
2018-09-30 6:47,,0.016112903,7.91E-07,6:47,6,180930,0,
2018-09-30 6:48,,0.016112903,7.91E-07,6:48,6,180930,0,
2018-09-30 6:49,,0.016112903,7.91E-07,6:49,6,180930,0,
2018-09-30 6:50,,0.016112903,7.91E-07,6:50,6,180930,0,
2018-09-30 6:51,,0.016112903,7.91E-07,6:51,6,180930,0,
2018-09-30 6:52,,0.016112903,7.91E-07,6:52,6,180930,0,
2018-09-30 6:53,,0.016112903,7.91E-07,6:53,6,180930,0,
2018-09-30 6:54,,0.016112903,7.91E-07,6:54,6,180930,0,
2018-09-30 6:55,,0.016112903,7.91E-07,6:55,6,180930,0,
2018-09-30 6:56,,0.016112903,7.91E-07,6:56,6,180930,0,
2018-09-30 6:57,,0.016112903,7.91E-07,6:57,6,180930,0,
2018-09-30 6:58,,0.016112903,7.91E-07,6:58,6,180930,0,
2018-09-30 6:59,,0.016112903,7.91E-07,6:59,6,180930,0,
2018-09-30 7:00,,0.016112903,7.91E-07,7:00,6,180930,0,
2018-09-30 7:01,,0.016112903,7.91E-07,7:01,6,180930,0,
2018-09-30 7:02,,0.016112903,7.91E-07,7:02,6,180930,0,
2018-09-30 7:03,,0.016112903,7.91E-07,7:03,6,180930,0,
2018-09-30 7:04,,0.016112903,7.91E-07,7:04,6,180930,0,
2018-09-30 7:05,,0.016112903,7.91E-07,7:05,6,180930,0,
2018-09-30 7:06,,0.016112903,7.91E-07,7:06,6,180930,0,
2018-09-30 7:07,,0.016112903,7.91E-07,7:07,6,180930,0,
2018-09-30 7:08,,0.016112903,7.91E-07,7:08,6,180930,0,
2018-09-30 7:09,,0.016112903,7.91E-07,7:09,6,180930,0,
2018-09-30 7:10,,0.016112903,7.91E-07,7:10,6,180930,0,
2018-09-30 7:11,0.999,0.016112903,7.91E-07,7:11,6,180930,0,
2018-09-30 7:12,,0.016129032,1.14E-05,7:12,6,180930,0,
2018-09-30 7:13,,0.016129032,7.91E-07,7:13,6,180930,0,
2018-09-30 7:14,,0.016129032,7.91E-07,7:14,6,180930,0,
2018-09-30 7:15,,0.016129032,7.91E-07,7:15,6,180930,0,
2018-09-30 7:16,,0.016129032,7.91E-07,7:16,6,180930,0,
2018-09-30 7:17,,0.016129032,7.91E-07,7:17,6,180930,0,
2018-09-30 7:18,,0.016129032,7.91E-07,7:18,6,180930,0,
2018-09-30 7:19,,0.016129032,7.91E-07,7:19,6,180930,0,
2018-09-30 7:20,,0.016129032,7.91E-07,7:20,6,180930,0,
2018-09-30 7:21,,0.016129032,7.91E-07,7:21,6,180930,0,
2018-09-30 7:22,,0.016129032,7.91E-07,7:22,6,180930,0,
2018-09-30 7:23,,0.016129032,7.91E-07,7:23,6,180930,0,
2018-09-30 7:24,,0.016129032,7.91E-07,7:24,6,180930,0,
2018-09-30 7:25,,0.016129032,7.91E-07,7:25,6,180930,0,
2018-09-30 7:26,,0.016129032,7.91E-07,7:26,6,180930,0,
2018-09-30 7:27,,0.016129032,7.91E-07,7:27,6,180930,0,
2018-09-30 7:28,,0.016129032,7.91E-07,7:28,6,180930,0,
2018-09-30 7:29,,0.016129032,7.91E-07,7:29,6,180930,0,
2018-09-30 7:30,,0.016129032,7.91E-07,7:30,6,180930,0,
2018-09-30 7:31,,0.016129032,7.91E-07,7:31,6,180930,0,
2018-09-30 7:32,,0.016129032,7.91E-07,7:32,6,180930,0,
2018-09-30 7:33,,0.016129032,7.91E-07,7:33,6,180930,0,
2018-09-30 7:34,,0.016129032,7.91E-07,7:34,6,180930,0,
2018-09-30 7:35,,0.016129032,7.91E-07,7:35,6,180930,0,
2018-09-30 7:36,,0.016129032,7.91E-07,7:36,6,180930,0,
2018-09-30 7:37,,0.016129032,7.91E-07,7:37,6,180930,0,
2018-09-30 7:38,,0.016129032,7.91E-07,7:38,6,180930,0,
2018-09-30 7:39,,0.016129032,7.91E-07,7:39,6,180930,0,
2018-09-30 7:40,,0.016129032,7.91E-07,7:40,6,180930,0,
2018-09-30 7:41,,0.016129032,7.91E-07,7:41,6,180930,0,
2018-09-30 7:42,,0.016129032,7.91E-07,7:42,6,180930,0,
2018-09-30 7:43,,0.016129032,7.91E-07,7:43,6,180930,0,
2018-09-30 7:44,,0.016129032,7.91E-07,7:44,6,180930,0,
2018-09-30 7:45,,0.016129032,7.91E-07,7:45,6,180930,0,
2018-09-30 7:46,,0.016129032,7.91E-07,7:46,6,180930,0,
2018-09-30 7:47,,0.016129032,7.91E-07,7:47,6,180930,0,
2018-09-30 7:48,,0.016129032,7.91E-07,7:48,6,180930,0,
2018-09-30 7:49,,0.016129032,7.91E-07,7:49,6,180930,0,
2018-09-30 7:50,,0.016129032,7.91E-07,7:50,6,180930,0,
2018-09-30 7:51,,0.016129032,7.91E-07,7:51,6,180930,0,
2018-09-30 7:52,,0.016129032,7.91E-07,7:52,6,180930,0,
2018-09-30 7:53,,0.016129032,7.91E-07,7:53,6,180930,0,
2018-09-30 7:54,,0.016129032,7.91E-07,7:54,6,180930,0,
2018-09-30 7:55,,0.016129032,7.91E-07,7:55,6,180930,0,
2018-09-30 7:56,,0.016129032,7.91E-07,7:56,6,180930,0,
2018-09-30 7:57,,0.016129032,7.91E-07,7:57,6,180930,0,
2018-09-30 7:58,,0.016129032,7.91E-07,7:58,6,180930,0,
2018-09-30 7:59,,0.016129032,7.91E-07,7:59,6,180930,0,
2018-09-30 8:00,,0.016129032,7.91E-07,8:00,6,180930,0,
2018-09-30 8:01,,0.016129032,7.91E-07,8:01,6,180930,0,
2018-09-30 8:02,,0.016129032,7.91E-07,8:02,6,180930,0,
2018-09-30 8:03,,0.016129032,7.91E-07,8:03,6,180930,0,
2018-09-30 8:04,,0.016129032,7.91E-07,8:04,6,180930,0,
2018-09-30 8:05,,0.016129032,7.91E-07,8:05,6,180930,0,
2018-09-30 8:06,,0.016129032,7.91E-07,8:06,6,180930,0,
2018-09-30 8:07,,0.016129032,7.91E-07,8:07,6,180930,0,
2018-09-30 8:08,,0.016129032,7.91E-07,8:08,6,180930,0,
2018-09-30 8:09,,0.016129032,7.91E-07,8:09,6,180930,0,
2018-09-30 8:10,,0.016129032,7.91E-07,8:10,6,180930,0,
2018-09-30 8:11,,0.016129032,7.91E-07,8:11,6,180930,0,
2018-09-30 8:12,,0.016129032,7.91E-07,8:12,6,180930,0,
2018-09-30 8:13,1,0.016129032,7.91E-07,8:13,6,180930,0,
2018-09-30 8:14,,0.016129032,7.91E-07,8:14,6,180930,0,
2018-09-30 8:15,,0.016129032,7.91E-07,8:15,6,180930,0,
2018-09-30 8:16,,0.016129032,7.91E-07,8:16,6,180930,0,
2018-09-30 8:17,,0.016129032,7.91E-07,8:17,6,180930,0,
2018-09-30 8:18,,0.016129032,7.91E-07,8:18,6,180930,0,
2018-09-30 8:19,,0.016129032,7.91E-07,8:19,6,180930,0,
2018-09-30 8:20,,0.016129032,7.91E-07,8:20,6,180930,0,
2018-09-30 8:21,,0.016129032,7.91E-07,8:21,6,180930,0,
2018-09-30 8:22,,0.016129032,7.91E-07,8:22,6,180930,0,
2018-09-30 8:23,,0.016129032,7.91E-07,8:23,6,180930,0,
2018-09-30 8:24,,0.016129032,7.91E-07,8:24,6,180930,0,
2018-09-30 8:25,,0.016129032,7.91E-07,8:25,6,180930,0,
2018-09-30 8:26,,0.016129032,7.91E-07,8:26,6,180930,0,
2018-09-30 8:27,,0.016129032,7.91E-07,8:27,6,180930,0,
2018-09-30 8:28,,0.016129032,7.91E-07,8:28,6,180930,0,
2018-09-30 8:29,,0.016129032,7.91E-07,8:29,6,180930,0,
2018-09-30 8:30,,0.016129032,7.91E-07,8:30,6,180930,0,
2018-09-30 8:31,,0.016129032,7.91E-07,8:31,6,180930,0,
2018-09-30 8:32,,0.016129032,7.91E-07,8:32,6,180930,0,
2018-09-30 8:33,,0.016129032,7.91E-07,8:33,6,180930,0,
2018-09-30 8:34,,0.016129032,7.91E-07,8:34,6,180930,0,
2018-09-30 8:35,,0.016129032,7.91E-07,8:35,6,180930,0,
2018-09-30 8:36,,0.016129032,7.91E-07,8:36,6,180930,0,
2018-09-30 8:37,,0.016129032,7.91E-07,8:37,6,180930,0,
2018-09-30 8:38,,0.016129032,7.91E-07,8:38,6,180930,0,
2018-09-30 8:39,,0.016129032,7.91E-07,8:39,6,180930,0,
2018-09-30 8:40,,0.016129032,7.91E-07,8:40,6,180930,0,
2018-09-30 8:41,,0.016129032,7.91E-07,8:41,6,180930,0,
2018-09-30 8:42,,0.016129032,7.91E-07,8:42,6,180930,0,
2018-09-30 8:43,,0.016129032,7.91E-07,8:43,6,180930,0,
2018-09-30 8:44,,0.016129032,7.91E-07,8:44,6,180930,0,
2018-09-30 8:45,,0.016129032,7.91E-07,8:45,6,180930,0,
2018-09-30 8:46,,0.016129032,7.91E-07,8:46,6,180930,0,
2018-09-30 8:47,,0.016129032,7.91E-07,8:47,6,180930,0,
2018-09-30 8:48,,0.016129032,7.91E-07,8:48,6,180930,0,
2018-09-30 8:49,,0.016129032,7.91E-07,8:49,6,180930,0,
2018-09-30 8:50,,0.016129032,7.91E-07,8:50,6,180930,0,
2018-09-30 8:51,,0.016129032,7.91E-07,8:51,6,180930,0,
2018-09-30 8:52,,0.016129032,7.91E-07,8:52,6,180930,0,
2018-09-30 8:53,,0.016129032,7.91E-07,8:53,6,180930,0,
2018-09-30 8:54,,0.016129032,7.91E-07,8:54,6,180930,0,
2018-09-30 8:55,,0.016129032,7.91E-07,8:55,6,180930,0,
2018-09-30 8:56,,0.016129032,7.91E-07,8:56,6,180930,0,
2018-09-30 8:57,,0.016129032,7.91E-07,8:57,6,180930,0,
2018-09-30 8:58,,0.016129032,7.91E-07,8:58,6,180930,0,
2018-09-30 8:59,,0.016129032,7.91E-07,8:59,6,180930,0,
2018-09-30 9:00,,0.016129032,7.91E-07,9:00,6,180930,0,
2018-09-30 9:01,,0.016129032,7.91E-07,9:01,6,180930,0,
2018-09-30 9:02,,0.016129032,7.91E-07,9:02,6,180930,0,
2018-09-30 9:03,,0.016129032,7.91E-07,9:03,6,180930,0,
2018-09-30 9:04,,0.016129032,7.91E-07,9:04,6,180930,0,
2018-09-30 9:05,,0.016129032,7.91E-07,9:05,6,180930,0,
2018-09-30 9:06,,0.016129032,7.91E-07,9:06,6,180930,0,
2018-09-30 9:07,,0.016129032,7.91E-07,9:07,6,180930,0,
2018-09-30 9:08,,0.016129032,7.91E-07,9:08,6,180930,0,
2018-09-30 9:09,,0.016129032,7.91E-07,9:09,6,180930,0,
2018-09-30 9:10,,0.016129032,7.91E-07,9:10,6,180930,0,
2018-09-30 9:11,,0.016129032,7.91E-07,9:11,6,180930,0,
2018-09-30 9:12,,0.016129032,7.91E-07,9:12,6,180930,0,
2018-09-30 9:13,,0.016129032,7.91E-07,9:13,6,180930,0,
2018-09-30 9:14,,0.016129032,7.91E-07,9:14,6,180930,0,
2018-09-30 9:15,1,0.016129032,7.91E-07,9:15,6,180930,0,
2018-09-30 9:16,,0.016112903,1.14E-05,9:16,6,180930,0,
2018-09-30 9:17,,0.016112903,7.91E-07,9:17,6,180930,0,
2018-09-30 9:18,,0.016112903,7.91E-07,9:18,6,180930,0,
2018-09-30 9:19,,0.016112903,7.91E-07,9:19,6,180930,0,
2018-09-30 9:20,,0.016112903,7.91E-07,9:20,6,180930,0,
2018-09-30 9:21,,0.016112903,7.91E-07,9:21,6,180930,0,
2018-09-30 9:22,,0.016112903,7.91E-07,9:22,6,180930,0,
2018-09-30 9:23,,0.016112903,7.91E-07,9:23,6,180930,0,
2018-09-30 9:24,,0.016112903,7.91E-07,9:24,6,180930,0,
2018-09-30 9:25,,0.016112903,7.91E-07,9:25,6,180930,0,
2018-09-30 9:26,,0.016112903,7.91E-07,9:26,6,180930,0,
2018-09-30 9:27,,0.016112903,7.91E-07,9:27,6,180930,0,
2018-09-30 9:28,,0.016112903,7.91E-07,9:28,6,180930,0,
2018-09-30 9:29,,0.016112903,7.91E-07,9:29,6,180930,0,
2018-09-30 9:30,,0.016112903,7.91E-07,9:30,6,180930,0,
2018-09-30 9:31,,0.016112903,7.91E-07,9:31,6,180930,0,
2018-09-30 9:32,,0.016112903,7.91E-07,9:32,6,180930,0,
2018-09-30 9:33,,0.016112903,7.91E-07,9:33,6,180930,0,
2018-09-30 9:34,,0.016112903,7.91E-07,9:34,6,180930,0,
2018-09-30 9:35,,0.016112903,7.91E-07,9:35,6,180930,0,
2018-09-30 9:36,,0.016112903,7.91E-07,9:36,6,180930,0,
2018-09-30 9:37,,0.016112903,7.91E-07,9:37,6,180930,0,
2018-09-30 9:38,,0.016112903,7.91E-07,9:38,6,180930,0,
2018-09-30 9:39,,0.016112903,7.91E-07,9:39,6,180930,0,
2018-09-30 9:40,,0.016112903,7.91E-07,9:40,6,180930,0,
2018-09-30 9:41,,0.016112903,7.91E-07,9:41,6,180930,0,
2018-09-30 9:42,,0.016112903,7.91E-07,9:42,6,180930,0,
2018-09-30 9:43,,0.016112903,7.91E-07,9:43,6,180930,0,
2018-09-30 9:44,,0.016112903,7.91E-07,9:44,6,180930,0,
2018-09-30 9:45,,0.016112903,7.91E-07,9:45,6,180930,0,
2018-09-30 9:46,,0.016112903,7.91E-07,9:46,6,180930,0,
2018-09-30 9:47,,0.016112903,7.91E-07,9:47,6,180930,0,
2018-09-30 9:48,,0.016112903,7.91E-07,9:48,6,180930,0,
2018-09-30 9:49,,0.016112903,7.91E-07,9:49,6,180930,0,
2018-09-30 9:50,,0.016112903,7.91E-07,9:50,6,180930,0,
2018-09-30 9:51,,0.016112903,7.91E-07,9:51,6,180930,0,
2018-09-30 9:52,,0.016112903,7.91E-07,9:52,6,180930,0,
2018-09-30 9:53,,0.016112903,7.91E-07,9:53,6,180930,0,
2018-09-30 9:54,,0.016112903,7.91E-07,9:54,6,180930,0,
2018-09-30 9:55,,0.016112903,7.91E-07,9:55,6,180930,0,
2018-09-30 9:56,,0.016112903,7.91E-07,9:56,6,180930,0,
2018-09-30 9:57,,0.016112903,7.91E-07,9:57,6,180930,0,
2018-09-30 9:58,,0.016112903,7.91E-07,9:58,6,180930,0,
2018-09-30 9:59,,0.016112903,7.91E-07,9:59,6,180930,0,
2018-09-30 10:00,,0.016112903,7.91E-07,10:00,6,180930,0,
2018-09-30 10:01,,0.016112903,7.91E-07,10:01,6,180930,0,
2018-09-30 10:02,,0.016112903,7.91E-07,10:02,6,180930,0,
2018-09-30 10:03,,0.016112903,7.91E-07,10:03,6,180930,0,
2018-09-30 10:04,,0.016112903,7.91E-07,10:04,6,180930,0,
2018-09-30 10:05,,0.016112903,7.91E-07,10:05,6,180930,0,
2018-09-30 10:06,,0.016112903,7.91E-07,10:06,6,180930,0,
2018-09-30 10:07,,0.016112903,7.91E-07,10:07,6,180930,0,
2018-09-30 10:08,,0.016112903,7.91E-07,10:08,6,180930,0,
2018-09-30 10:09,,0.016112903,7.91E-07,10:09,6,180930,0,
2018-09-30 10:10,,0.016112903,7.91E-07,10:10,6,180930,0,
2018-09-30 10:11,,0.016112903,7.91E-07,10:11,6,180930,0,
2018-09-30 10:12,,0.016112903,7.91E-07,10:12,6,180930,0,
2018-09-30 10:13,,0.016112903,7.91E-07,10:13,6,180930,0,
2018-09-30 10:14,,0.016112903,7.91E-07,10:14,6,180930,0,
2018-09-30 10:15,,0.016112903,7.91E-07,10:15,6,180930,0,
2018-09-30 10:16,,0.016112903,7.91E-07,10:16,6,180930,0,
2018-09-30 10:17,0.999,0.016112903,7.91E-07,10:17,6,180930,0,
2018-09-30 10:18,,0.016129032,1.14E-05,10:18,6,180930,0,
2018-09-30 10:19,,0.016129032,7.91E-07,10:19,6,180930,0,
2018-09-30 10:20,,0.016129032,7.91E-07,10:20,6,180930,0,
2018-09-30 10:21,,0.016129032,7.91E-07,10:21,6,180930,0,
2018-09-30 10:22,,0.016129032,7.91E-07,10:22,6,180930,0,
2018-09-30 10:23,,0.016129032,7.91E-07,10:23,6,180930,0,
2018-09-30 10:24,,0.016129032,7.91E-07,10:24,6,180930,0,
2018-09-30 10:25,,0.016129032,7.91E-07,10:25,6,180930,0,
2018-09-30 10:26,,0.016129032,7.91E-07,10:26,6,180930,0,
2018-09-30 10:27,,0.016129032,7.91E-07,10:27,6,180930,0,
2018-09-30 10:28,,0.016129032,7.91E-07,10:28,6,180930,0,
2018-09-30 10:29,,0.016129032,7.91E-07,10:29,6,180930,0,
2018-09-30 10:30,,0.016129032,7.91E-07,10:30,6,180930,0,
2018-09-30 10:31,,0.016129032,7.91E-07,10:31,6,180930,0,
2018-09-30 10:32,,0.016129032,7.91E-07,10:32,6,180930,0,
2018-09-30 10:33,,0.016129032,7.91E-07,10:33,6,180930,0,
2018-09-30 10:34,,0.016129032,7.91E-07,10:34,6,180930,0,
2018-09-30 10:35,,0.016129032,7.91E-07,10:35,6,180930,0,
2018-09-30 10:36,,0.016129032,7.91E-07,10:36,6,180930,0,
2018-09-30 10:37,,0.016129032,7.91E-07,10:37,6,180930,0,
2018-09-30 10:38,,0.016129032,7.91E-07,10:38,6,180930,0,
2018-09-30 10:39,,0.016129032,7.91E-07,10:39,6,180930,0,
2018-09-30 10:40,,0.016129032,7.91E-07,10:40,6,180930,0,
2018-09-30 10:41,,0.016129032,7.91E-07,10:41,6,180930,0,
2018-09-30 10:42,,0.016129032,7.91E-07,10:42,6,180930,0,
2018-09-30 10:43,,0.016129032,7.91E-07,10:43,6,180930,0,
2018-09-30 10:44,,0.016129032,7.91E-07,10:44,6,180930,0,
2018-09-30 10:45,,0.016129032,7.91E-07,10:45,6,180930,0,
2018-09-30 10:46,,0.016129032,7.91E-07,10:46,6,180930,0,
2018-09-30 10:47,,0.016129032,7.91E-07,10:47,6,180930,0,
2018-09-30 10:48,,0.016129032,7.91E-07,10:48,6,180930,0,
2018-09-30 10:49,,0.016129032,7.91E-07,10:49,6,180930,0,
2018-09-30 10:50,,0.016129032,7.91E-07,10:50,6,180930,0,
2018-09-30 10:51,,0.016129032,7.91E-07,10:51,6,180930,0,
2018-09-30 10:52,,0.016129032,7.91E-07,10:52,6,180930,0,
2018-09-30 10:53,,0.016129032,7.91E-07,10:53,6,180930,0,
2018-09-30 10:54,,0.016129032,7.91E-07,10:54,6,180930,0,
2018-09-30 10:55,,0.016129032,7.91E-07,10:55,6,180930,0,
2018-09-30 10:56,,0.016129032,7.91E-07,10:56,6,180930,0,
2018-09-30 10:57,,0.016129032,7.91E-07,10:57,6,180930,0,
2018-09-30 10:58,,0.016129032,7.91E-07,10:58,6,180930,0,
2018-09-30 10:59,,0.016129032,7.91E-07,10:59,6,180930,0,
2018-09-30 11:00,,0.016129032,7.91E-07,11:00,6,180930,0,
2018-09-30 11:01,,0.016129032,7.91E-07,11:01,6,180930,0,
2018-09-30 11:02,,0.016129032,7.91E-07,11:02,6,180930,0,
2018-09-30 11:03,,0.016129032,7.91E-07,11:03,6,180930,0,
2018-09-30 11:04,,0.016129032,7.91E-07,11:04,6,180930,0,
2018-09-30 11:05,,0.016129032,7.91E-07,11:05,6,180930,0,
2018-09-30 11:06,,0.016129032,7.91E-07,11:06,6,180930,0,
2018-09-30 11:07,,0.016129032,7.91E-07,11:07,6,180930,0,
2018-09-30 11:08,,0.016129032,7.91E-07,11:08,6,180930,0,
2018-09-30 11:09,,0.016129032,7.91E-07,11:09,6,180930,0,
2018-09-30 11:10,,0.016129032,7.91E-07,11:10,6,180930,0,
2018-09-30 11:11,,0.016129032,7.91E-07,11:11,6,180930,0,
2018-09-30 11:12,,0.016129032,7.91E-07,11:12,6,180930,0,
2018-09-30 11:13,,0.016129032,7.91E-07,11:13,6,180930,0,
2018-09-30 11:14,,0.016129032,7.91E-07,11:14,6,180930,0,
2018-09-30 11:15,,0.016129032,7.91E-07,11:15,6,180930,0,
2018-09-30 11:16,,0.016129032,7.91E-07,11:16,6,180930,0,
2018-09-30 11:17,,0.016129032,7.91E-07,11:17,6,180930,0,
2018-09-30 11:18,,0.016129032,7.91E-07,11:18,6,180930,0,
2018-09-30 11:19,1,0.016129032,7.91E-07,11:19,6,180930,0,
2018-09-30 11:20,,0.016112903,1.14E-05,11:20,6,180930,0,
2018-09-30 11:21,,0.016112903,7.91E-07,11:21,6,180930,0,
2018-09-30 11:22,,0.016112903,7.91E-07,11:22,6,180930,0,
2018-09-30 11:23,,0.016112903,7.91E-07,11:23,6,180930,0,
2018-09-30 11:24,,0.016112903,7.91E-07,11:24,6,180930,0,
2018-09-30 11:25,,0.016112903,7.91E-07,11:25,6,180930,0,
2018-09-30 11:26,,0.016112903,7.91E-07,11:26,6,180930,0,
2018-09-30 11:27,,0.016112903,7.91E-07,11:27,6,180930,0,
2018-09-30 11:28,,0.016112903,7.91E-07,11:28,6,180930,0,
2018-09-30 11:29,,0.016112903,7.91E-07,11:29,6,180930,0,
2018-09-30 11:30,,0.016112903,7.91E-07,11:30,6,180930,0,
2018-09-30 11:31,,0.016112903,7.91E-07,11:31,6,180930,0,
2018-09-30 11:32,,0.016112903,7.91E-07,11:32,6,180930,0,
2018-09-30 11:33,,0.016112903,7.91E-07,11:33,6,180930,0,
2018-09-30 11:34,,0.016112903,7.91E-07,11:34,6,180930,0,
2018-09-30 11:35,,0.016112903,7.91E-07,11:35,6,180930,0,
2018-09-30 11:36,,0.016112903,7.91E-07,11:36,6,180930,0,
2018-09-30 11:37,,0.016112903,7.91E-07,11:37,6,180930,0,
2018-09-30 11:38,,0.016112903,7.91E-07,11:38,6,180930,0,
2018-09-30 11:39,,0.016112903,7.91E-07,11:39,6,180930,0,
2018-09-30 11:40,,0.016112903,7.91E-07,11:40,6,180930,0,
2018-09-30 11:41,,0.016112903,7.91E-07,11:41,6,180930,0,
2018-09-30 11:42,,0.016112903,7.91E-07,11:42,6,180930,0,
2018-09-30 11:43,,0.016112903,7.91E-07,11:43,6,180930,0,
2018-09-30 11:44,,0.016112903,7.91E-07,11:44,6,180930,0,
2018-09-30 11:45,,0.016112903,7.91E-07,11:45,6,180930,0,
2018-09-30 11:46,,0.016112903,7.91E-07,11:46,6,180930,0,
2018-09-30 11:47,,0.016112903,7.91E-07,11:47,6,180930,0,
2018-09-30 11:48,,0.016112903,7.91E-07,11:48,6,180930,0,
2018-09-30 11:49,,0.016112903,7.91E-07,11:49,6,180930,0,
2018-09-30 11:50,,0.016112903,7.91E-07,11:50,6,180930,0,
2018-09-30 11:51,,0.016112903,7.91E-07,11:51,6,180930,0,
2018-09-30 11:52,,0.016112903,7.91E-07,11:52,6,180930,0,
2018-09-30 11:53,,0.016112903,7.91E-07,11:53,6,180930,0,
2018-09-30 11:54,,0.016112903,7.91E-07,11:54,6,180930,0,
2018-09-30 11:55,,0.016112903,7.91E-07,11:55,6,180930,0,
2018-09-30 11:56,,0.016112903,7.91E-07,11:56,6,180930,0,
2018-09-30 11:57,,0.016112903,7.91E-07,11:57,6,180930,0,
2018-09-30 11:58,,0.016112903,7.91E-07,11:58,6,180930,0,
2018-09-30 11:59,,0.016112903,7.91E-07,11:59,6,180930,0,
2018-09-30 12:00,,0.016112903,7.91E-07,12:00,6,180930,0,
2018-09-30 12:01,,0.016112903,7.91E-07,12:01,6,180930,0,
2018-09-30 12:02,,0.016112903,7.91E-07,12:02,6,180930,0,
2018-09-30 12:03,,0.016112903,7.91E-07,12:03,6,180930,0,
2018-09-30 12:04,,0.016112903,7.91E-07,12:04,6,180930,0,
2018-09-30 12:05,,0.016112903,7.91E-07,12:05,6,180930,0,
2018-09-30 12:06,,0.016112903,7.91E-07,12:06,6,180930,0,
2018-09-30 12:07,,0.016112903,7.91E-07,12:07,6,180930,0,
2018-09-30 12:08,,0.016112903,7.91E-07,12:08,6,180930,0,
2018-09-30 12:09,,0.016112903,7.91E-07,12:09,6,180930,0,
2018-09-30 12:10,,0.016112903,7.91E-07,12:10,6,180930,0,
2018-09-30 12:11,,0.016112903,7.91E-07,12:11,6,180930,0,
2018-09-30 12:12,,0.016112903,7.91E-07,12:12,6,180930,0,
2018-09-30 12:13,,0.016112903,7.91E-07,12:13,6,180930,0,
2018-09-30 12:14,,0.016112903,7.91E-07,12:14,6,180930,0,
2018-09-30 12:15,,0.016112903,7.91E-07,12:15,6,180930,0,
2018-09-30 12:16,,0.016112903,7.91E-07,12:16,6,180930,0,
2018-09-30 12:17,,0.016112903,7.91E-07,12:17,6,180930,0,
2018-09-30 12:18,,0.016112903,7.91E-07,12:18,6,180930,0,
2018-09-30 12:19,,0.016112903,7.91E-07,12:19,6,180930,0,
2018-09-30 12:20,,0.016112903,7.91E-07,12:20,6,180930,0,
2018-09-30 12:21,0.999,0.016112903,7.91E-07,12:21,6,180930,0,
2018-09-30 12:22,,0.016393443,0.000198373,12:22,6,180930,0,
2018-09-30 12:23,,0.016393443,7.91E-07,12:23,6,180930,0,
2018-09-30 12:24,,0.016393443,7.91E-07,12:24,6,180930,0,
2018-09-30 12:25,,0.016393443,7.91E-07,12:25,6,180930,0,
2018-09-30 12:26,,0.016393443,7.91E-07,12:26,6,180930,0,
2018-09-30 12:27,,0.016393443,7.91E-07,12:27,6,180930,0,
2018-09-30 12:28,,0.016393443,7.91E-07,12:28,6,180930,0,
2018-09-30 12:29,,0.016393443,7.91E-07,12:29,6,180930,0,
2018-09-30 12:30,,0.016393443,7.91E-07,12:30,6,180930,0,
2018-09-30 12:31,,0.016393443,7.91E-07,12:31,6,180930,0,
2018-09-30 12:32,,0.016393443,7.91E-07,12:32,6,180930,0,
2018-09-30 12:33,,0.016393443,7.91E-07,12:33,6,180930,0,
2018-09-30 12:34,,0.016393443,7.91E-07,12:34,6,180930,0,
2018-09-30 12:35,,0.016393443,7.91E-07,12:35,6,180930,0,
2018-09-30 12:36,,0.016393443,7.91E-07,12:36,6,180930,0,
2018-09-30 12:37,,0.016393443,7.91E-07,12:37,6,180930,0,
2018-09-30 12:38,,0.016393443,7.91E-07,12:38,6,180930,0,
2018-09-30 12:39,,0.016393443,7.91E-07,12:39,6,180930,0,
2018-09-30 12:40,,0.016393443,7.91E-07,12:40,6,180930,0,
2018-09-30 12:41,,0.016393443,7.91E-07,12:41,6,180930,0,
2018-09-30 12:42,,0.016393443,7.91E-07,12:42,6,180930,0,
2018-09-30 12:43,,0.016393443,7.91E-07,12:43,6,180930,0,
2018-09-30 12:44,,0.016393443,7.91E-07,12:44,6,180930,0,
2018-09-30 12:45,,0.016393443,7.91E-07,12:45,6,180930,0,
2018-09-30 12:46,,0.016393443,7.91E-07,12:46,6,180930,0,
2018-09-30 12:47,,0.016393443,7.91E-07,12:47,6,180930,0,
2018-09-30 12:48,,0.016393443,7.91E-07,12:48,6,180930,0,
2018-09-30 12:49,,0.016393443,7.91E-07,12:49,6,180930,0,
2018-09-30 12:50,,0.016393443,7.91E-07,12:50,6,180930,0,
2018-09-30 12:51,,0.016393443,7.91E-07,12:51,6,180930,0,
2018-09-30 12:52,,0.016393443,7.91E-07,12:52,6,180930,0,
2018-09-30 12:53,,0.016393443,7.91E-07,12:53,6,180930,0,
2018-09-30 12:54,,0.016393443,7.91E-07,12:54,6,180930,0,
2018-09-30 12:55,,0.016393443,7.91E-07,12:55,6,180930,0,
2018-09-30 12:56,,0.016393443,7.91E-07,12:56,6,180930,0,
2018-09-30 12:57,,0.016393443,7.91E-07,12:57,6,180930,0,
2018-09-30 12:58,,0.016393443,7.91E-07,12:58,6,180930,0,
2018-09-30 12:59,,0.016393443,7.91E-07,12:59,6,180930,0,
2018-09-30 13:00,,0.016393443,7.91E-07,13:00,6,180930,0,
2018-09-30 13:01,,0.016393443,7.91E-07,13:01,6,180930,0,
2018-09-30 13:02,,0.016393443,7.91E-07,13:02,6,180930,0,
2018-09-30 13:03,,0.016393443,7.91E-07,13:03,6,180930,0,
2018-09-30 13:04,,0.016393443,7.91E-07,13:04,6,180930,0,
2018-09-30 13:05,,0.016393443,7.91E-07,13:05,6,180930,0,
2018-09-30 13:06,,0.016393443,7.91E-07,13:06,6,180930,0,
2018-09-30 13:07,,0.016393443,7.91E-07,13:07,6,180930,0,
2018-09-30 13:08,,0.016393443,7.91E-07,13:08,6,180930,0,
2018-09-30 13:09,,0.016393443,7.91E-07,13:09,6,180930,0,
2018-09-30 13:10,,0.016393443,7.91E-07,13:10,6,180930,0,
2018-09-30 13:11,,0.016393443,7.91E-07,13:11,6,180930,0,
2018-09-30 13:12,,0.016393443,7.91E-07,13:12,6,180930,0,
2018-09-30 13:13,,0.016393443,7.91E-07,13:13,6,180930,0,
2018-09-30 13:14,,0.016393443,7.91E-07,13:14,6,180930,0,
2018-09-30 13:15,,0.016393443,7.91E-07,13:15,6,180930,0,
2018-09-30 13:16,,0.016393443,7.91E-07,13:16,6,180930,0,
2018-09-30 13:17,,0.016393443,7.91E-07,13:17,6,180930,0,
2018-09-30 13:18,,0.016393443,7.91E-07,13:18,6,180930,0,
2018-09-30 13:19,,0.016393443,7.91E-07,13:19,6,180930,0,
2018-09-30 13:20,,0.016393443,7.91E-07,13:20,6,180930,0,
2018-09-30 13:21,,0.016393443,7.91E-07,13:21,6,180930,0,
2018-09-30 13:22,1,0.016393443,7.91E-07,13:22,6,180930,0,
2018-09-30 13:23,,0.016112903,0.000198373,13:23,6,180930,0,
2018-09-30 13:24,,0.016112903,7.91E-07,13:24,6,180930,0,
2018-09-30 13:25,,0.016112903,7.91E-07,13:25,6,180930,0,
2018-09-30 13:26,,0.016112903,7.91E-07,13:26,6,180930,0,
2018-09-30 13:27,,0.016112903,7.91E-07,13:27,6,180930,0,
2018-09-30 13:28,,0.016112903,7.91E-07,13:28,6,180930,0,
2018-09-30 13:29,,0.016112903,7.91E-07,13:29,6,180930,0,
2018-09-30 13:30,,0.016112903,7.91E-07,13:30,6,180930,0,
2018-09-30 13:31,,0.016112903,7.91E-07,13:31,6,180930,0,
2018-09-30 13:32,,0.016112903,7.91E-07,13:32,6,180930,0,
2018-09-30 13:33,,0.016112903,7.91E-07,13:33,6,180930,0,
2018-09-30 13:34,,0.016112903,7.91E-07,13:34,6,180930,0,
2018-09-30 13:35,,0.016112903,7.91E-07,13:35,6,180930,0,
2018-09-30 13:36,,0.016112903,7.91E-07,13:36,6,180930,0,
2018-09-30 13:37,,0.016112903,7.91E-07,13:37,6,180930,0,
2018-09-30 13:38,,0.016112903,7.91E-07,13:38,6,180930,0,
2018-09-30 13:39,,0.016112903,7.91E-07,13:39,6,180930,0,
2018-09-30 13:40,,0.016112903,7.91E-07,13:40,6,180930,0,
2018-09-30 13:41,,0.016112903,7.91E-07,13:41,6,180930,0,
2018-09-30 13:42,,0.016112903,7.91E-07,13:42,6,180930,0,
2018-09-30 13:43,,0.016112903,7.91E-07,13:43,6,180930,0,
2018-09-30 13:44,,0.016112903,7.91E-07,13:44,6,180930,0,
2018-09-30 13:45,,0.016112903,7.91E-07,13:45,6,180930,0,
2018-09-30 13:46,,0.016112903,7.91E-07,13:46,6,180930,0,
2018-09-30 13:47,,0.016112903,7.91E-07,13:47,6,180930,0,
2018-09-30 13:48,,0.016112903,7.91E-07,13:48,6,180930,0,
2018-09-30 13:49,,0.016112903,7.91E-07,13:49,6,180930,0,
2018-09-30 13:50,,0.016112903,7.91E-07,13:50,6,180930,0,
2018-09-30 13:51,,0.016112903,7.91E-07,13:51,6,180930,0,
2018-09-30 13:52,,0.016112903,7.91E-07,13:52,6,180930,0,
2018-09-30 13:53,,0.016112903,7.91E-07,13:53,6,180930,0,
2018-09-30 13:54,,0.016112903,7.91E-07,13:54,6,180930,0,
2018-09-30 13:55,,0.016112903,7.91E-07,13:55,6,180930,0,
2018-09-30 13:56,,0.016112903,7.91E-07,13:56,6,180930,0,
2018-09-30 13:57,,0.016112903,7.91E-07,13:57,6,180930,0,
2018-09-30 13:58,,0.016112903,7.91E-07,13:58,6,180930,0,
2018-09-30 13:59,,0.016112903,7.91E-07,13:59,6,180930,0,
2018-09-30 14:00,,0.016112903,7.91E-07,14:00,6,180930,0,
2018-09-30 14:01,,0.016112903,7.91E-07,14:01,6,180930,0,
2018-09-30 14:02,,0.016112903,7.91E-07,14:02,6,180930,0,
2018-09-30 14:03,,0.016112903,7.91E-07,14:03,6,180930,0,
2018-09-30 14:04,,0.016112903,7.91E-07,14:04,6,180930,0,
2018-09-30 14:05,,0.016112903,7.91E-07,14:05,6,180930,0,
2018-09-30 14:06,,0.016112903,7.91E-07,14:06,6,180930,0,
2018-09-30 14:07,,0.016112903,7.91E-07,14:07,6,180930,0,
2018-09-30 14:08,,0.016112903,7.91E-07,14:08,6,180930,0,
2018-09-30 14:09,,0.016112903,7.91E-07,14:09,6,180930,0,
2018-09-30 14:10,,0.016112903,7.91E-07,14:10,6,180930,0,
2018-09-30 14:11,,0.016112903,7.91E-07,14:11,6,180930,0,
2018-09-30 14:12,,0.016112903,7.91E-07,14:12,6,180930,0,
2018-09-30 14:13,,0.016112903,7.91E-07,14:13,6,180930,0,
2018-09-30 14:14,,0.016112903,7.91E-07,14:14,6,180930,0,
2018-09-30 14:15,,0.016112903,7.91E-07,14:15,6,180930,0,
2018-09-30 14:16,,0.016112903,7.91E-07,14:16,6,180930,0,
2018-09-30 14:17,,0.016112903,7.91E-07,14:17,6,180930,0,
2018-09-30 14:18,,0.016112903,7.91E-07,14:18,6,180930,0,
2018-09-30 14:19,,0.016112903,7.91E-07,14:19,6,180930,0,
2018-09-30 14:20,,0.016112903,7.91E-07,14:20,6,180930,0,
2018-09-30 14:21,,0.016112903,7.91E-07,14:21,6,180930,0,
2018-09-30 14:22,,0.016112903,7.91E-07,14:22,6,180930,0,
2018-09-30 14:23,,0.016112903,7.91E-07,14:23,6,180930,0,
2018-09-30 14:24,0.999,0.016112903,7.91E-07,14:24,6,180930,0,
2018-09-30 14:25,,0.016129032,1.14E-05,14:25,6,180930,0,
2018-09-30 14:26,,0.016129032,7.91E-07,14:26,6,180930,0,
2018-09-30 14:27,,0.016129032,7.91E-07,14:27,6,180930,0,
2018-09-30 14:28,,0.016129032,7.91E-07,14:28,6,180930,0,
2018-09-30 14:29,,0.016129032,7.91E-07,14:29,6,180930,0,
2018-09-30 14:30,,0.016129032,7.91E-07,14:30,6,180930,0,
2018-09-30 14:31,,0.016129032,7.91E-07,14:31,6,180930,0,
2018-09-30 14:32,,0.016129032,7.91E-07,14:32,6,180930,0,
2018-09-30 14:33,,0.016129032,7.91E-07,14:33,6,180930,0,
2018-09-30 14:34,,0.016129032,7.91E-07,14:34,6,180930,0,
2018-09-30 14:35,,0.016129032,7.91E-07,14:35,6,180930,0,
2018-09-30 14:36,,0.016129032,7.91E-07,14:36,6,180930,0,
2018-09-30 14:37,,0.016129032,7.91E-07,14:37,6,180930,0,
2018-09-30 14:38,,0.016129032,7.91E-07,14:38,6,180930,0,
2018-09-30 14:39,,0.016129032,7.91E-07,14:39,6,180930,0,
2018-09-30 14:40,,0.016129032,7.91E-07,14:40,6,180930,0,
2018-09-30 14:41,,0.016129032,7.91E-07,14:41,6,180930,0,
2018-09-30 14:42,,0.016129032,7.91E-07,14:42,6,180930,0,
2018-09-30 14:43,,0.016129032,7.91E-07,14:43,6,180930,0,
2018-09-30 14:44,,0.016129032,7.91E-07,14:44,6,180930,0,
2018-09-30 14:45,,0.016129032,7.91E-07,14:45,6,180930,0,
2018-09-30 14:46,,0.016129032,7.91E-07,14:46,6,180930,0,
2018-09-30 14:47,,0.016129032,7.91E-07,14:47,6,180930,0,
2018-09-30 14:48,,0.016129032,7.91E-07,14:48,6,180930,0,
2018-09-30 14:49,,0.016129032,7.91E-07,14:49,6,180930,0,
2018-09-30 14:50,,0.016129032,7.91E-07,14:50,6,180930,0,
2018-09-30 14:51,,0.016129032,7.91E-07,14:51,6,180930,0,
2018-09-30 14:52,,0.016129032,7.91E-07,14:52,6,180930,0,
2018-09-30 14:53,,0.016129032,7.91E-07,14:53,6,180930,0,
2018-09-30 14:54,,0.016129032,7.91E-07,14:54,6,180930,0,
2018-09-30 14:55,,0.016129032,7.91E-07,14:55,6,180930,0,
2018-09-30 14:56,,0.016129032,7.91E-07,14:56,6,180930,0,
2018-09-30 14:57,,0.016129032,7.91E-07,14:57,6,180930,0,
2018-09-30 14:58,,0.016129032,7.91E-07,14:58,6,180930,0,
2018-09-30 14:59,,0.016129032,7.91E-07,14:59,6,180930,0,
2018-09-30 15:00,,0.016129032,7.91E-07,15:00,6,180930,0,
2018-09-30 15:01,,0.016129032,7.91E-07,15:01,6,180930,0,
2018-09-30 15:02,,0.016129032,7.91E-07,15:02,6,180930,0,
2018-09-30 15:03,,0.016129032,7.91E-07,15:03,6,180930,0,
2018-09-30 15:04,,0.016129032,7.91E-07,15:04,6,180930,0,
2018-09-30 15:05,,0.016129032,7.91E-07,15:05,6,180930,0,
2018-09-30 15:06,,0.016129032,7.91E-07,15:06,6,180930,0,
2018-09-30 15:07,,0.016129032,7.91E-07,15:07,6,180930,0,
2018-09-30 15:08,,0.016129032,7.91E-07,15:08,6,180930,0,
2018-09-30 15:09,,0.016129032,7.91E-07,15:09,6,180930,0,
2018-09-30 15:10,,0.016129032,7.91E-07,15:10,6,180930,0,
2018-09-30 15:11,,0.016129032,7.91E-07,15:11,6,180930,0,
2018-09-30 15:12,,0.016129032,7.91E-07,15:12,6,180930,0,
2018-09-30 15:13,,0.016129032,7.91E-07,15:13,6,180930,0,
2018-09-30 15:14,,0.016129032,7.91E-07,15:14,6,180930,0,
2018-09-30 15:15,,0.016129032,7.91E-07,15:15,6,180930,0,
2018-09-30 15:16,,0.016129032,7.91E-07,15:16,6,180930,0,
2018-09-30 15:17,,0.016129032,7.91E-07,15:17,6,180930,0,
2018-09-30 15:18,,0.016129032,7.91E-07,15:18,6,180930,0,
2018-09-30 15:19,,0.016129032,7.91E-07,15:19,6,180930,0,
2018-09-30 15:20,,0.016129032,7.91E-07,15:20,6,180930,0,
2018-09-30 15:21,,0.016129032,7.91E-07,15:21,6,180930,0,
2018-09-30 15:22,,0.016129032,7.91E-07,15:22,6,180930,0,
2018-09-30 15:23,,0.016129032,7.91E-07,15:23,6,180930,0,
2018-09-30 15:24,,0.016129032,7.91E-07,15:24,6,180930,0,
2018-09-30 15:25,,0.016129032,7.91E-07,15:25,6,180930,0,
2018-09-30 15:26,1,0.016129032,7.91E-07,15:26,6,180930,0,
2018-09-30 15:27,,0.016129032,7.91E-07,15:27,6,180930,0,
2018-09-30 15:28,,0.016129032,7.91E-07,15:28,6,180930,0,
2018-09-30 15:29,,0.016129032,7.91E-07,15:29,6,180930,0,
2018-09-30 15:30,,0.016129032,7.91E-07,15:30,6,180930,0,
2018-09-30 15:31,,0.016129032,7.91E-07,15:31,6,180930,0,
2018-09-30 15:32,,0.016129032,7.91E-07,15:32,6,180930,0,
2018-09-30 15:33,,0.016129032,7.91E-07,15:33,6,180930,0,
2018-09-30 15:34,,0.016129032,7.91E-07,15:34,6,180930,0,
2018-09-30 15:35,,0.016129032,7.91E-07,15:35,6,180930,0,
2018-09-30 15:36,,0.016129032,7.91E-07,15:36,6,180930,0,
2018-09-30 15:37,,0.016129032,7.91E-07,15:37,6,180930,0,
2018-09-30 15:38,,0.016129032,7.91E-07,15:38,6,180930,0,
2018-09-30 15:39,,0.016129032,7.91E-07,15:39,6,180930,0,
2018-09-30 15:40,,0.016129032,7.91E-07,15:40,6,180930,0,
2018-09-30 15:41,,0.016129032,7.91E-07,15:41,6,180930,0,
2018-09-30 15:42,,0.016129032,7.91E-07,15:42,6,180930,0,
2018-09-30 15:43,,0.016129032,7.91E-07,15:43,6,180930,0,
2018-09-30 15:44,,0.016129032,7.91E-07,15:44,6,180930,0,
2018-09-30 15:45,,0.016129032,7.91E-07,15:45,6,180930,0,
2018-09-30 15:46,,0.016129032,7.91E-07,15:46,6,180930,0,
2018-09-30 15:47,,0.016129032,7.91E-07,15:47,6,180930,0,
2018-09-30 15:48,,0.016129032,7.91E-07,15:48,6,180930,0,
2018-09-30 15:49,,0.016129032,7.91E-07,15:49,6,180930,0,
2018-09-30 15:50,,0.016129032,7.91E-07,15:50,6,180930,0,
2018-09-30 15:51,,0.016129032,7.91E-07,15:51,6,180930,0,
2018-09-30 15:52,,0.016129032,7.91E-07,15:52,6,180930,0,
2018-09-30 15:53,,0.016129032,7.91E-07,15:53,6,180930,0,
2018-09-30 15:54,,0.016129032,7.91E-07,15:54,6,180930,0,
2018-09-30 15:55,,0.016129032,7.91E-07,15:55,6,180930,0,
2018-09-30 15:56,,0.016129032,7.91E-07,15:56,6,180930,0,
2018-09-30 15:57,,0.016129032,7.91E-07,15:57,6,180930,0,
2018-09-30 15:58,,0.016129032,7.91E-07,15:58,6,180930,0,
2018-09-30 15:59,,0.016129032,7.91E-07,15:59,6,180930,0,
2018-09-30 16:00,,0.016129032,7.91E-07,16:00,6,180930,0,
2018-09-30 16:01,,0.016129032,7.91E-07,16:01,6,180930,0,
2018-09-30 16:02,,0.016129032,7.91E-07,16:02,6,180930,0,
2018-09-30 16:03,,0.016129032,7.91E-07,16:03,6,180930,0,
2018-09-30 16:04,,0.016129032,7.91E-07,16:04,6,180930,0,
2018-09-30 16:05,,0.016129032,7.91E-07,16:05,6,180930,0,
2018-09-30 16:06,,0.016129032,7.91E-07,16:06,6,180930,0,
2018-09-30 16:07,,0.016129032,7.91E-07,16:07,6,180930,0,
2018-09-30 16:08,,0.016129032,7.91E-07,16:08,6,180930,0,
2018-09-30 16:09,,0.016129032,7.91E-07,16:09,6,180930,0,
2018-09-30 16:10,,0.016129032,7.91E-07,16:10,6,180930,0,
2018-09-30 16:11,,0.016129032,7.91E-07,16:11,6,180930,0,
2018-09-30 16:12,,0.016129032,7.91E-07,16:12,6,180930,0,
2018-09-30 16:13,,0.016129032,7.91E-07,16:13,6,180930,0,
2018-09-30 16:14,,0.016129032,7.91E-07,16:14,6,180930,0,
2018-09-30 16:15,,0.016129032,7.91E-07,16:15,6,180930,0,
2018-09-30 16:16,,0.016129032,7.91E-07,16:16,6,180930,0,
2018-09-30 16:17,,0.016129032,7.91E-07,16:17,6,180930,0,
2018-09-30 16:18,,0.016129032,7.91E-07,16:18,6,180930,0,
2018-09-30 16:19,,0.016129032,7.91E-07,16:19,6,180930,0,
2018-09-30 16:20,,0.016129032,7.91E-07,16:20,6,180930,0,
2018-09-30 16:21,,0.016129032,7.91E-07,16:21,6,180930,0,
2018-09-30 16:22,,0.016129032,7.91E-07,16:22,6,180930,0,
2018-09-30 16:23,,0.016129032,7.91E-07,16:23,6,180930,0,
2018-09-30 16:24,,0.016129032,7.91E-07,16:24,6,180930,0,
2018-09-30 16:25,,0.016129032,7.91E-07,16:25,6,180930,0,
2018-09-30 16:26,,0.016129032,7.91E-07,16:26,6,180930,0,
2018-09-30 16:27,,0.016129032,7.91E-07,16:27,6,180930,0,
2018-09-30 16:28,1,0.016129032,7.91E-07,16:28,6,180930,0,
2018-09-30 16:29,,0.016112903,1.14E-05,16:29,6,180930,0,
2018-09-30 16:30,,0.016112903,7.91E-07,16:30,6,180930,0,
2018-09-30 16:31,,0.016112903,7.91E-07,16:31,6,180930,0,
2018-09-30 16:32,,0.016112903,7.91E-07,16:32,6,180930,0,
2018-09-30 16:33,,0.016112903,7.91E-07,16:33,6,180930,0,
2018-09-30 16:34,,0.016112903,7.91E-07,16:34,6,180930,0,
2018-09-30 16:35,,0.016112903,7.91E-07,16:35,6,180930,0,
2018-09-30 16:36,,0.016112903,7.91E-07,16:36,6,180930,0,
2018-09-30 16:37,,0.016112903,7.91E-07,16:37,6,180930,0,
2018-09-30 16:38,,0.016112903,7.91E-07,16:38,6,180930,0,
2018-09-30 16:39,,0.016112903,7.91E-07,16:39,6,180930,0,
2018-09-30 16:40,,0.016112903,7.91E-07,16:40,6,180930,0,
2018-09-30 16:41,,0.016112903,7.91E-07,16:41,6,180930,0,
2018-09-30 16:42,,0.016112903,7.91E-07,16:42,6,180930,0,
2018-09-30 16:43,,0.016112903,7.91E-07,16:43,6,180930,0,
2018-09-30 16:44,,0.016112903,7.91E-07,16:44,6,180930,0,
2018-09-30 16:45,,0.016112903,7.91E-07,16:45,6,180930,0,
2018-09-30 16:46,,0.016112903,7.91E-07,16:46,6,180930,0,
2018-09-30 16:47,,0.016112903,7.91E-07,16:47,6,180930,0,
2018-09-30 16:48,,0.016112903,7.91E-07,16:48,6,180930,0,
2018-09-30 16:49,,0.016112903,7.91E-07,16:49,6,180930,0,
2018-09-30 16:50,,0.016112903,7.91E-07,16:50,6,180930,0,
2018-09-30 16:51,,0.016112903,7.91E-07,16:51,6,180930,0,
2018-09-30 16:52,,0.016112903,7.91E-07,16:52,6,180930,0,
2018-09-30 16:53,,0.016112903,7.91E-07,16:53,6,180930,0,
2018-09-30 16:54,,0.016112903,7.91E-07,16:54,6,180930,0,
2018-09-30 16:55,,0.016112903,7.91E-07,16:55,6,180930,0,
2018-09-30 16:56,,0.016112903,7.91E-07,16:56,6,180930,0,
2018-09-30 16:57,,0.016112903,7.91E-07,16:57,6,180930,0,
2018-09-30 16:58,,0.016112903,7.91E-07,16:58,6,180930,0,
2018-09-30 16:59,,0.016112903,7.91E-07,16:59,6,180930,0,
2018-09-30 17:00,,0.016112903,7.91E-07,17:00,6,180930,0,
2018-09-30 17:01,,0.016112903,7.91E-07,17:01,6,180930,0,
2018-09-30 17:02,,0.016112903,7.91E-07,17:02,6,180930,0,
2018-09-30 17:03,,0.016112903,7.91E-07,17:03,6,180930,0,
2018-09-30 17:04,,0.016112903,7.91E-07,17:04,6,180930,0,
2018-09-30 17:05,,0.016112903,7.91E-07,17:05,6,180930,0,
2018-09-30 17:06,,0.016112903,7.91E-07,17:06,6,180930,0,
2018-09-30 17:07,,0.016112903,7.91E-07,17:07,6,180930,0,
2018-09-30 17:08,,0.016112903,7.91E-07,17:08,6,180930,0,
2018-09-30 17:09,,0.016112903,7.91E-07,17:09,6,180930,0,
2018-09-30 17:10,,0.016112903,7.91E-07,17:10,6,180930,0,
2018-09-30 17:11,,0.016112903,7.91E-07,17:11,6,180930,0,
2018-09-30 17:12,,0.016112903,7.91E-07,17:12,6,180930,0,
2018-09-30 17:13,,0.016112903,7.91E-07,17:13,6,180930,0,
2018-09-30 17:14,,0.016112903,7.91E-07,17:14,6,180930,0,
2018-09-30 17:15,,0.016112903,7.91E-07,17:15,6,180930,0,
2018-09-30 17:16,,0.016112903,7.91E-07,17:16,6,180930,0,
2018-09-30 17:17,,0.016112903,7.91E-07,17:17,6,180930,0,
2018-09-30 17:18,,0.016112903,7.91E-07,17:18,6,180930,0,
2018-09-30 17:19,,0.016112903,7.91E-07,17:19,6,180930,0,
2018-09-30 17:20,,0.016112903,7.91E-07,17:20,6,180930,0,
2018-09-30 17:21,,0.016112903,7.91E-07,17:21,6,180930,0,
2018-09-30 17:22,,0.016112903,7.91E-07,17:22,6,180930,0,
2018-09-30 17:23,,0.016112903,7.91E-07,17:23,6,180930,0,
2018-09-30 17:24,,0.016112903,7.91E-07,17:24,6,180930,0,
2018-09-30 17:25,,0.016112903,7.91E-07,17:25,6,180930,0,
2018-09-30 17:26,,0.016112903,7.91E-07,17:26,6,180930,0,
2018-09-30 17:27,,0.016112903,7.91E-07,17:27,6,180930,0,
2018-09-30 17:28,,0.016112903,7.91E-07,17:28,6,180930,0,
2018-09-30 17:29,,0.016112903,7.91E-07,17:29,6,180930,0,
2018-09-30 17:30,0.999,0.016112903,7.91E-07,17:30,6,180930,0,
2018-09-30 17:31,,0.016129032,1.14E-05,17:31,6,180930,0,
2018-09-30 17:32,,0.016129032,7.91E-07,17:32,6,180930,0,
2018-09-30 17:33,,0.016129032,7.91E-07,17:33,6,180930,0,
2018-09-30 17:34,,0.016129032,7.91E-07,17:34,6,180930,0,
2018-09-30 17:35,,0.016129032,7.91E-07,17:35,6,180930,0,
2018-09-30 17:36,,0.016129032,7.91E-07,17:36,6,180930,0,
2018-09-30 17:37,,0.016129032,7.91E-07,17:37,6,180930,0,
2018-09-30 17:38,,0.016129032,7.91E-07,17:38,6,180930,0,
2018-09-30 17:39,,0.016129032,7.91E-07,17:39,6,180930,0,
2018-09-30 17:40,,0.016129032,7.91E-07,17:40,6,180930,0,
2018-09-30 17:41,,0.016129032,7.91E-07,17:41,6,180930,0,
2018-09-30 17:42,,0.016129032,7.91E-07,17:42,6,180930,0,
2018-09-30 17:43,,0.016129032,7.91E-07,17:43,6,180930,0,
2018-09-30 17:44,,0.016129032,7.91E-07,17:44,6,180930,0,
2018-09-30 17:45,,0.016129032,7.91E-07,17:45,6,180930,0,
2018-09-30 17:46,,0.016129032,7.91E-07,17:46,6,180930,0,
2018-09-30 17:47,,0.016129032,7.91E-07,17:47,6,180930,0,
2018-09-30 17:48,,0.016129032,7.91E-07,17:48,6,180930,0,
2018-09-30 17:49,,0.016129032,7.91E-07,17:49,6,180930,0,
2018-09-30 17:50,,0.016129032,7.91E-07,17:50,6,180930,0,
2018-09-30 17:51,,0.016129032,7.91E-07,17:51,6,180930,0,
2018-09-30 17:52,,0.016129032,7.91E-07,17:52,6,180930,0,
2018-09-30 17:53,,0.016129032,7.91E-07,17:53,6,180930,0,
2018-09-30 17:54,,0.016129032,7.91E-07,17:54,6,180930,0,
2018-09-30 17:55,,0.016129032,7.91E-07,17:55,6,180930,0,
2018-09-30 17:56,,0.016129032,7.91E-07,17:56,6,180930,0,
2018-09-30 17:57,,0.016129032,7.91E-07,17:57,6,180930,0,
2018-09-30 17:58,,0.016129032,7.91E-07,17:58,6,180930,0,
2018-09-30 17:59,,0.016129032,7.91E-07,17:59,6,180930,0,
2018-09-30 18:00,,0.016129032,7.91E-07,18:00,6,180930,0,
2018-09-30 18:01,,0.016129032,7.91E-07,18:01,6,180930,0,
2018-09-30 18:02,,0.016129032,7.91E-07,18:02,6,180930,0,
2018-09-30 18:03,,0.016129032,7.91E-07,18:03,6,180930,0,
2018-09-30 18:04,,0.016129032,7.91E-07,18:04,6,180930,0,
2018-09-30 18:05,,0.016129032,7.91E-07,18:05,6,180930,0,
2018-09-30 18:06,,0.016129032,7.91E-07,18:06,6,180930,0,
2018-09-30 18:07,,0.016129032,7.91E-07,18:07,6,180930,0,
2018-09-30 18:08,,0.016129032,7.91E-07,18:08,6,180930,0,
2018-09-30 18:09,,0.016129032,7.91E-07,18:09,6,180930,0,
2018-09-30 18:10,,0.016129032,7.91E-07,18:10,6,180930,0,
2018-09-30 18:11,,0.016129032,7.91E-07,18:11,6,180930,0,
2018-09-30 18:12,,0.016129032,7.91E-07,18:12,6,180930,0,
2018-09-30 18:13,,0.016129032,7.91E-07,18:13,6,180930,0,
2018-09-30 18:14,,0.016129032,7.91E-07,18:14,6,180930,0,
2018-09-30 18:15,,0.016129032,7.91E-07,18:15,6,180930,0,
2018-09-30 18:16,,0.016129032,7.91E-07,18:16,6,180930,0,
2018-09-30 18:17,,0.016129032,7.91E-07,18:17,6,180930,0,
2018-09-30 18:18,,0.016129032,7.91E-07,18:18,6,180930,0,
2018-09-30 18:19,,0.016129032,7.91E-07,18:19,6,180930,0,
2018-09-30 18:20,,0.016129032,7.91E-07,18:20,6,180930,0,
2018-09-30 18:21,,0.016129032,7.91E-07,18:21,6,180930,0,
2018-09-30 18:22,,0.016129032,7.91E-07,18:22,6,180930,0,
2018-09-30 18:23,,0.016129032,7.91E-07,18:23,6,180930,0,
2018-09-30 18:24,,0.016129032,7.91E-07,18:24,6,180930,0,
2018-09-30 18:25,,0.016129032,7.91E-07,18:25,6,180930,0,
2018-09-30 18:26,,0.016129032,7.91E-07,18:26,6,180930,0,
2018-09-30 18:27,,0.016129032,7.91E-07,18:27,6,180930,0,
2018-09-30 18:28,,0.016129032,7.91E-07,18:28,6,180930,0,
2018-09-30 18:29,,0.016129032,7.91E-07,18:29,6,180930,0,
2018-09-30 18:30,,0.016129032,7.91E-07,18:30,6,180930,0,
2018-09-30 18:31,,0.016129032,7.91E-07,18:31,6,180930,0,
2018-09-30 18:32,1,0.016129032,7.91E-07,18:32,6,180930,0,
2018-09-30 18:33,,0.016112903,1.14E-05,18:33,6,180930,0,
2018-09-30 18:34,,0.016112903,7.91E-07,18:34,6,180930,0,
2018-09-30 18:35,,0.016112903,7.91E-07,18:35,6,180930,0,
2018-09-30 18:36,,0.016112903,7.91E-07,18:36,6,180930,0,
2018-09-30 18:37,,0.016112903,7.91E-07,18:37,6,180930,0,
2018-09-30 18:38,,0.016112903,7.91E-07,18:38,6,180930,0,
2018-09-30 18:39,,0.016112903,7.91E-07,18:39,6,180930,0,
2018-09-30 18:40,,0.016112903,7.91E-07,18:40,6,180930,0,
2018-09-30 18:41,,0.016112903,7.91E-07,18:41,6,180930,0,
2018-09-30 18:42,,0.016112903,7.91E-07,18:42,6,180930,0,
2018-09-30 18:43,,0.016112903,7.91E-07,18:43,6,180930,0,
2018-09-30 18:44,,0.016112903,7.91E-07,18:44,6,180930,0,
2018-09-30 18:45,,0.016112903,7.91E-07,18:45,6,180930,0,
2018-09-30 18:46,,0.016112903,7.91E-07,18:46,6,180930,0,
2018-09-30 18:47,,0.016112903,7.91E-07,18:47,6,180930,0,
2018-09-30 18:48,,0.016112903,7.91E-07,18:48,6,180930,0,
2018-09-30 18:49,,0.016112903,7.91E-07,18:49,6,180930,0,
2018-09-30 18:50,,0.016112903,7.91E-07,18:50,6,180930,0,
2018-09-30 18:51,,0.016112903,7.91E-07,18:51,6,180930,0,
2018-09-30 18:52,,0.016112903,7.91E-07,18:52,6,180930,0,
2018-09-30 18:53,,0.016112903,7.91E-07,18:53,6,180930,0,
2018-09-30 18:54,,0.016112903,7.91E-07,18:54,6,180930,0,
2018-09-30 18:55,,0.016112903,7.91E-07,18:55,6,180930,0,
2018-09-30 18:56,,0.016112903,7.91E-07,18:56,6,180930,0,
2018-09-30 18:57,,0.016112903,7.91E-07,18:57,6,180930,0,
2018-09-30 18:58,,0.016112903,7.91E-07,18:58,6,180930,0,
2018-09-30 18:59,,0.016112903,7.91E-07,18:59,6,180930,0,
2018-09-30 19:00,,0.016112903,7.91E-07,19:00,6,180930,0,
2018-09-30 19:01,,0.016112903,7.91E-07,19:01,6,180930,0,
2018-09-30 19:02,,0.016112903,7.91E-07,19:02,6,180930,0,
2018-09-30 19:03,,0.016112903,7.91E-07,19:03,6,180930,0,
2018-09-30 19:04,,0.016112903,7.91E-07,19:04,6,180930,0,
2018-09-30 19:05,,0.016112903,7.91E-07,19:05,6,180930,0,
2018-09-30 19:06,,0.016112903,7.91E-07,19:06,6,180930,0,
2018-09-30 19:07,,0.016112903,7.91E-07,19:07,6,180930,0,
2018-09-30 19:08,,0.016112903,7.91E-07,19:08,6,180930,0,
2018-09-30 19:09,,0.016112903,7.91E-07,19:09,6,180930,0,
2018-09-30 19:10,,0.016112903,7.91E-07,19:10,6,180930,0,
2018-09-30 19:11,,0.016112903,7.91E-07,19:11,6,180930,0,
2018-09-30 19:12,,0.016112903,7.91E-07,19:12,6,180930,0,
2018-09-30 19:13,,0.016112903,7.91E-07,19:13,6,180930,0,
2018-09-30 19:14,,0.016112903,7.91E-07,19:14,6,180930,0,
2018-09-30 19:15,,0.016112903,7.91E-07,19:15,6,180930,0,
2018-09-30 19:16,,0.016112903,7.91E-07,19:16,6,180930,0,
2018-09-30 19:17,,0.016112903,7.91E-07,19:17,6,180930,0,
2018-09-30 19:18,,0.016112903,7.91E-07,19:18,6,180930,0,
2018-09-30 19:19,,0.016112903,7.91E-07,19:19,6,180930,0,
2018-09-30 19:20,,0.016112903,7.91E-07,19:20,6,180930,0,
2018-09-30 19:21,,0.016112903,7.91E-07,19:21,6,180930,0,
2018-09-30 19:22,,0.016112903,7.91E-07,19:22,6,180930,0,
2018-09-30 19:23,,0.016112903,7.91E-07,19:23,6,180930,0,
2018-09-30 19:24,,0.016112903,7.91E-07,19:24,6,180930,0,
2018-09-30 19:25,,0.016112903,7.91E-07,19:25,6,180930,0,
2018-09-30 19:26,,0.016112903,7.91E-07,19:26,6,180930,0,
2018-09-30 19:27,,0.016112903,7.91E-07,19:27,6,180930,0,
2018-09-30 19:28,,0.016112903,7.91E-07,19:28,6,180930,0,
2018-09-30 19:29,,0.016112903,7.91E-07,19:29,6,180930,0,
2018-09-30 19:30,,0.016112903,7.91E-07,19:30,6,180930,0,
2018-09-30 19:31,,0.016112903,7.91E-07,19:31,6,180930,0,
2018-09-30 19:32,,0.016112903,7.91E-07,19:32,6,180930,0,
2018-09-30 19:33,,0.016112903,7.91E-07,19:33,6,180930,0,
2018-09-30 19:34,0.999,0.016112903,7.91E-07,19:34,6,180930,0,
2018-09-30 19:35,,0.016393443,0.000198373,19:35,6,180930,0,
2018-09-30 19:36,,0.016393443,7.91E-07,19:36,6,180930,0,
2018-09-30 19:37,,0.016393443,7.91E-07,19:37,6,180930,0,
2018-09-30 19:38,,0.016393443,7.91E-07,19:38,6,180930,0,
2018-09-30 19:39,,0.016393443,7.91E-07,19:39,6,180930,0,
2018-09-30 19:40,,0.016393443,7.91E-07,19:40,6,180930,0,
2018-09-30 19:41,,0.016393443,7.91E-07,19:41,6,180930,0,
2018-09-30 19:42,,0.016393443,7.91E-07,19:42,6,180930,0,
2018-09-30 19:43,,0.016393443,7.91E-07,19:43,6,180930,0,
2018-09-30 19:44,,0.016393443,7.91E-07,19:44,6,180930,0,
2018-09-30 19:45,,0.016393443,7.91E-07,19:45,6,180930,0,
2018-09-30 19:46,,0.016393443,7.91E-07,19:46,6,180930,0,
2018-09-30 19:47,,0.016393443,7.91E-07,19:47,6,180930,0,
2018-09-30 19:48,,0.016393443,7.91E-07,19:48,6,180930,0,
2018-09-30 19:49,,0.016393443,7.91E-07,19:49,6,180930,0,
2018-09-30 19:50,,0.016393443,7.91E-07,19:50,6,180930,0,
2018-09-30 19:51,,0.016393443,7.91E-07,19:51,6,180930,0,
2018-09-30 19:52,,0.016393443,7.91E-07,19:52,6,180930,0,
2018-09-30 19:53,,0.016393443,7.91E-07,19:53,6,180930,0,
2018-09-30 19:54,,0.016393443,7.91E-07,19:54,6,180930,0,
2018-09-30 19:55,,0.016393443,7.91E-07,19:55,6,180930,0,
2018-09-30 19:56,,0.016393443,7.91E-07,19:56,6,180930,0,
2018-09-30 19:57,,0.016393443,7.91E-07,19:57,6,180930,0,
2018-09-30 19:58,,0.016393443,7.91E-07,19:58,6,180930,0,
2018-09-30 19:59,,0.016393443,7.91E-07,19:59,6,180930,0,
2018-09-30 20:00,,0.016393443,7.91E-07,20:00,6,180930,0,
2018-09-30 20:01,,0.016393443,7.91E-07,20:01,6,180930,0,
2018-09-30 20:02,,0.016393443,7.91E-07,20:02,6,180930,0,
2018-09-30 20:03,,0.016393443,7.91E-07,20:03,6,180930,0,
2018-09-30 20:04,,0.016393443,7.91E-07,20:04,6,180930,0,
2018-09-30 20:05,,0.016393443,7.91E-07,20:05,6,180930,0,
2018-09-30 20:06,,0.016393443,7.91E-07,20:06,6,180930,0,
2018-09-30 20:07,,0.016393443,7.91E-07,20:07,6,180930,0,
2018-09-30 20:08,,0.016393443,7.91E-07,20:08,6,180930,0,
2018-09-30 20:09,,0.016393443,7.91E-07,20:09,6,180930,0,
2018-09-30 20:10,,0.016393443,7.91E-07,20:10,6,180930,0,
2018-09-30 20:11,,0.016393443,7.91E-07,20:11,6,180930,0,
2018-09-30 20:12,,0.016393443,7.91E-07,20:12,6,180930,0,
2018-09-30 20:13,,0.016393443,7.91E-07,20:13,6,180930,0,
2018-09-30 20:14,,0.016393443,7.91E-07,20:14,6,180930,0,
2018-09-30 20:15,,0.016393443,7.91E-07,20:15,6,180930,0,
2018-09-30 20:16,,0.016393443,7.91E-07,20:16,6,180930,0,
2018-09-30 20:17,,0.016393443,7.91E-07,20:17,6,180930,0,
2018-09-30 20:18,,0.016393443,7.91E-07,20:18,6,180930,0,
2018-09-30 20:19,,0.016393443,7.91E-07,20:19,6,180930,0,
2018-09-30 20:20,,0.016393443,7.91E-07,20:20,6,180930,0,
2018-09-30 20:21,,0.016393443,7.91E-07,20:21,6,180930,0,
2018-09-30 20:22,,0.016393443,7.91E-07,20:22,6,180930,0,
2018-09-30 20:23,,0.016393443,7.91E-07,20:23,6,180930,0,
2018-09-30 20:24,,0.016393443,7.91E-07,20:24,6,180930,0,
2018-09-30 20:25,,0.016393443,7.91E-07,20:25,6,180930,0,
2018-09-30 20:26,,0.016393443,7.91E-07,20:26,6,180930,0,
2018-09-30 20:27,,0.016393443,7.91E-07,20:27,6,180930,0,
2018-09-30 20:28,,0.016393443,7.91E-07,20:28,6,180930,0,
2018-09-30 20:29,,0.016393443,7.91E-07,20:29,6,180930,0,
2018-09-30 20:30,,0.016393443,7.91E-07,20:30,6,180930,0,
2018-09-30 20:31,,0.016393443,7.91E-07,20:31,6,180930,0,
2018-09-30 20:32,,0.016393443,7.91E-07,20:32,6,180930,0,
2018-09-30 20:33,,0.016393443,7.91E-07,20:33,6,180930,0,
2018-09-30 20:34,,0.016393443,7.91E-07,20:34,6,180930,0,
2018-09-30 20:35,1,0.016393443,7.91E-07,20:35,6,180930,0,
2018-09-30 20:36,,0.016112903,0.000198373,20:36,6,180930,0,
2018-09-30 20:37,,0.016112903,7.91E-07,20:37,6,180930,0,
2018-09-30 20:38,,0.016112903,7.91E-07,20:38,6,180930,0,
2018-09-30 20:39,,0.016112903,7.91E-07,20:39,6,180930,0,
2018-09-30 20:40,,0.016112903,7.91E-07,20:40,6,180930,0,
2018-09-30 20:41,,0.016112903,7.91E-07,20:41,6,180930,0,
2018-09-30 20:42,,0.016112903,7.91E-07,20:42,6,180930,0,
2018-09-30 20:43,,0.016112903,7.91E-07,20:43,6,180930,0,
2018-09-30 20:44,,0.016112903,7.91E-07,20:44,6,180930,0,
2018-09-30 20:45,,0.016112903,7.91E-07,20:45,6,180930,0,
2018-09-30 20:46,,0.016112903,7.91E-07,20:46,6,180930,0,
2018-09-30 20:47,,0.016112903,7.91E-07,20:47,6,180930,0,
2018-09-30 20:48,,0.016112903,7.91E-07,20:48,6,180930,0,
2018-09-30 20:49,,0.016112903,7.91E-07,20:49,6,180930,0,
2018-09-30 20:50,,0.016112903,7.91E-07,20:50,6,180930,0,
2018-09-30 20:51,,0.016112903,7.91E-07,20:51,6,180930,0,
2018-09-30 20:52,,0.016112903,7.91E-07,20:52,6,180930,0,
2018-09-30 20:53,,0.016112903,7.91E-07,20:53,6,180930,0,
2018-09-30 20:54,,0.016112903,7.91E-07,20:54,6,180930,0,
2018-09-30 20:55,,0.016112903,7.91E-07,20:55,6,180930,0,
2018-09-30 20:56,,0.016112903,7.91E-07,20:56,6,180930,0,
2018-09-30 20:57,,0.016112903,7.91E-07,20:57,6,180930,0,
2018-09-30 20:58,,0.016112903,7.91E-07,20:58,6,180930,0,
2018-09-30 20:59,,0.016112903,7.91E-07,20:59,6,180930,0,
2018-09-30 21:00,,0.016112903,7.91E-07,21:00,6,180930,0,
2018-09-30 21:01,,0.016112903,7.91E-07,21:01,6,180930,0,
2018-09-30 21:02,,0.016112903,7.91E-07,21:02,6,180930,0,
2018-09-30 21:03,,0.016112903,7.91E-07,21:03,6,180930,0,
2018-09-30 21:04,,0.016112903,7.91E-07,21:04,6,180930,0,
2018-09-30 21:05,,0.016112903,7.91E-07,21:05,6,180930,0,
2018-09-30 21:06,,0.016112903,7.91E-07,21:06,6,180930,0,
2018-09-30 21:07,,0.016112903,7.91E-07,21:07,6,180930,0,
2018-09-30 21:08,,0.016112903,7.91E-07,21:08,6,180930,0,
2018-09-30 21:09,,0.016112903,7.91E-07,21:09,6,180930,0,
2018-09-30 21:10,,0.016112903,7.91E-07,21:10,6,180930,0,
2018-09-30 21:11,,0.016112903,7.91E-07,21:11,6,180930,0,
2018-09-30 21:12,,0.016112903,7.91E-07,21:12,6,180930,0,
2018-09-30 21:13,,0.016112903,7.91E-07,21:13,6,180930,0,
2018-09-30 21:14,,0.016112903,7.91E-07,21:14,6,180930,0,
2018-09-30 21:15,,0.016112903,7.91E-07,21:15,6,180930,0,
2018-09-30 21:16,,0.016112903,7.91E-07,21:16,6,180930,0,
2018-09-30 21:17,,0.016112903,7.91E-07,21:17,6,180930,0,
2018-09-30 21:18,,0.016112903,7.91E-07,21:18,6,180930,0,
2018-09-30 21:19,,0.016112903,7.91E-07,21:19,6,180930,0,
2018-09-30 21:20,,0.016112903,7.91E-07,21:20,6,180930,0,
2018-09-30 21:21,,0.016112903,7.91E-07,21:21,6,180930,0,
2018-09-30 21:22,,0.016112903,7.91E-07,21:22,6,180930,0,
2018-09-30 21:23,,0.016112903,7.91E-07,21:23,6,180930,0,
2018-09-30 21:24,,0.016112903,7.91E-07,21:24,6,180930,0,
2018-09-30 21:25,,0.016112903,7.91E-07,21:25,6,180930,0,
2018-09-30 21:26,,0.016112903,7.91E-07,21:26,6,180930,0,
2018-09-30 21:27,,0.016112903,7.91E-07,21:27,6,180930,0,
2018-09-30 21:28,,0.016112903,7.91E-07,21:28,6,180930,0,
2018-09-30 21:29,,0.016112903,7.91E-07,21:29,6,180930,0,
2018-09-30 21:30,,0.016112903,7.91E-07,21:30,6,180930,0,
2018-09-30 21:31,,0.016112903,7.91E-07,21:31,6,180930,0,
2018-09-30 21:32,,0.016112903,7.91E-07,21:32,6,180930,0,
2018-09-30 21:33,,0.016112903,7.91E-07,21:33,6,180930,0,
2018-09-30 21:34,,0.016112903,7.91E-07,21:34,6,180930,0,
2018-09-30 21:35,,0.016112903,7.91E-07,21:35,6,180930,0,
2018-09-30 21:36,,0.016112903,7.91E-07,21:36,6,180930,0,
2018-09-30 21:37,0.999,0.016112903,7.91E-07,21:37,6,180930,0,
2018-09-30 21:38,,0.016393443,0.000198373,21:38,6,180930,0,
2018-09-30 21:39,,0.016393443,7.91E-07,21:39,6,180930,0,
2018-09-30 21:40,,0.016393443,7.91E-07,21:40,6,180930,0,
2018-09-30 21:41,,0.016393443,7.91E-07,21:41,6,180930,0,
2018-09-30 21:42,,0.016393443,7.91E-07,21:42,6,180930,0,
2018-09-30 21:43,,0.016393443,7.91E-07,21:43,6,180930,0,
2018-09-30 21:44,,0.016393443,7.91E-07,21:44,6,180930,0,
2018-09-30 21:45,,0.016393443,7.91E-07,21:45,6,180930,0,
2018-09-30 21:46,,0.016393443,7.91E-07,21:46,6,180930,0,
2018-09-30 21:47,,0.016393443,7.91E-07,21:47,6,180930,0,
2018-09-30 21:48,,0.016393443,7.91E-07,21:48,6,180930,0,
2018-09-30 21:49,,0.016393443,7.91E-07,21:49,6,180930,0,
2018-09-30 21:50,,0.016393443,7.91E-07,21:50,6,180930,0,
2018-09-30 21:51,,0.016393443,7.91E-07,21:51,6,180930,0,
2018-09-30 21:52,,0.016393443,7.91E-07,21:52,6,180930,0,
2018-09-30 21:53,,0.016393443,7.91E-07,21:53,6,180930,0,
2018-09-30 21:54,,0.016393443,7.91E-07,21:54,6,180930,0,
2018-09-30 21:55,,0.016393443,7.91E-07,21:55,6,180930,0,
2018-09-30 21:56,,0.016393443,7.91E-07,21:56,6,180930,0,
2018-09-30 21:57,,0.016393443,7.91E-07,21:57,6,180930,0,
2018-09-30 21:58,,0.016393443,7.91E-07,21:58,6,180930,0,
2018-09-30 21:59,,0.016393443,7.91E-07,21:59,6,180930,0,
2018-09-30 22:00,,0.016393443,7.91E-07,22:00,6,180930,0,
2018-09-30 22:01,,0.016393443,7.91E-07,22:01,6,180930,0,
2018-09-30 22:02,,0.016393443,7.91E-07,22:02,6,180930,0,
2018-09-30 22:03,,0.016393443,7.91E-07,22:03,6,180930,0,
2018-09-30 22:04,,0.016393443,7.91E-07,22:04,6,180930,0,
2018-09-30 22:05,,0.016393443,7.91E-07,22:05,6,180930,0,
2018-09-30 22:06,,0.016393443,7.91E-07,22:06,6,180930,0,
2018-09-30 22:07,,0.016393443,7.91E-07,22:07,6,180930,0,
2018-09-30 22:08,,0.016393443,7.91E-07,22:08,6,180930,0,
2018-09-30 22:09,,0.016393443,7.91E-07,22:09,6,180930,0,
2018-09-30 22:10,,0.016393443,7.91E-07,22:10,6,180930,0,
2018-09-30 22:11,,0.016393443,7.91E-07,22:11,6,180930,0,
2018-09-30 22:12,,0.016393443,7.91E-07,22:12,6,180930,0,
2018-09-30 22:13,,0.016393443,7.91E-07,22:13,6,180930,0,
2018-09-30 22:14,,0.016393443,7.91E-07,22:14,6,180930,0,
2018-09-30 22:15,,0.016393443,7.91E-07,22:15,6,180930,0,
2018-09-30 22:16,,0.016393443,7.91E-07,22:16,6,180930,0,
2018-09-30 22:17,,0.016393443,7.91E-07,22:17,6,180930,0,
2018-09-30 22:18,,0.016393443,7.91E-07,22:18,6,180930,0,
2018-09-30 22:19,,0.016393443,7.91E-07,22:19,6,180930,0,
2018-09-30 22:20,,0.016393443,7.91E-07,22:20,6,180930,0,
2018-09-30 22:21,,0.016393443,7.91E-07,22:21,6,180930,0,
2018-09-30 22:22,,0.016393443,7.91E-07,22:22,6,180930,0,
2018-09-30 22:23,,0.016393443,7.91E-07,22:23,6,180930,0,
2018-09-30 22:24,,0.016393443,7.91E-07,22:24,6,180930,0,
2018-09-30 22:25,,0.016393443,7.91E-07,22:25,6,180930,0,
2018-09-30 22:26,,0.016393443,7.91E-07,22:26,6,180930,0,
2018-09-30 22:27,,0.016393443,7.91E-07,22:27,6,180930,0,
2018-09-30 22:28,,0.016393443,7.91E-07,22:28,6,180930,0,
2018-09-30 22:29,,0.016393443,7.91E-07,22:29,6,180930,0,
2018-09-30 22:30,,0.016393443,7.91E-07,22:30,6,180930,0,
2018-09-30 22:31,,0.016393443,7.91E-07,22:31,6,180930,0,
2018-09-30 22:32,,0.016393443,7.91E-07,22:32,6,180930,0,
2018-09-30 22:33,,0.016393443,7.91E-07,22:33,6,180930,0,
2018-09-30 22:34,,0.016393443,7.91E-07,22:34,6,180930,0,
2018-09-30 22:35,,0.016393443,7.91E-07,22:35,6,180930,0,
2018-09-30 22:36,,0.016393443,7.91E-07,22:36,6,180930,0,
2018-09-30 22:37,,0.016393443,7.91E-07,22:37,6,180930,0,
2018-09-30 22:38,1,0.016393443,7.91E-07,22:38,6,180930,0,
2018-09-30 22:39,,0.016129032,0.000186968,22:39,6,180930,0,
2018-09-30 22:40,,0.016129032,7.91E-07,22:40,6,180930,0,
2018-09-30 22:41,,0.016129032,7.91E-07,22:41,6,180930,0,
2018-09-30 22:42,,0.016129032,7.91E-07,22:42,6,180930,0,
2018-09-30 22:43,,0.016129032,7.91E-07,22:43,6,180930,0,
2018-09-30 22:44,,0.016129032,7.91E-07,22:44,6,180930,0,
2018-09-30 22:45,,0.016129032,7.91E-07,22:45,6,180930,0,
2018-09-30 22:46,,0.016129032,7.91E-07,22:46,6,180930,0,
2018-09-30 22:47,,0.016129032,7.91E-07,22:47,6,180930,0,
2018-09-30 22:48,,0.016129032,7.91E-07,22:48,6,180930,0,
2018-09-30 22:49,,0.016129032,7.91E-07,22:49,6,180930,0,
2018-09-30 22:50,,0.016129032,7.91E-07,22:50,6,180930,0,
2018-09-30 22:51,,0.016129032,7.91E-07,22:51,6,180930,0,
2018-09-30 22:52,,0.016129032,7.91E-07,22:52,6,180930,0,
2018-09-30 22:53,,0.016129032,7.91E-07,22:53,6,180930,0,
2018-09-30 22:54,,0.016129032,7.91E-07,22:54,6,180930,0,
2018-09-30 22:55,,0.016129032,7.91E-07,22:55,6,180930,0,
2018-09-30 22:56,,0.016129032,7.91E-07,22:56,6,180930,0,
2018-09-30 22:57,,0.016129032,7.91E-07,22:57,6,180930,0,
2018-09-30 22:58,,0.016129032,7.91E-07,22:58,6,180930,0,
2018-09-30 22:59,,0.016129032,7.91E-07,22:59,6,180930,0,
2018-09-30 23:00,,0.016129032,7.91E-07,23:00,6,180930,0,
2018-09-30 23:01,,0.016129032,7.91E-07,23:01,6,180930,0,
2018-09-30 23:02,,0.016129032,7.91E-07,23:02,6,180930,0,
2018-09-30 23:03,,0.016129032,7.91E-07,23:03,6,180930,0,
2018-09-30 23:04,,0.016129032,7.91E-07,23:04,6,180930,0,
2018-09-30 23:05,,0.016129032,7.91E-07,23:05,6,180930,0,
2018-09-30 23:06,,0.016129032,7.91E-07,23:06,6,180930,0,
2018-09-30 23:07,,0.016129032,7.91E-07,23:07,6,180930,0,
2018-09-30 23:08,,0.016129032,7.91E-07,23:08,6,180930,0,
2018-09-30 23:09,,0.016129032,7.91E-07,23:09,6,180930,0,
2018-09-30 23:10,,0.016129032,7.91E-07,23:10,6,180930,0,
2018-09-30 23:11,,0.016129032,7.91E-07,23:11,6,180930,0,
2018-09-30 23:12,,0.016129032,7.91E-07,23:12,6,180930,0,
2018-09-30 23:13,,0.016129032,7.91E-07,23:13,6,180930,0,
2018-09-30 23:14,,0.016129032,7.91E-07,23:14,6,180930,0,
2018-09-30 23:15,,0.016129032,7.91E-07,23:15,6,180930,0,
2018-09-30 23:16,,0.016129032,7.91E-07,23:16,6,180930,0,
2018-09-30 23:17,,0.016129032,7.91E-07,23:17,6,180930,0,
2018-09-30 23:18,,0.016129032,7.91E-07,23:18,6,180930,0,
2018-09-30 23:19,,0.016129032,7.91E-07,23:19,6,180930,0,
2018-09-30 23:20,,0.016129032,7.91E-07,23:20,6,180930,0,
2018-09-30 23:21,,0.016129032,7.91E-07,23:21,6,180930,0,
2018-09-30 23:22,,0.016129032,7.91E-07,23:22,6,180930,0,
2018-09-30 23:23,,0.016129032,7.91E-07,23:23,6,180930,0,
2018-09-30 23:24,,0.016129032,7.91E-07,23:24,6,180930,0,
2018-09-30 23:25,,0.016129032,7.91E-07,23:25,6,180930,0,
2018-09-30 23:26,,0.016129032,7.91E-07,23:26,6,180930,0,
2018-09-30 23:27,,0.016129032,7.91E-07,23:27,6,180930,0,
2018-09-30 23:28,,0.016129032,7.91E-07,23:28,6,180930,0,
2018-09-30 23:29,,0.016129032,7.91E-07,23:29,6,180930,0,
2018-09-30 23:30,,0.016129032,7.91E-07,23:30,6,180930,0,
2018-09-30 23:31,,0.016129032,7.91E-07,23:31,6,180930,0,
2018-09-30 23:32,,0.016129032,7.91E-07,23:32,6,180930,0,
2018-09-30 23:33,,0.016129032,7.91E-07,23:33,6,180930,0,
2018-09-30 23:34,,0.016129032,7.91E-07,23:34,6,180930,0,
2018-09-30 23:35,,0.016129032,7.91E-07,23:35,6,180930,0,
2018-09-30 23:36,,0.016129032,7.91E-07,23:36,6,180930,0,
2018-09-30 23:37,,0.016129032,7.91E-07,23:37,6,180930,0,
2018-09-30 23:38,,0.016129032,7.91E-07,23:38,6,180930,0,
2018-09-30 23:39,,0.016129032,7.91E-07,23:39,6,180930,0,
2018-09-30 23:40,1,0.016129032,7.91E-07,23:40,6,180930,0,
2018-09-30 23:41,,0,0.011404948,23:41,6,180930,0,
2018-09-30 23:42,,0,7.92E-07,23:42,6,180930,0,
2018-09-30 23:43,,0,7.92E-07,23:43,6,180930,0,
2018-09-30 23:44,,0,7.92E-07,23:44,6,180930,0,
2018-09-30 23:45,,0,7.92E-07,23:45,6,180930,0,
2018-09-30 23:46,,0,7.92E-07,23:46,6,180930,0,
2018-09-30 23:47,,0,7.92E-07,23:47,6,180930,0,
2018-09-30 23:48,,0,7.92E-07,23:48,6,180930,0,
2018-09-30 23:49,,0,7.92E-07,23:49,6,180930,0,
2018-09-30 23:50,,0,7.92E-07,23:50,6,180930,0,
2018-09-30 23:51,,0,7.92E-07,23:51,6,180930,0,
2018-09-30 23:52,,0,7.92E-07,23:52,6,180930,0,
2018-09-30 23:53,,0,7.92E-07,23:53,6,180930,0,
2018-09-30 23:54,,0,7.92E-07,23:54,6,180930,0,
2018-09-30 23:55,,0,7.92E-07,23:55,6,180930,0,
2018-09-30 23:56,,0,7.92E-07,23:56,6,180930,0,
2018-09-30 23:57,,0,7.92E-07,23:57,6,180930,0,
2018-09-30 23:58,,0,7.92E-07,23:58,6,180930,0,
